family	extension	bytes	relative_path
graphics	png	1776	graphics/banim/assets/img/005DE984_Img_EfxHurtmutEff00OBJ1.png
graphics	png	1620	graphics/banim/assets/img/005DF224_Img_EfxHurtmutEff00OBJ2.png
graphics	png	2042	graphics/banim/assets/img/005E5AE4_Img_DarkBreathBg.png
graphics	png	3239	graphics/banim/assets/img/005E7028_Img_EfxCriricalEffectBG.png
graphics	png	188	graphics/banim/assets/img/005E8C04_Img_EfxSRankWeaponEffectBG.png
graphics	png	557	graphics/banim/assets/img/005E8D88_Img_EfxNormalEffectBG.png
graphics	png	2625	graphics/banim/assets/img/005EE4F8_Img_EfxMagfcastBG.png
graphics	png	2760	graphics/banim/assets/img/005F0190_Img_EfxMagdhisEffectBG.png
graphics	png	1716	graphics/banim/assets/img/005F2DC0_Img_ThunderSpellBg.png
graphics	png	826	graphics/banim/assets/img/005F3AA8_Img_BoltingSprites.png
graphics	png	2413	graphics/banim/assets/img/005F5638_Img_FireSpellBg.png
graphics	png	1233	graphics/banim/assets/img/005F7768_Img_FireSpellSprites.png
graphics	png	2808	graphics/banim/assets/img/005F8494_Img_085F8494.png
graphics	png	2714	graphics/banim/assets/img/005F91D0_Img_085F91D0.png
graphics	png	2913	graphics/banim/assets/img/005F9EAC_Img_085F9EAC.png
graphics	png	3212	graphics/banim/assets/img/005FACD4_Img_085FACD4.png
graphics	png	3749	graphics/banim/assets/img/005FBCC8_Img_085FBCC8.png
graphics	png	2227	graphics/banim/assets/img/005FCF64_Img_085FCF64.png
graphics	png	2287	graphics/banim/assets/img/005FDB30_Img_085FDB30.png
graphics	png	2114	graphics/banim/assets/img/005FE728_Img_085FE728.png
graphics	png	2051	graphics/banim/assets/img/005FF280_Img_085FF280.png
graphics	png	1804	graphics/banim/assets/img/005FFD7C_Img_085FFD7C.png
graphics	png	1726	graphics/banim/assets/img/00600784_Img_08600784.png
graphics	png	2438	graphics/banim/assets/img/00602B94_Img_EkrElfireBG.png
graphics	png	401	graphics/banim/assets/img/00603F98_Img_EfxElfireOBJ.png
graphics	png	2012	graphics/banim/assets/img/00605E70_Img_BoltingBg_A.png
graphics	png	3358	graphics/banim/assets/img/00606A40_Img_BoltingBg_B.png
graphics	png	2345	graphics/banim/assets/img/00607AAC_Img_BoltingBg_C.png
graphics	png	3654	graphics/banim/assets/img/0060A764_Img_FimbulvetrBg_A.png
graphics	png	4858	graphics/banim/assets/img/0060BA34_Img_FimbulvetrBg_B.png
graphics	png	3861	graphics/banim/assets/img/0060D2E4_Img_FimbulvetrBg_C.png
graphics	png	5114	graphics/banim/assets/img/0060E728_Img_FimbulvetrBg_D.png
graphics	png	3691	graphics/banim/assets/img/006110E0_Img_FimbulvetrBg_Tornado_A.png
graphics	png	3348	graphics/banim/assets/img/006122E8_Img_FimbulvetrBg_Tornado_B.png
graphics	png	3394	graphics/banim/assets/img/00613444_Img_FimbulvetrBg_Tornado_C.png
graphics	png	3934	graphics/banim/assets/img/006144C8_Img_FimbulvetrBg_Tornado_D.png
graphics	png	3407	graphics/banim/assets/img/00615908_Img_FimbulvetrBg_Tornado_E.png
graphics	png	3092	graphics/banim/assets/img/00616CC0_Img_FimbulvetrBg_Tornado_F.png
graphics	png	624	graphics/banim/assets/img/00618BBC_Img_FimbulvetrSprites_Snow.png
graphics	png	1781	graphics/banim/assets/img/0061AD94_Img_0861AD94.png
graphics	png	1466	graphics/banim/assets/img/0061B65C_Img_0861B65C.png
graphics	png	1902	graphics/banim/assets/img/0061BDAC_Img_0861BDAC.png
graphics	png	2205	graphics/banim/assets/img/0061C770_Img_0861C770.png
graphics	png	2202	graphics/banim/assets/img/0061D2C4_Img_0861D2C4.png
graphics	png	597	graphics/banim/assets/img/0061DDCC_Img_0861DDCC.png
graphics	png	2489	graphics/banim/assets/img/0061E0E4_Img_0861E0E4.png
graphics	png	2111	graphics/banim/assets/img/0061ED94_Img_0861ED94.png
graphics	png	4375	graphics/banim/assets/img/00621960_Img_AircaliburBg.png
graphics	png	1134	graphics/banim/assets/img/006234D8_Img_AircaliburSprites.png
graphics	png	2386	graphics/banim/assets/img/00626944_Img_08626944.png
graphics	png	2697	graphics/banim/assets/img/00627514_Img_08627514.png
graphics	png	3798	graphics/banim/assets/img/00628224_Img_08628224.png
graphics	png	1441	graphics/banim/assets/img/00629480_Img_08629480.png
graphics	png	1155	graphics/banim/assets/img/00629B04_Img_08629B04.png
graphics	png	483	graphics/banim/assets/img/0062A060_Img_0862A060.png
graphics	png	752	graphics/banim/assets/img/0062C82C_Img_FluxAnimSprites_Orb.png
graphics	png	812	graphics/banim/assets/img/0062CC2C_Img_FluxAnimSprites_Tendrils.png
graphics	png	547	graphics/banim/assets/img/0062D06C_Img_FluxAnimSprites_SigilVoid.png
graphics	png	2232	graphics/banim/assets/img/0062DD0C_Img_NosferatuBg_A.png
graphics	png	2175	graphics/banim/assets/img/0062E7DC_Img_NosferatuBg_B.png
graphics	png	2073	graphics/banim/assets/img/0062F384_Img_NosferatuBg_C.png
graphics	png	2007	graphics/banim/assets/img/0062FEDC_Img_NosferatuBg_D.png
graphics	png	2005	graphics/banim/assets/img/00630990_Img_NosferatuBg_E.png
graphics	png	2467	graphics/banim/assets/img/00631460_Img_NosferatuBg_F.png
graphics	png	1772	graphics/banim/assets/img/00632124_Img_NosferatuBg_G.png
graphics	png	947	graphics/banim/assets/img/00632A28_Img_NosferatuBg_H.png
graphics	png	1751	graphics/banim/assets/img/00632F7C_Img_NosferatuBg_I.png
graphics	png	2328	graphics/banim/assets/img/00633894_Img_NosferatuBg_J.png
graphics	png	2398	graphics/banim/assets/img/006344C8_Img_NosferatuBg_K.png
graphics	png	2191	graphics/banim/assets/img/0063516C_Img_NosferatuBg_L.png
graphics	png	1691	graphics/banim/assets/img/00635D60_Img_NosferatuBg_M.png
graphics	png	1243	graphics/banim/assets/img/006396E4_Img_086396E4.png
graphics	png	1345	graphics/banim/assets/img/00639C98_Img_08639C98.png
graphics	png	1289	graphics/banim/assets/img/0063A360_Img_0863A360.png
graphics	png	1258	graphics/banim/assets/img/0063A9A0_Img_0863A9A0.png
graphics	png	1290	graphics/banim/assets/img/0063AFA8_Img_0863AFA8.png
graphics	png	1305	graphics/banim/assets/img/0063B608_Img_0863B608.png
graphics	png	1270	graphics/banim/assets/img/0063BC78_Img_0863BC78.png
graphics	png	1267	graphics/banim/assets/img/0063C2B4_Img_0863C2B4.png
graphics	png	1359	graphics/banim/assets/img/0063C8FC_Img_0863C8FC.png
graphics	png	1501	graphics/banim/assets/img/0063D000_Img_0863D000.png
graphics	png	1484	graphics/banim/assets/img/0063D7B8_Img_0863D7B8.png
graphics	png	1512	graphics/banim/assets/img/0063DFAC_Img_0863DFAC.png
graphics	png	1520	graphics/banim/assets/img/0063E784_Img_0863E784.png
graphics	png	1333	graphics/banim/assets/img/0063EFA0_Img_0863EFA0.png
graphics	png	1388	graphics/banim/assets/img/0063F720_Img_0863F720.png
graphics	png	1278	graphics/banim/assets/img/0063FEB4_Img_0863FEB4.png
graphics	png	2109	graphics/banim/assets/img/006405E8_Img_086405E8.png
graphics	png	1043	graphics/banim/assets/img/00641094_Img_08641094.png
graphics	png	1683	graphics/banim/assets/img/006415F4_Img_086415F4.png
graphics	png	293	graphics/banim/assets/img/00645DD8_Img_DivineSprites.png
graphics	png	576	graphics/banim/assets/img/00646550_Img_EclipseBg_A.png
graphics	png	1462	graphics/banim/assets/img/00646898_Img_EclipseBg_B.png
graphics	png	3329	graphics/banim/assets/img/0064716C_Img_EclipseBg_C.png
graphics	png	2363	graphics/banim/assets/img/006481A8_Img_EclipseBg_D.png
graphics	png	2309	graphics/banim/assets/img/00648E14_Img_EclipseBg_E.png
graphics	png	2193	graphics/banim/assets/img/00649A30_Img_EclipseBg_F.png
graphics	png	2185	graphics/banim/assets/img/0064A588_Img_EclipseBg_G.png
graphics	png	2138	graphics/banim/assets/img/0064B0DC_Img_EclipseBg_H.png
graphics	png	1981	graphics/banim/assets/img/0064BB8C_Img_EclipseBg_I.png
graphics	png	1773	graphics/banim/assets/img/0064C5B4_Img_EclipseBg_J.png
graphics	png	1691	graphics/banim/assets/img/0064CEB0_Img_EclipseBg_K.png
graphics	png	1630	graphics/banim/assets/img/0064D77C_Img_EclipseBg_L.png
graphics	png	1405	graphics/banim/assets/img/0064DFFC_Img_EclipseBg_M.png
graphics	png	1038	graphics/banim/assets/img/006508DC_Img_EclipseSprites_Swirl.png
graphics	png	1027	graphics/banim/assets/img/00650DA8_Img_EclipseSprites_08650DA8.png
graphics	png	1029	graphics/banim/assets/img/00651240_Img_EclipseSprites_08651240.png
graphics	png	1611	graphics/banim/assets/img/00651DF4_Img_FenrirBg_Sigils.png
graphics	png	3774	graphics/banim/assets/img/00652948_Img_08652948.png
graphics	png	3472	graphics/banim/assets/img/00653B60_Img_08653B60.png
graphics	png	3264	graphics/banim/assets/img/00654EB0_Img_08654EB0.png
graphics	png	2490	graphics/banim/assets/img/00655D2C_Img_08655D2C.png
graphics	png	2389	graphics/banim/assets/img/0065AF3C_Img_FenrirSprites.png
graphics	png	1187	graphics/banim/assets/img/0065C8C0_Img_0865C8C0.png
graphics	png	1373	graphics/banim/assets/img/0065CE1C_Img_0865CE1C.png
graphics	png	1350	graphics/banim/assets/img/0065D498_Img_0865D498.png
graphics	png	1636	graphics/banim/assets/img/0065DAE4_Img_0865DAE4.png
graphics	png	1511	graphics/banim/assets/img/0065E298_Img_0865E298.png
graphics	png	890	graphics/banim/assets/img/0065E9A0_Img_0865E9A0.png
graphics	png	1518	graphics/banim/assets/img/0065EEBC_Img_0865EEBC.png
graphics	png	1620	graphics/banim/assets/img/0065F7BC_Img_0865F7BC.png
graphics	png	1622	graphics/banim/assets/img/00660170_Img_08660170.png
graphics	png	1649	graphics/banim/assets/img/00660AE4_Img_08660AE4.png
graphics	png	3030	graphics/banim/assets/img/006614B8_Img_086614B8.png
graphics	png	2847	graphics/banim/assets/img/006624BC_Img_086624BC.png
graphics	png	1818	graphics/banim/assets/img/0066330C_Img_0866330C.png
graphics	png	2014	graphics/banim/assets/img/00663DF0_Img_08663DF0.png
graphics	png	2068	graphics/banim/assets/img/00664998_Img_08664998.png
graphics	png	2038	graphics/banim/assets/img/00665534_Img_08665534.png
graphics	png	1918	graphics/banim/assets/img/00665FF4_Img_08665FF4.png
graphics	png	1463	graphics/banim/assets/img/00666A6C_Img_08666A6C.png
graphics	png	2203	graphics/banim/assets/img/006671B0_Img_EfxMagdhisEffectBG_LayerB.png
graphics	png	319	graphics/banim/assets/img/0066EFF0_Img_PurgeSprites.png
graphics	png	315	graphics/banim/assets/img/0066F5E4_Img_HealSpellBg.png
graphics	png	328	graphics/banim/assets/img/006702D4_Img_HealSprites_Sparkles.png
graphics	png	1540	graphics/banim/assets/img/00670548_Img_EfxLiveBG_B.png
graphics	png	1236	graphics/banim/assets/img/00679B04_Img_08679B04.png
graphics	png	1308	graphics/banim/assets/img/0067A130_Img_0867A130.png
graphics	png	1147	graphics/banim/assets/img/0067A828_Img_0867A828.png
graphics	png	1315	graphics/banim/assets/img/0067AE48_Img_0867AE48.png
graphics	png	2030	graphics/banim/assets/img/0067EEB4_Img_SilenceBg.png
graphics	png	1119	graphics/banim/assets/img/006808A0_Img_SilenceSprites.png
graphics	png	195	graphics/banim/assets/img/006849B8_Img_086849B8.png
graphics	png	3299	graphics/banim/assets/img/006852D8_Img_SleepBg.png
graphics	png	438	graphics/banim/assets/img/00686F84_Img_SleepSprites.png
graphics	png	933	graphics/banim/assets/img/0068C358_Img_BerserkSprites_A.png
graphics	png	870	graphics/banim/assets/img/0068C7F0_Img_BerserkSprites_B.png
graphics	png	1821	graphics/banim/assets/img/0068D6D0_Img_BarrierBg.png
graphics	png	89	graphics/banim/assets/img/0068E46C_Img_EfxMshield.png
graphics	png	208	graphics/banim/assets/img/006926E0_Img_IvaldiSprites.png
graphics	png	80	graphics/banim/assets/img/00692B10_Img_IvaldiSprites.png
graphics	png	2588	graphics/banim/assets/img/006937C0_Img_IvaldiBg1.png
graphics	png	2286	graphics/banim/assets/img/00695B10_Img_IvaldiBg2.png
graphics	png	1127	graphics/banim/assets/img/00696F64_Img_08696F64.png
graphics	png	1256	graphics/banim/assets/img/00697610_Img_08697610.png
graphics	png	1497	graphics/banim/assets/img/00697D18_Img_08697D18.png
graphics	png	1799	graphics/banim/assets/img/00698584_Img_08698584.png
graphics	png	2170	graphics/banim/assets/img/00698F78_Img_08698F78.png
graphics	png	2367	graphics/banim/assets/img/00699AEC_Img_08699AEC.png
graphics	png	2627	graphics/banim/assets/img/0069A70C_Img_0869A70C.png
graphics	png	2442	graphics/banim/assets/img/0069B470_Img_0869B470.png
graphics	png	2422	graphics/banim/assets/img/0069C130_Img_0869C130.png
graphics	png	2379	graphics/banim/assets/img/0069CE1C_Img_0869CE1C.png
graphics	png	2373	graphics/banim/assets/img/0069DB90_Img_0869DB90.png
graphics	png	4518	graphics/banim/assets/img/006A06A8_Img_IvaldiBg4.png
graphics	png	747	graphics/banim/assets/img/006A21F4_Img_GleipnirSprites_Rocks.png
graphics	png	808	graphics/banim/assets/img/006A2874_Img_GleipnirSprites_Comet.png
graphics	png	628	graphics/banim/assets/img/006A2EC0_Img_086A2EC0.png
graphics	png	711	graphics/banim/assets/img/006A34D0_Img_086A34D0.png
graphics	png	711	graphics/banim/assets/img/006A3BA0_Img_086A3BA0.png
graphics	png	652	graphics/banim/assets/img/006A4270_Img_086A4270.png
graphics	png	520	graphics/banim/assets/img/006A48D8_Img_086A48D8.png
graphics	png	368	graphics/banim/assets/img/006A4E9C_Img_086A4E9C.png
graphics	png	137	graphics/banim/assets/img/006A538C_Img_086A538C.png
graphics	png	138	graphics/banim/assets/img/006A576C_Img_086A576C.png
graphics	png	136	graphics/banim/assets/img/006A5B4C_Img_086A5B4C.png
graphics	png	128	graphics/banim/assets/img/006A5F2C_Img_086A5F2C.png
graphics	png	158	graphics/banim/assets/img/006A6304_Img_086A6304.png
graphics	png	324	graphics/banim/assets/img/006A7258_Img_086A7258.png
graphics	png	474	graphics/banim/assets/img/006A76C0_Img_086A76C0.png
graphics	png	641	graphics/banim/assets/img/006A7BC4_Img_086A7BC4.png
graphics	png	833	graphics/banim/assets/img/006A817C_Img_086A817C.png
graphics	png	1065	graphics/banim/assets/img/006A87EC_Img_086A87EC.png
graphics	png	1290	graphics/banim/assets/img/006A8F48_Img_086A8F48.png
graphics	png	1521	graphics/banim/assets/img/006A97A8_Img_086A97A8.png
graphics	png	1816	graphics/banim/assets/img/006AA13C_Img_086AA13C.png
graphics	png	2023	graphics/banim/assets/img/006AABE0_Img_086AABE0.png
graphics	png	2294	graphics/banim/assets/img/006AB790_Img_086AB790.png
graphics	png	2517	graphics/banim/assets/img/006AC4B0_Img_086AC4B0.png
graphics	png	2823	graphics/banim/assets/img/006AD2B8_Img_086AD2B8.png
graphics	png	2979	graphics/banim/assets/img/006AE220_Img_086AE220.png
graphics	png	3186	graphics/banim/assets/img/006AF26C_Img_086AF26C.png
graphics	png	3400	graphics/banim/assets/img/006B0398_Img_086B0398.png
graphics	png	3479	graphics/banim/assets/img/006B15C4_Img_086B15C4.png
graphics	png	3439	graphics/banim/assets/img/006B411C_Img_GleipnirBg_Fog.png
graphics	png	568	graphics/banim/assets/img/006B5580_Img_CrimsonEyeSprites.png
graphics	png	352	graphics/banim/assets/img/006B5A4C_Img_efxCrimsonEyeBG.png
graphics	png	4977	graphics/banim/assets/img/006B64BC_Img_086B64BC.png
graphics	png	4911	graphics/banim/assets/img/006B7DA8_Img_086B7DA8.png
graphics	png	5076	graphics/banim/assets/img/006B9620_Img_086B9620.png
graphics	png	5133	graphics/banim/assets/img/006BAF14_Img_086BAF14.png
graphics	png	551	graphics/banim/assets/img/006BD260_Img_StoneSprites.png
graphics	png	470	graphics/banim/assets/img/006BDB7C_Img_086BDB7C.png
graphics	png	520	graphics/banim/assets/img/006BE0CC_Img_086BE0CC.png
graphics	png	566	graphics/banim/assets/img/006BE668_Img_086BE668.png
graphics	png	699	graphics/banim/assets/img/006BEC5C_Img_086BEC5C.png
graphics	png	733	graphics/banim/assets/img/006BF2F4_Img_086BF2F4.png
graphics	png	914	graphics/banim/assets/img/006BF9B0_Img_086BF9B0.png
graphics	png	1096	graphics/banim/assets/img/006C0110_Img_086C0110.png
graphics	png	1137	graphics/banim/assets/img/006C0924_Img_086C0924.png
graphics	png	1306	graphics/banim/assets/img/006C119C_Img_086C119C.png
graphics	png	1428	graphics/banim/assets/img/006C1AD0_Img_086C1AD0.png
graphics	png	1377	graphics/banim/assets/img/006C2438_Img_086C2438.png
graphics	png	1419	graphics/banim/assets/img/006C2DA8_Img_086C2DA8.png
graphics	png	1426	graphics/banim/assets/img/006C375C_Img_086C375C.png
graphics	png	1466	graphics/banim/assets/img/006C40F4_Img_086C40F4.png
graphics	png	1259	graphics/banim/assets/img/006C4AB4_Img_086C4AB4.png
graphics	png	1313	graphics/banim/assets/img/006C53CC_Img_086C53CC.png
graphics	png	1373	graphics/banim/assets/img/006C5D20_Img_086C5D20.png
graphics	png	1375	graphics/banim/assets/img/006C669C_Img_086C669C.png
graphics	png	1267	graphics/banim/assets/img/006C7010_Img_086C7010.png
graphics	png	628	graphics/banim/assets/img/006C90A4_Img_086C90A4.png
graphics	png	641	graphics/banim/assets/img/006C97B4_Img_086C97B4.png
graphics	png	650	graphics/banim/assets/img/006C9DAC_Img_086C9DAC.png
graphics	png	803	graphics/banim/assets/img/006CA3C4_Img_086CA3C4.png
graphics	png	906	graphics/banim/assets/img/006CAA94_Img_086CAA94.png
graphics	png	856	graphics/banim/assets/img/006CB1C4_Img_086CB1C4.png
graphics	png	1041	graphics/banim/assets/img/006CB8F0_Img_086CB8F0.png
graphics	png	992	graphics/banim/assets/img/006CC0E4_Img_086CC0E4.png
graphics	png	1067	graphics/banim/assets/img/006CC8A0_Img_086CC8A0.png
graphics	png	1248	graphics/banim/assets/img/006CD098_Img_086CD098.png
graphics	png	1017	graphics/banim/assets/img/006CD988_Img_086CD988.png
graphics	png	1196	graphics/banim/assets/img/006CE15C_Img_086CE15C.png
graphics	png	1131	graphics/banim/assets/img/006CE9FC_Img_086CE9FC.png
graphics	png	963	graphics/banim/assets/img/006CF244_Img_086CF244.png
graphics	png	1193	graphics/banim/assets/img/006CF9D8_Img_086CF9D8.png
graphics	png	1164	graphics/banim/assets/img/006D0268_Img_086D0268.png
graphics	png	1081	graphics/banim/assets/img/006D0B24_Img_086D0B24.png
graphics	png	1015	graphics/banim/assets/img/006D134C_Img_086D134C.png
graphics	png	1212	graphics/banim/assets/img/006D1B6C_Img_086D1B6C.png
graphics	png	1046	graphics/banim/assets/img/006D2400_Img_086D2400.png
graphics	png	1179	graphics/banim/assets/img/006D2BE4_Img_086D2BE4.png
graphics	png	1042	graphics/banim/assets/img/006D4C08_Img_086D4C08.png
graphics	png	1580	graphics/banim/assets/img/006D5418_Img_086D5418.png
graphics	png	1631	graphics/banim/assets/img/006D5E44_Img_086D5E44.png
graphics	png	1760	graphics/banim/assets/img/006D68AC_Img_086D68AC.png
graphics	png	1960	graphics/banim/assets/img/006D73A4_Img_086D73A4.png
graphics	png	2013	graphics/banim/assets/img/006D7F20_Img_086D7F20.png
graphics	png	1070	graphics/banim/assets/img/006D9C40_Img_086D9C40.png
graphics	png	1048	graphics/banim/assets/img/006DAF34_Img_086DAF34.png
graphics	png	1257	graphics/banim/assets/img/006DB760_Img_086DB760.png
graphics	png	1451	graphics/banim/assets/img/006DC064_Img_086DC064.png
graphics	png	1757	graphics/banim/assets/img/006DCA64_Img_086DCA64.png
graphics	png	1853	graphics/banim/assets/img/006DD598_Img_086DD598.png
graphics	png	1981	graphics/banim/assets/img/006DE168_Img_086DE168.png
graphics	png	2028	graphics/banim/assets/img/006DED90_Img_086DED90.png
graphics	png	1959	graphics/banim/assets/img/006DF9F8_Img_086DF9F8.png
graphics	png	2114	graphics/banim/assets/img/006E05F0_Img_086E05F0.png
graphics	png	2183	graphics/banim/assets/img/006E1294_Img_086E1294.png
graphics	png	2152	graphics/banim/assets/img/006E1F54_Img_086E1F54.png
graphics	png	2053	graphics/banim/assets/img/006E2BE8_Img_086E2BE8.png
graphics	png	2060	graphics/banim/assets/img/006E3828_Img_086E3828.png
graphics	png	1970	graphics/banim/assets/img/006E4420_Img_086E4420.png
graphics	png	1749	graphics/banim/assets/img/006E4F90_Img_086E4F90.png
graphics	png	1632	graphics/banim/assets/img/006E5A30_Img_086E5A30.png
graphics	png	3831	graphics/banim/assets/img/006E7EB0_Img_086E7EB0.png
graphics	png	974	graphics/banim/assets/img/006E9D40_Img_086E9D40.png
graphics	png	323	graphics/banim/assets/img/006EB8B4_Img_086EB8B4.png
graphics	png	472	graphics/banim/assets/img/006EBD44_Img_086EBD44.png
graphics	png	549	graphics/banim/assets/img/006EC264_Img_086EC264.png
graphics	png	666	graphics/banim/assets/img/006EC7D4_Img_086EC7D4.png
graphics	png	767	graphics/banim/assets/img/006ECDD8_Img_086ECDD8.png
graphics	png	880	graphics/banim/assets/img/006ED424_Img_086ED424.png
graphics	png	989	graphics/banim/assets/img/006EDAF8_Img_086EDAF8.png
graphics	png	1091	graphics/banim/assets/img/006EE25C_Img_086EE25C.png
graphics	png	1139	graphics/banim/assets/img/006EE9F8_Img_086EE9F8.png
graphics	png	1194	graphics/banim/assets/img/006EF1DC_Img_086EF1DC.png
graphics	png	1233	graphics/banim/assets/img/006EF9C8_Img_086EF9C8.png
graphics	png	4195	graphics/banim/assets/img/006F0F6C_Img_086F0F6C.png
graphics	png	3615	graphics/banim/assets/img/006F24C8_Img_086F24C8.png
graphics	png	3469	graphics/banim/assets/img/006F3830_Img_086F3830.png
graphics	png	3547	graphics/banim/assets/img/006F50D4_Img_086F50D4.png
graphics	png	2768	graphics/banim/assets/img/006F6264_Img_086F6264.png
graphics	png	2855	graphics/banim/assets/img/006F7150_Img_086F7150.png
graphics	png	3134	graphics/banim/assets/img/006F80B8_Img_086F80B8.png
graphics	png	3475	graphics/banim/assets/img/006F915C_Img_086F915C.png
graphics	png	2454	graphics/banim/assets/img/006FA350_Img_086FA350.png
graphics	png	2202	graphics/banim/assets/img/006FB07C_Img_086FB07C.png
graphics	png	3453	graphics/banim/assets/img/006FBCE8_Img_086FBCE8.png
graphics	png	2567	graphics/banim/assets/img/006FCD58_Img_086FCD58.png
graphics	png	1807	graphics/banim/assets/img/006FE938_Img_NaglfarSprites_A.png
graphics	png	1103	graphics/banim/assets/img/006FF5EC_Img_NaglfarSprites_B.png
graphics	png	2984	graphics/banim/assets/img/00700404_Img_NaglfarBg1_A.png
graphics	png	1969	graphics/banim/assets/img/00701660_Img_08701660.png
graphics	png	2548	graphics/banim/assets/img/007020CC_Img_087020CC.png
graphics	png	2755	graphics/banim/assets/img/00702D98_Img_08702D98.png
graphics	png	3649	graphics/banim/assets/img/00703BCC_Img_08703BCC.png
graphics	png	4098	graphics/banim/assets/img/00704E90_Img_08704E90.png
graphics	png	4351	graphics/banim/assets/img/00706388_Img_08706388.png
graphics	png	3822	graphics/banim/assets/img/007079EC_Img_087079EC.png
graphics	png	3452	graphics/banim/assets/img/00708DA0_Img_08708DA0.png
graphics	png	3198	graphics/banim/assets/img/00709FA8_Img_08709FA8.png
graphics	png	3004	graphics/banim/assets/img/0070B060_Img_0870B060.png
graphics	png	2572	graphics/banim/assets/img/0070C014_Img_0870C014.png
graphics	png	2535	graphics/banim/assets/img/0070CDF0_Img_0870CDF0.png
graphics	png	2374	graphics/banim/assets/img/0070DBCC_Img_0870DBCC.png
graphics	png	2346	graphics/banim/assets/img/0070E894_Img_0870E894.png
graphics	png	2393	graphics/banim/assets/img/0070F524_Img_0870F524.png
graphics	png	1974	graphics/banim/assets/img/00710218_Img_08710218.png
graphics	png	4840	graphics/banim/assets/img/00713558_Img_08713558.png
graphics	png	4810	graphics/banim/assets/img/00714E64_Img_08714E64.png
graphics	png	4565	graphics/banim/assets/img/00716710_Img_08716710.png
graphics	png	4943	graphics/banim/assets/img/00717E78_Img_08717E78.png
graphics	png	4019	graphics/banim/assets/img/0071AA78_Img_0871AA78.png
graphics	png	3725	graphics/banim/assets/img/0071BF64_Img_0871BF64.png
graphics	png	3782	graphics/banim/assets/img/0071D310_Img_0871D310.png
graphics	png	3659	graphics/banim/assets/img/0071E6C0_Img_0871E6C0.png
graphics	png	3800	graphics/banim/assets/img/0071F9DC_Img_0871F9DC.png
graphics	png	3369	graphics/banim/assets/img/00723274_Img_08723274.png
graphics	png	4045	graphics/banim/assets/img/007246D8_Img_FireBreathBg.png
graphics	png	3745	graphics/banim/assets/img/00725DCC_Img_ShineBg1.png
graphics	png	646	graphics/banim/assets/img/0072796C_Img_ShineBg2.png
graphics	png	319	graphics/banim/assets/img/0072865C_Img_ShineSprites.png
graphics	png	2274	graphics/banim/assets/img/00728C5C_Img_LunaBg1.png
graphics	png	1611	graphics/banim/assets/img/0072987C_Img_LunaBg2.png
graphics	png	3798	graphics/banim/assets/img/0072A360_Img_LunaBg3_A.png
graphics	png	2704	graphics/banim/assets/img/0072B5BC_Img_LunaBg3_B.png
graphics	png	2386	graphics/banim/assets/img/0072C290_Img_LunaBg3_C.png
graphics	png	812	graphics/banim/assets/img/0072DA04_Img_LunaSprites.png
graphics	png	780	graphics/banim/assets/img/0072E25C_Img_ExcaliburBg1.png
graphics	png	3221	graphics/banim/assets/img/0072E998_Img_ExcaliburBg2.png
graphics	png	778	graphics/banim/assets/img/00730324_Img_ExcaliburSprites.png
graphics	png	2587	graphics/banim/assets/img/007313C8_Img_GespenstBg4.png
graphics	png	1822	graphics/banim/assets/img/007327C4_Img_AuraBg1.png
graphics	png	3891	graphics/banim/assets/img/0073478C_Img_0873478C.png
graphics	png	4104	graphics/banim/assets/img/00735BA0_Img_08735BA0.png
graphics	png	4148	graphics/banim/assets/img/007370CC_Img_087370CC.png
graphics	png	4121	graphics/banim/assets/img/00738648_Img_08738648.png
graphics	png	3850	graphics/banim/assets/img/00739BD0_Img_08739BD0.png
graphics	png	3627	graphics/banim/assets/img/0073AFC0_Img_0873AFC0.png
graphics	png	3726	graphics/banim/assets/img/0073C2CC_Img_0873C2CC.png
graphics	png	4019	graphics/banim/assets/img/0073D640_Img_0873D640.png
graphics	png	3725	graphics/banim/assets/img/0073EB2C_Img_0873EB2C.png
graphics	png	3782	graphics/banim/assets/img/0073FED8_Img_0873FED8.png
graphics	png	3659	graphics/banim/assets/img/00741288_Img_08741288.png
graphics	png	3800	graphics/banim/assets/img/007425A4_Img_087425A4.png
graphics	png	1260	graphics/banim/assets/img/00746760_Img_08746760.png
graphics	png	2396	graphics/banim/assets/img/00746F70_Img_08746F70.png
graphics	png	3431	graphics/banim/assets/img/00747C7C_Img_08747C7C.png
graphics	png	2919	graphics/banim/assets/img/00748E9C_Img_08748E9C.png
graphics	png	3324	graphics/banim/assets/img/00749DA8_Img_08749DA8.png
graphics	png	3490	graphics/banim/assets/img/0074AE90_Img_0874AE90.png
graphics	png	3006	graphics/banim/assets/img/0074BFA8_Img_0874BFA8.png
graphics	png	3661	graphics/banim/assets/img/0074CE98_Img_0874CE98.png
graphics	png	3855	graphics/banim/assets/img/0074E110_Img_0874E110.png
graphics	png	2718	graphics/banim/assets/img/0074F474_Img_0874F474.png
graphics	png	1159	graphics/banim/assets/img/00751808_Img_08751808.png
graphics	png	2708	graphics/banim/assets/img/00752044_Img_08752044.png
graphics	png	2649	graphics/banim/assets/img/00752C10_Img_08752C10.png
graphics	png	2466	graphics/banim/assets/img/0075384C_Img_0875384C.png
graphics	png	614	graphics/banim/assets/img/0075431C_Img_0875431C.png
graphics	png	156	graphics/banim/assets/img/00755FD4_Img_SongSprites.png
graphics	png	371	graphics/banim/assets/img/00758218_Img_EfxLokmsunaObj.png
graphics	png	2805	graphics/banim/assets/img/DarkBreathSprites.png
graphics	png	799	graphics/banim/assets/img/EfxSunakemuriOBJ1.png
graphics	png	799	graphics/banim/assets/img/EfxSunakemuriOBJ2.png
graphics	png	799	graphics/banim/assets/img/EfxSunakemuriOBJ3.png
graphics	png	2805	graphics/banim/assets/img/FireBreathSprites.png
graphics	png	2805	graphics/banim/assets/img/IceBreathSprites.png
graphics	png	2805	graphics/banim/assets/img/WretchedAirSprites.png
graphics	mk	1739	graphics/banim/assets/img/banim_img_rules.mk
graphics	png	352	graphics/banim/assets/img/efxGorgonBGFinish.png
graphics	agbpal	960	graphics/banim/assets/pal/005DD734_Pal_BreathBgBase.agbpal
graphics	pal	2678	graphics/banim/assets/pal/005E8108_Pal_EfxCriricalEffectBG.pal
graphics	agbpal	32	graphics/banim/assets/pal/005E9150_Pal_EfxNormalEffectBG.agbpal
graphics	agbpal	512	graphics/banim/assets/pal/005F367C_Pal_ThunderSpellBg.agbpal
graphics	pal	1035	graphics/banim/assets/pal/005F3F40_Pal_BoltingSprites.pal
graphics	agbpal	32	graphics/banim/assets/pal/005F6230_Pal_FireSpellBg.agbpal
graphics	agbpal	32	graphics/banim/assets/pal/005F7D64_Pal_FireSpellSprites.agbpal
graphics	agbpal	32	graphics/banim/assets/pal/0060108C_Pal_EfxFireHitBG.agbpal
graphics	pal	2598	graphics/banim/assets/pal/00603B50_Pal_EkrElfireBG.pal
graphics	agbpal	32	graphics/banim/assets/pal/00604210_Pal_EfxElfireOBJ.agbpal
graphics	pal	434	graphics/banim/assets/pal/00608838_Pal_BoltingBg.pal
graphics	pal	178	graphics/banim/assets/pal/006101DC_Pal_FimbulvetrBg.pal
graphics	pal	194	graphics/banim/assets/pal/0061F7B4_Pal_0861F7B4.pal
graphics	pal	196	graphics/banim/assets/pal/0061F7D4_Pal_0861F7D4.pal
graphics	pal	1126	graphics/banim/assets/pal/00622F2C_Pal_AircaliburBg.pal
graphics	pal	225	graphics/banim/assets/pal/00623A9C_Pal_AircaliburSprites.pal
graphics	pal	201	graphics/banim/assets/pal/0062A2D0_Pal_0862A2D0.pal
graphics	pal	188	graphics/banim/assets/pal/0062A2F0_Pal_0862A2F0.pal
graphics	pal	218	graphics/banim/assets/pal/0062D424_Pal_FluxAnimSprites.pal
graphics	pal	197	graphics/banim/assets/pal/00641D84_Pal_DivineBg.pal
graphics	pal	210	graphics/banim/assets/pal/00645F44_Pal_DivineSprites.pal
graphics	agbpal	32	graphics/banim/assets/pal/0064E790_Pal_EclipseBg_B.agbpal
graphics	pal	208	graphics/banim/assets/pal/0064E7B0_Pal_EclipseBg_C.pal
graphics	agbpal	32	graphics/banim/assets/pal/0065163C_Pal_EclipseSprites.agbpal
graphics	pal	2451	graphics/banim/assets/pal/00652554_Pal_EfxFenrirBGCOL.pal
graphics	pal	193	graphics/banim/assets/pal/006568F4_Pal_FenrirBg.pal
graphics	pal	182	graphics/banim/assets/pal/00656914_Pal_EfxFenrirBG2_B.pal
graphics	pal	225	graphics/banim/assets/pal/0065BAB8_Pal_FenrirSprites_A.pal
graphics	pal	217	graphics/banim/assets/pal/0065BAD8_Pal_FenrirSprites_B.pal
graphics	pal	190	graphics/banim/assets/pal/00667D70_Pal_08667D70.pal
graphics	pal	199	graphics/banim/assets/pal/00667D90_Pal_08667D90.pal
graphics	pal	227	graphics/banim/assets/pal/0066F2B4_Pal_PurgeSprites.pal
graphics	agbpal	512	graphics/banim/assets/pal/006700D4_Pal_HealSpellBg.agbpal
graphics	pal	226	graphics/banim/assets/pal/00670528_Pal_HealSprites_Sparkles.pal
graphics	agbpal	544	graphics/banim/assets/pal/00672000_Pal_08672000.agbpal
graphics	pal	2819	graphics/banim/assets/pal/00672220_Pal_08672220.pal
graphics	pal	3144	graphics/banim/assets/pal/00678720_Pal_08678720.pal
graphics	pal	3098	graphics/banim/assets/pal/00678920_Pal_08678920.pal
graphics	pal	3186	graphics/banim/assets/pal/00678B20_Pal_08678B20.pal
graphics	agbpal	96	graphics/banim/assets/pal/006792A4_Pal_086792A4.agbpal
graphics	pal	194	graphics/banim/assets/pal/0067B5A4_Pal_MapAnimRestore.pal
graphics	pal	211	graphics/banim/assets/pal/00680DC0_Pal_Silence.pal
graphics	pal	202	graphics/banim/assets/pal/006810B8_Pal_HammerneBg.pal
graphics	pal	223	graphics/banim/assets/pal/0068716C_Pal_SleepSprites.pal
graphics	pal	225	graphics/banim/assets/pal/0068718C_Pal_HammerneSprites.pal
graphics	pal	199	graphics/banim/assets/pal/0068C338_Pal_BerserkBg.pal
graphics	pal	2095	graphics/banim/assets/pal/0068CC10_Pal_BerserkSprites.pal
graphics	pal	392	graphics/banim/assets/pal/0068DF5C_Pal_BarrierBg.pal
graphics	pal	187	graphics/banim/assets/pal/006945C4_Pal_IvaldiBg1.pal
graphics	pal	153	graphics/banim/assets/pal/0069E810_Pal_0869E810.pal
graphics	pal	153	graphics/banim/assets/pal/0069E830_Pal_0869E830.pal
graphics	pal	161	graphics/banim/assets/pal/0069E850_Pal_0869E850.pal
graphics	pal	172	graphics/banim/assets/pal/0069E870_Pal_0869E870.pal
graphics	pal	174	graphics/banim/assets/pal/0069E890_Pal_0869E890.pal
graphics	pal	188	graphics/banim/assets/pal/0069E8B0_Pal_0869E8B0.pal
graphics	pal	191	graphics/banim/assets/pal/0069E8D0_Pal_0869E8D0.pal
graphics	pal	202	graphics/banim/assets/pal/0069E8F0_Pal_0869E8F0.pal
graphics	pal	207	graphics/banim/assets/pal/0069E910_Pal_0869E910.pal
graphics	pal	215	graphics/banim/assets/pal/0069E930_Pal_0869E930.pal
graphics	pal	216	graphics/banim/assets/pal/0069E950_Pal_0869E950.pal
graphics	pal	168	graphics/banim/assets/pal/006A1CE0_Pal_IvaldiBg4.pal
graphics	pal	181	graphics/banim/assets/pal/006A2614_Pal_GleipnirSprites_Rocks.pal
graphics	pal	180	graphics/banim/assets/pal/006A2CE8_Pal_GleipnirSprites_Comet.pal
graphics	pal	191	graphics/banim/assets/pal/006B2878_Pal_086B2878.pal
graphics	pal	191	graphics/banim/assets/pal/006B2898_Pal_086B2898.pal
graphics	pal	191	graphics/banim/assets/pal/006B28B8_Pal_086B28B8.pal
graphics	pal	191	graphics/banim/assets/pal/006B28D8_Pal_086B28D8.pal
graphics	pal	191	graphics/banim/assets/pal/006B28F8_Pal_086B28F8.pal
graphics	pal	191	graphics/banim/assets/pal/006B2918_Pal_086B2918.pal
graphics	pal	191	graphics/banim/assets/pal/006B2938_Pal_086B2938.pal
graphics	pal	192	graphics/banim/assets/pal/006B2958_Pal_086B2958.pal
graphics	pal	193	graphics/banim/assets/pal/006B2978_Pal_086B2978.pal
graphics	pal	194	graphics/banim/assets/pal/006B2998_Pal_086B2998.pal
graphics	pal	195	graphics/banim/assets/pal/006B29B8_Pal_086B29B8.pal
graphics	pal	196	graphics/banim/assets/pal/006B29D8_Pal_086B29D8.pal
graphics	pal	196	graphics/banim/assets/pal/006B29F8_Pal_086B29F8.pal
graphics	pal	196	graphics/banim/assets/pal/006B2A18_Pal_086B2A18.pal
graphics	pal	197	graphics/banim/assets/pal/006B2A38_Pal_086B2A38.pal
graphics	pal	197	graphics/banim/assets/pal/006B2A58_Pal_086B2A58.pal
graphics	pal	171	graphics/banim/assets/pal/006B52CC_Pal_GleipnirBg_Fog.pal
graphics	pal	167	graphics/banim/assets/pal/006B58DC_Pal_CrimsonEyeSprites.pal
graphics	pal	167	graphics/banim/assets/pal/006B5EAC_Pal_efxCrimsonEyeBG.pal
graphics	pal	484	graphics/banim/assets/pal/006BC824_Pal_efxCrimsonEyeBGFinish1.pal
graphics	pal	212	graphics/banim/assets/pal/006BD76C_Pal_StoneSprites.pal
graphics	pal	191	graphics/banim/assets/pal/006C790C_Pal_StoneBg.pal
graphics	pal	182	graphics/banim/assets/pal/006C792C_Pal_StoneBg_086C792C.pal
graphics	pal	174	graphics/banim/assets/pal/006C794C_Pal_StoneBg_086C794C.pal
graphics	pal	150	graphics/banim/assets/pal/006C93FC_Pal_086C93FC.pal
graphics	pal	172	graphics/banim/assets/pal/006D3454_Pal_086D3454.pal
graphics	pal	187	graphics/banim/assets/pal/006D3474_Pal_086D3474.pal
graphics	pal	188	graphics/banim/assets/pal/006D3494_Pal_086D3494.pal
graphics	pal	191	graphics/banim/assets/pal/006D34B4_Pal_086D34B4.pal
graphics	pal	191	graphics/banim/assets/pal/006D34D4_Pal_086D34D4.pal
graphics	pal	190	graphics/banim/assets/pal/006D34F4_Pal_086D34F4.pal
graphics	pal	193	graphics/banim/assets/pal/006D3514_Pal_086D3514.pal
graphics	pal	193	graphics/banim/assets/pal/006D3534_Pal_086D3534.pal
graphics	pal	195	graphics/banim/assets/pal/006D3554_Pal_086D3554.pal
graphics	pal	193	graphics/banim/assets/pal/006D3574_Pal_086D3574.pal
graphics	pal	193	graphics/banim/assets/pal/006D3594_Pal_086D3594.pal
graphics	pal	195	graphics/banim/assets/pal/006D35B4_Pal_086D35B4.pal
graphics	pal	193	graphics/banim/assets/pal/006D35D4_Pal_086D35D4.pal
graphics	pal	195	graphics/banim/assets/pal/006D35F4_Pal_086D35F4.pal
graphics	pal	193	graphics/banim/assets/pal/006D3614_Pal_086D3614.pal
graphics	pal	193	graphics/banim/assets/pal/006D3634_Pal_086D3634.pal
graphics	pal	195	graphics/banim/assets/pal/006D3654_Pal_086D3654.pal
graphics	pal	193	graphics/banim/assets/pal/006D3674_Pal_086D3674.pal
graphics	pal	192	graphics/banim/assets/pal/006D3694_Pal_086D3694.pal
graphics	pal	192	graphics/banim/assets/pal/006D36B4_Pal_086D36B4.pal
graphics	pal	190	graphics/banim/assets/pal/006D8AB4_Pal_086D8AB4.pal
graphics	pal	190	graphics/banim/assets/pal/006D8AD4_Pal_086D8AD4.pal
graphics	pal	193	graphics/banim/assets/pal/006D8AF4_Pal_086D8AF4.pal
graphics	pal	187	graphics/banim/assets/pal/006D8B14_Pal_086D8B14.pal
graphics	pal	178	graphics/banim/assets/pal/006D8B34_Pal_086D8B34.pal
graphics	pal	218	graphics/banim/assets/pal/006DA33C_Pal_086DA33C.pal
graphics	pal	180	graphics/banim/assets/pal/006E6440_Pal_086E6440.pal
graphics	pal	181	graphics/banim/assets/pal/006E6460_Pal_086E6460.pal
graphics	pal	179	graphics/banim/assets/pal/006E6480_Pal_086E6480.pal
graphics	pal	179	graphics/banim/assets/pal/006E64A0_Pal_086E64A0.pal
graphics	pal	169	graphics/banim/assets/pal/006E64C0_Pal_086E64C0.pal
graphics	pal	167	graphics/banim/assets/pal/006EA3EC_Pal_086EA3EC.pal
graphics	pal	181	graphics/banim/assets/pal/006F01E4_Pal_086F01E4.pal
graphics	pal	182	graphics/banim/assets/pal/006F0204_Pal_086F0204.pal
graphics	pal	178	graphics/banim/assets/pal/006F0224_Pal_086F0224.pal
graphics	pal	178	graphics/banim/assets/pal/006F0244_Pal_086F0244.pal
graphics	pal	178	graphics/banim/assets/pal/006F0264_Pal_086F0264.pal
graphics	pal	178	graphics/banim/assets/pal/006F0284_Pal_086F0284.pal
graphics	pal	182	graphics/banim/assets/pal/006F02A4_Pal_086F02A4.pal
graphics	pal	179	graphics/banim/assets/pal/006F02C4_Pal_086F02C4.pal
graphics	pal	179	graphics/banim/assets/pal/006F02E4_Pal_086F02E4.pal
graphics	pal	179	graphics/banim/assets/pal/006F0304_Pal_086F0304.pal
graphics	pal	179	graphics/banim/assets/pal/006F0324_Pal_086F0324.pal
graphics	pal	206	graphics/banim/assets/pal/006F4A58_Pal_086F4A58.pal
graphics	pal	207	graphics/banim/assets/pal/006F4A78_Pal_086F4A78.pal
graphics	pal	196	graphics/banim/assets/pal/006FFD3C_Pal_NaglfarSprites_B.pal
graphics	pal	183	graphics/banim/assets/pal/00710DB8_Pal_08710DB8.pal
graphics	pal	187	graphics/banim/assets/pal/00710DD8_Pal_08710DD8.pal
graphics	pal	190	graphics/banim/assets/pal/00710DF8_Pal_08710DF8.pal
graphics	pal	196	graphics/banim/assets/pal/00710E18_Pal_08710E18.pal
graphics	pal	200	graphics/banim/assets/pal/00710E38_Pal_08710E38.pal
graphics	pal	203	graphics/banim/assets/pal/00710E58_Pal_08710E58.pal
graphics	pal	206	graphics/banim/assets/pal/00710E78_Pal_08710E78.pal
graphics	pal	204	graphics/banim/assets/pal/00710E98_Pal_08710E98.pal
graphics	pal	203	graphics/banim/assets/pal/00710EB8_Pal_08710EB8.pal
graphics	pal	201	graphics/banim/assets/pal/00710ED8_Pal_08710ED8.pal
graphics	pal	195	graphics/banim/assets/pal/00710EF8_Pal_08710EF8.pal
graphics	pal	195	graphics/banim/assets/pal/00710F18_Pal_08710F18.pal
graphics	pal	197	graphics/banim/assets/pal/00710F38_Pal_08710F38.pal
graphics	pal	198	graphics/banim/assets/pal/00710F58_Pal_08710F58.pal
graphics	pal	195	graphics/banim/assets/pal/00710F78_Pal_08710F78.pal
graphics	pal	188	graphics/banim/assets/pal/00710F98_Pal_08710F98.pal
graphics	pal	177	graphics/banim/assets/pal/00724424_Pal_efxExcaliburBG0.pal
graphics	pal	187	graphics/banim/assets/pal/00725DAC_Pal_08725DAC.pal
graphics	pal	864	graphics/banim/assets/pal/00726FF4_Pal_ShineBg_08726FF4.pal
graphics	pal	217	graphics/banim/assets/pal/00727C48_Pal_ShineBg2.pal
graphics	pal	221	graphics/banim/assets/pal/00728920_Pal_ShineSprites.pal
graphics	pal	2451	graphics/banim/assets/pal/00729FDC_Pal_LunaBg2.pal
graphics	pal	201	graphics/banim/assets/pal/0072CE60_Pal_LunaBg3.pal
graphics	pal	218	graphics/banim/assets/pal/0072DE04_Pal_LunaSprites.pal
graphics	pal	2527	graphics/banim/assets/pal/0072E64C_Pal_ExcaliburBg1.pal
graphics	pal	627	graphics/banim/assets/pal/0072FA04_Pal_ExcaliburBg2.pal
graphics	pal	574	graphics/banim/assets/pal/007302A4_Pal_ExcaliburBg3.pal
graphics	pal	217	graphics/banim/assets/pal/00730780_Pal_ExcaliburSprites.pal
graphics	pal	633	graphics/banim/assets/pal/00731348_Pal_08731348.pal
graphics	pal	1862	graphics/banim/assets/pal/00732228_Pal_GespenstBg4.pal
graphics	pal	842	graphics/banim/assets/pal/007456E8_Pal_EfxChillEffectBG.pal
graphics	pal	196	graphics/banim/assets/pal/00751DB4_Pal_08751DB4.pal
graphics	pal	929	graphics/banim/assets/pal/00754870_Pal_SongSprites.pal
graphics	tsa	1024	graphics/banim/assets/tsa/005DD518_Tsa_BreathBgBase.tsa
graphics	tsa	1200	graphics/banim/assets/tsa/005DDAF4_Tsa_085DDAF4.tsa
graphics	tsa	1200	graphics/banim/assets/tsa/005E64D8_Tsa_085E64D8.tsa
graphics	tsa	1200	graphics/banim/assets/tsa/005E65C0_Tsa_085E65C0.tsa
graphics	tsa	1200	graphics/banim/assets/tsa/005E667C_Tsa_085E667C.tsa
graphics	tsa	1200	graphics/banim/assets/tsa/005E6778_Tsa_085E6778.tsa
graphics	tsa	1200	graphics/banim/assets/tsa/005E6860_Tsa_085E6860.tsa
graphics	tsa	1200	graphics/banim/assets/tsa/005E6948_Tsa_085E6948.tsa
graphics	tsa	1200	graphics/banim/assets/tsa/005E6A44_Tsa_085E6A44.tsa
graphics	tsa	1200	graphics/banim/assets/tsa/005E6B70_Tsa_085E6B70.tsa
graphics	tsa	1200	graphics/banim/assets/tsa/005E6CA4_Tsa_085E6CA4.tsa
graphics	tsa	1200	graphics/banim/assets/tsa/005E6D68_Tsa_085E6D68.tsa
graphics	tsa	1200	graphics/banim/assets/tsa/005E6E94_Tsa_085E6E94.tsa
graphics	tsa	1200	graphics/banim/assets/tsa/005E6F90_Tsa_085E6F90.tsa
graphics	tsa	1200	graphics/banim/assets/tsa/005E8308_Tsa_EfxCriricalEffectBG_L.tsa
graphics	tsa	1200	graphics/banim/assets/tsa/005E87A8_Tsa_EfxCriricalEffectBG_R.tsa
graphics	tsa	1200	graphics/banim/assets/tsa/005E8CE4_Tsa_EfxSRankWeaponEffectBG.tsa
graphics	tsa	1200	graphics/banim/assets/tsa/005E9170_Tsa1_EfxNormalEffectBG.tsa
graphics	tsa	1200	graphics/banim/assets/tsa/005E923C_Tsa2_EfxNormalEffectBG.tsa
graphics	tsa	1200	graphics/banim/assets/tsa/005E933C_Tsa3_EfxNormalEffectBG.tsa
graphics	tsa	1200	graphics/banim/assets/tsa/005E944C_Tsa4_EfxNormalEffectBG.tsa
graphics	tsa	1200	graphics/banim/assets/tsa/005E9558_Tsa5_EfxNormalEffectBG.tsa
graphics	tsa	1200	graphics/banim/assets/tsa/005E965C_Tsa6_EfxNormalEffectBG.tsa
graphics	tsa	1200	graphics/banim/assets/tsa/005E9748_Tsa7_EfxNormalEffectBG.tsa
graphics	tsa	1200	graphics/banim/assets/tsa/005E981C_Tsa8_EfxNormalEffectBG.tsa
graphics	tsa	1200	graphics/banim/assets/tsa/005E98D8_Tsa9_EfxNormalEffectBG.tsa
graphics	tsa	1200	graphics/banim/assets/tsa/005E9980_TsaA_EfxNormalEffectBG.tsa
graphics	tsa	1200	graphics/banim/assets/tsa/005EF26C_Tsa1_EfxMagfcastBG.tsa
graphics	tsa	1200	graphics/banim/assets/tsa/005EF308_Tsa2_EfxMagfcastBG.tsa
graphics	tsa	1200	graphics/banim/assets/tsa/005EF3A4_Tsa3_EfxMagfcastBG.tsa
graphics	tsa	1200	graphics/banim/assets/tsa/005EF444_Tsa4_EfxMagfcastBG.tsa
graphics	tsa	1200	graphics/banim/assets/tsa/005EF4E8_Tsa5_EfxMagfcastBG.tsa
graphics	tsa	1200	graphics/banim/assets/tsa/005EF59C_Tsa6_EfxMagfcastBG.tsa
graphics	tsa	1200	graphics/banim/assets/tsa/005EF644_Tsa7_EfxMagfcastBG.tsa
graphics	tsa	1200	graphics/banim/assets/tsa/005EF6F4_Tsa8_EfxMagfcastBG.tsa
graphics	tsa	1200	graphics/banim/assets/tsa/005EF7A4_Tsa9_EfxMagfcastBG.tsa
graphics	tsa	1200	graphics/banim/assets/tsa/005EF85C_Tsa10_EfxMagfcastBG.tsa
graphics	tsa	1200	graphics/banim/assets/tsa/005EF914_Tsa11_EfxMagfcastBG.tsa
graphics	tsa	1200	graphics/banim/assets/tsa/005EF9C8_Tsa12_EfxMagfcastBG.tsa
graphics	tsa	1200	graphics/banim/assets/tsa/005EFA68_Tsa13_EfxMagfcastBG.tsa
graphics	tsa	1200	graphics/banim/assets/tsa/005EFB1C_Tsa14_EfxMagfcastBG.tsa
graphics	tsa	1200	graphics/banim/assets/tsa/005EFBD0_Tsa15_EfxMagfcastBG.tsa
graphics	tsa	1200	graphics/banim/assets/tsa/005EFC84_Tsa16_EfxMagfcastBG.tsa
graphics	tsa	1200	graphics/banim/assets/tsa/005EFD24_Tsa17_EfxMagfcastBG.tsa
graphics	tsa	1200	graphics/banim/assets/tsa/005EFDE0_Tsa18_EfxMagfcastBG.tsa
graphics	tsa	1200	graphics/banim/assets/tsa/005EFE90_Tsa19_EfxMagfcastBG.tsa
graphics	tsa	1200	graphics/banim/assets/tsa/005EFF60_Tsa20_EfxMagfcastBG.tsa
graphics	tsa	1200	graphics/banim/assets/tsa/005F0018_Tsa21_EfxMagfcastBG.tsa
graphics	tsa	1200	graphics/banim/assets/tsa/005F00E8_Tsa22_EfxMagfcastBG.tsa
graphics	tsa	1200	graphics/banim/assets/tsa/005F0E24_Tsa1_EfxMagdhisEffectBG.tsa
graphics	tsa	1200	graphics/banim/assets/tsa/005F0F24_Tsa2_EfxMagdhisEffectBG.tsa
graphics	tsa	1200	graphics/banim/assets/tsa/005F1018_Tsa3_EfxMagdhisEffectBG.tsa
graphics	tsa	1200	graphics/banim/assets/tsa/005F10EC_Tsa4_EfxMagdhisEffectBG.tsa
graphics	tsa	1200	graphics/banim/assets/tsa/005F387C_Tsa_EfxThuderBg1.tsa
graphics	tsa	1200	graphics/banim/assets/tsa/005F3948_Tsa_EfxThuderBg2.tsa
graphics	tsa	1200	graphics/banim/assets/tsa/005F6250_Tsa_085F6250.tsa
graphics	tsa	1200	graphics/banim/assets/tsa/005F62F8_Tsa_085F62F8.tsa
graphics	tsa	1200	graphics/banim/assets/tsa/005F63A0_Tsa_085F63A0.tsa
graphics	tsa	1200	graphics/banim/assets/tsa/005F6458_Tsa_085F6458.tsa
graphics	tsa	1200	graphics/banim/assets/tsa/005F6520_Tsa_085F6520.tsa
graphics	tsa	1200	graphics/banim/assets/tsa/005F65F0_Tsa_085F65F0.tsa
graphics	tsa	1200	graphics/banim/assets/tsa/005F66F0_Tsa_085F66F0.tsa
graphics	tsa	1200	graphics/banim/assets/tsa/005F67F8_Tsa_085F67F8.tsa
graphics	tsa	1200	graphics/banim/assets/tsa/005F690C_Tsa_085F690C.tsa
graphics	tsa	1200	graphics/banim/assets/tsa/005F6A44_Tsa_085F6A44.tsa
graphics	tsa	1200	graphics/banim/assets/tsa/005F6B48_Tsa_085F6B48.tsa
graphics	tsa	1200	graphics/banim/assets/tsa/005F6C1C_Tsa_085F6C1C.tsa
graphics	tsa	1200	graphics/banim/assets/tsa/005F6CDC_Tsa_085F6CDC.tsa
graphics	tsa	1200	graphics/banim/assets/tsa/005F6D84_Tsa_085F6D84.tsa
graphics	tsa	1200	graphics/banim/assets/tsa/005F6E2C_Tsa_085F6E2C.tsa
graphics	tsa	1200	graphics/banim/assets/tsa/005F6EE4_Tsa_085F6EE4.tsa
graphics	tsa	1200	graphics/banim/assets/tsa/005F6FAC_Tsa_085F6FAC.tsa
graphics	tsa	1200	graphics/banim/assets/tsa/005F707C_Tsa_085F707C.tsa
graphics	tsa	1200	graphics/banim/assets/tsa/005F717C_Tsa_085F717C.tsa
graphics	tsa	1200	graphics/banim/assets/tsa/005F7284_Tsa_085F7284.tsa
graphics	tsa	1200	graphics/banim/assets/tsa/005F7398_Tsa_085F7398.tsa
graphics	tsa	1200	graphics/banim/assets/tsa/005F74D0_Tsa_085F74D0.tsa
graphics	tsa	1200	graphics/banim/assets/tsa/005F75D4_Tsa_085F75D4.tsa
graphics	tsa	1200	graphics/banim/assets/tsa/005F76A8_Tsa_085F76A8.tsa
graphics	tsa	1200	graphics/banim/assets/tsa/006010AC_Tsa_086010AC.tsa
graphics	tsa	1200	graphics/banim/assets/tsa/00601158_Tsa_08601158.tsa
graphics	tsa	1200	graphics/banim/assets/tsa/00601210_Tsa_08601210.tsa
graphics	tsa	1200	graphics/banim/assets/tsa/006012DC_Tsa_086012DC.tsa
graphics	tsa	1200	graphics/banim/assets/tsa/006013BC_Tsa_086013BC.tsa
graphics	tsa	1200	graphics/banim/assets/tsa/006014B0_Tsa_086014B0.tsa
graphics	tsa	1200	graphics/banim/assets/tsa/006015C8_Tsa_086015C8.tsa
graphics	tsa	1200	graphics/banim/assets/tsa/006016F4_Tsa_086016F4.tsa
graphics	tsa	1200	graphics/banim/assets/tsa/0060182C_Tsa_0860182C.tsa
graphics	tsa	1200	graphics/banim/assets/tsa/00601970_Tsa_08601970.tsa
graphics	tsa	1200	graphics/banim/assets/tsa/00601AC4_Tsa_08601AC4.tsa
graphics	tsa	1200	graphics/banim/assets/tsa/00601C1C_Tsa_08601C1C.tsa
graphics	tsa	1200	graphics/banim/assets/tsa/00601D84_Tsa_08601D84.tsa
graphics	tsa	1200	graphics/banim/assets/tsa/00601EF0_Tsa_08601EF0.tsa
graphics	tsa	1200	graphics/banim/assets/tsa/0060206C_Tsa_0860206C.tsa
graphics	tsa	1200	graphics/banim/assets/tsa/00602200_Tsa_08602200.tsa
graphics	tsa	1200	graphics/banim/assets/tsa/006023A0_Tsa_086023A0.tsa
graphics	tsa	1200	graphics/banim/assets/tsa/00602540_Tsa_08602540.tsa
graphics	tsa	1200	graphics/banim/assets/tsa/006026E0_Tsa_086026E0.tsa
graphics	tsa	1200	graphics/banim/assets/tsa/00602880_Tsa_08602880.tsa
graphics	tsa	1200	graphics/banim/assets/tsa/00602A10_Tsa_08602A10.tsa
graphics	tsa	1200	graphics/banim/assets/tsa/00603D50_Tsa_EkrElfireBG.tsa
graphics	tsa	1200	graphics/banim/assets/tsa/00603F00_Tsa_EfxElfireBG_Clear.tsa
graphics	tsa	1200	graphics/banim/assets/tsa/00608898_Tsa_BoltingBg_A.tsa
graphics	tsa	1200	graphics/banim/assets/tsa/00608A2C_Tsa_BoltingBg_B.tsa
graphics	tsa	1200	graphics/banim/assets/tsa/00608C34_Tsa_BoltingBg_C.tsa
graphics	tsa	1200	graphics/banim/assets/tsa/00608D98_Tsa_BoltingBg_D.tsa
graphics	tsa	1200	graphics/banim/assets/tsa/00608E78_Tsa_BoltingBg_E.tsa
graphics	tsa	1200	graphics/banim/assets/tsa/00608F90_Tsa_BoltingBg_F.tsa
graphics	tsa	1200	graphics/banim/assets/tsa/0060913C_Tsa_BoltingBg_G.tsa
graphics	tsa	1200	graphics/banim/assets/tsa/0060925C_Tsa_BoltingBg_H.tsa
graphics	tsa	1200	graphics/banim/assets/tsa/00609348_Tsa_BoltingBg_I.tsa
graphics	tsa	1200	graphics/banim/assets/tsa/00609430_Tsa_BoltingBg_J.tsa
graphics	tsa	1200	graphics/banim/assets/tsa/006094C8_Tsa_BoltingBg_K.tsa
graphics	tsa	1200	graphics/banim/assets/tsa/006101FC_Tsa_FimbulvetrBg_A.tsa
graphics	tsa	1200	graphics/banim/assets/tsa/006102A0_Tsa_FimbulvetrBg_B.tsa
graphics	tsa	1200	graphics/banim/assets/tsa/00610348_Tsa_FimbulvetrBg_C.tsa
graphics	tsa	1200	graphics/banim/assets/tsa/00610404_Tsa_FimbulvetrBg_D.tsa
graphics	tsa	1200	graphics/banim/assets/tsa/006104D8_Tsa_FimbulvetrBg_E.tsa
graphics	tsa	1200	graphics/banim/assets/tsa/006105D4_Tsa_FimbulvetrBg_F.tsa
graphics	tsa	1200	graphics/banim/assets/tsa/00610714_Tsa_FimbulvetrBg_G.tsa
graphics	tsa	1200	graphics/banim/assets/tsa/006108AC_Tsa_FimbulvetrBg_H.tsa
graphics	tsa	1200	graphics/banim/assets/tsa/00610A80_Tsa_FimbulvetrBg_I.tsa
graphics	tsa	1200	graphics/banim/assets/tsa/00610C90_Tsa_FimbulvetrBg_J.tsa
graphics	tsa	1200	graphics/banim/assets/tsa/00610EB0_Tsa_FimbulvetrBg_K.tsa
graphics	tsa	1200	graphics/banim/assets/tsa/00617F24_Tsa_FimbulvetrBg_Tornado_A.tsa
graphics	tsa	1200	graphics/banim/assets/tsa/00618110_Tsa_FimbulvetrBg_Tornado_B.tsa
graphics	tsa	1200	graphics/banim/assets/tsa/006182E8_Tsa_FimbulvetrBg_Tornado_C.tsa
graphics	tsa	1200	graphics/banim/assets/tsa/006184B0_Tsa_FimbulvetrBg_Tornado_D.tsa
graphics	tsa	1200	graphics/banim/assets/tsa/006186E4_Tsa_FimbulvetrBg_Tornado_E.tsa
graphics	tsa	1200	graphics/banim/assets/tsa/0061892C_Tsa_FimbulvetrBg_Tornado_F.tsa
graphics	tsa	1200	graphics/banim/assets/tsa/0061F7F4_Tsa_0861F7F4.tsa
graphics	tsa	1200	graphics/banim/assets/tsa/0061F918_Tsa_0861F918.tsa
graphics	tsa	1200	graphics/banim/assets/tsa/0061FA38_Tsa_0861FA38.tsa
graphics	tsa	1200	graphics/banim/assets/tsa/0061FB44_Tsa_0861FB44.tsa
graphics	tsa	1200	graphics/banim/assets/tsa/0061FC40_Tsa_0861FC40.tsa
graphics	tsa	1200	graphics/banim/assets/tsa/0061FD28_Tsa_0861FD28.tsa
graphics	tsa	1200	graphics/banim/assets/tsa/0061FE0C_Tsa_0861FE0C.tsa
graphics	tsa	1200	graphics/banim/assets/tsa/0061FEF0_Tsa_0861FEF0.tsa
graphics	tsa	1200	graphics/banim/assets/tsa/0061FFCC_Tsa_0861FFCC.tsa
graphics	tsa	1200	graphics/banim/assets/tsa/006200AC_Tsa_086200AC.tsa
graphics	tsa	1200	graphics/banim/assets/tsa/006201A0_Tsa_086201A0.tsa
graphics	tsa	1200	graphics/banim/assets/tsa/00620294_Tsa_08620294.tsa
graphics	tsa	1200	graphics/banim/assets/tsa/00620398_Tsa_08620398.tsa
graphics	tsa	1200	graphics/banim/assets/tsa/006204A0_Tsa_086204A0.tsa
graphics	tsa	1200	graphics/banim/assets/tsa/006205B8_Tsa_086205B8.tsa
graphics	tsa	1200	graphics/banim/assets/tsa/006206DC_Tsa_086206DC.tsa
graphics	tsa	1200	graphics/banim/assets/tsa/006207F0_Tsa_086207F0.tsa
graphics	tsa	1200	graphics/banim/assets/tsa/006208A0_Tsa_086208A0.tsa
graphics	tsa	1200	graphics/banim/assets/tsa/006209A8_Tsa_086209A8.tsa
graphics	tsa	1200	graphics/banim/assets/tsa/00620AE4_Tsa_08620AE4.tsa
graphics	tsa	1200	graphics/banim/assets/tsa/00620C58_Tsa_08620C58.tsa
graphics	tsa	1200	graphics/banim/assets/tsa/00620DF0_Tsa_08620DF0.tsa
graphics	tsa	1200	graphics/banim/assets/tsa/00620F64_Tsa_08620F64.tsa
graphics	tsa	1200	graphics/banim/assets/tsa/00621070_Tsa_08621070.tsa
graphics	tsa	1200	graphics/banim/assets/tsa/00621144_Tsa_08621144.tsa
graphics	tsa	1200	graphics/banim/assets/tsa/006211E4_Tsa_086211E4.tsa
graphics	tsa	1200	graphics/banim/assets/tsa/00621304_Tsa_08621304.tsa
graphics	tsa	1200	graphics/banim/assets/tsa/00621420_Tsa_08621420.tsa
graphics	tsa	1200	graphics/banim/assets/tsa/00621534_Tsa_08621534.tsa
graphics	tsa	1200	graphics/banim/assets/tsa/0062162C_Tsa_0862162C.tsa
graphics	tsa	1200	graphics/banim/assets/tsa/00621714_Tsa_08621714.tsa
graphics	tsa	1200	graphics/banim/assets/tsa/006217E4_Tsa_086217E4.tsa
graphics	tsa	1200	graphics/banim/assets/tsa/006218A8_Tsa_086218A8.tsa
graphics	tsa	1280	graphics/banim/assets/tsa/00622FEC_Tsa_AircaliburBg_A.tsa
graphics	tsa	1280	graphics/banim/assets/tsa/00623174_Tsa_AircaliburBg_B.tsa
graphics	tsa	1200	graphics/banim/assets/tsa/0062A310_Tsa_0862A310.tsa
graphics	tsa	1200	graphics/banim/assets/tsa/0062A40C_Tsa_0862A40C.tsa
graphics	tsa	1200	graphics/banim/assets/tsa/0062A50C_Tsa_0862A50C.tsa
graphics	tsa	1200	graphics/banim/assets/tsa/0062A610_Tsa_0862A610.tsa
graphics	tsa	1200	graphics/banim/assets/tsa/0062A708_Tsa_0862A708.tsa
graphics	tsa	1200	graphics/banim/assets/tsa/0062A814_Tsa_0862A814.tsa
graphics	tsa	1200	graphics/banim/assets/tsa/0062A920_Tsa_0862A920.tsa
graphics	tsa	1200	graphics/banim/assets/tsa/0062AA40_Tsa_0862AA40.tsa
graphics	tsa	1200	graphics/banim/assets/tsa/0062AB64_Tsa_0862AB64.tsa
graphics	tsa	1200	graphics/banim/assets/tsa/0062AC4C_Tsa_0862AC4C.tsa
graphics	tsa	1200	graphics/banim/assets/tsa/0062AD28_Tsa_0862AD28.tsa
graphics	tsa	1200	graphics/banim/assets/tsa/0062ADE8_Tsa_0862ADE8.tsa
graphics	tsa	1200	graphics/banim/assets/tsa/0062AEA0_Tsa_0862AEA0.tsa
graphics	tsa	1200	graphics/banim/assets/tsa/0062AF48_Tsa_0862AF48.tsa
graphics	tsa	1200	graphics/banim/assets/tsa/0062B004_Tsa_0862B004.tsa
graphics	tsa	1200	graphics/banim/assets/tsa/0062B0DC_Tsa_0862B0DC.tsa
graphics	tsa	1200	graphics/banim/assets/tsa/0062B1BC_Tsa_0862B1BC.tsa
graphics	tsa	1200	graphics/banim/assets/tsa/0062B2AC_Tsa_0862B2AC.tsa
graphics	tsa	1200	graphics/banim/assets/tsa/0062B3A8_Tsa_0862B3A8.tsa
graphics	tsa	1200	graphics/banim/assets/tsa/0062B49C_Tsa_0862B49C.tsa
graphics	tsa	1200	graphics/banim/assets/tsa/0062B594_Tsa_0862B594.tsa
graphics	tsa	1200	graphics/banim/assets/tsa/0062B680_Tsa_0862B680.tsa
graphics	tsa	1200	graphics/banim/assets/tsa/0062B764_Tsa_0862B764.tsa
graphics	tsa	1200	graphics/banim/assets/tsa/0062B83C_Tsa_0862B83C.tsa
graphics	tsa	1200	graphics/banim/assets/tsa/0062B90C_Tsa_0862B90C.tsa
graphics	tsa	1200	graphics/banim/assets/tsa/0062B9D8_Tsa_0862B9D8.tsa
graphics	tsa	1200	graphics/banim/assets/tsa/0062BAA0_Tsa_0862BAA0.tsa
graphics	tsa	1200	graphics/banim/assets/tsa/0062BB54_Tsa_0862BB54.tsa
graphics	tsa	1200	graphics/banim/assets/tsa/0062BC08_Tsa_0862BC08.tsa
graphics	tsa	1200	graphics/banim/assets/tsa/0062BCA8_Tsa_0862BCA8.tsa
graphics	tsa	1200	graphics/banim/assets/tsa/0062BD5C_Tsa_0862BD5C.tsa
graphics	tsa	1200	graphics/banim/assets/tsa/0062BE18_Tsa_0862BE18.tsa
graphics	tsa	1200	graphics/banim/assets/tsa/0062BEF4_Tsa_0862BEF4.tsa
graphics	tsa	1200	graphics/banim/assets/tsa/0062BFDC_Tsa_0862BFDC.tsa
graphics	tsa	1200	graphics/banim/assets/tsa/0062C100_Tsa_0862C100.tsa
graphics	tsa	1200	graphics/banim/assets/tsa/0062C220_Tsa_0862C220.tsa
graphics	tsa	1200	graphics/banim/assets/tsa/0062C32C_Tsa_0862C32C.tsa
graphics	tsa	1200	graphics/banim/assets/tsa/0062C438_Tsa_0862C438.tsa
graphics	tsa	1200	graphics/banim/assets/tsa/0062C534_Tsa_0862C534.tsa
graphics	tsa	1200	graphics/banim/assets/tsa/0062C634_Tsa_0862C634.tsa
graphics	tsa	1200	graphics/banim/assets/tsa/0062C730_Tsa_0862C730.tsa
graphics	tsa	1200	graphics/banim/assets/tsa/00636660_Tsa_08636660.tsa
graphics	tsa	1200	graphics/banim/assets/tsa/00636790_Tsa_08636790.tsa
graphics	tsa	1200	graphics/banim/assets/tsa/0063683C_Tsa_0863683C.tsa
graphics	tsa	1200	graphics/banim/assets/tsa/006368EC_Tsa_086368EC.tsa
graphics	tsa	1200	graphics/banim/assets/tsa/006369A4_Tsa_086369A4.tsa
graphics	tsa	1200	graphics/banim/assets/tsa/00636A64_Tsa_08636A64.tsa
graphics	tsa	1200	graphics/banim/assets/tsa/00636B30_Tsa_08636B30.tsa
graphics	tsa	1200	graphics/banim/assets/tsa/00636C10_Tsa_08636C10.tsa
graphics	tsa	1200	graphics/banim/assets/tsa/00636CF8_Tsa_08636CF8.tsa
graphics	tsa	1200	graphics/banim/assets/tsa/00636E00_Tsa_08636E00.tsa
graphics	tsa	1200	graphics/banim/assets/tsa/00636F1C_Tsa_08636F1C.tsa
graphics	tsa	1200	graphics/banim/assets/tsa/00637058_Tsa_08637058.tsa
graphics	tsa	1200	graphics/banim/assets/tsa/006371A8_Tsa_086371A8.tsa
graphics	tsa	1200	graphics/banim/assets/tsa/00637300_Tsa_08637300.tsa
graphics	tsa	1200	graphics/banim/assets/tsa/00637458_Tsa_08637458.tsa
graphics	tsa	1200	graphics/banim/assets/tsa/006375AC_Tsa_086375AC.tsa
graphics	tsa	1200	graphics/banim/assets/tsa/006376FC_Tsa_086376FC.tsa
graphics	tsa	1200	graphics/banim/assets/tsa/0063784C_Tsa_0863784C.tsa
graphics	tsa	1200	graphics/banim/assets/tsa/00637984_Tsa_08637984.tsa
graphics	tsa	1200	graphics/banim/assets/tsa/00637AB0_Tsa_08637AB0.tsa
graphics	tsa	1200	graphics/banim/assets/tsa/00637BCC_Tsa_08637BCC.tsa
graphics	tsa	1200	graphics/banim/assets/tsa/00637CD8_Tsa_08637CD8.tsa
graphics	tsa	1200	graphics/banim/assets/tsa/00637DD0_Tsa_08637DD0.tsa
graphics	tsa	1200	graphics/banim/assets/tsa/00637EBC_Tsa_08637EBC.tsa
graphics	tsa	1200	graphics/banim/assets/tsa/00637F8C_Tsa_08637F8C.tsa
graphics	tsa	1200	graphics/banim/assets/tsa/00638048_Tsa_08638048.tsa
graphics	tsa	1200	graphics/banim/assets/tsa/006380FC_Tsa_086380FC.tsa
graphics	tsa	1200	graphics/banim/assets/tsa/006381AC_Tsa_086381AC.tsa
graphics	tsa	1200	graphics/banim/assets/tsa/00638258_Tsa_08638258.tsa
graphics	tsa	1200	graphics/banim/assets/tsa/00638300_Tsa_08638300.tsa
graphics	tsa	1200	graphics/banim/assets/tsa/006383B4_Tsa_086383B4.tsa
graphics	tsa	1200	graphics/banim/assets/tsa/00638474_Tsa_08638474.tsa
graphics	tsa	1200	graphics/banim/assets/tsa/00638540_Tsa_08638540.tsa
graphics	tsa	1200	graphics/banim/assets/tsa/00638608_Tsa_08638608.tsa
graphics	tsa	1200	graphics/banim/assets/tsa/006386D0_Tsa_086386D0.tsa
graphics	tsa	1200	graphics/banim/assets/tsa/006387A4_Tsa_086387A4.tsa
graphics	tsa	1200	graphics/banim/assets/tsa/00638880_Tsa_08638880.tsa
graphics	tsa	1200	graphics/banim/assets/tsa/00638968_Tsa_08638968.tsa
graphics	tsa	1200	graphics/banim/assets/tsa/00638A5C_Tsa_08638A5C.tsa
graphics	tsa	1200	graphics/banim/assets/tsa/00638B64_Tsa_08638B64.tsa
graphics	tsa	1200	graphics/banim/assets/tsa/00638C6C_Tsa_08638C6C.tsa
graphics	tsa	1200	graphics/banim/assets/tsa/00638D90_Tsa_08638D90.tsa
graphics	tsa	1200	graphics/banim/assets/tsa/00638EB0_Tsa_08638EB0.tsa
graphics	tsa	1200	graphics/banim/assets/tsa/00638FCC_Tsa_08638FCC.tsa
graphics	tsa	1200	graphics/banim/assets/tsa/006390DC_Tsa_086390DC.tsa
graphics	tsa	1200	graphics/banim/assets/tsa/006391E8_Tsa_086391E8.tsa
graphics	tsa	1200	graphics/banim/assets/tsa/006392E8_Tsa_086392E8.tsa
graphics	tsa	1200	graphics/banim/assets/tsa/006393D8_Tsa_086393D8.tsa
graphics	tsa	1200	graphics/banim/assets/tsa/006394B4_Tsa_086394B4.tsa
graphics	tsa	1200	graphics/banim/assets/tsa/00639580_Tsa_08639580.tsa
graphics	tsa	1200	graphics/banim/assets/tsa/00639638_Tsa_08639638.tsa
graphics	tsa	1200	graphics/banim/assets/tsa/00641DA4_Tsa_08641DA4.tsa
graphics	tsa	1200	graphics/banim/assets/tsa/00641F38_Tsa_08641F38.tsa
graphics	tsa	1200	graphics/banim/assets/tsa/0064213C_Tsa_0864213C.tsa
graphics	tsa	1200	graphics/banim/assets/tsa/0064240C_Tsa_0864240C.tsa
graphics	tsa	1200	graphics/banim/assets/tsa/006426DC_Tsa_086426DC.tsa
graphics	tsa	1200	graphics/banim/assets/tsa/0064298C_Tsa_0864298C.tsa
graphics	tsa	1200	graphics/banim/assets/tsa/00642C40_Tsa_08642C40.tsa
graphics	tsa	1200	graphics/banim/assets/tsa/00642ECC_Tsa_08642ECC.tsa
graphics	tsa	1200	graphics/banim/assets/tsa/00643150_Tsa_08643150.tsa
graphics	tsa	1200	graphics/banim/assets/tsa/006433C4_Tsa_086433C4.tsa
graphics	tsa	1200	graphics/banim/assets/tsa/00643658_Tsa_08643658.tsa
graphics	tsa	1200	graphics/banim/assets/tsa/006438E0_Tsa_086438E0.tsa
graphics	tsa	1200	graphics/banim/assets/tsa/00643B7C_Tsa_08643B7C.tsa
graphics	tsa	1200	graphics/banim/assets/tsa/00643E04_Tsa_08643E04.tsa
graphics	tsa	1200	graphics/banim/assets/tsa/00644080_Tsa_08644080.tsa
graphics	tsa	1200	graphics/banim/assets/tsa/006442B0_Tsa_086442B0.tsa
graphics	tsa	1200	graphics/banim/assets/tsa/00644500_Tsa_08644500.tsa
graphics	tsa	1200	graphics/banim/assets/tsa/00644730_Tsa_08644730.tsa
graphics	tsa	1200	graphics/banim/assets/tsa/00644928_Tsa_08644928.tsa
graphics	tsa	1200	graphics/banim/assets/tsa/00644B0C_Tsa_08644B0C.tsa
graphics	tsa	1200	graphics/banim/assets/tsa/00644CA8_Tsa_08644CA8.tsa
graphics	tsa	1200	graphics/banim/assets/tsa/00644DD0_Tsa_08644DD0.tsa
graphics	tsa	1200	graphics/banim/assets/tsa/00644E70_Tsa_08644E70.tsa
graphics	tsa	1200	graphics/banim/assets/tsa/00644F18_Tsa_08644F18.tsa
graphics	tsa	1200	graphics/banim/assets/tsa/00644FC0_Tsa_08644FC0.tsa
graphics	tsa	1200	graphics/banim/assets/tsa/00645070_Tsa_08645070.tsa
graphics	tsa	1200	graphics/banim/assets/tsa/00645128_Tsa_08645128.tsa
graphics	tsa	1200	graphics/banim/assets/tsa/006451F4_Tsa_086451F4.tsa
graphics	tsa	1200	graphics/banim/assets/tsa/006452C0_Tsa_086452C0.tsa
graphics	tsa	1200	graphics/banim/assets/tsa/00645394_Tsa_08645394.tsa
graphics	tsa	1200	graphics/banim/assets/tsa/0064546C_Tsa_0864546C.tsa
graphics	tsa	1200	graphics/banim/assets/tsa/00645548_Tsa_08645548.tsa
graphics	tsa	1200	graphics/banim/assets/tsa/00645624_Tsa_08645624.tsa
graphics	tsa	1200	graphics/banim/assets/tsa/00645708_Tsa_08645708.tsa
graphics	tsa	1200	graphics/banim/assets/tsa/006457BC_Tsa_086457BC.tsa
graphics	tsa	1200	graphics/banim/assets/tsa/00645858_Tsa_08645858.tsa
graphics	tsa	1200	graphics/banim/assets/tsa/006458F4_Tsa_086458F4.tsa
graphics	tsa	1200	graphics/banim/assets/tsa/00645990_Tsa_08645990.tsa
graphics	tsa	1200	graphics/banim/assets/tsa/00645A2C_Tsa_08645A2C.tsa
graphics	tsa	1200	graphics/banim/assets/tsa/00645AC8_Tsa_08645AC8.tsa
graphics	tsa	1200	graphics/banim/assets/tsa/00645B64_Tsa_08645B64.tsa
graphics	tsa	1200	graphics/banim/assets/tsa/00645C00_Tsa_08645C00.tsa
graphics	tsa	1200	graphics/banim/assets/tsa/00645C9C_Tsa_08645C9C.tsa
graphics	tsa	1200	graphics/banim/assets/tsa/00645D38_Tsa_08645D38.tsa
graphics	tsa	1200	graphics/banim/assets/tsa/0064E7D0_Tsa_EclipseBg_A.tsa
graphics	tsa	1200	graphics/banim/assets/tsa/0064E974_Tsa_EclipseBg_B.tsa
graphics	tsa	1200	graphics/banim/assets/tsa/0064EA14_Tsa_EclipseBg_C.tsa
graphics	tsa	1200	graphics/banim/assets/tsa/0064EAB4_Tsa_EclipseBg_D.tsa
graphics	tsa	1200	graphics/banim/assets/tsa/0064EB68_Tsa_EclipseBg_E.tsa
graphics	tsa	1200	graphics/banim/assets/tsa/0064EC1C_Tsa_EclipseBg_F.tsa
graphics	tsa	1200	graphics/banim/assets/tsa/0064ECD0_Tsa_EclipseBg_G.tsa
graphics	tsa	1200	graphics/banim/assets/tsa/0064EDAC_Tsa_EclipseBg_H.tsa
graphics	tsa	1200	graphics/banim/assets/tsa/0064EE88_Tsa_EclipseBg_I.tsa
graphics	tsa	1200	graphics/banim/assets/tsa/0064EF9C_Tsa_EclipseBg_J.tsa
graphics	tsa	1200	graphics/banim/assets/tsa/0064F0B0_Tsa_EclipseBg_K.tsa
graphics	tsa	1200	graphics/banim/assets/tsa/0064F1C4_Tsa_EclipseBg_L.tsa
graphics	tsa	1200	graphics/banim/assets/tsa/0064F2D8_Tsa_EclipseBg_M.tsa
graphics	tsa	1200	graphics/banim/assets/tsa/0064F3EC_Tsa_EclipseBg_N.tsa
graphics	tsa	1200	graphics/banim/assets/tsa/0064F4F8_Tsa_EclipseBg_O.tsa
graphics	tsa	1200	graphics/banim/assets/tsa/0064F5D0_Tsa_EclipseBg_P.tsa
graphics	tsa	1200	graphics/banim/assets/tsa/0064F6E0_Tsa_EclipseBg_Q.tsa
graphics	tsa	1200	graphics/banim/assets/tsa/0064F848_Tsa_EclipseBg_R.tsa
graphics	tsa	1200	graphics/banim/assets/tsa/0064FA0C_Tsa_EclipseBg_S.tsa
graphics	tsa	1200	graphics/banim/assets/tsa/0064FBD0_Tsa_EclipseBg_T.tsa
graphics	tsa	1200	graphics/banim/assets/tsa/0064FD8C_Tsa_EclipseBg_U.tsa
graphics	tsa	1200	graphics/banim/assets/tsa/0064FF3C_Tsa_EclipseBg_V.tsa
graphics	tsa	1200	graphics/banim/assets/tsa/006500EC_Tsa_EclipseBg_W.tsa
graphics	tsa	1200	graphics/banim/assets/tsa/0065029C_Tsa_EclipseBg_X.tsa
graphics	tsa	1200	graphics/banim/assets/tsa/00650440_Tsa_EclipseBg_Y.tsa
graphics	tsa	1200	graphics/banim/assets/tsa/006505D8_Tsa_EclipseBg_Z.tsa
graphics	tsa	1200	graphics/banim/assets/tsa/00650768_Tsa_EclipseBg_AA.tsa
graphics	tsa	2048	graphics/banim/assets/tsa/00652734_Tsa_FenrirBg_Sigils.tsa
graphics	tsa	1200	graphics/banim/assets/tsa/00656934_Tsa_08656934.tsa
graphics	tsa	1200	graphics/banim/assets/tsa/006569F0_Tsa_086569F0.tsa
graphics	tsa	1200	graphics/banim/assets/tsa/00656AAC_Tsa_08656AAC.tsa
graphics	tsa	1200	graphics/banim/assets/tsa/00656B68_Tsa_08656B68.tsa
graphics	tsa	1200	graphics/banim/assets/tsa/00656C24_Tsa_08656C24.tsa
graphics	tsa	1200	graphics/banim/assets/tsa/00656CE0_Tsa_08656CE0.tsa
graphics	tsa	1200	graphics/banim/assets/tsa/00656D9C_Tsa_08656D9C.tsa
graphics	tsa	1200	graphics/banim/assets/tsa/00656EA0_Tsa_08656EA0.tsa
graphics	tsa	1200	graphics/banim/assets/tsa/00656FA4_Tsa_08656FA4.tsa
graphics	tsa	1200	graphics/banim/assets/tsa/006570A8_Tsa_086570A8.tsa
graphics	tsa	1200	graphics/banim/assets/tsa/006571AC_Tsa_086571AC.tsa
graphics	tsa	1200	graphics/banim/assets/tsa/006572B0_Tsa_086572B0.tsa
graphics	tsa	1200	graphics/banim/assets/tsa/006573B4_Tsa_086573B4.tsa
graphics	tsa	1200	graphics/banim/assets/tsa/006574F4_Tsa_086574F4.tsa
graphics	tsa	1200	graphics/banim/assets/tsa/00657638_Tsa_08657638.tsa
graphics	tsa	1200	graphics/banim/assets/tsa/0065777C_Tsa_0865777C.tsa
graphics	tsa	1200	graphics/banim/assets/tsa/006578C0_Tsa_086578C0.tsa
graphics	tsa	1200	graphics/banim/assets/tsa/00657A04_Tsa_08657A04.tsa
graphics	tsa	1200	graphics/banim/assets/tsa/00657B48_Tsa_08657B48.tsa
graphics	tsa	1200	graphics/banim/assets/tsa/00657CC8_Tsa_08657CC8.tsa
graphics	tsa	1200	graphics/banim/assets/tsa/00657E4C_Tsa_08657E4C.tsa
graphics	tsa	1200	graphics/banim/assets/tsa/00657FD0_Tsa_08657FD0.tsa
graphics	tsa	1200	graphics/banim/assets/tsa/00658130_Tsa_08658130.tsa
graphics	tsa	1200	graphics/banim/assets/tsa/00658290_Tsa_08658290.tsa
graphics	tsa	1200	graphics/banim/assets/tsa/006583F0_Tsa_086583F0.tsa
graphics	tsa	1200	graphics/banim/assets/tsa/00658594_Tsa_08658594.tsa
graphics	tsa	1200	graphics/banim/assets/tsa/00658738_Tsa_08658738.tsa
graphics	tsa	1200	graphics/banim/assets/tsa/006588DC_Tsa_086588DC.tsa
graphics	tsa	1200	graphics/banim/assets/tsa/00658A4C_Tsa_08658A4C.tsa
graphics	tsa	1200	graphics/banim/assets/tsa/00658BBC_Tsa_08658BBC.tsa
graphics	tsa	1200	graphics/banim/assets/tsa/00658D2C_Tsa_08658D2C.tsa
graphics	tsa	1200	graphics/banim/assets/tsa/00658ED0_Tsa_08658ED0.tsa
graphics	tsa	1200	graphics/banim/assets/tsa/00659074_Tsa_08659074.tsa
graphics	tsa	1200	graphics/banim/assets/tsa/00659218_Tsa_08659218.tsa
graphics	tsa	1200	graphics/banim/assets/tsa/0065938C_Tsa_0865938C.tsa
graphics	tsa	1200	graphics/banim/assets/tsa/00659500_Tsa_08659500.tsa
graphics	tsa	1200	graphics/banim/assets/tsa/00659674_Tsa_08659674.tsa
graphics	tsa	1200	graphics/banim/assets/tsa/00659824_Tsa_08659824.tsa
graphics	tsa	1200	graphics/banim/assets/tsa/006599D4_Tsa_086599D4.tsa
graphics	tsa	1200	graphics/banim/assets/tsa/00659B84_Tsa_08659B84.tsa
graphics	tsa	1200	graphics/banim/assets/tsa/00659CF8_Tsa_08659CF8.tsa
graphics	tsa	1200	graphics/banim/assets/tsa/00659E6C_Tsa_08659E6C.tsa
graphics	tsa	1200	graphics/banim/assets/tsa/00659FE0_Tsa_08659FE0.tsa
graphics	tsa	1200	graphics/banim/assets/tsa/0065A194_Tsa_0865A194.tsa
graphics	tsa	1200	graphics/banim/assets/tsa/0065A348_Tsa_0865A348.tsa
graphics	tsa	1200	graphics/banim/assets/tsa/0065A4FC_Tsa_0865A4FC.tsa
graphics	tsa	1200	graphics/banim/assets/tsa/0065A674_Tsa_0865A674.tsa
graphics	tsa	1200	graphics/banim/assets/tsa/0065A7EC_Tsa_0865A7EC.tsa
graphics	tsa	1200	graphics/banim/assets/tsa/0065A964_Tsa_0865A964.tsa
graphics	tsa	1200	graphics/banim/assets/tsa/0065ABBC_Tsa_0865ABBC.tsa
graphics	tsa	1200	graphics/banim/assets/tsa/0065ADC4_Tsa_0865ADC4.tsa
graphics	tsa	1200	graphics/banim/assets/tsa/00667DB0_Tsa_08667DB0.tsa
graphics	tsa	1200	graphics/banim/assets/tsa/00667ED4_Tsa_08667ED4.tsa
graphics	tsa	1200	graphics/banim/assets/tsa/00667FF4_Tsa_08667FF4.tsa
graphics	tsa	1200	graphics/banim/assets/tsa/00668100_Tsa_08668100.tsa
graphics	tsa	1200	graphics/banim/assets/tsa/006681FC_Tsa_086681FC.tsa
graphics	tsa	1200	graphics/banim/assets/tsa/006682E4_Tsa_086682E4.tsa
graphics	tsa	1200	graphics/banim/assets/tsa/006683CC_Tsa_086683CC.tsa
graphics	tsa	1200	graphics/banim/assets/tsa/006684AC_Tsa_086684AC.tsa
graphics	tsa	1200	graphics/banim/assets/tsa/00668588_Tsa_08668588.tsa
graphics	tsa	1200	graphics/banim/assets/tsa/00668668_Tsa_08668668.tsa
graphics	tsa	1200	graphics/banim/assets/tsa/0066875C_Tsa_0866875C.tsa
graphics	tsa	1200	graphics/banim/assets/tsa/00668850_Tsa_08668850.tsa
graphics	tsa	1200	graphics/banim/assets/tsa/00668954_Tsa_08668954.tsa
graphics	tsa	1200	graphics/banim/assets/tsa/00668A5C_Tsa_08668A5C.tsa
graphics	tsa	1200	graphics/banim/assets/tsa/00668B74_Tsa_08668B74.tsa
graphics	tsa	1200	graphics/banim/assets/tsa/00668C98_Tsa_08668C98.tsa
graphics	tsa	1200	graphics/banim/assets/tsa/00668DAC_Tsa_08668DAC.tsa
graphics	tsa	1200	graphics/banim/assets/tsa/00668ED0_Tsa_08668ED0.tsa
graphics	tsa	1200	graphics/banim/assets/tsa/00668FF4_Tsa_08668FF4.tsa
graphics	tsa	1200	graphics/banim/assets/tsa/00669104_Tsa_08669104.tsa
graphics	tsa	1200	graphics/banim/assets/tsa/00669204_Tsa_08669204.tsa
graphics	tsa	1200	graphics/banim/assets/tsa/006692EC_Tsa_086692EC.tsa
graphics	tsa	1200	graphics/banim/assets/tsa/006693CC_Tsa_086693CC.tsa
graphics	tsa	1200	graphics/banim/assets/tsa/006694A8_Tsa_086694A8.tsa
graphics	tsa	1200	graphics/banim/assets/tsa/00669584_Tsa_08669584.tsa
graphics	tsa	1200	graphics/banim/assets/tsa/00669668_Tsa_08669668.tsa
graphics	tsa	1200	graphics/banim/assets/tsa/0066975C_Tsa_0866975C.tsa
graphics	tsa	1200	graphics/banim/assets/tsa/0066984C_Tsa_0866984C.tsa
graphics	tsa	1200	graphics/banim/assets/tsa/00669950_Tsa_08669950.tsa
graphics	tsa	1200	graphics/banim/assets/tsa/00669A58_Tsa_08669A58.tsa
graphics	tsa	1200	graphics/banim/assets/tsa/00669B6C_Tsa_08669B6C.tsa
graphics	tsa	1200	graphics/banim/assets/tsa/00669C90_Tsa_08669C90.tsa
graphics	tsa	1200	graphics/banim/assets/tsa/00669DA4_Tsa_08669DA4.tsa
graphics	tsa	1200	graphics/banim/assets/tsa/00669EC8_Tsa_08669EC8.tsa
graphics	tsa	1200	graphics/banim/assets/tsa/00669FE8_Tsa_08669FE8.tsa
graphics	tsa	1200	graphics/banim/assets/tsa/0066A0F4_Tsa_0866A0F4.tsa
graphics	tsa	1200	graphics/banim/assets/tsa/0066A1F0_Tsa_0866A1F0.tsa
graphics	tsa	1200	graphics/banim/assets/tsa/0066A2D8_Tsa_0866A2D8.tsa
graphics	tsa	1200	graphics/banim/assets/tsa/0066A3C0_Tsa_0866A3C0.tsa
graphics	tsa	1200	graphics/banim/assets/tsa/0066A4A0_Tsa_0866A4A0.tsa
graphics	tsa	1200	graphics/banim/assets/tsa/0066A57C_Tsa_0866A57C.tsa
graphics	tsa	1200	graphics/banim/assets/tsa/0066A65C_Tsa_0866A65C.tsa
graphics	tsa	1200	graphics/banim/assets/tsa/0066A750_Tsa_0866A750.tsa
graphics	tsa	1200	graphics/banim/assets/tsa/0066A844_Tsa_0866A844.tsa
graphics	tsa	1200	graphics/banim/assets/tsa/0066A948_Tsa_0866A948.tsa
graphics	tsa	1200	graphics/banim/assets/tsa/0066AA50_Tsa_0866AA50.tsa
graphics	tsa	1200	graphics/banim/assets/tsa/0066AB68_Tsa_0866AB68.tsa
graphics	tsa	1200	graphics/banim/assets/tsa/0066AC8C_Tsa_0866AC8C.tsa
graphics	tsa	1200	graphics/banim/assets/tsa/0066AD9C_Tsa_0866AD9C.tsa
graphics	tsa	1200	graphics/banim/assets/tsa/0066AFB0_Tsa_0866AFB0.tsa
graphics	tsa	1200	graphics/banim/assets/tsa/0066B16C_Tsa_0866B16C.tsa
graphics	tsa	1200	graphics/banim/assets/tsa/0066B348_Tsa_0866B348.tsa
graphics	tsa	1200	graphics/banim/assets/tsa/0066B54C_Tsa_0866B54C.tsa
graphics	tsa	1200	graphics/banim/assets/tsa/0066B754_Tsa_0866B754.tsa
graphics	tsa	1200	graphics/banim/assets/tsa/0066B968_Tsa_0866B968.tsa
graphics	tsa	1200	graphics/banim/assets/tsa/0066BBC8_Tsa_0866BBC8.tsa
graphics	tsa	1200	graphics/banim/assets/tsa/0066BDFC_Tsa_0866BDFC.tsa
graphics	tsa	1200	graphics/banim/assets/tsa/0066C070_Tsa_0866C070.tsa
graphics	tsa	1200	graphics/banim/assets/tsa/0066C2B8_Tsa_0866C2B8.tsa
graphics	tsa	1200	graphics/banim/assets/tsa/0066C618_Tsa_0866C618.tsa
graphics	tsa	1200	graphics/banim/assets/tsa/0066C96C_Tsa_0866C96C.tsa
graphics	tsa	1200	graphics/banim/assets/tsa/0066CC7C_Tsa_0866CC7C.tsa
graphics	tsa	1200	graphics/banim/assets/tsa/0066CF60_Tsa_0866CF60.tsa
graphics	tsa	1200	graphics/banim/assets/tsa/0066D230_Tsa_0866D230.tsa
graphics	tsa	1200	graphics/banim/assets/tsa/0066D4C8_Tsa_0866D4C8.tsa
graphics	tsa	1200	graphics/banim/assets/tsa/0066D760_Tsa_0866D760.tsa
graphics	tsa	1200	graphics/banim/assets/tsa/0066D98C_Tsa_0866D98C.tsa
graphics	tsa	1200	graphics/banim/assets/tsa/0066DC40_Tsa_0866DC40.tsa
graphics	tsa	1200	graphics/banim/assets/tsa/0066DF00_Tsa_0866DF00.tsa
graphics	tsa	1200	graphics/banim/assets/tsa/0066E230_Tsa_0866E230.tsa
graphics	tsa	1200	graphics/banim/assets/tsa/0066E580_Tsa_0866E580.tsa
graphics	tsa	1200	graphics/banim/assets/tsa/0066E8F8_Tsa_0866E8F8.tsa
graphics	tsa	1200	graphics/banim/assets/tsa/0066EC80_Tsa_0866EC80.tsa
graphics	tsa	2400	graphics/banim/assets/tsa/0066F774_Tsa_HealSpellBg.tsa
graphics	tsa	2400	graphics/banim/assets/tsa/00670D40_Tsa_EfxLiveBG_B_L.tsa
graphics	tsa	2400	graphics/banim/assets/tsa/006716A0_Tsa_EfxLiveBG_B_R.tsa
graphics	tsa	1200	graphics/banim/assets/tsa/00677E80_Tsa_08677E80.tsa
graphics	tsa	1200	graphics/banim/assets/tsa/00677F8C_Tsa_08677F8C.tsa
graphics	tsa	1200	graphics/banim/assets/tsa/0067808C_Tsa_0867808C.tsa
graphics	tsa	1200	graphics/banim/assets/tsa/00678198_Tsa_08678198.tsa
graphics	tsa	1200	graphics/banim/assets/tsa/006782A4_Tsa_086782A4.tsa
graphics	tsa	2048	graphics/banim/assets/tsa/00678D20_Tsa_StatusEffectBgBase.tsa
graphics	tsa	2048	graphics/banim/assets/tsa/00679304_Tsa_08679304.tsa
graphics	tsa	1200	graphics/banim/assets/tsa/0067B5C4_Tsa_0867B5C4.tsa
graphics	tsa	1200	graphics/banim/assets/tsa/0067B670_Tsa_0867B670.tsa
graphics	tsa	1200	graphics/banim/assets/tsa/0067B724_Tsa_0867B724.tsa
graphics	tsa	1200	graphics/banim/assets/tsa/0067B7E4_Tsa_0867B7E4.tsa
graphics	tsa	1200	graphics/banim/assets/tsa/0067B8AC_Tsa_0867B8AC.tsa
graphics	tsa	1200	graphics/banim/assets/tsa/0067B988_Tsa_0867B988.tsa
graphics	tsa	1200	graphics/banim/assets/tsa/0067BA68_Tsa_0867BA68.tsa
graphics	tsa	1200	graphics/banim/assets/tsa/0067BB50_Tsa_0867BB50.tsa
graphics	tsa	1200	graphics/banim/assets/tsa/0067BC40_Tsa_0867BC40.tsa
graphics	tsa	1200	graphics/banim/assets/tsa/0067BD40_Tsa_0867BD40.tsa
graphics	tsa	1200	graphics/banim/assets/tsa/0067BE4C_Tsa_0867BE4C.tsa
graphics	tsa	1200	graphics/banim/assets/tsa/0067BF6C_Tsa_0867BF6C.tsa
graphics	tsa	1200	graphics/banim/assets/tsa/0067C09C_Tsa_0867C09C.tsa
graphics	tsa	1200	graphics/banim/assets/tsa/0067F97C_Tsa_0867F97C.tsa
graphics	tsa	1200	graphics/banim/assets/tsa/0067FA78_Tsa_0867FA78.tsa
graphics	tsa	1200	graphics/banim/assets/tsa/0067FB60_Tsa_0867FB60.tsa
graphics	tsa	1200	graphics/banim/assets/tsa/0067FC48_Tsa_0867FC48.tsa
graphics	tsa	1200	graphics/banim/assets/tsa/0067FD30_Tsa_0867FD30.tsa
graphics	tsa	1200	graphics/banim/assets/tsa/0067FE2C_Tsa_0867FE2C.tsa
graphics	tsa	1200	graphics/banim/assets/tsa/0067FF14_Tsa_0867FF14.tsa
graphics	tsa	1200	graphics/banim/assets/tsa/0067FFAC_Tsa_0867FFAC.tsa
graphics	tsa	1200	graphics/banim/assets/tsa/00680094_Tsa_08680094.tsa
graphics	tsa	1200	graphics/banim/assets/tsa/0068012C_Tsa_0868012C.tsa
graphics	tsa	1200	graphics/banim/assets/tsa/00680214_Tsa_08680214.tsa
graphics	tsa	1200	graphics/banim/assets/tsa/00680310_Tsa_08680310.tsa
graphics	tsa	1200	graphics/banim/assets/tsa/006803A8_Tsa_086803A8.tsa
graphics	tsa	1200	graphics/banim/assets/tsa/00680490_Tsa_08680490.tsa
graphics	tsa	1200	graphics/banim/assets/tsa/00680528_Tsa_08680528.tsa
graphics	tsa	1200	graphics/banim/assets/tsa/00680624_Tsa_08680624.tsa
graphics	tsa	1200	graphics/banim/assets/tsa/006806BC_Tsa_086806BC.tsa
graphics	tsa	1200	graphics/banim/assets/tsa/006807CC_Tsa_086807CC.tsa
graphics	tsa	1200	graphics/banim/assets/tsa/006810D8_Tsa_086810D8.tsa
graphics	tsa	1200	graphics/banim/assets/tsa/00681184_Tsa_08681184.tsa
graphics	tsa	1200	graphics/banim/assets/tsa/00681234_Tsa_08681234.tsa
graphics	tsa	1200	graphics/banim/assets/tsa/006812F4_Tsa_086812F4.tsa
graphics	tsa	1200	graphics/banim/assets/tsa/006813BC_Tsa_086813BC.tsa
graphics	tsa	1200	graphics/banim/assets/tsa/00681494_Tsa_08681494.tsa
graphics	tsa	1200	graphics/banim/assets/tsa/00681570_Tsa_08681570.tsa
graphics	tsa	1200	graphics/banim/assets/tsa/00681658_Tsa_08681658.tsa
graphics	tsa	1200	graphics/banim/assets/tsa/00681748_Tsa_08681748.tsa
graphics	tsa	1200	graphics/banim/assets/tsa/00681848_Tsa_08681848.tsa
graphics	tsa	1200	graphics/banim/assets/tsa/00681954_Tsa_08681954.tsa
graphics	tsa	1200	graphics/banim/assets/tsa/00681A74_Tsa_08681A74.tsa
graphics	tsa	1200	graphics/banim/assets/tsa/00681BA4_Tsa_08681BA4.tsa
graphics	tsa	2080	graphics/banim/assets/tsa/00684AB8_Tsa_08684AB8.tsa
graphics	tsa	1200	graphics/banim/assets/tsa/006861C4_Tsa_086861C4.tsa
graphics	tsa	1200	graphics/banim/assets/tsa/006862A0_Tsa_086862A0.tsa
graphics	tsa	1200	graphics/banim/assets/tsa/0068637C_Tsa_0868637C.tsa
graphics	tsa	1200	graphics/banim/assets/tsa/00686458_Tsa_08686458.tsa
graphics	tsa	1200	graphics/banim/assets/tsa/00686534_Tsa_08686534.tsa
graphics	tsa	1200	graphics/banim/assets/tsa/00686610_Tsa_08686610.tsa
graphics	tsa	1200	graphics/banim/assets/tsa/006866EC_Tsa_086866EC.tsa
graphics	tsa	1200	graphics/banim/assets/tsa/006867C8_Tsa_086867C8.tsa
graphics	tsa	1200	graphics/banim/assets/tsa/006868A4_Tsa_086868A4.tsa
graphics	tsa	1200	graphics/banim/assets/tsa/00686980_Tsa_08686980.tsa
graphics	tsa	1200	graphics/banim/assets/tsa/00686A5C_Tsa_08686A5C.tsa
graphics	tsa	1200	graphics/banim/assets/tsa/00686B38_Tsa_08686B38.tsa
graphics	tsa	1200	graphics/banim/assets/tsa/00686C14_Tsa_08686C14.tsa
graphics	tsa	1200	graphics/banim/assets/tsa/00686CF0_Tsa_08686CF0.tsa
graphics	tsa	1200	graphics/banim/assets/tsa/00686DCC_Tsa_08686DCC.tsa
graphics	tsa	1200	graphics/banim/assets/tsa/00686EA8_Tsa_08686EA8.tsa
graphics	tsa	1200	graphics/banim/assets/tsa/0068DF9C_Tsa_0868DF9C.tsa
graphics	tsa	1200	graphics/banim/assets/tsa/0068E054_Tsa_0868E054.tsa
graphics	tsa	1200	graphics/banim/assets/tsa/0068E118_Tsa_0868E118.tsa
graphics	tsa	1200	graphics/banim/assets/tsa/0068E208_Tsa_0868E208.tsa
graphics	tsa	1200	graphics/banim/assets/tsa/0068E338_Tsa_0868E338.tsa
graphics	tsa	1200	graphics/banim/assets/tsa/006945E4_Tsa_086945E4.tsa
graphics	tsa	1200	graphics/banim/assets/tsa/006946A0_Tsa_086946A0.tsa
graphics	tsa	1200	graphics/banim/assets/tsa/006947C4_Tsa_086947C4.tsa
graphics	tsa	1200	graphics/banim/assets/tsa/0069495C_Tsa_0869495C.tsa
graphics	tsa	1200	graphics/banim/assets/tsa/00694B58_Tsa_08694B58.tsa
graphics	tsa	1200	graphics/banim/assets/tsa/00694DD0_Tsa_08694DD0.tsa
graphics	tsa	1200	graphics/banim/assets/tsa/00695048_Tsa_08695048.tsa
graphics	tsa	1200	graphics/banim/assets/tsa/006952C0_Tsa_086952C0.tsa
graphics	tsa	1200	graphics/banim/assets/tsa/00695530_Tsa_08695530.tsa
graphics	tsa	1200	graphics/banim/assets/tsa/00695744_Tsa_08695744.tsa
graphics	tsa	1200	graphics/banim/assets/tsa/006958F0_Tsa_086958F0.tsa
graphics	tsa	1200	graphics/banim/assets/tsa/00695A34_Tsa_08695A34.tsa
graphics	tsa	1200	graphics/banim/assets/tsa/00696860_Tsa_08696860.tsa
graphics	tsa	1200	graphics/banim/assets/tsa/006968F8_Tsa_086968F8.tsa
graphics	tsa	1200	graphics/banim/assets/tsa/00696A8C_Tsa_08696A8C.tsa
graphics	tsa	1200	graphics/banim/assets/tsa/00696C28_Tsa_08696C28.tsa
graphics	tsa	1200	graphics/banim/assets/tsa/00696DC4_Tsa_08696DC4.tsa
graphics	tsa	1200	graphics/banim/assets/tsa/0069E970_Tsa_0869E970.tsa
graphics	tsa	1200	graphics/banim/assets/tsa/0069EBB4_Tsa_0869EBB4.tsa
graphics	tsa	1200	graphics/banim/assets/tsa/0069EE2C_Tsa_0869EE2C.tsa
graphics	tsa	1200	graphics/banim/assets/tsa/0069F090_Tsa_0869F090.tsa
graphics	tsa	1200	graphics/banim/assets/tsa/0069F304_Tsa_0869F304.tsa
graphics	tsa	1200	graphics/banim/assets/tsa/0069F5C0_Tsa_0869F5C0.tsa
graphics	tsa	1200	graphics/banim/assets/tsa/0069F888_Tsa_0869F888.tsa
graphics	tsa	1200	graphics/banim/assets/tsa/0069FB4C_Tsa_0869FB4C.tsa
graphics	tsa	1200	graphics/banim/assets/tsa/0069FDFC_Tsa_0869FDFC.tsa
graphics	tsa	1200	graphics/banim/assets/tsa/006A00B0_Tsa_086A00B0.tsa
graphics	tsa	1200	graphics/banim/assets/tsa/006A0388_Tsa_086A0388.tsa
graphics	tsa	1920	graphics/banim/assets/tsa/006A1D00_Tsa_086A1D00.tsa
graphics	tsa	1200	graphics/banim/assets/tsa/006A66F8_Tsa_086A66F8.tsa
graphics	tsa	1200	graphics/banim/assets/tsa/006A68A0_Tsa_086A68A0.tsa
graphics	tsa	1200	graphics/banim/assets/tsa/006A6A14_Tsa_086A6A14.tsa
graphics	tsa	1200	graphics/banim/assets/tsa/006A6B88_Tsa_086A6B88.tsa
graphics	tsa	1200	graphics/banim/assets/tsa/006A6CD0_Tsa_086A6CD0.tsa
graphics	tsa	1200	graphics/banim/assets/tsa/006A6DDC_Tsa_086A6DDC.tsa
graphics	tsa	1200	graphics/banim/assets/tsa/006A6EBC_Tsa_086A6EBC.tsa
graphics	tsa	1200	graphics/banim/assets/tsa/006A6F94_Tsa_086A6F94.tsa
graphics	tsa	1200	graphics/banim/assets/tsa/006A7058_Tsa_086A7058.tsa
graphics	tsa	1200	graphics/banim/assets/tsa/006A7114_Tsa_086A7114.tsa
graphics	tsa	1200	graphics/banim/assets/tsa/006A71B8_Tsa_086A71B8.tsa
graphics	tsa	1280	graphics/banim/assets/tsa/006B2A78_Tsa_086B2A78.tsa
graphics	tsa	1280	graphics/banim/assets/tsa/006B2B30_Tsa_086B2B30.tsa
graphics	tsa	1280	graphics/banim/assets/tsa/006B2BF4_Tsa_086B2BF4.tsa
graphics	tsa	1280	graphics/banim/assets/tsa/006B2CCC_Tsa_086B2CCC.tsa
graphics	tsa	1280	graphics/banim/assets/tsa/006B2DB8_Tsa_086B2DB8.tsa
graphics	tsa	1280	graphics/banim/assets/tsa/006B2EBC_Tsa_086B2EBC.tsa
graphics	tsa	1280	graphics/banim/assets/tsa/006B2FD8_Tsa_086B2FD8.tsa
graphics	tsa	1280	graphics/banim/assets/tsa/006B3114_Tsa_086B3114.tsa
graphics	tsa	1280	graphics/banim/assets/tsa/006B326C_Tsa_086B326C.tsa
graphics	tsa	1280	graphics/banim/assets/tsa/006B33E0_Tsa_086B33E0.tsa
graphics	tsa	1280	graphics/banim/assets/tsa/006B3578_Tsa_086B3578.tsa
graphics	tsa	1280	graphics/banim/assets/tsa/006B3734_Tsa_086B3734.tsa
graphics	tsa	1280	graphics/banim/assets/tsa/006B38FC_Tsa_086B38FC.tsa
graphics	tsa	1280	graphics/banim/assets/tsa/006B3AEC_Tsa_086B3AEC.tsa
graphics	tsa	1280	graphics/banim/assets/tsa/006B3CE8_Tsa_086B3CE8.tsa
graphics	tsa	1280	graphics/banim/assets/tsa/006B3F00_Tsa_086B3F00.tsa
graphics	tsa	1280	graphics/banim/assets/tsa/006B52EC_Tsa_GleipnirBg_Fog.tsa
graphics	tsa	1200	graphics/banim/assets/tsa/006B5ECC_Tsa_086B5ECC.tsa
graphics	tsa	1200	graphics/banim/assets/tsa/006B5F78_Tsa_086B5F78.tsa
graphics	tsa	1200	graphics/banim/assets/tsa/006B603C_Tsa_086B603C.tsa
graphics	tsa	1200	graphics/banim/assets/tsa/006B6100_Tsa_086B6100.tsa
graphics	tsa	1200	graphics/banim/assets/tsa/006B61C4_Tsa_086B61C4.tsa
graphics	tsa	1200	graphics/banim/assets/tsa/006B6288_Tsa_086B6288.tsa
graphics	tsa	1200	graphics/banim/assets/tsa/006B634C_Tsa_086B634C.tsa
graphics	tsa	1200	graphics/banim/assets/tsa/006B6410_Tsa_086B6410.tsa
graphics	tsa	1200	graphics/banim/assets/tsa/006BC884_Tsa_086BC884.tsa
graphics	tsa	1200	graphics/banim/assets/tsa/006BCAF8_Tsa_086BCAF8.tsa
graphics	tsa	1200	graphics/banim/assets/tsa/006BCD70_Tsa_086BCD70.tsa
graphics	tsa	1200	graphics/banim/assets/tsa/006BCFE8_Tsa_086BCFE8.tsa
graphics	tsa	1200	graphics/banim/assets/tsa/006C796C_Tsa_086C796C.tsa
graphics	tsa	1200	graphics/banim/assets/tsa/006C7A2C_Tsa_086C7A2C.tsa
graphics	tsa	1200	graphics/banim/assets/tsa/006C7AF8_Tsa_086C7AF8.tsa
graphics	tsa	1200	graphics/banim/assets/tsa/006C7BD0_Tsa_086C7BD0.tsa
graphics	tsa	1200	graphics/banim/assets/tsa/006C7CBC_Tsa_086C7CBC.tsa
graphics	tsa	1200	graphics/banim/assets/tsa/006C7DC0_Tsa_086C7DC0.tsa
graphics	tsa	1200	graphics/banim/assets/tsa/006C7ED4_Tsa_086C7ED4.tsa
graphics	tsa	1200	graphics/banim/assets/tsa/006C7FFC_Tsa_086C7FFC.tsa
graphics	tsa	1200	graphics/banim/assets/tsa/006C8138_Tsa_086C8138.tsa
graphics	tsa	1200	graphics/banim/assets/tsa/006C828C_Tsa_086C828C.tsa
graphics	tsa	1200	graphics/banim/assets/tsa/006C8404_Tsa_086C8404.tsa
graphics	tsa	1200	graphics/banim/assets/tsa/006C8570_Tsa_086C8570.tsa
graphics	tsa	1200	graphics/banim/assets/tsa/006C86E4_Tsa_086C86E4.tsa
graphics	tsa	1200	graphics/banim/assets/tsa/006C8860_Tsa_086C8860.tsa
graphics	tsa	1200	graphics/banim/assets/tsa/006C89EC_Tsa_086C89EC.tsa
graphics	tsa	1200	graphics/banim/assets/tsa/006C8B30_Tsa_086C8B30.tsa
graphics	tsa	1200	graphics/banim/assets/tsa/006C8C84_Tsa_086C8C84.tsa
graphics	tsa	1200	graphics/banim/assets/tsa/006C8DE8_Tsa_086C8DE8.tsa
graphics	tsa	1200	graphics/banim/assets/tsa/006C8F4C_Tsa_086C8F4C.tsa
graphics	tsa	1200	graphics/banim/assets/tsa/006D36D4_Tsa_086D36D4.tsa
graphics	tsa	1200	graphics/banim/assets/tsa/006D37B4_Tsa_086D37B4.tsa
graphics	tsa	1200	graphics/banim/assets/tsa/006D3890_Tsa_086D3890.tsa
graphics	tsa	1200	graphics/banim/assets/tsa/006D3978_Tsa_086D3978.tsa
graphics	tsa	1200	graphics/banim/assets/tsa/006D3A7C_Tsa_086D3A7C.tsa
graphics	tsa	1200	graphics/banim/assets/tsa/006D3B78_Tsa_086D3B78.tsa
graphics	tsa	1200	graphics/banim/assets/tsa/006D3C84_Tsa_086D3C84.tsa
graphics	tsa	1200	graphics/banim/assets/tsa/006D3D8C_Tsa_086D3D8C.tsa
graphics	tsa	1200	graphics/banim/assets/tsa/006D3E94_Tsa_086D3E94.tsa
graphics	tsa	1200	graphics/banim/assets/tsa/006D3FBC_Tsa_086D3FBC.tsa
graphics	tsa	1200	graphics/banim/assets/tsa/006D40CC_Tsa_086D40CC.tsa
graphics	tsa	1200	graphics/banim/assets/tsa/006D41F4_Tsa_086D41F4.tsa
graphics	tsa	1200	graphics/banim/assets/tsa/006D4318_Tsa_086D4318.tsa
graphics	tsa	1200	graphics/banim/assets/tsa/006D4428_Tsa_086D4428.tsa
graphics	tsa	1200	graphics/banim/assets/tsa/006D454C_Tsa_086D454C.tsa
graphics	tsa	1200	graphics/banim/assets/tsa/006D466C_Tsa_086D466C.tsa
graphics	tsa	1200	graphics/banim/assets/tsa/006D4788_Tsa_086D4788.tsa
graphics	tsa	1200	graphics/banim/assets/tsa/006D489C_Tsa_086D489C.tsa
graphics	tsa	1200	graphics/banim/assets/tsa/006D49D0_Tsa_086D49D0.tsa
graphics	tsa	1200	graphics/banim/assets/tsa/006D4ADC_Tsa_086D4ADC.tsa
graphics	tsa	1200	graphics/banim/assets/tsa/006D8B54_Tsa_086D8B54.tsa
graphics	tsa	1200	graphics/banim/assets/tsa/006D8C64_Tsa_086D8C64.tsa
graphics	tsa	1200	graphics/banim/assets/tsa/006D8DEC_Tsa_086D8DEC.tsa
graphics	tsa	1200	graphics/banim/assets/tsa/006D8FA4_Tsa_086D8FA4.tsa
graphics	tsa	1200	graphics/banim/assets/tsa/006D9170_Tsa_086D9170.tsa
graphics	tsa	1200	graphics/banim/assets/tsa/006D9354_Tsa_086D9354.tsa
graphics	tsa	1200	graphics/banim/assets/tsa/006D953C_Tsa_086D953C.tsa
graphics	tsa	1200	graphics/banim/assets/tsa/006D96F0_Tsa_086D96F0.tsa
graphics	tsa	1200	graphics/banim/assets/tsa/006D98A8_Tsa_086D98A8.tsa
graphics	tsa	1200	graphics/banim/assets/tsa/006D9A74_Tsa_086D9A74.tsa
graphics	tsa	1200	graphics/banim/assets/tsa/006E64E0_Tsa_086E64E0.tsa
graphics	tsa	1200	graphics/banim/assets/tsa/006E65EC_Tsa_086E65EC.tsa
graphics	tsa	1200	graphics/banim/assets/tsa/006E671C_Tsa_086E671C.tsa
graphics	tsa	1200	graphics/banim/assets/tsa/006E6860_Tsa_086E6860.tsa
graphics	tsa	1200	graphics/banim/assets/tsa/006E69C8_Tsa_086E69C8.tsa
graphics	tsa	1200	graphics/banim/assets/tsa/006E6B38_Tsa_086E6B38.tsa
graphics	tsa	1200	graphics/banim/assets/tsa/006E6CC4_Tsa_086E6CC4.tsa
graphics	tsa	1200	graphics/banim/assets/tsa/006E6E60_Tsa_086E6E60.tsa
graphics	tsa	1200	graphics/banim/assets/tsa/006E700C_Tsa_086E700C.tsa
graphics	tsa	1200	graphics/banim/assets/tsa/006E71BC_Tsa_086E71BC.tsa
graphics	tsa	1200	graphics/banim/assets/tsa/006E7380_Tsa_086E7380.tsa
graphics	tsa	1200	graphics/banim/assets/tsa/006E7550_Tsa_086E7550.tsa
graphics	tsa	1200	graphics/banim/assets/tsa/006E7730_Tsa_086E7730.tsa
graphics	tsa	1200	graphics/banim/assets/tsa/006E7914_Tsa_086E7914.tsa
graphics	tsa	1200	graphics/banim/assets/tsa/006E7AFC_Tsa_086E7AFC.tsa
graphics	tsa	1200	graphics/banim/assets/tsa/006E7CD8_Tsa_086E7CD8.tsa
graphics	tsa	1200	graphics/banim/assets/tsa/006E91D8_Tsa_086E91D8.tsa
graphics	tsa	1200	graphics/banim/assets/tsa/006E927C_Tsa_086E927C.tsa
graphics	tsa	1200	graphics/banim/assets/tsa/006E9358_Tsa_086E9358.tsa
graphics	tsa	1200	graphics/banim/assets/tsa/006E9474_Tsa_086E9474.tsa
graphics	tsa	1200	graphics/banim/assets/tsa/006E95D4_Tsa_086E95D4.tsa
graphics	tsa	1200	graphics/banim/assets/tsa/006E9758_Tsa_086E9758.tsa
graphics	tsa	1200	graphics/banim/assets/tsa/006E98E4_Tsa_086E98E4.tsa
graphics	tsa	1200	graphics/banim/assets/tsa/006E9A64_Tsa_086E9A64.tsa
graphics	tsa	1200	graphics/banim/assets/tsa/006E9BD4_Tsa_086E9BD4.tsa
graphics	tsa	1200	graphics/banim/assets/tsa/006F0344_Tsa_086F0344.tsa
graphics	tsa	1200	graphics/banim/assets/tsa/006F03EC_Tsa_086F03EC.tsa
graphics	tsa	1200	graphics/banim/assets/tsa/006F04B8_Tsa_086F04B8.tsa
graphics	tsa	1200	graphics/banim/assets/tsa/006F05A0_Tsa_086F05A0.tsa
graphics	tsa	1200	graphics/banim/assets/tsa/006F069C_Tsa_086F069C.tsa
graphics	tsa	1200	graphics/banim/assets/tsa/006F079C_Tsa_086F079C.tsa
graphics	tsa	1200	graphics/banim/assets/tsa/006F08B8_Tsa_086F08B8.tsa
graphics	tsa	1200	graphics/banim/assets/tsa/006F09E0_Tsa_086F09E0.tsa
graphics	tsa	1200	graphics/banim/assets/tsa/006F0B2C_Tsa_086F0B2C.tsa
graphics	tsa	1200	graphics/banim/assets/tsa/006F0C88_Tsa_086F0C88.tsa
graphics	tsa	1200	graphics/banim/assets/tsa/006F0DF8_Tsa_086F0DF8.tsa
graphics	tsa	1280	graphics/banim/assets/tsa/006F4A98_Tsa_086F4A98.tsa
graphics	tsa	1280	graphics/banim/assets/tsa/006F4CCC_Tsa_086F4CCC.tsa
graphics	tsa	1280	graphics/banim/assets/tsa/006F4ED8_Tsa_086F4ED8.tsa
graphics	tsa	1200	graphics/banim/assets/tsa/006FDA64_Tsa_086FDA64.tsa
graphics	tsa	1200	graphics/banim/assets/tsa/006FDB08_Tsa_086FDB08.tsa
graphics	tsa	1200	graphics/banim/assets/tsa/006FDCE0_Tsa_086FDCE0.tsa
graphics	tsa	1200	graphics/banim/assets/tsa/006FDEC4_Tsa_086FDEC4.tsa
graphics	tsa	1200	graphics/banim/assets/tsa/006FE0D4_Tsa_086FE0D4.tsa
graphics	tsa	1200	graphics/banim/assets/tsa/006FE320_Tsa_086FE320.tsa
graphics	tsa	1200	graphics/banim/assets/tsa/006FE4E0_Tsa_086FE4E0.tsa
graphics	tsa	1200	graphics/banim/assets/tsa/006FE680_Tsa_086FE680.tsa
graphics	tsa	1200	graphics/banim/assets/tsa/006FE81C_Tsa_086FE81C.tsa
graphics	tsa	1280	graphics/banim/assets/tsa/007013C0_Tsa_NaglfarBg1_A.tsa
graphics	tsa	1200	graphics/banim/assets/tsa/00710FB8_Tsa_08710FB8.tsa
graphics	tsa	1200	graphics/banim/assets/tsa/007111E0_Tsa_087111E0.tsa
graphics	tsa	1200	graphics/banim/assets/tsa/00711438_Tsa_08711438.tsa
graphics	tsa	1200	graphics/banim/assets/tsa/007116A4_Tsa_087116A4.tsa
graphics	tsa	1200	graphics/banim/assets/tsa/007118FC_Tsa_087118FC.tsa
graphics	tsa	1200	graphics/banim/assets/tsa/00711B6C_Tsa_08711B6C.tsa
graphics	tsa	1200	graphics/banim/assets/tsa/00711DD8_Tsa_08711DD8.tsa
graphics	tsa	1200	graphics/banim/assets/tsa/0071203C_Tsa_0871203C.tsa
graphics	tsa	1200	graphics/banim/assets/tsa/007122A4_Tsa_087122A4.tsa
graphics	tsa	1200	graphics/banim/assets/tsa/0071250C_Tsa_0871250C.tsa
graphics	tsa	1200	graphics/banim/assets/tsa/0071276C_Tsa_0871276C.tsa
graphics	tsa	1200	graphics/banim/assets/tsa/007129C0_Tsa_087129C0.tsa
graphics	tsa	1200	graphics/banim/assets/tsa/00712C14_Tsa_08712C14.tsa
graphics	tsa	1200	graphics/banim/assets/tsa/00712E6C_Tsa_08712E6C.tsa
graphics	tsa	1200	graphics/banim/assets/tsa/007130B4_Tsa_087130B4.tsa
graphics	tsa	1200	graphics/banim/assets/tsa/00713310_Tsa_08713310.tsa
graphics	tsa	1200	graphics/banim/assets/tsa/00719804_Tsa_08719804.tsa
graphics	tsa	1200	graphics/banim/assets/tsa/00719CA4_Tsa_08719CA4.tsa
graphics	tsa	1200	graphics/banim/assets/tsa/0071A134_Tsa_0871A134.tsa
graphics	tsa	1200	graphics/banim/assets/tsa/0071A5D0_Tsa_0871A5D0.tsa
graphics	tsa	1200	graphics/banim/assets/tsa/00720DA4_Tsa_08720DA4.tsa
graphics	tsa	1200	graphics/banim/assets/tsa/0072101C_Tsa_0872101C.tsa
graphics	tsa	1200	graphics/banim/assets/tsa/00721294_Tsa_08721294.tsa
graphics	tsa	1200	graphics/banim/assets/tsa/0072150C_Tsa_0872150C.tsa
graphics	tsa	1200	graphics/banim/assets/tsa/00721784_Tsa_08721784.tsa
graphics	tsa	1280	graphics/banim/assets/tsa/00724444_Tsa_08724444.tsa
graphics	tsa	1200	graphics/banim/assets/tsa/00725AF0_Tsa_FireBreathBg.tsa
graphics	tsa	1200	graphics/banim/assets/tsa/007270B4_Tsa_ShineBg1_Left.tsa
graphics	tsa	1200	graphics/banim/assets/tsa/00727510_Tsa_ShineBg1_Right.tsa
graphics	tsa	1200	graphics/banim/assets/tsa/00727C68_Tsa_ShineBg2_A.tsa
graphics	tsa	1200	graphics/banim/assets/tsa/00727D18_Tsa_ShineBg2_B.tsa
graphics	tsa	1200	graphics/banim/assets/tsa/00727E20_Tsa_ShineBg2_C.tsa
graphics	tsa	1200	graphics/banim/assets/tsa/00727F5C_Tsa_ShineBg2_D.tsa
graphics	tsa	1200	graphics/banim/assets/tsa/007280D0_Tsa_ShineBg2_E.tsa
graphics	tsa	1200	graphics/banim/assets/tsa/00728268_Tsa_ShineBg2_F.tsa
graphics	tsa	1200	graphics/banim/assets/tsa/007283DC_Tsa_ShineBg2_G.tsa
graphics	tsa	1200	graphics/banim/assets/tsa/007284E8_Tsa_ShineBg2_H.tsa
graphics	tsa	1200	graphics/banim/assets/tsa/007285BC_Tsa_ShineBg2_I.tsa
graphics	tsa	1200	graphics/banim/assets/tsa/0072974C_Tsa_LunaBg1_A.tsa
graphics	tsa	1920	graphics/banim/assets/tsa/0072A1BC_Tsa_LunaBg2.tsa
graphics	tsa	1200	graphics/banim/assets/tsa/0072CE80_Tsa_LunaBg3_A.tsa
graphics	tsa	1200	graphics/banim/assets/tsa/0072CF34_Tsa_LunaBg3_B.tsa
graphics	tsa	1200	graphics/banim/assets/tsa/0072CFF0_Tsa_LunaBg3_C.tsa
graphics	tsa	1200	graphics/banim/assets/tsa/0072D0CC_Tsa_LunaBg3_D.tsa
graphics	tsa	1200	graphics/banim/assets/tsa/0072D1B4_Tsa_LunaBg3_E.tsa
graphics	tsa	1200	graphics/banim/assets/tsa/0072D2D8_Tsa_LunaBg3_F.tsa
graphics	tsa	1200	graphics/banim/assets/tsa/0072D3F8_Tsa_LunaBg3_G.tsa
graphics	tsa	1200	graphics/banim/assets/tsa/0072D504_Tsa_LunaBg3_H.tsa
graphics	tsa	1200	graphics/banim/assets/tsa/0072D610_Tsa_LunaBg3_I.tsa
graphics	tsa	1200	graphics/banim/assets/tsa/0072D70C_Tsa_LunaBg3_J.tsa
graphics	tsa	1200	graphics/banim/assets/tsa/0072D80C_Tsa_LunaBg3_K.tsa
graphics	tsa	1200	graphics/banim/assets/tsa/0072D908_Tsa_LunaBg3_L.tsa
graphics	tsa	2048	graphics/banim/assets/tsa/0072E7EC_Tsa_ExcaliburBg1.tsa
graphics	tsa	1200	graphics/banim/assets/tsa/0072FA84_Tsa_ExcaliburBg2_Left.tsa
graphics	tsa	1200	graphics/banim/assets/tsa/0072FEB8_Tsa_ExcaliburBg2_Right.tsa
graphics	tsa	1200	graphics/banim/assets/tsa/00732368_Tsa_GespenstBg4.tsa
graphics	tsa	1200	graphics/banim/assets/tsa/0073315C_Tsa_0873315C.tsa
graphics	tsa	1200	graphics/banim/assets/tsa/007331FC_Tsa_087331FC.tsa
graphics	tsa	1200	graphics/banim/assets/tsa/007332A4_Tsa_087332A4.tsa
graphics	tsa	1200	graphics/banim/assets/tsa/0073334C_Tsa_0873334C.tsa
graphics	tsa	1200	graphics/banim/assets/tsa/007333F8_Tsa_087333F8.tsa
graphics	tsa	1200	graphics/banim/assets/tsa/007334B0_Tsa_087334B0.tsa
graphics	tsa	1200	graphics/banim/assets/tsa/00733568_Tsa_08733568.tsa
graphics	tsa	1200	graphics/banim/assets/tsa/00733618_Tsa_08733618.tsa
graphics	tsa	1200	graphics/banim/assets/tsa/007336C4_Tsa_087336C4.tsa
graphics	tsa	1200	graphics/banim/assets/tsa/0073376C_Tsa_0873376C.tsa
graphics	tsa	1200	graphics/banim/assets/tsa/0073380C_Tsa_0873380C.tsa
graphics	tsa	1200	graphics/banim/assets/tsa/007338A8_Tsa_087338A8.tsa
graphics	tsa	1200	graphics/banim/assets/tsa/00733940_Tsa_08733940.tsa
graphics	tsa	1200	graphics/banim/assets/tsa/00733A58_Tsa_08733A58.tsa
graphics	tsa	1200	graphics/banim/assets/tsa/00733B94_Tsa_08733B94.tsa
graphics	tsa	1200	graphics/banim/assets/tsa/00733CE4_Tsa_08733CE4.tsa
graphics	tsa	1200	graphics/banim/assets/tsa/00733E20_Tsa_08733E20.tsa
graphics	tsa	1200	graphics/banim/assets/tsa/00733F24_Tsa_08733F24.tsa
graphics	tsa	1200	graphics/banim/assets/tsa/00733FC8_Tsa_08733FC8.tsa
graphics	tsa	1200	graphics/banim/assets/tsa/00734064_Tsa_08734064.tsa
graphics	tsa	1200	graphics/banim/assets/tsa/00734100_Tsa_08734100.tsa
graphics	tsa	1200	graphics/banim/assets/tsa/0073419C_Tsa_0873419C.tsa
graphics	tsa	1200	graphics/banim/assets/tsa/00734238_Tsa_08734238.tsa
graphics	tsa	1200	graphics/banim/assets/tsa/007342D4_Tsa_087342D4.tsa
graphics	tsa	1200	graphics/banim/assets/tsa/00734390_Tsa_08734390.tsa
graphics	tsa	1200	graphics/banim/assets/tsa/00734480_Tsa_08734480.tsa
graphics	tsa	1200	graphics/banim/assets/tsa/00734584_Tsa_08734584.tsa
graphics	tsa	1200	graphics/banim/assets/tsa/00734688_Tsa_08734688.tsa
graphics	tsa	1200	graphics/banim/assets/tsa/0074396C_Tsa_0874396C.tsa
graphics	tsa	1200	graphics/banim/assets/tsa/00743BE4_Tsa_08743BE4.tsa
graphics	tsa	1200	graphics/banim/assets/tsa/00743E5C_Tsa_08743E5C.tsa
graphics	tsa	1200	graphics/banim/assets/tsa/007440D4_Tsa_087440D4.tsa
graphics	tsa	1200	graphics/banim/assets/tsa/0074434C_Tsa_0874434C.tsa
graphics	tsa	1200	graphics/banim/assets/tsa/007445BC_Tsa_087445BC.tsa
graphics	tsa	1200	graphics/banim/assets/tsa/00744818_Tsa_08744818.tsa
graphics	tsa	1200	graphics/banim/assets/tsa/00744A90_Tsa_08744A90.tsa
graphics	tsa	1200	graphics/banim/assets/tsa/00744D08_Tsa_08744D08.tsa
graphics	tsa	1200	graphics/banim/assets/tsa/00744F80_Tsa_08744F80.tsa
graphics	tsa	1200	graphics/banim/assets/tsa/007451F8_Tsa_087451F8.tsa
graphics	tsa	1200	graphics/banim/assets/tsa/00745470_Tsa_08745470.tsa
graphics	tsa	1200	graphics/banim/assets/tsa/007457A8_Tsa1_EfxChillEffectBG.tsa
graphics	tsa	1200	graphics/banim/assets/tsa/00745B74_Tsa2_EfxChillEffectBG.tsa
graphics	tsa	1200	graphics/banim/assets/tsa/00745FD0_Tsa3_EfxChillEffectBG.tsa
graphics	tsa	1200	graphics/banim/assets/tsa/00750288_Tsa_08750288.tsa
graphics	tsa	1200	graphics/banim/assets/tsa/007503E4_Tsa_087503E4.tsa
graphics	tsa	1200	graphics/banim/assets/tsa/007505C4_Tsa_087505C4.tsa
graphics	tsa	1200	graphics/banim/assets/tsa/00750810_Tsa_08750810.tsa
graphics	tsa	1200	graphics/banim/assets/tsa/00750A38_Tsa_08750A38.tsa
graphics	tsa	1200	graphics/banim/assets/tsa/00750C88_Tsa_08750C88.tsa
graphics	tsa	1200	graphics/banim/assets/tsa/00750EFC_Tsa_08750EFC.tsa
graphics	tsa	1200	graphics/banim/assets/tsa/00751128_Tsa_08751128.tsa
graphics	tsa	1200	graphics/banim/assets/tsa/0075136C_Tsa_0875136C.tsa
graphics	tsa	1200	graphics/banim/assets/tsa/007515C4_Tsa_087515C4.tsa
graphics	tsa	1200	graphics/banim/assets/tsa/00754910_Tsa_08754910.tsa
graphics	tsa	1200	graphics/banim/assets/tsa/007549B8_Tsa_087549B8.tsa
graphics	tsa	1200	graphics/banim/assets/tsa/00754A64_Tsa_08754A64.tsa
graphics	tsa	1200	graphics/banim/assets/tsa/00754B14_Tsa_08754B14.tsa
graphics	tsa	1200	graphics/banim/assets/tsa/00754BD8_Tsa_08754BD8.tsa
graphics	tsa	1200	graphics/banim/assets/tsa/00754CA4_Tsa_08754CA4.tsa
graphics	tsa	1200	graphics/banim/assets/tsa/00754D7C_Tsa_08754D7C.tsa
graphics	tsa	1200	graphics/banim/assets/tsa/00754E5C_Tsa_08754E5C.tsa
graphics	tsa	1200	graphics/banim/assets/tsa/00754F3C_Tsa_08754F3C.tsa
graphics	tsa	1200	graphics/banim/assets/tsa/00755028_Tsa_08755028.tsa
graphics	tsa	1200	graphics/banim/assets/tsa/0075511C_Tsa_0875511C.tsa
graphics	tsa	1200	graphics/banim/assets/tsa/00755218_Tsa_08755218.tsa
graphics	tsa	1200	graphics/banim/assets/tsa/00755310_Tsa_08755310.tsa
graphics	tsa	1200	graphics/banim/assets/tsa/00755410_Tsa_08755410.tsa
graphics	tsa	1200	graphics/banim/assets/tsa/00755510_Tsa_08755510.tsa
graphics	tsa	1200	graphics/banim/assets/tsa/00755610_Tsa_08755610.tsa
graphics	tsa	1200	graphics/banim/assets/tsa/00755714_Tsa_08755714.tsa
graphics	tsa	1200	graphics/banim/assets/tsa/00755804_Tsa_08755804.tsa
graphics	tsa	1200	graphics/banim/assets/tsa/007558EC_Tsa_087558EC.tsa
graphics	tsa	1200	graphics/banim/assets/tsa/007559D0_Tsa_087559D0.tsa
graphics	tsa	1200	graphics/banim/assets/tsa/00755AB8_Tsa_08755AB8.tsa
graphics	tsa	1200	graphics/banim/assets/tsa/00755B94_Tsa_08755B94.tsa
graphics	tsa	1200	graphics/banim/assets/tsa/00755C64_Tsa_08755C64.tsa
graphics	tsa	1200	graphics/banim/assets/tsa/00755D20_Tsa_08755D20.tsa
graphics	tsa	1200	graphics/banim/assets/tsa/00755DE0_Tsa_08755DE0.tsa
graphics	tsa	1200	graphics/banim/assets/tsa/00755E94_Tsa_08755E94.tsa
graphics	tsa	1200	graphics/banim/assets/tsa/00755F3C_Tsa_08755F3C.tsa
graphics	agbpal	128	graphics/banim/banim_arcf_ar1.agbpal
graphics	agbpal	128	graphics/banim/banim_arcf_ar1_2.agbpal
graphics	png	2353	graphics/banim/banim_arcf_ar1_sheet_0.png
graphics	png	2077	graphics/banim/banim_arcf_ar1_sheet_1.png
graphics	png	811	graphics/banim/banim_arcf_ar1_sheet_2.png
graphics	agbpal	128	graphics/banim/banim_arcm_ar1.agbpal
graphics	agbpal	128	graphics/banim/banim_arcm_ar1_2.agbpal
graphics	png	2499	graphics/banim/banim_arcm_ar1_sheet_0.png
graphics	png	2129	graphics/banim/banim_arcm_ar1_sheet_1.png
graphics	png	826	graphics/banim/banim_arcm_ar1_sheet_2.png
graphics	agbpal	128	graphics/banim/banim_armm_sp1.agbpal
graphics	agbpal	128	graphics/banim/banim_armm_sp1_2.agbpal
graphics	agbpal	128	graphics/banim/banim_armm_sp1_3.agbpal
graphics	agbpal	128	graphics/banim/banim_armm_sp1_4.agbpal
graphics	png	4029	graphics/banim/banim_armm_sp1_sheet_0.png
graphics	png	3606	graphics/banim/banim_armm_sp1_sheet_1.png
graphics	png	3004	graphics/banim/banim_armm_sp1_sheet_2.png
graphics	agbpal	128	graphics/banim/banim_asnm_sw1.agbpal
graphics	agbpal	128	graphics/banim/banim_asnm_sw1_2.agbpal
graphics	agbpal	128	graphics/banim/banim_asnm_sw1_3.agbpal
graphics	agbpal	128	graphics/banim/banim_asnm_sw1_4.agbpal
graphics	png	3636	graphics/banim/banim_asnm_sw1_sheet_0.png
graphics	png	3052	graphics/banim/banim_asnm_sw1_sheet_1.png
graphics	png	3317	graphics/banim/banim_asnm_sw1_sheet_2.png
graphics	png	3360	graphics/banim/banim_asnm_sw1_sheet_3.png
graphics	agbpal	128	graphics/banim/banim_bae_at1.agbpal
graphics	agbpal	128	graphics/banim/banim_bae_at1_2.agbpal
graphics	png	3165	graphics/banim/banim_bae_at1_sheet_0.png
graphics	png	3097	graphics/banim/banim_bae_at1_sheet_1.png
graphics	png	3201	graphics/banim/banim_bae_at1_sheet_2.png
graphics	png	2351	graphics/banim/banim_bae_at1_sheet_3.png
graphics	png	3244	graphics/banim/banim_bae_at1_sheet_4.png
graphics	png	2632	graphics/banim/banim_bae_at1_sheet_5.png
graphics	png	3248	graphics/banim/banim_bae_at1_sheet_6.png
graphics	png	1175	graphics/banim/banim_bae_at1_sheet_7.png
graphics	agbpal	128	graphics/banim/banim_banm_ax1.agbpal
graphics	agbpal	128	graphics/banim/banim_banm_ax1_2.agbpal
graphics	png	1560	graphics/banim/banim_banm_ax1_2_sheet_0.png
graphics	agbpal	128	graphics/banim/banim_banm_ax1_3.agbpal
graphics	png	3816	graphics/banim/banim_banm_ax1_sheet_0.png
graphics	png	3863	graphics/banim/banim_banm_ax1_sheet_1.png
graphics	agbpal	128	graphics/banim/banim_bgl_mg1.agbpal
graphics	agbpal	128	graphics/banim/banim_bgl_mg1_2.agbpal
graphics	png	3086	graphics/banim/banim_bgl_mg1_sheet_0.png
graphics	png	1781	graphics/banim/banim_bgl_mg1_sheet_1.png
graphics	png	2601	graphics/banim/banim_bgl_mg1_sheet_2.png
graphics	png	2532	graphics/banim/banim_bgl_mg1_sheet_3.png
graphics	agbpal	128	graphics/banim/banim_bisf_mg1.agbpal
graphics	agbpal	128	graphics/banim/banim_bisf_mg1_2.agbpal
graphics	png	3595	graphics/banim/banim_bisf_mg1_sheet_0.png
graphics	png	2206	graphics/banim/banim_bisf_mg1_sheet_1.png
graphics	agbpal	128	graphics/banim/banim_bism_mg1.agbpal
graphics	agbpal	128	graphics/banim/banim_bism_mg1_2.agbpal
graphics	png	3588	graphics/banim/banim_bism_mg1_sheet_0.png
graphics	png	3862	graphics/banim/banim_bism_mg1_sheet_1.png
graphics	png	1826	graphics/banim/banim_bism_mg1_sheet_2.png
graphics	agbpal	128	graphics/banim/banim_bos_at1.agbpal
graphics	agbpal	128	graphics/banim/banim_bos_at1_2.agbpal
graphics	png	3836	graphics/banim/banim_bos_at1_sheet_0.png
graphics	png	3555	graphics/banim/banim_bos_at1_sheet_1.png
graphics	png	3818	graphics/banim/banim_bos_at1_sheet_2.png
graphics	png	3752	graphics/banim/banim_bos_at1_sheet_3.png
graphics	png	3757	graphics/banim/banim_bos_at1_sheet_4.png
graphics	png	3521	graphics/banim/banim_bos_at1_sheet_5.png
graphics	png	3746	graphics/banim/banim_bos_at1_sheet_6.png
graphics	png	3656	graphics/banim/banim_bos_at1_sheet_7.png
graphics	png	3759	graphics/banim/banim_bos_at1_sheet_8.png
graphics	png	3840	graphics/banim/banim_bos_at1_sheet_9.png
graphics	agbpal	128	graphics/banim/banim_bram_sw1.agbpal
graphics	agbpal	128	graphics/banim/banim_bram_sw1_2.agbpal
graphics	agbpal	128	graphics/banim/banim_bram_sw1_3.agbpal
graphics	png	1852	graphics/banim/banim_bram_sw1_3_sheet_0.png
graphics	agbpal	128	graphics/banim/banim_bram_sw1_4.agbpal
graphics	png	3512	graphics/banim/banim_bram_sw1_sheet_0.png
graphics	png	3682	graphics/banim/banim_bram_sw1_sheet_1.png
graphics	png	3115	graphics/banim/banim_bram_sw1_sheet_2.png
graphics	png	3921	graphics/banim/banim_bram_sw1_sheet_3.png
graphics	agbpal	128	graphics/banim/banim_brsm_ax1.agbpal
graphics	agbpal	128	graphics/banim/banim_brsm_ax1_2.agbpal
graphics	png	2172	graphics/banim/banim_brsm_ax1_2_sheet_0.png
graphics	agbpal	128	graphics/banim/banim_brsm_ax1_3.agbpal
graphics	png	3811	graphics/banim/banim_brsm_ax1_sheet_0.png
graphics	png	3663	graphics/banim/banim_brsm_ax1_sheet_1.png
graphics	agbpal	128	graphics/banim/banim_cer_at1.agbpal
graphics	png	3247	graphics/banim/banim_cer_at1_sheet_0.png
graphics	png	3154	graphics/banim/banim_cer_at1_sheet_1.png
graphics	png	3068	graphics/banim/banim_cer_at1_sheet_2.png
graphics	png	2820	graphics/banim/banim_cer_at1_sheet_3.png
graphics	png	2233	graphics/banim/banim_cer_at1_sheet_4.png
graphics	png	1841	graphics/banim/banim_cer_at1_sheet_5.png
graphics	png	2073	graphics/banim/banim_cer_at1_sheet_6.png
graphics	png	147	graphics/banim/banim_cer_at1_sheet_blank.png
graphics	agbpal	128	graphics/banim/banim_cyc_ax1.agbpal
graphics	agbpal	128	graphics/banim/banim_cyc_ax1_2.agbpal
graphics	png	3272	graphics/banim/banim_cyc_ax1_2_sheet_0.png
graphics	png	2854	graphics/banim/banim_cyc_ax1_2_sheet_1.png
graphics	png	1866	graphics/banim/banim_cyc_ax1_2_sheet_2.png
graphics	png	2164	graphics/banim/banim_cyc_ax1_2_sheet_3.png
graphics	agbpal	128	graphics/banim/banim_cyc_ax1_3.agbpal
graphics	png	3050	graphics/banim/banim_cyc_ax1_sheet_0.png
graphics	png	3246	graphics/banim/banim_cyc_ax1_sheet_1.png
graphics	png	3242	graphics/banim/banim_cyc_ax1_sheet_2.png
graphics	png	2201	graphics/banim/banim_cyc_ax1_sheet_3.png
graphics	png	2757	graphics/banim/banim_cyc_ax1_sheet_4.png
graphics	png	2674	graphics/banim/banim_cyc_ax1_sheet_5.png
graphics	png	2978	graphics/banim/banim_cyc_ax1_sheet_6.png
graphics	png	1852	graphics/banim/banim_cyc_ax1_sheet_7.png
graphics	agbpal	128	graphics/banim/banim_danf_da1.agbpal
graphics	png	3442	graphics/banim/banim_danf_da1_sheet_0.png
graphics	png	2678	graphics/banim/banim_danf_da1_sheet_1.png
graphics	png	2798	graphics/banim/banim_danf_da1_sheet_2.png
graphics	png	1992	graphics/banim/banim_danf_da1_sheet_3.png
graphics	png	2976	graphics/banim/banim_danf_da1_sheet_4.png
graphics	png	856	graphics/banim/banim_danf_da1_sheet_5.png
graphics	agbpal	128	graphics/banim/banim_drkm_sp1.agbpal
graphics	agbpal	128	graphics/banim/banim_drkm_sp1_2.agbpal
graphics	agbpal	128	graphics/banim/banim_drkm_sp1_3.agbpal
graphics	agbpal	128	graphics/banim/banim_drkm_sp1_4.agbpal
graphics	png	3845	graphics/banim/banim_drkm_sp1_sheet_0.png
graphics	png	3523	graphics/banim/banim_drkm_sp1_sheet_1.png
graphics	png	3539	graphics/banim/banim_drkm_sp1_sheet_2.png
graphics	png	4096	graphics/banim/banim_drkm_sp1_sheet_3.png
graphics	png	3458	graphics/banim/banim_drkm_sp1_sheet_4.png
graphics	png	1038	graphics/banim/banim_drkm_sp1_sheet_5.png
graphics	agbpal	128	graphics/banim/banim_drmm_sp1.agbpal
graphics	agbpal	128	graphics/banim/banim_drmm_sp1_2.agbpal
graphics	agbpal	128	graphics/banim/banim_drmm_sp1_3.agbpal
graphics	png	2599	graphics/banim/banim_drmm_sp1_3_sheet_0.png
graphics	agbpal	128	graphics/banim/banim_drmm_sp1_4.agbpal
graphics	agbpal	128	graphics/banim/banim_drmm_sp1_5.agbpal
graphics	agbpal	128	graphics/banim/banim_drmm_sp1_6.agbpal
graphics	png	3545	graphics/banim/banim_drmm_sp1_sheet_0.png
graphics	png	3835	graphics/banim/banim_drmm_sp1_sheet_1.png
graphics	png	2582	graphics/banim/banim_drmm_sp1_sheet_2.png
graphics	png	4085	graphics/banim/banim_drmm_sp1_sheet_3.png
graphics	png	3528	graphics/banim/banim_drmm_sp1_sheet_4.png
graphics	png	3176	graphics/banim/banim_drmm_sp1_sheet_5.png
graphics	png	3803	graphics/banim/banim_drmm_sp1_sheet_6.png
graphics	png	3926	graphics/banim/banim_drmm_sp1_sheet_7.png
graphics	png	3265	graphics/banim/banim_drmm_sp1_sheet_8.png
graphics	png	1828	graphics/banim/banim_drmm_sp1_sheet_9.png
graphics	agbpal	128	graphics/banim/banim_druf_mg1.agbpal
graphics	agbpal	128	graphics/banim/banim_druf_mg1_2.agbpal
graphics	png	2046	graphics/banim/banim_druf_mg1_sheet_0.png
graphics	png	2368	graphics/banim/banim_druf_mg1_sheet_1.png
graphics	png	1986	graphics/banim/banim_druf_mg1_sheet_2.png
graphics	png	1614	graphics/banim/banim_druf_mg1_sheet_3.png
graphics	agbpal	128	graphics/banim/banim_drum_mg1.agbpal
graphics	agbpal	128	graphics/banim/banim_drum_mg1_2.agbpal
graphics	png	2359	graphics/banim/banim_drum_mg1_sheet_0.png
graphics	png	2715	graphics/banim/banim_drum_mg1_sheet_1.png
graphics	png	2124	graphics/banim/banim_drum_mg1_sheet_2.png
graphics	png	1892	graphics/banim/banim_drum_mg1_sheet_3.png
graphics	agbpal	128	graphics/banim/banim_drz_mg1.agbpal
graphics	png	2029	graphics/banim/banim_drz_mg1_sheet_0.png
graphics	agbpal	128	graphics/banim/banim_fakf_sp1.agbpal
graphics	agbpal	128	graphics/banim/banim_fakf_sp1_2.agbpal
graphics	agbpal	128	graphics/banim/banim_fakf_sp1_3.agbpal
graphics	png	3643	graphics/banim/banim_fakf_sp1_sheet_0.png
graphics	png	4009	graphics/banim/banim_fakf_sp1_sheet_1.png
graphics	png	3306	graphics/banim/banim_fakf_sp1_sheet_2.png
graphics	png	4084	graphics/banim/banim_fakf_sp1_sheet_3.png
graphics	png	3507	graphics/banim/banim_fakf_sp1_sheet_4.png
graphics	png	3430	graphics/banim/banim_fakf_sp1_sheet_5.png
graphics	png	3988	graphics/banim/banim_fakf_sp1_sheet_6.png
graphics	png	3714	graphics/banim/banim_fakf_sp1_sheet_7.png
graphics	agbpal	128	graphics/banim/banim_fifd_he1.agbpal
graphics	png	1913	graphics/banim/banim_fifd_he1_sheet_0.png
graphics	png	1786	graphics/banim/banim_fifd_he1_sheet_1.png
graphics	png	3546	graphics/banim/banim_fifd_he1_sheet_2.png
graphics	png	2547	graphics/banim/banim_fifd_he1_sheet_3.png
graphics	agbpal	128	graphics/banim/banim_fifd_hk1.agbpal
graphics	png	3499	graphics/banim/banim_fifd_hk1_sheet_0.png
graphics	png	2789	graphics/banim/banim_fifd_hk1_sheet_1.png
graphics	png	1753	graphics/banim/banim_fifd_hk1_sheet_2.png
graphics	png	1292	graphics/banim/banim_fifd_hk1_sheet_3.png
graphics	agbpal	128	graphics/banim/banim_fifd_mg1.agbpal
graphics	agbpal	128	graphics/banim/banim_fifd_mg1_2.agbpal
graphics	png	3810	graphics/banim/banim_fifd_mg1_sheet_0.png
graphics	png	3829	graphics/banim/banim_fifd_mg1_sheet_1.png
graphics	png	3535	graphics/banim/banim_fifd_mg1_sheet_2.png
graphics	png	3411	graphics/banim/banim_fifd_mg1_sheet_3.png
graphics	png	3734	graphics/banim/banim_fifd_mg1_sheet_4.png
graphics	png	2278	graphics/banim/banim_fifd_mg1_sheet_5.png
graphics	png	2279	graphics/banim/banim_fifd_mg1_sheet_6.png
graphics	png	2166	graphics/banim/banim_fifd_mg1_sheet_7.png
graphics	agbpal	128	graphics/banim/banim_figm_ax1.agbpal
graphics	agbpal	128	graphics/banim/banim_figm_ax1_2.agbpal
graphics	agbpal	128	graphics/banim/banim_figm_ax1_3.agbpal
graphics	png	3787	graphics/banim/banim_figm_ax1_sheet_0.png
graphics	png	3380	graphics/banim/banim_figm_ax1_sheet_1.png
graphics	png	3510	graphics/banim/banim_figm_ax1_sheet_2.png
graphics	png	3589	graphics/banim/banim_figm_ax1_sheet_3.png
graphics	agbpal	128	graphics/banim/banim_forf_ar1.agbpal
graphics	png	3660	graphics/banim/banim_forf_ar1_sheet_0.png
graphics	png	3194	graphics/banim/banim_forf_ar1_sheet_1.png
graphics	png	3735	graphics/banim/banim_forf_ar1_sheet_2.png
graphics	agbpal	128	graphics/banim/banim_forf_sw1.agbpal
graphics	agbpal	128	graphics/banim/banim_forf_sw1_2.agbpal
graphics	png	2329	graphics/banim/banim_forf_sw1_sheet_0.png
graphics	png	2974	graphics/banim/banim_forf_sw1_sheet_1.png
graphics	png	2409	graphics/banim/banim_forf_sw1_sheet_2.png
graphics	png	1734	graphics/banim/banim_forf_sw1_sheet_3.png
graphics	agbpal	128	graphics/banim/banim_form_ar1.agbpal
graphics	png	3650	graphics/banim/banim_form_ar1_sheet_0.png
graphics	png	3180	graphics/banim/banim_form_ar1_sheet_1.png
graphics	png	3722	graphics/banim/banim_form_ar1_sheet_2.png
graphics	agbpal	128	graphics/banim/banim_form_sw1.agbpal
graphics	agbpal	128	graphics/banim/banim_form_sw1_2.agbpal
graphics	png	2323	graphics/banim/banim_form_sw1_sheet_0.png
graphics	png	2970	graphics/banim/banim_form_sw1_sheet_1.png
graphics	png	2406	graphics/banim/banim_form_sw1_sheet_2.png
graphics	png	1732	graphics/banim/banim_form_sw1_sheet_3.png
graphics	agbpal	128	graphics/banim/banim_gar_sp1.agbpal
graphics	agbpal	128	graphics/banim/banim_gar_sp1_2.agbpal
graphics	png	2735	graphics/banim/banim_gar_sp1_2_sheet_0.png
graphics	agbpal	128	graphics/banim/banim_gar_sp1_3.agbpal
graphics	agbpal	128	graphics/banim/banim_gar_sp1_4.agbpal
graphics	png	2629	graphics/banim/banim_gar_sp1_sheet_0.png
graphics	png	2718	graphics/banim/banim_gar_sp1_sheet_1.png
graphics	png	2411	graphics/banim/banim_gar_sp1_sheet_10.png
graphics	png	2437	graphics/banim/banim_gar_sp1_sheet_2.png
graphics	png	2917	graphics/banim/banim_gar_sp1_sheet_3.png
graphics	png	2786	graphics/banim/banim_gar_sp1_sheet_4.png
graphics	png	3270	graphics/banim/banim_gar_sp1_sheet_5.png
graphics	png	2568	graphics/banim/banim_gar_sp1_sheet_6.png
graphics	png	2686	graphics/banim/banim_gar_sp1_sheet_7.png
graphics	png	2825	graphics/banim/banim_gar_sp1_sheet_8.png
graphics	png	3105	graphics/banim/banim_gar_sp1_sheet_9.png
graphics	agbpal	128	graphics/banim/banim_genm_al1.agbpal
graphics	agbpal	128	graphics/banim/banim_genm_al1_2.agbpal
graphics	agbpal	128	graphics/banim/banim_genm_al1_3.agbpal
graphics	agbpal	128	graphics/banim/banim_genm_al1_4.agbpal
graphics	agbpal	128	graphics/banim/banim_genm_al1_5.agbpal
graphics	agbpal	128	graphics/banim/banim_genm_al1_6.agbpal
graphics	agbpal	128	graphics/banim/banim_genm_al1_7.agbpal
graphics	agbpal	128	graphics/banim/banim_genm_al1_8.agbpal
graphics	png	2629	graphics/banim/banim_genm_al1_sheet_0.png
graphics	png	2451	graphics/banim/banim_genm_al1_sheet_1.png
graphics	png	2920	graphics/banim/banim_genm_al1_sheet_2.png
graphics	png	3069	graphics/banim/banim_genm_al1_sheet_3.png
graphics	png	2619	graphics/banim/banim_genm_al1_sheet_4.png
graphics	png	2556	graphics/banim/banim_genm_al1_sheet_5.png
graphics	png	1574	graphics/banim/banim_genm_al1_sheet_6.png
graphics	png	3013	graphics/banim/banim_genm_al1_sheet_7.png
graphics	png	2920	graphics/banim/banim_genm_al1_sheet_8.png
graphics	png	147	graphics/banim/banim_genm_al1_sheet_blank.png
graphics	png	147	graphics/banim/banim_genm_al1_sheet_blank_2.png
graphics	agbpal	128	graphics/banim/banim_genm_sw1.agbpal
graphics	agbpal	128	graphics/banim/banim_genm_sw1_2.agbpal
graphics	png	3485	graphics/banim/banim_genm_sw1_sheet_0.png
graphics	png	3045	graphics/banim/banim_genm_sw1_sheet_1.png
graphics	png	3794	graphics/banim/banim_genm_sw1_sheet_2.png
graphics	png	2807	graphics/banim/banim_genm_sw1_sheet_3.png
graphics	agbpal	128	graphics/banim/banim_gog_mg1.agbpal
graphics	png	2557	graphics/banim/banim_gog_mg1_sheet_0.png
graphics	png	2553	graphics/banim/banim_gog_mg1_sheet_1.png
graphics	png	1839	graphics/banim/banim_gog_mg1_sheet_2.png
graphics	png	2301	graphics/banim/banim_gog_mg1_sheet_3.png
graphics	png	1850	graphics/banim/banim_gog_mg1_sheet_4.png
graphics	png	2706	graphics/banim/banim_gog_mg1_sheet_5.png
graphics	png	1080	graphics/banim/banim_gog_mg1_sheet_6.png
graphics	png	1483	graphics/banim/banim_gog_mg1_sheet_7.png
graphics	agbpal	128	graphics/banim/banim_grkm_ax1.agbpal
graphics	agbpal	128	graphics/banim/banim_grkm_ax1_2.agbpal
graphics	png	2839	graphics/banim/banim_grkm_ax1_2_sheet_0.png
graphics	png	2169	graphics/banim/banim_grkm_ax1_2_sheet_1.png
graphics	png	1993	graphics/banim/banim_grkm_ax1_2_sheet_2.png
graphics	agbpal	128	graphics/banim/banim_grkm_ax1_3.agbpal
graphics	agbpal	128	graphics/banim/banim_grkm_ax1_4.agbpal
graphics	png	2767	graphics/banim/banim_grkm_ax1_sheet_0.png
graphics	png	3511	graphics/banim/banim_grkm_ax1_sheet_1.png
graphics	png	2016	graphics/banim/banim_grkm_ax1_sheet_10.png
graphics	png	3009	graphics/banim/banim_grkm_ax1_sheet_2.png
graphics	png	2829	graphics/banim/banim_grkm_ax1_sheet_3.png
graphics	png	3101	graphics/banim/banim_grkm_ax1_sheet_4.png
graphics	png	3111	graphics/banim/banim_grkm_ax1_sheet_5.png
graphics	png	3006	graphics/banim/banim_grkm_ax1_sheet_6.png
graphics	png	2662	graphics/banim/banim_grkm_ax1_sheet_7.png
graphics	png	2906	graphics/banim/banim_grkm_ax1_sheet_8.png
graphics	png	3449	graphics/banim/banim_grkm_ax1_sheet_9.png
graphics	agbpal	128	graphics/banim/banim_grkm_sp1.agbpal
graphics	agbpal	128	graphics/banim/banim_grkm_sp1_2.agbpal
graphics	png	1836	graphics/banim/banim_grkm_sp1_sheet_0.png
graphics	png	3344	graphics/banim/banim_grkm_sp1_sheet_1.png
graphics	png	2547	graphics/banim/banim_grkm_sp1_sheet_10.png
graphics	png	2203	graphics/banim/banim_grkm_sp1_sheet_11.png
graphics	png	1563	graphics/banim/banim_grkm_sp1_sheet_12.png
graphics	png	1974	graphics/banim/banim_grkm_sp1_sheet_13.png
graphics	png	1985	graphics/banim/banim_grkm_sp1_sheet_14.png
graphics	png	3040	graphics/banim/banim_grkm_sp1_sheet_2.png
graphics	png	2865	graphics/banim/banim_grkm_sp1_sheet_3.png
graphics	png	3341	graphics/banim/banim_grkm_sp1_sheet_4.png
graphics	png	3048	graphics/banim/banim_grkm_sp1_sheet_5.png
graphics	png	2872	graphics/banim/banim_grkm_sp1_sheet_6.png
graphics	png	3117	graphics/banim/banim_grkm_sp1_sheet_7.png
graphics	png	2832	graphics/banim/banim_grkm_sp1_sheet_8.png
graphics	png	3350	graphics/banim/banim_grkm_sp1_sheet_9.png
graphics	agbpal	128	graphics/banim/banim_grkm_sw1.agbpal
graphics	agbpal	128	graphics/banim/banim_grkm_sw1_2.agbpal
graphics	agbpal	128	graphics/banim/banim_grkm_sw1_3.agbpal
graphics	agbpal	128	graphics/banim/banim_grkm_sw1_4.agbpal
graphics	png	2617	graphics/banim/banim_grkm_sw1_sheet_0.png
graphics	png	3296	graphics/banim/banim_grkm_sw1_sheet_1.png
graphics	png	1115	graphics/banim/banim_grkm_sw1_sheet_10.png
graphics	png	2368	graphics/banim/banim_grkm_sw1_sheet_11.png
graphics	png	2839	graphics/banim/banim_grkm_sw1_sheet_2.png
graphics	png	2631	graphics/banim/banim_grkm_sw1_sheet_3.png
graphics	png	3036	graphics/banim/banim_grkm_sw1_sheet_4.png
graphics	png	2937	graphics/banim/banim_grkm_sw1_sheet_5.png
graphics	png	2880	graphics/banim/banim_grkm_sw1_sheet_6.png
graphics	png	2539	graphics/banim/banim_grkm_sw1_sheet_7.png
graphics	png	2746	graphics/banim/banim_grkm_sw1_sheet_8.png
graphics	png	3314	graphics/banim/banim_grkm_sw1_sheet_9.png
graphics	agbpal	128	graphics/banim/banim_lomf_sw1.agbpal
graphics	agbpal	128	graphics/banim/banim_lomf_sw1_2.agbpal
graphics	png	3591	graphics/banim/banim_lomf_sw1_sheet_0.png
graphics	png	2432	graphics/banim/banim_lomf_sw1_sheet_1.png
graphics	png	3289	graphics/banim/banim_lomf_sw1_sheet_2.png
graphics	png	3777	graphics/banim/banim_lomf_sw1_sheet_3.png
graphics	png	3503	graphics/banim/banim_lomf_sw1_sheet_4.png
graphics	png	1876	graphics/banim/banim_lomf_sw1_sheet_5.png
graphics	png	1926	graphics/banim/banim_lomf_sw1_sheet_6.png
graphics	agbpal	128	graphics/banim/banim_lomm_sp1.agbpal
graphics	agbpal	128	graphics/banim/banim_lomm_sp1_2.agbpal
graphics	png	3127	graphics/banim/banim_lomm_sp1_sheet_0.png
graphics	png	3624	graphics/banim/banim_lomm_sp1_sheet_1.png
graphics	png	2490	graphics/banim/banim_lomm_sp1_sheet_2.png
graphics	png	2983	graphics/banim/banim_lomm_sp1_sheet_3.png
graphics	png	4034	graphics/banim/banim_lomm_sp1_sheet_4.png
graphics	png	2508	graphics/banim/banim_lomm_sp1_sheet_5.png
graphics	png	1928	graphics/banim/banim_lomm_sp1_sheet_6.png
graphics	png	2540	graphics/banim/banim_lomm_sp1_sheet_7.png
graphics	agbpal	128	graphics/banim/banim_lorf_sw1.agbpal
graphics	agbpal	128	graphics/banim/banim_lorf_sw1_2.agbpal
graphics	agbpal	128	graphics/banim/banim_lorf_sw1_3.agbpal
graphics	agbpal	128	graphics/banim/banim_lorf_sw1_4.agbpal
graphics	png	2693	graphics/banim/banim_lorf_sw1_sheet_0.png
graphics	png	2451	graphics/banim/banim_lorf_sw1_sheet_1.png
graphics	png	2298	graphics/banim/banim_lorf_sw1_sheet_2.png
graphics	png	2856	graphics/banim/banim_lorf_sw1_sheet_3.png
graphics	png	1545	graphics/banim/banim_lorf_sw1_sheet_4.png
graphics	agbpal	128	graphics/banim/banim_lorm_sp1.agbpal
graphics	agbpal	128	graphics/banim/banim_lorm_sp1_2.agbpal
graphics	png	2518	graphics/banim/banim_lorm_sp1_sheet_0.png
graphics	png	2529	graphics/banim/banim_lorm_sp1_sheet_1.png
graphics	png	2480	graphics/banim/banim_lorm_sp1_sheet_10.png
graphics	png	826	graphics/banim/banim_lorm_sp1_sheet_11.png
graphics	png	2066	graphics/banim/banim_lorm_sp1_sheet_2.png
graphics	png	2438	graphics/banim/banim_lorm_sp1_sheet_3.png
graphics	png	2204	graphics/banim/banim_lorm_sp1_sheet_4.png
graphics	png	2157	graphics/banim/banim_lorm_sp1_sheet_5.png
graphics	png	2326	graphics/banim/banim_lorm_sp1_sheet_6.png
graphics	png	1275	graphics/banim/banim_lorm_sp1_sheet_7.png
graphics	png	1582	graphics/banim/banim_lorm_sp1_sheet_8.png
graphics	png	2472	graphics/banim/banim_lorm_sp1_sheet_9.png
graphics	agbpal	128	graphics/banim/banim_magf_mg1.agbpal
graphics	png	2463	graphics/banim/banim_magf_mg1_sheet_0.png
graphics	png	2356	graphics/banim/banim_magf_mg1_sheet_1.png
graphics	png	2285	graphics/banim/banim_magf_mg1_sheet_2.png
graphics	agbpal	128	graphics/banim/banim_magm_mg1.agbpal
graphics	png	2638	graphics/banim/banim_magm_mg1_sheet_0.png
graphics	png	2498	graphics/banim/banim_magm_mg1_sheet_1.png
graphics	png	2426	graphics/banim/banim_magm_mg1_sheet_2.png
graphics	agbpal	128	graphics/banim/banim_mcd_ar1.agbpal
graphics	png	2696	graphics/banim/banim_mcd_ar1_sheet_0.png
graphics	png	2891	graphics/banim/banim_mcd_ar1_sheet_1.png
graphics	png	2205	graphics/banim/banim_mcd_ar1_sheet_2.png
graphics	png	2878	graphics/banim/banim_mcd_ar1_sheet_3.png
graphics	png	2219	graphics/banim/banim_mcd_ar1_sheet_4.png
graphics	png	1982	graphics/banim/banim_mcd_ar1_sheet_5.png
graphics	png	2267	graphics/banim/banim_mcd_ar1_sheet_6.png
graphics	agbpal	128	graphics/banim/banim_mcd_ax1.agbpal
graphics	agbpal	128	graphics/banim/banim_mcd_ax1_2.agbpal
graphics	png	2744	graphics/banim/banim_mcd_ax1_2_sheet_0.png
graphics	png	2659	graphics/banim/banim_mcd_ax1_2_sheet_1.png
graphics	png	2235	graphics/banim/banim_mcd_ax1_2_sheet_2.png
graphics	agbpal	128	graphics/banim/banim_mcd_ax1_3.agbpal
graphics	png	1725	graphics/banim/banim_mcd_ax1_3_sheet_0.png
graphics	agbpal	128	graphics/banim/banim_mcd_ax1_4.agbpal
graphics	agbpal	128	graphics/banim/banim_mcd_ax1_5.agbpal
graphics	agbpal	128	graphics/banim/banim_mcd_ax1_6.agbpal
graphics	png	2635	graphics/banim/banim_mcd_ax1_sheet_0.png
graphics	png	2965	graphics/banim/banim_mcd_ax1_sheet_1.png
graphics	png	3076	graphics/banim/banim_mcd_ax1_sheet_2.png
graphics	png	2182	graphics/banim/banim_mcd_ax1_sheet_3.png
graphics	png	1771	graphics/banim/banim_mcd_ax1_sheet_4.png
graphics	png	1503	graphics/banim/banim_mcd_ax1_sheet_5.png
graphics	png	2180	graphics/banim/banim_mcd_ax1_sheet_6.png
graphics	agbpal	128	graphics/banim/banim_mdg_at1.agbpal
graphics	png	2572	graphics/banim/banim_mdg_at1_sheet_0.png
graphics	png	2621	graphics/banim/banim_mdg_at1_sheet_1.png
graphics	png	3137	graphics/banim/banim_mdg_at1_sheet_2.png
graphics	png	1472	graphics/banim/banim_mdg_at1_sheet_3.png
graphics	agbpal	128	graphics/banim/banim_merm_sw1.agbpal
graphics	agbpal	128	graphics/banim/banim_merm_sw1_2.agbpal
graphics	png	4053	graphics/banim/banim_merm_sw1_sheet_0.png
graphics	png	3875	graphics/banim/banim_merm_sw1_sheet_1.png
graphics	png	3790	graphics/banim/banim_merm_sw1_sheet_2.png
graphics	png	147	graphics/banim/banim_merm_sw1_sheet_blank.png
graphics	agbpal	128	graphics/banim/banim_mf_mi1.agbpal
graphics	png	1688	graphics/banim/banim_mf_mi1_sheet_0.png
graphics	agbpal	128	graphics/banim/banim_mgkf_mg1.agbpal
graphics	agbpal	128	graphics/banim/banim_mgkf_mg1_2.agbpal
graphics	png	2170	graphics/banim/banim_mgkf_mg1_2_sheet_0.png
graphics	png	2857	graphics/banim/banim_mgkf_mg1_sheet_0.png
graphics	png	3159	graphics/banim/banim_mgkf_mg1_sheet_1.png
graphics	png	3060	graphics/banim/banim_mgkf_mg1_sheet_2.png
graphics	agbpal	128	graphics/banim/banim_mgkm_mg1.agbpal
graphics	agbpal	128	graphics/banim/banim_mgkm_mg1_2.agbpal
graphics	png	2155	graphics/banim/banim_mgkm_mg1_2_sheet_0.png
graphics	png	2852	graphics/banim/banim_mgkm_mg1_sheet_0.png
graphics	png	3143	graphics/banim/banim_mgkm_mg1_sheet_1.png
graphics	png	3031	graphics/banim/banim_mgkm_mg1_sheet_2.png
graphics	agbpal	128	graphics/banim/banim_monm_mg1.agbpal
graphics	png	3646	graphics/banim/banim_monm_mg1_sheet_0.png
graphics	png	3583	graphics/banim/banim_monm_mg1_sheet_1.png
graphics	png	147	graphics/banim/banim_monm_mg1_sheet_blank.png
graphics	png	147	graphics/banim/banim_monm_mg1_sheet_blank_2.png
graphics	agbpal	128	graphics/banim/banim_myrf_sw1.agbpal
graphics	agbpal	128	graphics/banim/banim_myrf_sw1_2.agbpal
graphics	png	3409	graphics/banim/banim_myrf_sw1_sheet_0.png
graphics	png	3524	graphics/banim/banim_myrf_sw1_sheet_1.png
graphics	png	3080	graphics/banim/banim_myrf_sw1_sheet_2.png
graphics	png	2801	graphics/banim/banim_myrf_sw1_sheet_3.png
graphics	agbpal	128	graphics/banim/banim_myrm_sw1.agbpal
graphics	agbpal	128	graphics/banim/banim_myrm_sw1_2.agbpal
graphics	png	3543	graphics/banim/banim_myrm_sw1_sheet_0.png
graphics	png	3703	graphics/banim/banim_myrm_sw1_sheet_1.png
graphics	png	3486	graphics/banim/banim_myrm_sw1_sheet_2.png
graphics	png	2894	graphics/banim/banim_myrm_sw1_sheet_3.png
graphics	agbpal	128	graphics/banim/banim_necm_mg1.agbpal
graphics	png	3128	graphics/banim/banim_necm_mg1_sheet_0.png
graphics	png	3017	graphics/banim/banim_necm_mg1_sheet_1.png
graphics	png	2844	graphics/banim/banim_necm_mg1_sheet_2.png
graphics	png	1195	graphics/banim/banim_necm_mg1_sheet_3.png
graphics	png	2179	graphics/banim/banim_necm_mg1_sheet_4.png
graphics	png	2381	graphics/banim/banim_necm_mg1_sheet_5.png
graphics	png	2533	graphics/banim/banim_necm_mg1_sheet_6.png
graphics	png	1319	graphics/banim/banim_necm_mg1_sheet_7.png
graphics	agbpal	128	graphics/banim/banim_necm_ro1.agbpal
graphics	png	3409	graphics/banim/banim_necm_ro1_sheet_0.png
graphics	png	3258	graphics/banim/banim_necm_ro1_sheet_1.png
graphics	png	3119	graphics/banim/banim_necm_ro1_sheet_2.png
graphics	png	1222	graphics/banim/banim_necm_ro1_sheet_3.png
graphics	png	2355	graphics/banim/banim_necm_ro1_sheet_4.png
graphics	png	2526	graphics/banim/banim_necm_ro1_sheet_5.png
graphics	agbpal	128	graphics/banim/banim_paif_sw1.agbpal
graphics	agbpal	128	graphics/banim/banim_paif_sw1_2.agbpal
graphics	agbpal	128	graphics/banim/banim_paif_sw1_3.agbpal
graphics	png	4293	graphics/banim/banim_paif_sw1_sheet_0.png
graphics	png	4006	graphics/banim/banim_paif_sw1_sheet_1.png
graphics	png	4451	graphics/banim/banim_paif_sw1_sheet_2.png
graphics	png	4215	graphics/banim/banim_paif_sw1_sheet_3.png
graphics	png	3781	graphics/banim/banim_paif_sw1_sheet_4.png
graphics	png	3777	graphics/banim/banim_paif_sw1_sheet_5.png
graphics	png	3715	graphics/banim/banim_paif_sw1_sheet_6.png
graphics	agbpal	128	graphics/banim/banim_pakm_sw1.agbpal
graphics	agbpal	128	graphics/banim/banim_pakm_sw1_2.agbpal
graphics	agbpal	128	graphics/banim/banim_pakm_sw1_3.agbpal
graphics	png	4403	graphics/banim/banim_pakm_sw1_sheet_0.png
graphics	png	4239	graphics/banim/banim_pakm_sw1_sheet_1.png
graphics	png	4556	graphics/banim/banim_pakm_sw1_sheet_2.png
graphics	png	4295	graphics/banim/banim_pakm_sw1_sheet_3.png
graphics	png	3948	graphics/banim/banim_pakm_sw1_sheet_4.png
graphics	png	3947	graphics/banim/banim_pakm_sw1_sheet_5.png
graphics	png	3814	graphics/banim/banim_pakm_sw1_sheet_6.png
graphics	agbpal	128	graphics/banim/banim_pbfm_ax1.agbpal
graphics	agbpal	128	graphics/banim/banim_pbfm_ax1_2.agbpal
graphics	png	3005	graphics/banim/banim_pbfm_ax1_2_sheet_0.png
graphics	png	2313	graphics/banim/banim_pbfm_ax1_2_sheet_1.png
graphics	agbpal	128	graphics/banim/banim_pbfm_ax1_3.agbpal
graphics	png	3142	graphics/banim/banim_pbfm_ax1_sheet_0.png
graphics	png	1843	graphics/banim/banim_pbfm_ax1_sheet_1.png
graphics	png	3339	graphics/banim/banim_pbfm_ax1_sheet_2.png
graphics	png	3246	graphics/banim/banim_pbfm_ax1_sheet_3.png
graphics	agbpal	128	graphics/banim/banim_pbmm_mg1.agbpal
graphics	png	2797	graphics/banim/banim_pbmm_mg1_sheet_0.png
graphics	png	2395	graphics/banim/banim_pbmm_mg1_sheet_1.png
graphics	png	852	graphics/banim/banim_pbmm_mg1_sheet_2.png
graphics	png	2959	graphics/banim/banim_pbmm_mg1_sheet_3.png
graphics	agbpal	128	graphics/banim/banim_pbrf_sp1.agbpal
graphics	agbpal	128	graphics/banim/banim_pbrf_sp1_2.agbpal
graphics	png	1743	graphics/banim/banim_pbrf_sp1_2_sheet_0.png
graphics	png	2726	graphics/banim/banim_pbrf_sp1_sheet_0.png
graphics	png	2535	graphics/banim/banim_pbrf_sp1_sheet_1.png
graphics	png	2380	graphics/banim/banim_pbrf_sp1_sheet_2.png
graphics	png	2319	graphics/banim/banim_pbrf_sp1_sheet_3.png
graphics	png	2570	graphics/banim/banim_pbrf_sp1_sheet_4.png
graphics	png	2206	graphics/banim/banim_pbrf_sp1_sheet_5.png
graphics	agbpal	128	graphics/banim/banim_pekf_sp1.agbpal
graphics	agbpal	128	graphics/banim/banim_pekf_sp1_2.agbpal
graphics	png	4081	graphics/banim/banim_pekf_sp1_sheet_0.png
graphics	png	3636	graphics/banim/banim_pekf_sp1_sheet_1.png
graphics	png	3555	graphics/banim/banim_pekf_sp1_sheet_2.png
graphics	png	3922	graphics/banim/banim_pekf_sp1_sheet_3.png
graphics	png	3605	graphics/banim/banim_pekf_sp1_sheet_4.png
graphics	png	2266	graphics/banim/banim_pekf_sp1_sheet_5.png
graphics	png	147	graphics/banim/banim_pekf_sp1_sheet_6.png
graphics	png	147	graphics/banim/banim_pekf_sp1_sheet_7.png
graphics	agbpal	128	graphics/banim/banim_pirm_ax1.agbpal
graphics	agbpal	128	graphics/banim/banim_pirm_ax1_2.agbpal
graphics	agbpal	128	graphics/banim/banim_pirm_ax1_3.agbpal
graphics	png	3928	graphics/banim/banim_pirm_ax1_sheet_0.png
graphics	png	3142	graphics/banim/banim_pirm_ax1_sheet_1.png
graphics	agbpal	128	graphics/banim/banim_prif_ro1.agbpal
graphics	agbpal	128	graphics/banim/banim_prif_ro1_2.agbpal
graphics	png	1913	graphics/banim/banim_prif_ro1_sheet_0.png
graphics	agbpal	128	graphics/banim/banim_prim_ro1.agbpal
graphics	agbpal	128	graphics/banim/banim_prim_ro1_2.agbpal
graphics	png	2020	graphics/banim/banim_prim_ro1_sheet_0.png
graphics	agbpal	128	graphics/banim/banim_rogm_sw1.agbpal
graphics	agbpal	128	graphics/banim/banim_rogm_sw1_2.agbpal
graphics	png	2815	graphics/banim/banim_rogm_sw1_sheet_0.png
graphics	png	2984	graphics/banim/banim_rogm_sw1_sheet_1.png
graphics	png	2243	graphics/banim/banim_rogm_sw1_sheet_2.png
graphics	png	1483	graphics/banim/banim_rogm_sw1_sheet_3.png
graphics	agbpal	128	graphics/banim/banim_sagf_mg1.agbpal
graphics	agbpal	128	graphics/banim/banim_sagf_mg1_2.agbpal
graphics	png	3135	graphics/banim/banim_sagf_mg1_sheet_0.png
graphics	png	3082	graphics/banim/banim_sagf_mg1_sheet_1.png
graphics	png	3300	graphics/banim/banim_sagf_mg1_sheet_2.png
graphics	png	3868	graphics/banim/banim_sagf_mg1_sheet_3.png
graphics	agbpal	128	graphics/banim/banim_sagm_mg1.agbpal
graphics	agbpal	128	graphics/banim/banim_sagm_mg1_2.agbpal
graphics	png	2747	graphics/banim/banim_sagm_mg1_sheet_0.png
graphics	png	2125	graphics/banim/banim_sagm_mg1_sheet_1.png
graphics	png	2407	graphics/banim/banim_sagm_mg1_sheet_2.png
graphics	png	3049	graphics/banim/banim_sagm_mg1_sheet_3.png
graphics	agbpal	128	graphics/banim/banim_shaf_mg1.agbpal
graphics	png	2033	graphics/banim/banim_shaf_mg1_sheet_0.png
graphics	png	2481	graphics/banim/banim_shaf_mg1_sheet_1.png
graphics	png	2071	graphics/banim/banim_shaf_mg1_sheet_2.png
graphics	png	2550	graphics/banim/banim_shaf_mg1_sheet_3.png
graphics	agbpal	128	graphics/banim/banim_sham_mg1.agbpal
graphics	png	2344	graphics/banim/banim_sham_mg1_sheet_0.png
graphics	png	2629	graphics/banim/banim_sham_mg1_sheet_1.png
graphics	png	2190	graphics/banim/banim_sham_mg1_sheet_2.png
graphics	png	2647	graphics/banim/banim_sham_mg1_sheet_3.png
graphics	agbpal	128	graphics/banim/banim_ska_ar1.agbpal
graphics	agbpal	128	graphics/banim/banim_ska_ar1_2.agbpal
graphics	png	2324	graphics/banim/banim_ska_ar1_sheet_0.png
graphics	png	2705	graphics/banim/banim_ska_ar1_sheet_1.png
graphics	png	938	graphics/banim/banim_ska_ar1_sheet_2.png
graphics	png	1196	graphics/banim/banim_ska_ar1_sheet_discarded.png
graphics	agbpal	128	graphics/banim/banim_sks_sp1.agbpal
graphics	agbpal	128	graphics/banim/banim_sks_sp1_2.agbpal
graphics	png	2434	graphics/banim/banim_sks_sp1_sheet_0.png
graphics	png	1534	graphics/banim/banim_sks_sp1_sheet_1.png
graphics	png	2632	graphics/banim/banim_sks_sp1_sheet_1_discarded.png
graphics	png	2947	graphics/banim/banim_sks_sp1_sheet_2.png
graphics	png	2812	graphics/banim/banim_sks_sp1_sheet_3.png
graphics	agbpal	128	graphics/banim/banim_sks_sw1.agbpal
graphics	agbpal	128	graphics/banim/banim_sks_sw1_2.agbpal
graphics	agbpal	128	graphics/banim/banim_sks_sw1_3.agbpal
graphics	agbpal	128	graphics/banim/banim_sks_sw1_4.agbpal
graphics	agbpal	128	graphics/banim/banim_sks_sw1_5.agbpal
graphics	agbpal	128	graphics/banim/banim_sks_sw1_6.agbpal
graphics	png	2662	graphics/banim/banim_sks_sw1_sheet_0.png
graphics	png	2644	graphics/banim/banim_sks_sw1_sheet_1.png
graphics	png	2416	graphics/banim/banim_sks_sw1_sheet_2.png
graphics	png	2518	graphics/banim/banim_sks_sw1_sheet_3.png
graphics	png	1693	graphics/banim/banim_sks_sw1_sheet_4.png
graphics	png	1007	graphics/banim/banim_sks_sw1_sheet_5.png
graphics	agbpal	128	graphics/banim/banim_smnm_ro1.agbpal
graphics	agbpal	128	graphics/banim/banim_smnm_ro1_2.agbpal
graphics	png	2036	graphics/banim/banim_smnm_ro1_sheet_0.png
graphics	png	2140	graphics/banim/banim_smnm_ro1_sheet_1.png
graphics	png	1787	graphics/banim/banim_smnm_ro1_sheet_2.png
graphics	png	2534	graphics/banim/banim_smnm_ro1_sheet_3.png
graphics	agbpal	128	graphics/banim/banim_snif_ar1.agbpal
graphics	agbpal	128	graphics/banim/banim_snif_ar1_2.agbpal
graphics	png	2365	graphics/banim/banim_snif_ar1_sheet_0.png
graphics	png	1956	graphics/banim/banim_snif_ar1_sheet_1.png
graphics	png	1160	graphics/banim/banim_snif_ar1_sheet_2.png
graphics	agbpal	128	graphics/banim/banim_snim_ar1.agbpal
graphics	agbpal	128	graphics/banim/banim_snim_ar1_2.agbpal
graphics	png	2650	graphics/banim/banim_snim_ar1_sheet_0.png
graphics	png	2096	graphics/banim/banim_snim_ar1_sheet_1.png
graphics	png	1217	graphics/banim/banim_snim_ar1_sheet_2.png
graphics	agbpal	128	graphics/banim/banim_sokf_sp1.agbpal
graphics	agbpal	128	graphics/banim/banim_sokf_sp1_2.agbpal
graphics	agbpal	128	graphics/banim/banim_sokf_sp1_3.agbpal
graphics	png	3407	graphics/banim/banim_sokf_sp1_sheet_0.png
graphics	png	3797	graphics/banim/banim_sokf_sp1_sheet_1.png
graphics	png	3417	graphics/banim/banim_sokf_sp1_sheet_2.png
graphics	png	3668	graphics/banim/banim_sokf_sp1_sheet_3.png
graphics	agbpal	128	graphics/banim/banim_sokm_sp1.agbpal
graphics	agbpal	128	graphics/banim/banim_sokm_sp1_2.agbpal
graphics	agbpal	128	graphics/banim/banim_sokm_sp1_3.agbpal
graphics	png	3398	graphics/banim/banim_sokm_sp1_sheet_0.png
graphics	png	3690	graphics/banim/banim_sokm_sp1_sheet_1.png
graphics	png	3354	graphics/banim/banim_sokm_sp1_sheet_2.png
graphics	png	3591	graphics/banim/banim_sokm_sp1_sheet_3.png
graphics	agbpal	128	graphics/banim/banim_solm_sp1.agbpal
graphics	agbpal	128	graphics/banim/banim_solm_sp1_2.agbpal
graphics	png	1017	graphics/banim/banim_solm_sp1_2_sheet_0.png
graphics	png	3470	graphics/banim/banim_solm_sp1_sheet_0.png
graphics	png	3762	graphics/banim/banim_solm_sp1_sheet_1.png
graphics	agbpal	128	graphics/banim/banim_stam_ar1.agbpal
graphics	png	1871	graphics/banim/banim_stam_ar1_sheet_0.png
graphics	agbpal	128	graphics/banim/banim_swmf_sw1.agbpal
graphics	agbpal	128	graphics/banim/banim_swmf_sw1_2.agbpal
graphics	png	3524	graphics/banim/banim_swmf_sw1_sheet_0.png
graphics	png	3116	graphics/banim/banim_swmf_sw1_sheet_1.png
graphics	png	3923	graphics/banim/banim_swmf_sw1_sheet_2.png
graphics	png	2008	graphics/banim/banim_swmf_sw1_sheet_3.png
graphics	agbpal	128	graphics/banim/banim_swmm_sw1.agbpal
graphics	agbpal	128	graphics/banim/banim_swmm_sw1_2.agbpal
graphics	png	3633	graphics/banim/banim_swmm_sw1_sheet_0.png
graphics	png	3082	graphics/banim/banim_swmm_sw1_sheet_1.png
graphics	png	3918	graphics/banim/banim_swmm_sw1_sheet_2.png
graphics	png	2008	graphics/banim/banim_swmm_sw1_sheet_3.png
graphics	agbpal	128	graphics/banim/banim_thim_sw1.agbpal
graphics	agbpal	128	graphics/banim/banim_thim_sw1_2.agbpal
graphics	png	3373	graphics/banim/banim_thim_sw1_sheet_0.png
graphics	png	3353	graphics/banim/banim_thim_sw1_sheet_1.png
graphics	png	1852	graphics/banim/banim_thim_sw1_sheet_2.png
graphics	png	147	graphics/banim/banim_thim_sw1_sheet_blank.png
graphics	agbpal	128	graphics/banim/banim_trof_ro1.agbpal
graphics	agbpal	128	graphics/banim/banim_trof_ro1_2.agbpal
graphics	png	2179	graphics/banim/banim_trof_ro1_2_sheet_0.png
graphics	png	2503	graphics/banim/banim_trof_ro1_2_sheet_1.png
graphics	png	1888	graphics/banim/banim_trof_ro1_sheet_0.png
graphics	agbpal	128	graphics/banim/banim_valf_mg1.agbpal
graphics	agbpal	128	graphics/banim/banim_valf_mg1_2.agbpal
graphics	png	2753	graphics/banim/banim_valf_mg1_2_sheet_0.png
graphics	png	2197	graphics/banim/banim_valf_mg1_sheet_0.png
graphics	png	2502	graphics/banim/banim_valf_mg1_sheet_1.png
graphics	png	2193	graphics/banim/banim_valf_mg1_sheet_2.png
graphics	agbpal	128	graphics/banim/banim_warm_ar1.agbpal
graphics	png	3530	graphics/banim/banim_warm_ar1_sheet_0.png
graphics	png	1995	graphics/banim/banim_warm_ar1_sheet_1.png
graphics	png	1925	graphics/banim/banim_warm_ar1_sheet_2.png
graphics	png	2169	graphics/banim/banim_warm_ar1_sheet_3.png
graphics	agbpal	128	graphics/banim/banim_warm_ax1.agbpal
graphics	agbpal	128	graphics/banim/banim_warm_ax1_2.agbpal
graphics	agbpal	128	graphics/banim/banim_warm_ax1_3.agbpal
graphics	png	3189	graphics/banim/banim_warm_ax1_sheet_0.png
graphics	png	3538	graphics/banim/banim_warm_ax1_sheet_1.png
graphics	png	2553	graphics/banim/banim_warm_ax1_sheet_2.png
graphics	png	2945	graphics/banim/banim_warm_ax1_sheet_3.png
graphics	png	3190	graphics/banim/banim_warm_ax1_sheet_4.png
graphics	png	3385	graphics/banim/banim_warm_ax1_sheet_5.png
graphics	png	3143	graphics/banim/banim_warm_ax1_sheet_6.png
graphics	png	3003	graphics/banim/banim_warm_ax1_sheet_7.png
graphics	agbpal	128	graphics/banim/banim_wykm_sp1.agbpal
graphics	agbpal	128	graphics/banim/banim_wykm_sp1_2.agbpal
graphics	agbpal	128	graphics/banim/banim_wykm_sp1_3.agbpal
graphics	agbpal	128	graphics/banim/banim_wykm_sp1_4.agbpal
graphics	png	2946	graphics/banim/banim_wykm_sp1_sheet_0.png
graphics	png	3159	graphics/banim/banim_wykm_sp1_sheet_1.png
graphics	png	2780	graphics/banim/banim_wykm_sp1_sheet_10.png
graphics	png	2917	graphics/banim/banim_wykm_sp1_sheet_11.png
graphics	png	1802	graphics/banim/banim_wykm_sp1_sheet_12.png
graphics	png	2720	graphics/banim/banim_wykm_sp1_sheet_2.png
graphics	png	2553	graphics/banim/banim_wykm_sp1_sheet_3.png
graphics	png	2309	graphics/banim/banim_wykm_sp1_sheet_4.png
graphics	png	2231	graphics/banim/banim_wykm_sp1_sheet_5.png
graphics	png	2244	graphics/banim/banim_wykm_sp1_sheet_6.png
graphics	png	2577	graphics/banim/banim_wykm_sp1_sheet_7.png
graphics	png	2814	graphics/banim/banim_wykm_sp1_sheet_8.png
graphics	png	3010	graphics/banim/banim_wykm_sp1_sheet_9.png
graphics	png	147	graphics/banim/banim_wykm_sp1_sheet_blank.png
graphics	png	147	graphics/banim/banim_wykm_sp1_sheet_blank_2.png
graphics	agbpal	128	graphics/banim/banim_zom_at1.agbpal
graphics	agbpal	128	graphics/banim/banim_zom_at1_2.agbpal
graphics	png	3106	graphics/banim/banim_zom_at1_sheet_0.png
graphics	png	3146	graphics/banim/banim_zom_at1_sheet_1.png
graphics	png	2340	graphics/banim/banim_zom_at1_sheet_2.png
graphics	png	147	graphics/banim/banim_zom_at1_sheet_blank.png
graphics	agbpal	160	graphics/banim/character_palette/banim_pal_aia.agbpal
graphics	agbpal	160	graphics/banim/character_palette/banim_pal_ame.agbpal
graphics	agbpal	160	graphics/banim/character_palette/banim_pal_ame_2.agbpal
graphics	agbpal	160	graphics/banim/character_palette/banim_pal_ame_3.agbpal
graphics	agbpal	160	graphics/banim/character_palette/banim_pal_ame_4.agbpal
graphics	agbpal	160	graphics/banim/character_palette/banim_pal_ame_5.agbpal
graphics	agbpal	160	graphics/banim/character_palette/banim_pal_ass.agbpal
graphics	agbpal	160	graphics/banim/character_palette/banim_pal_ass_2.agbpal
graphics	agbpal	160	graphics/banim/character_palette/banim_pal_ass_3.agbpal
graphics	agbpal	160	graphics/banim/character_palette/banim_pal_baz.agbpal
graphics	agbpal	160	graphics/banim/character_palette/banim_pal_ber.agbpal
graphics	agbpal	160	graphics/banim/character_palette/banim_pal_bin.agbpal
graphics	agbpal	160	graphics/banim/character_palette/banim_pal_bon.agbpal
graphics	agbpal	160	graphics/banim/character_palette/banim_pal_bre.agbpal
graphics	agbpal	160	graphics/banim/character_palette/banim_pal_car.agbpal
graphics	agbpal	160	graphics/banim/character_palette/banim_pal_cel.agbpal
graphics	agbpal	160	graphics/banim/character_palette/banim_pal_cet.agbpal
graphics	agbpal	160	graphics/banim/character_palette/banim_pal_com.agbpal
graphics	agbpal	160	graphics/banim/character_palette/banim_pal_com_2.agbpal
graphics	agbpal	160	graphics/banim/character_palette/banim_pal_com_3.agbpal
graphics	agbpal	160	graphics/banim/character_palette/banim_pal_cug.agbpal
graphics	agbpal	160	graphics/banim/character_palette/banim_pal_cug_2.agbpal
graphics	agbpal	160	graphics/banim/character_palette/banim_pal_cug_3.agbpal
graphics	agbpal	160	graphics/banim/character_palette/banim_pal_doz.agbpal
graphics	agbpal	160	graphics/banim/character_palette/banim_pal_dus.agbpal
graphics	agbpal	160	graphics/banim/character_palette/banim_pal_ewa.agbpal
graphics	agbpal	160	graphics/banim/character_palette/banim_pal_ewa_2.agbpal
graphics	agbpal	160	graphics/banim/character_palette/banim_pal_ewa_3.agbpal
graphics	agbpal	160	graphics/banim/character_palette/banim_pal_ewa_4.agbpal
graphics	agbpal	160	graphics/banim/character_palette/banim_pal_ewa_5.agbpal
graphics	agbpal	160	graphics/banim/character_palette/banim_pal_ewa_6.agbpal
graphics	agbpal	160	graphics/banim/character_palette/banim_pal_ewa_7.agbpal
graphics	agbpal	160	graphics/banim/character_palette/banim_pal_fad.agbpal
graphics	agbpal	160	graphics/banim/character_palette/banim_pal_for.agbpal
graphics	agbpal	160	graphics/banim/character_palette/banim_pal_for_2.agbpal
graphics	agbpal	160	graphics/banim/character_palette/banim_pal_for_3.agbpal
graphics	agbpal	160	graphics/banim/character_palette/banim_pal_fra.agbpal
graphics	agbpal	160	graphics/banim/character_palette/banim_pal_fra_2.agbpal
graphics	agbpal	160	graphics/banim/character_palette/banim_pal_fra_3.agbpal
graphics	agbpal	160	graphics/banim/character_palette/banim_pal_gar.agbpal
graphics	agbpal	160	graphics/banim/character_palette/banim_pal_gar_2.agbpal
graphics	agbpal	160	graphics/banim/character_palette/banim_pal_gar_3.agbpal
graphics	agbpal	160	graphics/banim/character_palette/banim_pal_geb.agbpal
graphics	agbpal	160	graphics/banim/character_palette/banim_pal_gil.agbpal
graphics	agbpal	160	graphics/banim/character_palette/banim_pal_gil_2.agbpal
graphics	agbpal	160	graphics/banim/character_palette/banim_pal_gil_3.agbpal
graphics	agbpal	160	graphics/banim/character_palette/banim_pal_gle.agbpal
graphics	agbpal	160	graphics/banim/character_palette/banim_pal_hea.agbpal
graphics	agbpal	160	graphics/banim/character_palette/banim_pal_hey.agbpal
graphics	agbpal	160	graphics/banim/character_palette/banim_pal_irv.agbpal
graphics	agbpal	160	graphics/banim/character_palette/banim_pal_ish.agbpal
graphics	agbpal	160	graphics/banim/character_palette/banim_pal_jho.agbpal
graphics	agbpal	160	graphics/banim/character_palette/banim_pal_jho_2.agbpal
graphics	agbpal	160	graphics/banim/character_palette/banim_pal_jho_3.agbpal
graphics	agbpal	160	graphics/banim/character_palette/banim_pal_kno.agbpal
graphics	agbpal	160	graphics/banim/character_palette/banim_pal_kno_2.agbpal
graphics	agbpal	160	graphics/banim/character_palette/banim_pal_kno_3.agbpal
graphics	agbpal	160	graphics/banim/character_palette/banim_pal_kno_4.agbpal
graphics	agbpal	160	graphics/banim/character_palette/banim_pal_kyl.agbpal
graphics	agbpal	160	graphics/banim/character_palette/banim_pal_kyl_2.agbpal
graphics	agbpal	160	graphics/banim/character_palette/banim_pal_kyl_3.agbpal
graphics	agbpal	160	graphics/banim/character_palette/banim_pal_lar.agbpal
graphics	agbpal	160	graphics/banim/character_palette/banim_pal_lar_2.agbpal
graphics	agbpal	160	graphics/banim/character_palette/banim_pal_lar_3.agbpal
graphics	agbpal	160	graphics/banim/character_palette/banim_pal_lut.agbpal
graphics	agbpal	160	graphics/banim/character_palette/banim_pal_lut_2.agbpal
graphics	agbpal	160	graphics/banim/character_palette/banim_pal_lut_3.agbpal
graphics	agbpal	160	graphics/banim/character_palette/banim_pal_mar.agbpal
graphics	agbpal	160	graphics/banim/character_palette/banim_pal_mar_2.agbpal
graphics	agbpal	160	graphics/banim/character_palette/banim_pal_mar_3.agbpal
graphics	agbpal	160	graphics/banim/character_palette/banim_pal_mer.agbpal
graphics	agbpal	160	graphics/banim/character_palette/banim_pal_mer_2.agbpal
graphics	agbpal	160	graphics/banim/character_palette/banim_pal_mer_3.agbpal
graphics	agbpal	160	graphics/banim/character_palette/banim_pal_mul.agbpal
graphics	agbpal	160	graphics/banim/character_palette/banim_pal_mul_2.agbpal
graphics	agbpal	160	graphics/banim/character_palette/banim_pal_mul_3.agbpal
graphics	agbpal	160	graphics/banim/character_palette/banim_pal_mur.agbpal
graphics	agbpal	160	graphics/banim/character_palette/banim_pal_nat.agbpal
graphics	agbpal	160	graphics/banim/character_palette/banim_pal_nat_2.agbpal
graphics	agbpal	160	graphics/banim/character_palette/banim_pal_nat_3.agbpal
graphics	agbpal	160	graphics/banim/character_palette/banim_pal_nov.agbpal
graphics	agbpal	160	graphics/banim/character_palette/banim_pal_ols.agbpal
graphics	agbpal	160	graphics/banim/character_palette/banim_pal_one.agbpal
graphics	agbpal	160	graphics/banim/character_palette/banim_pal_pab.agbpal
graphics	agbpal	160	graphics/banim/character_palette/banim_pal_ren.agbpal
graphics	agbpal	160	graphics/banim/character_palette/banim_pal_ros.agbpal
graphics	agbpal	160	graphics/banim/character_palette/banim_pal_ros_2.agbpal
graphics	agbpal	160	graphics/banim/character_palette/banim_pal_ros_3.agbpal
graphics	agbpal	160	graphics/banim/character_palette/banim_pal_ros_4.agbpal
graphics	agbpal	160	graphics/banim/character_palette/banim_pal_ros_5.agbpal
graphics	agbpal	160	graphics/banim/character_palette/banim_pal_saa.agbpal
graphics	agbpal	160	graphics/banim/character_palette/banim_pal_sal.agbpal
graphics	agbpal	160	graphics/banim/character_palette/banim_pal_set.agbpal
graphics	agbpal	160	graphics/banim/character_palette/banim_pal_syr.agbpal
graphics	agbpal	160	graphics/banim/character_palette/banim_pal_tet.agbpal
graphics	agbpal	160	graphics/banim/character_palette/banim_pal_tir.agbpal
graphics	agbpal	160	graphics/banim/character_palette/banim_pal_tur.agbpal
graphics	agbpal	160	graphics/banim/character_palette/banim_pal_tur_2.agbpal
graphics	agbpal	160	graphics/banim/character_palette/banim_pal_tur_3.agbpal
graphics	agbpal	160	graphics/banim/character_palette/banim_pal_van.agbpal
graphics	agbpal	160	graphics/banim/character_palette/banim_pal_van_2.agbpal
graphics	agbpal	160	graphics/banim/character_palette/banim_pal_van_3.agbpal
graphics	agbpal	160	graphics/banim/character_palette/banim_pal_vig.agbpal
graphics	agbpal	160	graphics/banim/character_palette/banim_pal_wal.agbpal
graphics	agbpal	160	graphics/banim/character_palette/banim_pal_xys.agbpal
graphics	agbpal	160	graphics/banim/character_palette/banim_pal_xys_2.agbpal
graphics	agbpal	160	graphics/banim/character_palette/banim_pal_xys_3.agbpal
graphics	agbpal	160	graphics/banim/character_palette/banim_pal_zon.agbpal
graphics	agbpal	32	graphics/banim/terrain/battle_terrain_arechi1_pal.agbpal
graphics	png	1607	graphics/banim/terrain/battle_terrain_arechi1_tileset.png
graphics	agbpal	32	graphics/banim/terrain/battle_terrain_azukarijo1_pal.agbpal
graphics	png	1703	graphics/banim/terrain/battle_terrain_azukarijo1_tileset.png
graphics	agbpal	32	graphics/banim/terrain/battle_terrain_bukiya1_pal.agbpal
graphics	agbpal	32	graphics/banim/terrain/battle_terrain_bukiya1_pal_2.agbpal
graphics	png	1666	graphics/banim/terrain/battle_terrain_bukiya1_tileset.png
graphics	agbpal	32	graphics/banim/terrain/battle_terrain_douguya1_pal.agbpal
graphics	agbpal	32	graphics/banim/terrain/battle_terrain_douguya1_pal_2.agbpal
graphics	png	1787	graphics/banim/terrain/battle_terrain_douguya1_tileset.png
graphics	agbpal	32	graphics/banim/terrain/battle_terrain_fukaimori1_pal.agbpal
graphics	agbpal	32	graphics/banim/terrain/battle_terrain_fukaimori1_pal_2.agbpal
graphics	png	1851	graphics/banim/terrain/battle_terrain_fukaimori1_tileset.png
graphics	agbpal	32	graphics/banim/terrain/battle_terrain_fune1_pal.agbpal
graphics	png	1933	graphics/banim/terrain/battle_terrain_fune1_tileset.png
graphics	agbpal	32	graphics/banim/terrain/battle_terrain_gake1_pal.agbpal
graphics	agbpal	32	graphics/banim/terrain/battle_terrain_gake1_pal_2.agbpal
graphics	agbpal	32	graphics/banim/terrain/battle_terrain_gake1_pal_3.agbpal
graphics	png	1532	graphics/banim/terrain/battle_terrain_gake1_tileset.png
graphics	agbpal	32	graphics/banim/terrain/battle_terrain_gyokuza1_pal.agbpal
graphics	agbpal	32	graphics/banim/terrain/battle_terrain_gyokuza1_pal_2.agbpal
graphics	agbpal	32	graphics/banim/terrain/battle_terrain_gyokuza1_pal_3.agbpal
graphics	agbpal	32	graphics/banim/terrain/battle_terrain_gyokuza1_pal_4.agbpal
graphics	agbpal	32	graphics/banim/terrain/battle_terrain_gyokuza1_pal_5.agbpal
graphics	agbpal	32	graphics/banim/terrain/battle_terrain_gyokuza1_pal_6.agbpal
graphics	agbpal	32	graphics/banim/terrain/battle_terrain_gyokuza1_pal_7.agbpal
graphics	agbpal	32	graphics/banim/terrain/battle_terrain_gyokuza1_pal_8.agbpal
graphics	agbpal	32	graphics/banim/terrain/battle_terrain_gyokuza1_pal_9.agbpal
graphics	png	1435	graphics/banim/terrain/battle_terrain_gyokuza1_tileset.png
graphics	agbpal	32	graphics/banim/terrain/battle_terrain_haikyo1_pal.agbpal
graphics	agbpal	32	graphics/banim/terrain/battle_terrain_haikyo1_pal_2.agbpal
graphics	png	1671	graphics/banim/terrain/battle_terrain_haikyo1_tileset.png
graphics	agbpal	32	graphics/banim/terrain/battle_terrain_hanebashi1_pal.agbpal
graphics	png	1765	graphics/banim/terrain/battle_terrain_hanebashi1_tileset.png
graphics	agbpal	32	graphics/banim/terrain/battle_terrain_hasi1_pal.agbpal
graphics	agbpal	32	graphics/banim/terrain/battle_terrain_hasi1_pal_2.agbpal
graphics	agbpal	32	graphics/banim/terrain/battle_terrain_hasi1_pal_3.agbpal
graphics	agbpal	32	graphics/banim/terrain/battle_terrain_hasi1_pal_4.agbpal
graphics	png	1799	graphics/banim/terrain/battle_terrain_hasi1_tileset.png
graphics	agbpal	32	graphics/banim/terrain/battle_terrain_hasira1_pal.agbpal
graphics	agbpal	32	graphics/banim/terrain/battle_terrain_hasira1_pal_2.agbpal
graphics	agbpal	32	graphics/banim/terrain/battle_terrain_hasira1_pal_3.agbpal
graphics	agbpal	32	graphics/banim/terrain/battle_terrain_hasira1_pal_4.agbpal
graphics	agbpal	32	graphics/banim/terrain/battle_terrain_hasira1_pal_5.agbpal
graphics	agbpal	32	graphics/banim/terrain/battle_terrain_hasira1_pal_6.agbpal
graphics	png	1417	graphics/banim/terrain/battle_terrain_hasira1_tileset.png
graphics	agbpal	32	graphics/banim/terrain/battle_terrain_heichi1_pal.agbpal
graphics	agbpal	32	graphics/banim/terrain/battle_terrain_heichi1_pal_2.agbpal
graphics	agbpal	32	graphics/banim/terrain/battle_terrain_heichi1_pal_3.agbpal
graphics	agbpal	32	graphics/banim/terrain/battle_terrain_heichi1_pal_4.agbpal
graphics	agbpal	32	graphics/banim/terrain/battle_terrain_heichi1_pal_5.agbpal
graphics	agbpal	32	graphics/banim/terrain/battle_terrain_heichi1_pal_6.agbpal
graphics	png	1759	graphics/banim/terrain/battle_terrain_heichi1_tileset.png
graphics	agbpal	32	graphics/banim/terrain/battle_terrain_jyoumon1_pal.agbpal
graphics	agbpal	32	graphics/banim/terrain/battle_terrain_jyoumon1_pal_2.agbpal
graphics	png	1871	graphics/banim/terrain/battle_terrain_jyoumon1_tileset.png
graphics	agbpal	32	graphics/banim/terrain/battle_terrain_kabe1_pal.agbpal
graphics	png	1459	graphics/banim/terrain/battle_terrain_kabe1_tileset.png
graphics	agbpal	32	graphics/banim/terrain/battle_terrain_kawa1_pal.agbpal
graphics	agbpal	32	graphics/banim/terrain/battle_terrain_kawa1_pal_2.agbpal
graphics	agbpal	32	graphics/banim/terrain/battle_terrain_kawa1_pal_3.agbpal
graphics	agbpal	32	graphics/banim/terrain/battle_terrain_kawa1_pal_4.agbpal
graphics	agbpal	32	graphics/banim/terrain/battle_terrain_kawa1_pal_5.agbpal
graphics	agbpal	32	graphics/banim/terrain/battle_terrain_kawa1_pal_6.agbpal
graphics	agbpal	32	graphics/banim/terrain/battle_terrain_kawa1_pal_7.agbpal
graphics	png	1455	graphics/banim/terrain/battle_terrain_kawa1_tileset.png
graphics	agbpal	32	graphics/banim/terrain/battle_terrain_killerarechi_pal.agbpal
graphics	agbpal	32	graphics/banim/terrain/battle_terrain_killerarechi_pal_2.agbpal
graphics	png	1737	graphics/banim/terrain/battle_terrain_killerarechi_tileset.png
graphics	agbpal	32	graphics/banim/terrain/battle_terrain_kowaretakabe_pal.agbpal
graphics	agbpal	32	graphics/banim/terrain/battle_terrain_kowaretakabe_pal_2.agbpal
graphics	agbpal	32	graphics/banim/terrain/battle_terrain_kowaretakabe_pal_3.agbpal
graphics	agbpal	32	graphics/banim/terrain/battle_terrain_kowaretakabe_pal_4.agbpal
graphics	agbpal	32	graphics/banim/terrain/battle_terrain_kowaretakabe_pal_5.agbpal
graphics	agbpal	32	graphics/banim/terrain/battle_terrain_kowaretakabe_pal_6.agbpal
graphics	agbpal	32	graphics/banim/terrain/battle_terrain_kowaretakabe_pal_7.agbpal
graphics	png	1441	graphics/banim/terrain/battle_terrain_kowaretakabe_tileset.png
graphics	png	1421	graphics/banim/terrain/battle_terrain_kowaretakabe_tileset_2.png
graphics	agbpal	32	graphics/banim/terrain/battle_terrain_mahouyuka1_pal.agbpal
graphics	png	1492	graphics/banim/terrain/battle_terrain_mahouyuka1_tileset.png
graphics	agbpal	32	graphics/banim/terrain/battle_terrain_maruta1_pal.agbpal
graphics	agbpal	32	graphics/banim/terrain/battle_terrain_maruta1_pal_2.agbpal
graphics	png	1510	graphics/banim/terrain/battle_terrain_maruta1_tileset.png
graphics	agbpal	32	graphics/banim/terrain/battle_terrain_michi1_pal.agbpal
graphics	agbpal	32	graphics/banim/terrain/battle_terrain_michi1_pal_2.agbpal
graphics	png	1645	graphics/banim/terrain/battle_terrain_michi1_tileset.png
graphics	agbpal	32	graphics/banim/terrain/battle_terrain_minka1_pal.agbpal
graphics	agbpal	32	graphics/banim/terrain/battle_terrain_minka1_pal_2.agbpal
graphics	png	1743	graphics/banim/terrain/battle_terrain_minka1_tileset.png
graphics	agbpal	32	graphics/banim/terrain/battle_terrain_mizuiumi1_pal.agbpal
graphics	agbpal	32	graphics/banim/terrain/battle_terrain_mizuiumi1_pal_2.agbpal
graphics	agbpal	32	graphics/banim/terrain/battle_terrain_mizuiumi1_pal_3.agbpal
graphics	png	1253	graphics/banim/terrain/battle_terrain_mizuiumi1_tileset.png
graphics	agbpal	32	graphics/banim/terrain/battle_terrain_mon1_pal.agbpal
graphics	png	1427	graphics/banim/terrain/battle_terrain_mon1_tileset.png
graphics	agbpal	32	graphics/banim/terrain/battle_terrain_mori1_pal.agbpal
graphics	agbpal	32	graphics/banim/terrain/battle_terrain_mori1_pal_2.agbpal
graphics	agbpal	32	graphics/banim/terrain/battle_terrain_mori1_pal_3.agbpal
graphics	agbpal	32	graphics/banim/terrain/battle_terrain_mori1_pal_4.agbpal
graphics	png	1859	graphics/banim/terrain/battle_terrain_mori1_tileset.png
graphics	agbpal	32	graphics/banim/terrain/battle_terrain_mura1_pal.agbpal
graphics	agbpal	32	graphics/banim/terrain/battle_terrain_mura1_pal_2.agbpal
graphics	agbpal	32	graphics/banim/terrain/battle_terrain_mura1_pal_3.agbpal
graphics	agbpal	32	graphics/banim/terrain/battle_terrain_mura1_pal_4.agbpal
graphics	png	1650	graphics/banim/terrain/battle_terrain_mura1_tileset.png
graphics	agbpal	32	graphics/banim/terrain/battle_terrain_sabaku1_pal.agbpal
graphics	png	1248	graphics/banim/terrain/battle_terrain_sabaku1_tileset.png
graphics	agbpal	32	graphics/banim/terrain/battle_terrain_siroyuka1_pal.agbpal
graphics	agbpal	32	graphics/banim/terrain/battle_terrain_siroyuka1_pal_2.agbpal
graphics	agbpal	32	graphics/banim/terrain/battle_terrain_siroyuka1_pal_3.agbpal
graphics	agbpal	32	graphics/banim/terrain/battle_terrain_siroyuka1_pal_4.agbpal
graphics	agbpal	32	graphics/banim/terrain/battle_terrain_siroyuka1_pal_5.agbpal
graphics	agbpal	32	graphics/banim/terrain/battle_terrain_siroyuka1_pal_6.agbpal
graphics	png	1382	graphics/banim/terrain/battle_terrain_siroyuka1_tileset.png
graphics	agbpal	32	graphics/banim/terrain/battle_terrain_sunachi1_pal.agbpal
graphics	png	1331	graphics/banim/terrain/battle_terrain_sunachi1_tileset.png
graphics	agbpal	32	graphics/banim/terrain/battle_terrain_takaiyama1_pal.agbpal
graphics	agbpal	32	graphics/banim/terrain/battle_terrain_takaiyama1_pal_2.agbpal
graphics	agbpal	32	graphics/banim/terrain/battle_terrain_takaiyama1_pal_3.agbpal
graphics	png	1515	graphics/banim/terrain/battle_terrain_takaiyama1_tileset.png
graphics	agbpal	32	graphics/banim/terrain/battle_terrain_takarabako1_pal.agbpal
graphics	agbpal	32	graphics/banim/terrain/battle_terrain_takarabako1_pal_2.agbpal
graphics	agbpal	32	graphics/banim/terrain/battle_terrain_takarabako1_pal_3.agbpal
graphics	agbpal	32	graphics/banim/terrain/battle_terrain_takarabako1_pal_4.agbpal
graphics	agbpal	32	graphics/banim/terrain/battle_terrain_takarabako1_pal_5.agbpal
graphics	agbpal	32	graphics/banim/terrain/battle_terrain_takarabako1_pal_6.agbpal
graphics	png	1506	graphics/banim/terrain/battle_terrain_takarabako1_tileset.png
graphics	agbpal	32	graphics/banim/terrain/battle_terrain_toride1_pal.agbpal
graphics	agbpal	32	graphics/banim/terrain/battle_terrain_toride1_pal_2.agbpal
graphics	png	1425	graphics/banim/terrain/battle_terrain_toride1_tileset.png
graphics	agbpal	32	graphics/banim/terrain/battle_terrain_tougijou1_pal.agbpal
graphics	agbpal	32	graphics/banim/terrain/battle_terrain_tougijou1_pal_2.agbpal
graphics	png	1614	graphics/banim/terrain/battle_terrain_tougijou1_tileset.png
graphics	agbpal	32	graphics/banim/terrain/battle_terrain_tuusintougi1_pal.agbpal
graphics	png	1284	graphics/banim/terrain/battle_terrain_tuusintougi1_tileset.png
graphics	agbpal	32	graphics/banim/terrain/battle_terrain_umi1_pal.agbpal
graphics	agbpal	32	graphics/banim/terrain/battle_terrain_umi1_pal_2.agbpal
graphics	png	1495	graphics/banim/terrain/battle_terrain_umi1_tileset.png
graphics	agbpal	32	graphics/banim/terrain/battle_terrain_yama1_pal.agbpal
graphics	agbpal	32	graphics/banim/terrain/battle_terrain_yama1_pal_2.agbpal
graphics	agbpal	32	graphics/banim/terrain/battle_terrain_yama1_pal_3.agbpal
graphics	png	1636	graphics/banim/terrain/battle_terrain_yama1_tileset.png
graphics	png	1076	graphics/bar_fx/bar_num.png
graphics	png	1121	graphics/bar_fx/ekr_expbarchangefx.png
graphics	png	1123	graphics/bar_fx/ekr_expbarfx.png
graphics	png	19547	graphics/bg/bg_Black_Temple_Inside.png
graphics	png	20869	graphics/bg/bg_Black_Temple_Outside.png
graphics	pal	917	graphics/bg/bg_Blank.pal
graphics	png	652	graphics/bg/bg_Blank.png
graphics	png	20430	graphics/bg/bg_Burning_Castle.png
graphics	png	16752	graphics/bg/bg_Caer_Pelyn.png
graphics	bin	1202	graphics/bg/bg_Castle_Back.bin
graphics	pal	1545	graphics/bg/bg_Castle_Back.pal
graphics	png	11711	graphics/bg/bg_Castle_Back.png
graphics	png	12351	graphics/bg/bg_Castle_Bright.png
graphics	pal	1395	graphics/bg/bg_Castle_Dark.pal
graphics	png	11342	graphics/bg/bg_Castle_Interior.png
graphics	pal	1259	graphics/bg/bg_Castle_Night.pal
graphics	bin	1202	graphics/bg/bg_Cell.bin
graphics	pal	1062	graphics/bg/bg_Cell.pal
graphics	png	8568	graphics/bg/bg_Cell.png
graphics	png	20221	graphics/bg/bg_Darkling_Woods.png
graphics	png	9016	graphics/bg/bg_Desert.png
graphics	png	11915	graphics/bg/bg_Fireplace.png
graphics	png	22026	graphics/bg/bg_Forest.png
graphics	png	19072	graphics/bg/bg_Fort.png
graphics	png	16099	graphics/bg/bg_Fort_Sunset.png
graphics	bin	1202	graphics/bg/bg_Garden.bin
graphics	pal	1438	graphics/bg/bg_Garden.pal
graphics	png	15156	graphics/bg/bg_Garden.png
graphics	pal	1410	graphics/bg/bg_Garden_Flashback.pal
graphics	png	12415	graphics/bg/bg_Gate.png
graphics	png	19559	graphics/bg/bg_Grado_Chamber.png
graphics	pal	1218	graphics/bg/bg_Grado_Chamber_Flashback.pal
graphics	png	6655	graphics/bg/bg_Grass_Plains.png
graphics	bin	1202	graphics/bg/bg_Grass_Plains_2.bin
graphics	pal	1304	graphics/bg/bg_Grass_Plains_2.pal
graphics	png	8751	graphics/bg/bg_Grass_Plains_2.png
graphics	png	15448	graphics/bg/bg_House.png
graphics	bin	1202	graphics/bg/bg_Interior_Black.bin
graphics	pal	974	graphics/bg/bg_Interior_Black.pal
graphics	png	10008	graphics/bg/bg_Interior_Black.png
graphics	pal	1045	graphics/bg/bg_Interior_Brown.pal
graphics	bin	1202	graphics/bg/bg_Manse_Back.bin
graphics	pal	1477	graphics/bg/bg_Manse_Back.pal
graphics	png	10832	graphics/bg/bg_Manse_Back.png
graphics	pal	1443	graphics/bg/bg_Manse_Flashback.pal
graphics	png	12904	graphics/bg/bg_Normal_Village.png
graphics	png	19212	graphics/bg/bg_Passage.png
graphics	png	9742	graphics/bg/bg_Plain_1.png
graphics	pal	1271	graphics/bg/bg_Plain_1_Fog.pal
graphics	pal	1149	graphics/bg/bg_Plain_1_Sunset.pal
graphics	png	14862	graphics/bg/bg_Plain_2.png
graphics	pal	1265	graphics/bg/bg_Plain_2_Fog.pal
graphics	pal	1129	graphics/bg/bg_Plain_2_Night.pal
graphics	pal	1222	graphics/bg/bg_Plain_2_Sunset.pal
graphics	png	10333	graphics/bg/bg_Port.png
graphics	png	19745	graphics/bg/bg_Renais_Chamber.png
graphics	pal	1381	graphics/bg/bg_Serafew_Flashback.pal
graphics	bin	1202	graphics/bg/bg_Serafew_Village.bin
graphics	pal	1398	graphics/bg/bg_Serafew_Village.pal
graphics	png	15043	graphics/bg/bg_Serafew_Village.png
graphics	png	12651	graphics/bg/bg_Ship.png
graphics	bin	1202	graphics/bg/bg_Stone_Chamber.bin
graphics	png	21688	graphics/bg/bg_Stone_Chamber.png
graphics	pal	1354	graphics/bg/bg_Stone_Flashback.pal
graphics	png	9440	graphics/bg/bg_Stream.png
graphics	pal	1315	graphics/bg/bg_Throne_Flashback.pal
graphics	bin	1202	graphics/bg/bg_Throne_Normal.bin
graphics	png	15188	graphics/bg/bg_Throne_Normal.png
graphics	png	15910	graphics/bg/bg_Town.png
graphics	png	16396	graphics/bg/bg_Trees.png
graphics	png	13376	graphics/bg/bg_Village_Clear.png
graphics	pal	1211	graphics/bg/bg_Village_Sunset.pal
graphics	bin	1202	graphics/bg/bg_Volcano.bin
graphics	pal	1321	graphics/bg/bg_Volcano.pal
graphics	png	15482	graphics/bg/bg_Volcano.png
graphics	png	18886	graphics/bg/bg_White_Chamber.png
graphics	png	9401	graphics/btl_bg/btl_bg_0.png
graphics	png	6561	graphics/btl_bg/btl_bg_1.png
graphics	png	6145	graphics/btl_bg/btl_bg_10.png
graphics	png	7829	graphics/btl_bg/btl_bg_11.png
graphics	png	4091	graphics/btl_bg/btl_bg_12.png
graphics	png	5042	graphics/btl_bg/btl_bg_13.png
graphics	bin	1200	graphics/btl_bg/btl_bg_14.bin
graphics	pal	1433	graphics/btl_bg/btl_bg_14.pal
graphics	png	1465	graphics/btl_bg/btl_bg_14.png
graphics	png	3974	graphics/btl_bg/btl_bg_15.png
graphics	pal	1536	graphics/btl_bg/btl_bg_16.pal
graphics	pal	1657	graphics/btl_bg/btl_bg_17.pal
graphics	pal	1909	graphics/btl_bg/btl_bg_18.pal
graphics	pal	1567	graphics/btl_bg/btl_bg_19.pal
graphics	png	3896	graphics/btl_bg/btl_bg_2.png
graphics	pal	1610	graphics/btl_bg/btl_bg_20.pal
graphics	pal	1527	graphics/btl_bg/btl_bg_21.pal
graphics	pal	1749	graphics/btl_bg/btl_bg_22.pal
graphics	pal	1277	graphics/btl_bg/btl_bg_23.pal
graphics	pal	1483	graphics/btl_bg/btl_bg_24.pal
graphics	pal	1572	graphics/btl_bg/btl_bg_25.pal
graphics	pal	1273	graphics/btl_bg/btl_bg_26.pal
graphics	bin	1200	graphics/btl_bg/btl_bg_27.bin
graphics	pal	1277	graphics/btl_bg/btl_bg_27.pal
graphics	png	8778	graphics/btl_bg/btl_bg_27.png
graphics	pal	1234	graphics/btl_bg/btl_bg_28.pal
graphics	pal	1358	graphics/btl_bg/btl_bg_29.pal
graphics	png	5859	graphics/btl_bg/btl_bg_3.png
graphics	pal	1256	graphics/btl_bg/btl_bg_30.pal
graphics	pal	1376	graphics/btl_bg/btl_bg_31.pal
graphics	png	7853	graphics/btl_bg/btl_bg_32.png
graphics	bin	1200	graphics/btl_bg/btl_bg_33.bin
graphics	pal	1486	graphics/btl_bg/btl_bg_33.pal
graphics	png	8768	graphics/btl_bg/btl_bg_33.png
graphics	pal	1349	graphics/btl_bg/btl_bg_34.pal
graphics	pal	1551	graphics/btl_bg/btl_bg_35.pal
graphics	pal	1714	graphics/btl_bg/btl_bg_36.pal
graphics	pal	1419	graphics/btl_bg/btl_bg_37.pal
graphics	pal	1586	graphics/btl_bg/btl_bg_38.pal
graphics	pal	1392	graphics/btl_bg/btl_bg_39.pal
graphics	png	4129	graphics/btl_bg/btl_bg_4.png
graphics	pal	1461	graphics/btl_bg/btl_bg_40.pal
graphics	pal	1373	graphics/btl_bg/btl_bg_41.pal
graphics	pal	1635	graphics/btl_bg/btl_bg_42.pal
graphics	pal	1501	graphics/btl_bg/btl_bg_43.pal
graphics	pal	1353	graphics/btl_bg/btl_bg_44.pal
graphics	png	5234	graphics/btl_bg/btl_bg_45.png
graphics	png	4355	graphics/btl_bg/btl_bg_46.png
graphics	png	7525	graphics/btl_bg/btl_bg_47.png
graphics	pal	1851	graphics/btl_bg/btl_bg_48.pal
graphics	pal	1514	graphics/btl_bg/btl_bg_49.pal
graphics	png	4503	graphics/btl_bg/btl_bg_5.png
graphics	pal	1678	graphics/btl_bg/btl_bg_50.pal
graphics	png	4215	graphics/btl_bg/btl_bg_52.png
graphics	pal	1423	graphics/btl_bg/btl_bg_53.pal
graphics	pal	1481	graphics/btl_bg/btl_bg_54.pal
graphics	bin	1200	graphics/btl_bg/btl_bg_55.bin
graphics	pal	1591	graphics/btl_bg/btl_bg_55.pal
graphics	png	8845	graphics/btl_bg/btl_bg_55.png
graphics	bin	1200	graphics/btl_bg/btl_bg_56.bin
graphics	png	10494	graphics/btl_bg/btl_bg_56.png
graphics	bin	1200	graphics/btl_bg/btl_bg_57.bin
graphics	png	10830	graphics/btl_bg/btl_bg_57.png
graphics	bin	1200	graphics/btl_bg/btl_bg_58.bin
graphics	pal	1715	graphics/btl_bg/btl_bg_58.pal
graphics	png	8761	graphics/btl_bg/btl_bg_58.png
graphics	bin	1200	graphics/btl_bg/btl_bg_59.bin
graphics	pal	1217	graphics/btl_bg/btl_bg_59.pal
graphics	png	8849	graphics/btl_bg/btl_bg_59.png
graphics	png	6433	graphics/btl_bg/btl_bg_6.png
graphics	bin	1200	graphics/btl_bg/btl_bg_60.bin
graphics	pal	1504	graphics/btl_bg/btl_bg_60.pal
graphics	png	9258	graphics/btl_bg/btl_bg_60.png
graphics	pal	1626	graphics/btl_bg/btl_bg_61.pal
graphics	pal	1615	graphics/btl_bg/btl_bg_62.pal
graphics	pal	1727	graphics/btl_bg/btl_bg_63.pal
graphics	pal	1606	graphics/btl_bg/btl_bg_64.pal
graphics	pal	1629	graphics/btl_bg/btl_bg_66.pal
graphics	pal	1558	graphics/btl_bg/btl_bg_67.pal
graphics	pal	1209	graphics/btl_bg/btl_bg_68.pal
graphics	png	3438	graphics/btl_bg/btl_bg_7.png
graphics	png	4800	graphics/btl_bg/btl_bg_8.png
graphics	bin	1202	graphics/cg/cg_0.bin
graphics	pal	1106	graphics/cg/cg_0.pal
graphics	png	1361	graphics/cg/cg_0_part_0.png
graphics	png	1875	graphics/cg/cg_0_part_1.png
graphics	png	1915	graphics/cg/cg_0_part_2.png
graphics	png	2010	graphics/cg/cg_0_part_3.png
graphics	png	2033	graphics/cg/cg_0_part_4.png
graphics	png	2088	graphics/cg/cg_0_part_5.png
graphics	png	2028	graphics/cg/cg_0_part_6.png
graphics	png	2044	graphics/cg/cg_0_part_7.png
graphics	png	2044	graphics/cg/cg_0_part_8.png
graphics	png	1951	graphics/cg/cg_0_part_9.png
graphics	bin	1202	graphics/cg/cg_1.bin
graphics	pal	1074	graphics/cg/cg_1.pal
graphics	png	1771	graphics/cg/cg_1_part_0.png
graphics	png	1970	graphics/cg/cg_1_part_1.png
graphics	png	2002	graphics/cg/cg_1_part_2.png
graphics	png	1995	graphics/cg/cg_1_part_3.png
graphics	png	1966	graphics/cg/cg_1_part_4.png
graphics	png	2026	graphics/cg/cg_1_part_5.png
graphics	png	1892	graphics/cg/cg_1_part_6.png
graphics	png	1924	graphics/cg/cg_1_part_7.png
graphics	png	1968	graphics/cg/cg_1_part_8.png
graphics	png	1932	graphics/cg/cg_1_part_9.png
graphics	bin	1202	graphics/cg/cg_2.bin
graphics	pal	1057	graphics/cg/cg_2.pal
graphics	png	1866	graphics/cg/cg_2_part_0.png
graphics	png	1960	graphics/cg/cg_2_part_1.png
graphics	png	2057	graphics/cg/cg_2_part_2.png
graphics	png	2061	graphics/cg/cg_2_part_3.png
graphics	png	2105	graphics/cg/cg_2_part_4.png
graphics	png	2026	graphics/cg/cg_2_part_5.png
graphics	png	1959	graphics/cg/cg_2_part_6.png
graphics	png	1743	graphics/cg/cg_2_part_7.png
graphics	png	1845	graphics/cg/cg_2_part_8.png
graphics	png	1859	graphics/cg/cg_2_part_9.png
graphics	bin	1202	graphics/cg/cg_3.bin
graphics	pal	1084	graphics/cg/cg_3.pal
graphics	png	1892	graphics/cg/cg_3_part_0.png
graphics	png	1907	graphics/cg/cg_3_part_1.png
graphics	png	1825	graphics/cg/cg_3_part_2.png
graphics	png	1952	graphics/cg/cg_3_part_3.png
graphics	png	2013	graphics/cg/cg_3_part_4.png
graphics	png	2076	graphics/cg/cg_3_part_5.png
graphics	png	2018	graphics/cg/cg_3_part_6.png
graphics	png	1967	graphics/cg/cg_3_part_7.png
graphics	png	2038	graphics/cg/cg_3_part_8.png
graphics	png	2075	graphics/cg/cg_3_part_9.png
graphics	bin	1202	graphics/cg/cg_4.bin
graphics	pal	1057	graphics/cg/cg_4.pal
graphics	png	1960	graphics/cg/cg_4_part_0.png
graphics	png	2023	graphics/cg/cg_4_part_1.png
graphics	png	2051	graphics/cg/cg_4_part_2.png
graphics	png	2039	graphics/cg/cg_4_part_3.png
graphics	png	2077	graphics/cg/cg_4_part_4.png
graphics	png	2082	graphics/cg/cg_4_part_5.png
graphics	png	1973	graphics/cg/cg_4_part_6.png
graphics	png	1991	graphics/cg/cg_4_part_7.png
graphics	png	1998	graphics/cg/cg_4_part_8.png
graphics	png	1968	graphics/cg/cg_4_part_9.png
graphics	bin	1202	graphics/cg/cg_5.bin
graphics	pal	1080	graphics/cg/cg_5.pal
graphics	png	1789	graphics/cg/cg_5_part_0.png
graphics	png	1848	graphics/cg/cg_5_part_1.png
graphics	png	1955	graphics/cg/cg_5_part_2.png
graphics	png	1991	graphics/cg/cg_5_part_3.png
graphics	png	2025	graphics/cg/cg_5_part_4.png
graphics	png	2033	graphics/cg/cg_5_part_5.png
graphics	png	2035	graphics/cg/cg_5_part_6.png
graphics	png	1962	graphics/cg/cg_5_part_7.png
graphics	png	1900	graphics/cg/cg_5_part_8.png
graphics	png	1791	graphics/cg/cg_5_part_9.png
graphics	bin	1202	graphics/cg/cg_6.bin
graphics	pal	1083	graphics/cg/cg_6.pal
graphics	png	1892	graphics/cg/cg_6_part_0.png
graphics	png	1908	graphics/cg/cg_6_part_1.png
graphics	png	1900	graphics/cg/cg_6_part_2.png
graphics	png	2046	graphics/cg/cg_6_part_3.png
graphics	png	2125	graphics/cg/cg_6_part_4.png
graphics	png	2088	graphics/cg/cg_6_part_5.png
graphics	png	2123	graphics/cg/cg_6_part_6.png
graphics	png	2079	graphics/cg/cg_6_part_7.png
graphics	png	2058	graphics/cg/cg_6_part_8.png
graphics	png	1971	graphics/cg/cg_6_part_9.png
graphics	bin	1202	graphics/cg/cg_7.bin
graphics	pal	1107	graphics/cg/cg_7.pal
graphics	png	1449	graphics/cg/cg_7_part_0.png
graphics	png	1880	graphics/cg/cg_7_part_1.png
graphics	png	1974	graphics/cg/cg_7_part_2.png
graphics	png	2035	graphics/cg/cg_7_part_3.png
graphics	png	2021	graphics/cg/cg_7_part_4.png
graphics	png	2088	graphics/cg/cg_7_part_5.png
graphics	png	2092	graphics/cg/cg_7_part_6.png
graphics	png	2023	graphics/cg/cg_7_part_7.png
graphics	png	1965	graphics/cg/cg_7_part_8.png
graphics	png	1983	graphics/cg/cg_7_part_9.png
graphics	bin	1202	graphics/cg/cg_8.bin
graphics	pal	1105	graphics/cg/cg_8.pal
graphics	png	1840	graphics/cg/cg_8_part_0.png
graphics	png	2024	graphics/cg/cg_8_part_1.png
graphics	png	2047	graphics/cg/cg_8_part_2.png
graphics	png	2066	graphics/cg/cg_8_part_3.png
graphics	png	1973	graphics/cg/cg_8_part_4.png
graphics	png	2050	graphics/cg/cg_8_part_5.png
graphics	png	2051	graphics/cg/cg_8_part_6.png
graphics	png	2053	graphics/cg/cg_8_part_7.png
graphics	png	1984	graphics/cg/cg_8_part_8.png
graphics	png	1946	graphics/cg/cg_8_part_9.png
graphics	bin	1202	graphics/cg/cg_9.bin
graphics	pal	1101	graphics/cg/cg_9.pal
graphics	png	1881	graphics/cg/cg_9_part_0.png
graphics	png	1957	graphics/cg/cg_9_part_1.png
graphics	png	2032	graphics/cg/cg_9_part_2.png
graphics	png	2045	graphics/cg/cg_9_part_3.png
graphics	png	2089	graphics/cg/cg_9_part_4.png
graphics	png	2097	graphics/cg/cg_9_part_5.png
graphics	png	2100	graphics/cg/cg_9_part_6.png
graphics	png	2067	graphics/cg/cg_9_part_7.png
graphics	png	2041	graphics/cg/cg_9_part_8.png
graphics	png	1997	graphics/cg/cg_9_part_9.png
graphics	png	727	graphics/chap_title/chap_title_0.png
graphics	png	464	graphics/chap_title/chap_title_1.png
graphics	png	587	graphics/chap_title/chap_title_10.png
graphics	png	638	graphics/chap_title/chap_title_11.png
graphics	png	680	graphics/chap_title/chap_title_12.png
graphics	png	585	graphics/chap_title/chap_title_13.png
graphics	png	725	graphics/chap_title/chap_title_14.png
graphics	png	603	graphics/chap_title/chap_title_15.png
graphics	png	649	graphics/chap_title/chap_title_16.png
graphics	png	666	graphics/chap_title/chap_title_17.png
graphics	png	657	graphics/chap_title/chap_title_18.png
graphics	png	531	graphics/chap_title/chap_title_19.png
graphics	png	572	graphics/chap_title/chap_title_2.png
graphics	png	663	graphics/chap_title/chap_title_20.png
graphics	png	729	graphics/chap_title/chap_title_21.png
graphics	png	580	graphics/chap_title/chap_title_23.png
graphics	png	608	graphics/chap_title/chap_title_24.png
graphics	png	633	graphics/chap_title/chap_title_25.png
graphics	png	653	graphics/chap_title/chap_title_26.png
graphics	png	610	graphics/chap_title/chap_title_27.png
graphics	png	717	graphics/chap_title/chap_title_3.png
graphics	png	490	graphics/chap_title/chap_title_36.png
graphics	png	522	graphics/chap_title/chap_title_37.png
graphics	png	514	graphics/chap_title/chap_title_38.png
graphics	png	507	graphics/chap_title/chap_title_39.png
graphics	png	604	graphics/chap_title/chap_title_4.png
graphics	png	509	graphics/chap_title/chap_title_40.png
graphics	png	509	graphics/chap_title/chap_title_41.png
graphics	png	504	graphics/chap_title/chap_title_42.png
graphics	png	503	graphics/chap_title/chap_title_43.png
graphics	png	513	graphics/chap_title/chap_title_44.png
graphics	png	509	graphics/chap_title/chap_title_45.png
graphics	png	468	graphics/chap_title/chap_title_46.png
graphics	png	491	graphics/chap_title/chap_title_47.png
graphics	png	492	graphics/chap_title/chap_title_48.png
graphics	png	483	graphics/chap_title/chap_title_49.png
graphics	png	608	graphics/chap_title/chap_title_5.png
graphics	png	488	graphics/chap_title/chap_title_50.png
graphics	png	487	graphics/chap_title/chap_title_51.png
graphics	png	485	graphics/chap_title/chap_title_52.png
graphics	png	486	graphics/chap_title/chap_title_53.png
graphics	png	484	graphics/chap_title/chap_title_54.png
graphics	png	490	graphics/chap_title/chap_title_55.png
graphics	png	462	graphics/chap_title/chap_title_56.png
graphics	png	140	graphics/chap_title/chap_title_57.png
graphics	png	697	graphics/chap_title/chap_title_6.png
graphics	png	658	graphics/chap_title/chap_title_61.png
graphics	png	572	graphics/chap_title/chap_title_62.png
graphics	png	622	graphics/chap_title/chap_title_7.png
graphics	png	438	graphics/chap_title/chap_title_70.png
graphics	png	415	graphics/chap_title/chap_title_71.png
graphics	png	437	graphics/chap_title/chap_title_72.png
graphics	png	439	graphics/chap_title/chap_title_73.png
graphics	png	356	graphics/chap_title/chap_title_74.png
graphics	png	465	graphics/chap_title/chap_title_75.png
graphics	png	436	graphics/chap_title/chap_title_76.png
graphics	png	452	graphics/chap_title/chap_title_77.png
graphics	png	471	graphics/chap_title/chap_title_78.png
graphics	png	661	graphics/chap_title/chap_title_8.png
graphics	png	416	graphics/chap_title/chap_title_84.png
graphics	png	450	graphics/chap_title/chap_title_85.png
graphics	png	140	graphics/chap_title/chap_title_86.png
graphics	png	537	graphics/chap_title/chap_title_87.png
graphics	png	523	graphics/chap_title/chap_title_9.png
graphics	png	140	graphics/chap_title/chap_title_blank.png
graphics	png	588	graphics/debug_font.png
graphics	png	1523	graphics/efxbattle/Img_BanimSnipperFBallistaIntro.png
graphics	png	1574	graphics/efxbattle/Img_BanimSnipperMBallistaIntro.png
graphics	png	2863	graphics/efxbattle/Img_TriFalconKnightLanceBG.png
graphics	png	3132	graphics/efxbattle/Img_TriFalconKnightLanceOBJ.png
graphics	png	2857	graphics/efxbattle/Img_TriFalconKnightSwordBG.png
graphics	png	3104	graphics/efxbattle/Img_TriFalconKnightSwordOBJ.png
graphics	png	2453	graphics/efxbattle/Img_TriGenerialAxeAtkOBJ.png
graphics	png	1731	graphics/efxbattle/Img_TriGenerialAxeOBJ.png
graphics	png	2326	graphics/efxbattle/Img_TriGenerialHandAxeAtkOBJ.png
graphics	png	1652	graphics/efxbattle/Img_TriGenerialHandAxeOBJ.png
graphics	png	2356	graphics/efxbattle/Img_TriGenerialLanceAtkOBJ.png
graphics	png	1634	graphics/efxbattle/Img_TriGenerialLanceOBJ.png
graphics	png	2042	graphics/efxbattle/Img_TriKnightAtkOBJ.png
graphics	png	1503	graphics/efxbattle/Img_TriKnightOBJ.png
graphics	png	2807	graphics/efxbattle/Img_TriPegasusKnightBG.png
graphics	png	3118	graphics/efxbattle/Img_TriPegasusKnightOBJ.png
graphics	png	1887	graphics/efxdragon/DemonLightBg_Close_1.png
graphics	png	1793	graphics/efxdragon/DemonLightBg_Close_10.png
graphics	png	1819	graphics/efxdragon/DemonLightBg_Close_11.png
graphics	png	1807	graphics/efxdragon/DemonLightBg_Close_12.png
graphics	png	1898	graphics/efxdragon/DemonLightBg_Close_13.png
graphics	png	1949	graphics/efxdragon/DemonLightBg_Close_14.png
graphics	png	1891	graphics/efxdragon/DemonLightBg_Close_15.png
graphics	png	1884	graphics/efxdragon/DemonLightBg_Close_16.png
graphics	png	1879	graphics/efxdragon/DemonLightBg_Close_17.png
graphics	png	1914	graphics/efxdragon/DemonLightBg_Close_18.png
graphics	png	2091	graphics/efxdragon/DemonLightBg_Close_19.png
graphics	png	1906	graphics/efxdragon/DemonLightBg_Close_2.png
graphics	png	2488	graphics/efxdragon/DemonLightBg_Close_20.png
graphics	png	2600	graphics/efxdragon/DemonLightBg_Close_21.png
graphics	png	2792	graphics/efxdragon/DemonLightBg_Close_22.png
graphics	png	2923	graphics/efxdragon/DemonLightBg_Close_23.png
graphics	png	3145	graphics/efxdragon/DemonLightBg_Close_24.png
graphics	png	3358	graphics/efxdragon/DemonLightBg_Close_25.png
graphics	png	3291	graphics/efxdragon/DemonLightBg_Close_26.png
graphics	png	3064	graphics/efxdragon/DemonLightBg_Close_27.png
graphics	png	2586	graphics/efxdragon/DemonLightBg_Close_28.png
graphics	png	1926	graphics/efxdragon/DemonLightBg_Close_29.png
graphics	png	1893	graphics/efxdragon/DemonLightBg_Close_3.png
graphics	png	2103	graphics/efxdragon/DemonLightBg_Close_30.png
graphics	png	2280	graphics/efxdragon/DemonLightBg_Close_31.png
graphics	png	1706	graphics/efxdragon/DemonLightBg_Close_32.png
graphics	png	1802	graphics/efxdragon/DemonLightBg_Close_4.png
graphics	png	1784	graphics/efxdragon/DemonLightBg_Close_5.png
graphics	png	1801	graphics/efxdragon/DemonLightBg_Close_6.png
graphics	png	1790	graphics/efxdragon/DemonLightBg_Close_7.png
graphics	png	1816	graphics/efxdragon/DemonLightBg_Close_8.png
graphics	png	1812	graphics/efxdragon/DemonLightBg_Close_9.png
graphics	png	1896	graphics/efxdragon/DemonLightBg_Far_1.png
graphics	png	1786	graphics/efxdragon/DemonLightBg_Far_10.png
graphics	png	1811	graphics/efxdragon/DemonLightBg_Far_11.png
graphics	png	1804	graphics/efxdragon/DemonLightBg_Far_12.png
graphics	png	1913	graphics/efxdragon/DemonLightBg_Far_13.png
graphics	png	1954	graphics/efxdragon/DemonLightBg_Far_14.png
graphics	png	1876	graphics/efxdragon/DemonLightBg_Far_15.png
graphics	png	1872	graphics/efxdragon/DemonLightBg_Far_16.png
graphics	png	1863	graphics/efxdragon/DemonLightBg_Far_17.png
graphics	png	1919	graphics/efxdragon/DemonLightBg_Far_18.png
graphics	png	2109	graphics/efxdragon/DemonLightBg_Far_19.png
graphics	png	1907	graphics/efxdragon/DemonLightBg_Far_2.png
graphics	png	2431	graphics/efxdragon/DemonLightBg_Far_20.png
graphics	png	2554	graphics/efxdragon/DemonLightBg_Far_21.png
graphics	png	2780	graphics/efxdragon/DemonLightBg_Far_22.png
graphics	png	2929	graphics/efxdragon/DemonLightBg_Far_23.png
graphics	png	3149	graphics/efxdragon/DemonLightBg_Far_24.png
graphics	png	3357	graphics/efxdragon/DemonLightBg_Far_25.png
graphics	png	3312	graphics/efxdragon/DemonLightBg_Far_26.png
graphics	png	3044	graphics/efxdragon/DemonLightBg_Far_27.png
graphics	png	2565	graphics/efxdragon/DemonLightBg_Far_28.png
graphics	png	1888	graphics/efxdragon/DemonLightBg_Far_29.png
graphics	png	1890	graphics/efxdragon/DemonLightBg_Far_3.png
graphics	png	2057	graphics/efxdragon/DemonLightBg_Far_30.png
graphics	png	2238	graphics/efxdragon/DemonLightBg_Far_31.png
graphics	png	1698	graphics/efxdragon/DemonLightBg_Far_32.png
graphics	png	1806	graphics/efxdragon/DemonLightBg_Far_4.png
graphics	png	1791	graphics/efxdragon/DemonLightBg_Far_5.png
graphics	png	1795	graphics/efxdragon/DemonLightBg_Far_6.png
graphics	png	1789	graphics/efxdragon/DemonLightBg_Far_7.png
graphics	png	1818	graphics/efxdragon/DemonLightBg_Far_8.png
graphics	png	1798	graphics/efxdragon/DemonLightBg_Far_9.png
graphics	png	1056	graphics/efxmagic/Gfx_EfxDanceObj.png
graphics	png	942	graphics/efxmagic/Img_EfxArrowOBJ.png
graphics	png	1484	graphics/efxmagic/Img_EfxTeonoOBJ.png
graphics	png	991	graphics/efxmagic/Img_SpellJavelin.png
graphics	png	972	graphics/efxmagic/Img_SpellJavelinCavalier.png
graphics	png	1019	graphics/efxmagic/Img_SpellJavelinFalcon.png
graphics	png	1044	graphics/efxmagic/Img_SpellJavelinGenerial.png
graphics	png	978	graphics/efxmagic/Img_SpellJavelinPaladin.png
graphics	png	989	graphics/efxmagic/Img_SpellJavelinPegasusKnight.png
graphics	png	961	graphics/efxmagic/Img_SpellJavelinSoldier.png
graphics	png	1003	graphics/efxmagic/Img_SpellJavelinUnk.png
graphics	png	1047	graphics/efxmagic/Img_SpellJavelinWyvernLord.png
graphics	png	996	graphics/efxmagic/Img_SpellJavelinWyvernRider.png
graphics	png	227	graphics/efxskill/efxskill_1.png
graphics	png	1162	graphics/efxskill/efxskill_10.png
graphics	png	1103	graphics/efxskill/efxskill_11.png
graphics	png	968	graphics/efxskill/efxskill_12.png
graphics	png	930	graphics/efxskill/efxskill_13.png
graphics	png	843	graphics/efxskill/efxskill_14.png
graphics	png	752	graphics/efxskill/efxskill_15.png
graphics	png	458	graphics/efxskill/efxskill_16.png
graphics	png	258	graphics/efxskill/efxskill_2.png
graphics	png	298	graphics/efxskill/efxskill_3.png
graphics	png	357	graphics/efxskill/efxskill_4.png
graphics	png	449	graphics/efxskill/efxskill_5.png
graphics	png	582	graphics/efxskill/efxskill_6.png
graphics	png	809	graphics/efxskill/efxskill_7.png
graphics	png	1102	graphics/efxskill/efxskill_8.png
graphics	png	1180	graphics/efxskill/efxskill_9.png
graphics	png	1760	graphics/event/Gfx_Congratulations.png
graphics	png	1612	graphics/event/Gfx_MapClear.png
graphics	pal	218	graphics/generic_icon/0.pal
graphics	png	435	graphics/generic_icon/0.png
graphics	pal	217	graphics/generic_icon/1.pal
graphics	png	469	graphics/generic_icon/1.png
graphics	pal	217	graphics/generic_icon/2.pal
graphics	png	442	graphics/generic_icon/2.png
graphics	pal	218	graphics/generic_icon/3.pal
graphics	png	471	graphics/generic_icon/3.png
graphics	png	200	graphics/item_icon/item_icon_afas_drop.png
graphics	png	227	graphics/item_icon/item_icon_affinity_anima.png
graphics	png	210	graphics/item_icon/item_icon_affinity_dark.png
graphics	png	218	graphics/item_icon/item_icon_affinity_fire.png
graphics	png	227	graphics/item_icon/item_icon_affinity_ice.png
graphics	png	226	graphics/item_icon/item_icon_affinity_light.png
graphics	png	226	graphics/item_icon/item_icon_affinity_thunder.png
graphics	png	214	graphics/item_icon/item_icon_affinity_wind.png
graphics	png	226	graphics/item_icon/item_icon_angelic_robe.png
graphics	png	207	graphics/item_icon/item_icon_anima_bolting.png
graphics	png	201	graphics/item_icon/item_icon_anima_elfire.png
graphics	png	196	graphics/item_icon/item_icon_anima_excalibur.png
graphics	png	201	graphics/item_icon/item_icon_anima_fimbulvetr.png
graphics	png	191	graphics/item_icon/item_icon_anima_fire.png
graphics	png	204	graphics/item_icon/item_icon_anima_forblaze.png
graphics	png	198	graphics/item_icon/item_icon_anima_thunder.png
graphics	png	202	graphics/item_icon/item_icon_antitoxin.png
graphics	png	239	graphics/item_icon/item_icon_axe_armads.png
graphics	png	230	graphics/item_icon/item_icon_axe_basilikos.png
graphics	png	221	graphics/item_icon/item_icon_axe_battleaxe.png
graphics	png	229	graphics/item_icon/item_icon_axe_brave.png
graphics	png	234	graphics/item_icon/item_icon_axe_devil.png
graphics	png	230	graphics/item_icon/item_icon_axe_dragon.png
graphics	png	202	graphics/item_icon/item_icon_axe_fiendcleaver.png
graphics	png	226	graphics/item_icon/item_icon_axe_garm.png
graphics	png	214	graphics/item_icon/item_icon_axe_halberd.png
graphics	png	217	graphics/item_icon/item_icon_axe_hammer.png
graphics	png	219	graphics/item_icon/item_icon_axe_hand.png
graphics	png	186	graphics/item_icon/item_icon_axe_hatchet.png
graphics	png	204	graphics/item_icon/item_icon_axe_iron.png
graphics	png	218	graphics/item_icon/item_icon_axe_killer.png
graphics	png	213	graphics/item_icon/item_icon_axe_silver.png
graphics	png	217	graphics/item_icon/item_icon_axe_steel.png
graphics	png	218	graphics/item_icon/item_icon_axe_swordreaver.png
graphics	png	217	graphics/item_icon/item_icon_axe_swordslayer.png
graphics	png	225	graphics/item_icon/item_icon_axe_tomahawk.png
graphics	png	210	graphics/item_icon/item_icon_axe_venin.png
graphics	png	222	graphics/item_icon/item_icon_axe_wolf_beil.png
graphics	png	236	graphics/item_icon/item_icon_ballista_killer.png
graphics	png	227	graphics/item_icon/item_icon_ballista_long.png
graphics	png	227	graphics/item_icon/item_icon_ballista_regular.png
graphics	png	194	graphics/item_icon/item_icon_black_gem.png
graphics	png	190	graphics/item_icon/item_icon_blue_gem.png
graphics	png	208	graphics/item_icon/item_icon_body_ring.png
graphics	png	218	graphics/item_icon/item_icon_bow_beacon.png
graphics	png	227	graphics/item_icon/item_icon_bow_brave.png
graphics	png	212	graphics/item_icon/item_icon_bow_iron.png
graphics	png	217	graphics/item_icon/item_icon_bow_killer.png
graphics	png	222	graphics/item_icon/item_icon_bow_long.png
graphics	png	225	graphics/item_icon/item_icon_bow_nidhogg.png
graphics	png	223	graphics/item_icon/item_icon_bow_poison.png
graphics	png	225	graphics/item_icon/item_icon_bow_rienfleche.png
graphics	png	203	graphics/item_icon/item_icon_bow_short.png
graphics	png	221	graphics/item_icon/item_icon_bow_silver.png
graphics	png	220	graphics/item_icon/item_icon_bow_steel.png
graphics	png	202	graphics/item_icon/item_icon_chest_key.png
graphics	png	202	graphics/item_icon/item_icon_chest_key_2.png
graphics	png	212	graphics/item_icon/item_icon_crimson_eye.png
graphics	png	197	graphics/item_icon/item_icon_dark_eclipse.png
graphics	png	210	graphics/item_icon/item_icon_dark_ereshkigal.png
graphics	png	197	graphics/item_icon/item_icon_dark_fenrir.png
graphics	png	185	graphics/item_icon/item_icon_dark_flux.png
graphics	png	195	graphics/item_icon/item_icon_dark_gespenst.png
graphics	png	194	graphics/item_icon/item_icon_dark_gleipnir.png
graphics	png	190	graphics/item_icon/item_icon_dark_luna.png
graphics	png	194	graphics/item_icon/item_icon_dark_naglfar.png
graphics	png	189	graphics/item_icon/item_icon_dark_nosferatu.png
graphics	png	230	graphics/item_icon/item_icon_delphi_shield.png
graphics	png	203	graphics/item_icon/item_icon_demon_light.png
graphics	png	205	graphics/item_icon/item_icon_demon_surge.png
graphics	png	204	graphics/item_icon/item_icon_door_key.png
graphics	png	217	graphics/item_icon/item_icon_dragonshield.png
graphics	png	205	graphics/item_icon/item_icon_dragonstone.png
graphics	png	228	graphics/item_icon/item_icon_earth_seal.png
graphics	png	201	graphics/item_icon/item_icon_elixir.png
graphics	png	228	graphics/item_icon/item_icon_elysian_whip.png
graphics	png	212	graphics/item_icon/item_icon_emblem_seal.png
graphics	png	213	graphics/item_icon/item_icon_energy_ring.png
graphics	png	213	graphics/item_icon/item_icon_evil_eye.png
graphics	png	213	graphics/item_icon/item_icon_fell_contract.png
graphics	png	211	graphics/item_icon/item_icon_fetid_claw.png
graphics	png	214	graphics/item_icon/item_icon_fiery_fang.png
graphics	png	228	graphics/item_icon/item_icon_fili_shield.png
graphics	png	212	graphics/item_icon/item_icon_fillas_might.png
graphics	png	209	graphics/item_icon/item_icon_firestone.png
graphics	png	203	graphics/item_icon/item_icon_goddess_icon.png
graphics	png	204	graphics/item_icon/item_icon_gold.png
graphics	png	198	graphics/item_icon/item_icon_gold_gem.png
graphics	png	209	graphics/item_icon/item_icon_guiding_ring.png
graphics	png	226	graphics/item_icon/item_icon_heaven_seal.png
graphics	png	215	graphics/item_icon/item_icon_hellfang.png
graphics	png	207	graphics/item_icon/item_icon_hero_crest.png
graphics	png	224	graphics/item_icon/item_icon_hoplon_guard.png
graphics	png	218	graphics/item_icon/item_icon_icon_horse.png
graphics	png	225	graphics/item_icon/item_icon_icon_pegasus.png
graphics	png	230	graphics/item_icon/item_icon_icon_wyvern.png
graphics	png	246	graphics/item_icon/item_icon_inventory_category_axe.png
graphics	png	235	graphics/item_icon/item_icon_inventory_category_bow.png
graphics	png	223	graphics/item_icon/item_icon_inventory_category_lance.png
graphics	png	234	graphics/item_icon/item_icon_inventory_category_magic_anima.png
graphics	png	228	graphics/item_icon/item_icon_inventory_category_magic_dark.png
graphics	png	237	graphics/item_icon/item_icon_inventory_category_magic_light.png
graphics	png	231	graphics/item_icon/item_icon_inventory_category_staff.png
graphics	png	232	graphics/item_icon/item_icon_inventory_category_sword.png
graphics	png	217	graphics/item_icon/item_icon_iron_rune.png
graphics	png	226	graphics/item_icon/item_icon_knights_crest.png
graphics	png	185	graphics/item_icon/item_icon_lance_axereaver.png
graphics	png	198	graphics/item_icon/item_icon_lance_brave.png
graphics	png	168	graphics/item_icon/item_icon_lance_brightlance.png
graphics	png	182	graphics/item_icon/item_icon_lance_heavy_spear.png
graphics	png	184	graphics/item_icon/item_icon_lance_horseslayer.png
graphics	png	160	graphics/item_icon/item_icon_lance_iron.png
graphics	png	197	graphics/item_icon/item_icon_lance_javelin.png
graphics	png	182	graphics/item_icon/item_icon_lance_killer.png
graphics	png	197	graphics/item_icon/item_icon_lance_reginleif.png
graphics	png	179	graphics/item_icon/item_icon_lance_rex_hasta.png
graphics	png	198	graphics/item_icon/item_icon_lance_short_spear.png
graphics	png	196	graphics/item_icon/item_icon_lance_siegmund.png
graphics	png	171	graphics/item_icon/item_icon_lance_silver.png
graphics	png	157	graphics/item_icon/item_icon_lance_slim.png
graphics	png	203	graphics/item_icon/item_icon_lance_spear.png
graphics	png	203	graphics/item_icon/item_icon_lance_spear_2.png
graphics	png	172	graphics/item_icon/item_icon_lance_steel.png
graphics	png	175	graphics/item_icon/item_icon_lance_venin.png
graphics	png	191	graphics/item_icon/item_icon_lance_vidofnir.png
graphics	png	221	graphics/item_icon/item_icon_lethal_talon.png
graphics	png	203	graphics/item_icon/item_icon_light_aura.png
graphics	png	204	graphics/item_icon/item_icon_light_aureola.png
graphics	png	195	graphics/item_icon/item_icon_light_divine.png
graphics	png	209	graphics/item_icon/item_icon_light_ivaldi.png
graphics	png	190	graphics/item_icon/item_icon_light_lightning.png
graphics	png	199	graphics/item_icon/item_icon_light_luce.png
graphics	png	195	graphics/item_icon/item_icon_light_purge.png
graphics	png	194	graphics/item_icon/item_icon_light_shine.png
graphics	png	181	graphics/item_icon/item_icon_lightrune.png
graphics	png	196	graphics/item_icon/item_icon_lockpick.png
graphics	png	230	graphics/item_icon/item_icon_lunar_brace.png
graphics	png	222	graphics/item_icon/item_icon_master_seal.png
graphics	png	190	graphics/item_icon/item_icon_member_card.png
graphics	png	204	graphics/item_icon/item_icon_metiss_tome.png
graphics	png	189	graphics/item_icon/item_icon_mine.png
graphics	png	174	graphics/item_icon/item_icon_music_note_green.png
graphics	png	174	graphics/item_icon/item_icon_music_note_red.png
graphics	png	209	graphics/item_icon/item_icon_nightmare.png
graphics	png	210	graphics/item_icon/item_icon_ninis_grace.png
graphics	png	216	graphics/item_icon/item_icon_ocean_seal.png
graphics	png	242	graphics/item_icon/item_icon_orions_bolt.png
graphics	agbpal	64	graphics/item_icon/item_icon_palette.agbpal
graphics	png	208	graphics/item_icon/item_icon_poison_claw.png
graphics	png	204	graphics/item_icon/item_icon_pure_water.png
graphics	png	209	graphics/item_icon/item_icon_ravager.png
graphics	png	192	graphics/item_icon/item_icon_red_gem.png
graphics	png	196	graphics/item_icon/item_icon_rotten_claw.png
graphics	png	230	graphics/item_icon/item_icon_secret_book.png
graphics	png	213	graphics/item_icon/item_icon_sets_litany.png
graphics	png	204	graphics/item_icon/item_icon_shadowshot.png
graphics	png	196	graphics/item_icon/item_icon_sharp_claw.png
graphics	png	188	graphics/item_icon/item_icon_silver_card.png
graphics	png	230	graphics/item_icon/item_icon_solar_brace.png
graphics	png	178	graphics/item_icon/item_icon_spear_dragon.png
graphics	png	204	graphics/item_icon/item_icon_speedwings.png
graphics	png	194	graphics/item_icon/item_icon_staff_barrior.png
graphics	png	192	graphics/item_icon/item_icon_staff_berserk.png
graphics	png	195	graphics/item_icon/item_icon_staff_fortify.png
graphics	png	192	graphics/item_icon/item_icon_staff_hammerne.png
graphics	png	184	graphics/item_icon/item_icon_staff_heal.png
graphics	png	214	graphics/item_icon/item_icon_staff_latona.png
graphics	png	191	graphics/item_icon/item_icon_staff_mend.png
graphics	png	187	graphics/item_icon/item_icon_staff_physic.png
graphics	png	209	graphics/item_icon/item_icon_staff_recover.png
graphics	png	197	graphics/item_icon/item_icon_staff_rescue.png
graphics	png	193	graphics/item_icon/item_icon_staff_restore.png
graphics	png	191	graphics/item_icon/item_icon_staff_silence.png
graphics	png	193	graphics/item_icon/item_icon_staff_sleep.png
graphics	png	202	graphics/item_icon/item_icon_staff_torch.png
graphics	png	189	graphics/item_icon/item_icon_staff_unlock.png
graphics	png	197	graphics/item_icon/item_icon_staff_warp.png
graphics	png	204	graphics/item_icon/item_icon_stone.png
graphics	png	227	graphics/item_icon/item_icon_swiftsole.png
graphics	png	193	graphics/item_icon/item_icon_sword_armor_slayer.png
graphics	png	216	graphics/item_icon/item_icon_sword_audhulma.png
graphics	png	190	graphics/item_icon/item_icon_sword_blade_iron.png
graphics	png	192	graphics/item_icon/item_icon_sword_blade_steel.png
graphics	png	205	graphics/item_icon/item_icon_sword_brave.png
graphics	png	218	graphics/item_icon/item_icon_sword_durandal.png
graphics	png	180	graphics/item_icon/item_icon_sword_iron.png
graphics	png	199	graphics/item_icon/item_icon_sword_killing_edge.png
graphics	png	202	graphics/item_icon/item_icon_sword_lancereaver.png
graphics	png	206	graphics/item_icon/item_icon_sword_light_brand.png
graphics	png	187	graphics/item_icon/item_icon_sword_mani_katti.png
graphics	png	187	graphics/item_icon/item_icon_sword_rapier.png
graphics	png	204	graphics/item_icon/item_icon_sword_regal_blade.png
graphics	png	208	graphics/item_icon/item_icon_sword_rune.png
graphics	png	219	graphics/item_icon/item_icon_sword_seiglinde.png
graphics	png	184	graphics/item_icon/item_icon_sword_shadowkiller.png
graphics	png	188	graphics/item_icon/item_icon_sword_shamsir.png
graphics	png	184	graphics/item_icon/item_icon_sword_sieglinde.png
graphics	png	199	graphics/item_icon/item_icon_sword_silver.png
graphics	png	202	graphics/item_icon/item_icon_sword_silver_blade.png
graphics	png	179	graphics/item_icon/item_icon_sword_slim.png
graphics	png	187	graphics/item_icon/item_icon_sword_sol_katti.png
graphics	png	181	graphics/item_icon/item_icon_sword_steel.png
graphics	png	178	graphics/item_icon/item_icon_sword_venin.png
graphics	png	193	graphics/item_icon/item_icon_sword_wind_sword.png
graphics	png	191	graphics/item_icon/item_icon_sword_wo_dao.png
graphics	png	228	graphics/item_icon/item_icon_sword_wrymslayer.png
graphics	png	195	graphics/item_icon/item_icon_sword_zanbato.png
graphics	png	222	graphics/item_icon/item_icon_talisman.png
graphics	png	212	graphics/item_icon/item_icon_thors_ire.png
graphics	png	194	graphics/item_icon/item_icon_torch.png
graphics	png	211	graphics/item_icon/item_icon_unk.png
graphics	png	178	graphics/item_icon/item_icon_unused_0.png
graphics	png	178	graphics/item_icon/item_icon_unused_1.png
graphics	png	178	graphics/item_icon/item_icon_unused_10.png
graphics	png	178	graphics/item_icon/item_icon_unused_2.png
graphics	png	178	graphics/item_icon/item_icon_unused_3.png
graphics	png	178	graphics/item_icon/item_icon_unused_4.png
graphics	png	178	graphics/item_icon/item_icon_unused_5.png
graphics	png	178	graphics/item_icon/item_icon_unused_6.png
graphics	png	178	graphics/item_icon/item_icon_unused_7.png
graphics	png	178	graphics/item_icon/item_icon_unused_8.png
graphics	png	178	graphics/item_icon/item_icon_unused_9.png
graphics	png	203	graphics/item_icon/item_icon_vulnerary.png
graphics	png	192	graphics/item_icon/item_icon_white_gem.png
graphics	png	238	graphics/item_icon/item_icon_wretched_air.png
graphics	png	1445	graphics/lvup/EkrLvupNumBig.png
graphics	png	1194	graphics/lvup/LvupAp.png
graphics	png	1153	graphics/lvup/ManimLevelUpStatGainDigits.png
graphics	png	1194	graphics/lvup/ManimLevelUpText.png
graphics	png	1237	graphics/lvup/ManimLvupStatGain.png
graphics	pal	1937	graphics/map/AnotherShrinePalette.pal
graphics	bin	4	graphics/map/Ch10EirikaMapChanges_change_0.bin
graphics	bin	2	graphics/map/Ch10EirikaMapChanges_change_1.bin
graphics	bin	2	graphics/map/Ch10EirikaMapChanges_change_2.bin
graphics	bin	2	graphics/map/Ch10EirikaMapChanges_change_3.bin
graphics	bin	2	graphics/map/Ch10EirikaMapChanges_change_4.bin
graphics	bin	18	graphics/map/Ch10EphraimMapChanges_change_0.bin
graphics	bin	18	graphics/map/Ch10EphraimMapChanges_change_1.bin
graphics	bin	2	graphics/map/Ch10EphraimMapChanges_change_2.bin
graphics	bin	2	graphics/map/Ch10EphraimMapChanges_change_3.bin
graphics	bin	2	graphics/map/Ch10EphraimMapChanges_change_4.bin
graphics	bin	2	graphics/map/Ch10EphraimMapChanges_change_5.bin
graphics	bin	2	graphics/map/Ch10EphraimMapChanges_change_6.bin
graphics	bin	2	graphics/map/Ch10EphraimMapChanges_change_7.bin
graphics	bin	2	graphics/map/Ch11EirikaMapChanges_change_0.bin
graphics	bin	2	graphics/map/Ch11EirikaMapChanges_change_1.bin
graphics	bin	2	graphics/map/Ch11EirikaMapChanges_change_2.bin
graphics	bin	2	graphics/map/Ch11EirikaMapChanges_change_3.bin
graphics	bin	4	graphics/map/Ch11EirikaMapChanges_change_4.bin
graphics	bin	168	graphics/map/Ch11EphraimMapChanges_change_0.bin
graphics	bin	304	graphics/map/Ch11EphraimMapChanges_change_1.bin
graphics	bin	40	graphics/map/Ch11EphraimMapChanges_change_2.bin
graphics	bin	204	graphics/map/Ch11EphraimMapChanges_change_3.bin
graphics	png	2211	graphics/map/Ch11EphraimTileAnimations_frame_0.png
graphics	png	2216	graphics/map/Ch11EphraimTileAnimations_frame_1.png
graphics	png	2218	graphics/map/Ch11EphraimTileAnimations_frame_2.png
graphics	png	2205	graphics/map/Ch11EphraimTileAnimations_frame_3.png
graphics	png	2215	graphics/map/Ch11EphraimTileAnimations_frame_4.png
graphics	png	2194	graphics/map/Ch11EphraimTileAnimations_frame_5.png
graphics	png	2171	graphics/map/Ch11EphraimTileAnimations_frame_6.png
graphics	png	2170	graphics/map/Ch11EphraimTileAnimations_frame_7.png
graphics	bin	2	graphics/map/Ch12EirikaMapChanges_change_0.bin
graphics	bin	2	graphics/map/Ch12EirikaMapChanges_change_1.bin
graphics	bin	2	graphics/map/Ch12EirikaMapChanges_change_2.bin
graphics	bin	2	graphics/map/Ch12EirikaMapChanges_change_3.bin
graphics	bin	12	graphics/map/Ch12EphraimMapChanges_change_0.bin
graphics	bin	2	graphics/map/Ch12EphraimMapChanges_change_1.bin
graphics	bin	18	graphics/map/Ch13EphraimMapChanges_change_0.bin
graphics	bin	18	graphics/map/Ch13EphraimMapChanges_change_1.bin
graphics	bin	2	graphics/map/Ch13EphraimMapChanges_change_2.bin
graphics	bin	2	graphics/map/Ch13EphraimMapChanges_change_3.bin
graphics	bin	6	graphics/map/Ch13EphraimMapChanges_change_4.bin
graphics	bin	120	graphics/map/Ch14EirikaMapChanges_change_0.bin
graphics	bin	42	graphics/map/Ch14EirikaMapChanges_change_1.bin
graphics	bin	2	graphics/map/Ch14EirikaMapChanges_change_10.bin
graphics	bin	2	graphics/map/Ch14EirikaMapChanges_change_11.bin
graphics	bin	2	graphics/map/Ch14EirikaMapChanges_change_12.bin
graphics	bin	2	graphics/map/Ch14EirikaMapChanges_change_13.bin
graphics	bin	4	graphics/map/Ch14EirikaMapChanges_change_2.bin
graphics	bin	48	graphics/map/Ch14EirikaMapChanges_change_3.bin
graphics	bin	2	graphics/map/Ch14EirikaMapChanges_change_4.bin
graphics	bin	84	graphics/map/Ch14EirikaMapChanges_change_5.bin
graphics	bin	48	graphics/map/Ch14EirikaMapChanges_change_6.bin
graphics	bin	2	graphics/map/Ch14EirikaMapChanges_change_7.bin
graphics	bin	2	graphics/map/Ch14EirikaMapChanges_change_8.bin
graphics	bin	48	graphics/map/Ch14EirikaMapChanges_change_9.bin
graphics	bin	12	graphics/map/Ch14EphraimMapChanges_change_0.bin
graphics	bin	18	graphics/map/Ch14EphraimMapChanges_change_1.bin
graphics	bin	18	graphics/map/Ch14EphraimMapChanges_change_2.bin
graphics	bin	12	graphics/map/Ch14EphraimMapChanges_change_3.bin
graphics	bin	2	graphics/map/Ch14EphraimMapChanges_change_4.bin
graphics	bin	2	graphics/map/Ch14EphraimMapChanges_change_5.bin
graphics	bin	2	graphics/map/Ch14EphraimMapChanges_change_6.bin
graphics	bin	2	graphics/map/Ch14EphraimMapChanges_change_7.bin
graphics	bin	2	graphics/map/Ch14EphraimMapChanges_change_8.bin
graphics	bin	18	graphics/map/Ch15MapChanges_change_0.bin
graphics	bin	2	graphics/map/Ch15MapChanges_change_1.bin
graphics	bin	8	graphics/map/Ch16MapChanges_change_0.bin
graphics	bin	12	graphics/map/Ch16MapChanges_change_1.bin
graphics	bin	2	graphics/map/Ch16MapChanges_change_2.bin
graphics	bin	2	graphics/map/Ch16MapChanges_change_3.bin
graphics	bin	2	graphics/map/Ch16MapChanges_change_4.bin
graphics	bin	2	graphics/map/Ch16MapChanges_change_5.bin
graphics	bin	2	graphics/map/Ch16MapChanges_change_6.bin
graphics	bin	4	graphics/map/Ch16MapChanges_change_7.bin
graphics	bin	8	graphics/map/Ch16MapChanges_change_8.bin
graphics	bin	6	graphics/map/Ch17MapChanges_change_0.bin
graphics	bin	6	graphics/map/Ch17MapChanges_change_1.bin
graphics	bin	2	graphics/map/Ch17MapChanges_change_2.bin
graphics	bin	2	graphics/map/Ch17MapChanges_change_3.bin
graphics	bin	2	graphics/map/Ch19MapChanges_change_0.bin
graphics	bin	2	graphics/map/Ch19MapChanges_change_1.bin
graphics	bin	2	graphics/map/Ch19MapChanges_change_2.bin
graphics	bin	2	graphics/map/Ch19MapChanges_change_3.bin
graphics	bin	2	graphics/map/Ch19MapChanges_change_4.bin
graphics	bin	2	graphics/map/Ch19MapChanges_change_5.bin
graphics	bin	4	graphics/map/Ch19MapChanges_change_6.bin
graphics	bin	18	graphics/map/Ch2TileChanges_change_0.bin
graphics	bin	18	graphics/map/Ch2TileChanges_change_1.bin
graphics	bin	18	graphics/map/Ch2TileChanges_change_2.bin
graphics	bin	18	graphics/map/Ch2TileChanges_change_3.bin
graphics	bin	2	graphics/map/Ch2TileChanges_change_4.bin
graphics	bin	2	graphics/map/Ch2TileChanges_change_5.bin
graphics	bin	2	graphics/map/Ch2TileChanges_change_6.bin
graphics	bin	2	graphics/map/Ch2TileChanges_change_7.bin
graphics	bin	8	graphics/map/Ch3MapChanges_change_0.bin
graphics	bin	8	graphics/map/Ch3MapChanges_change_1.bin
graphics	bin	8	graphics/map/Ch3MapChanges_change_2.bin
graphics	bin	4	graphics/map/Ch3MapChanges_change_3.bin
graphics	bin	2	graphics/map/Ch3MapChanges_change_4.bin
graphics	bin	2	graphics/map/Ch3MapChanges_change_5.bin
graphics	bin	2	graphics/map/Ch3MapChanges_change_6.bin
graphics	bin	2	graphics/map/Ch3MapChanges_change_7.bin
graphics	bin	2	graphics/map/Ch3MapChanges_change_8.bin
graphics	bin	2	graphics/map/Ch3MapChanges_change_9.bin
graphics	bin	18	graphics/map/Ch4MapChanges_change_0.bin
graphics	bin	6	graphics/map/Ch4MapChanges_change_1.bin
graphics	bin	18	graphics/map/Ch4MapChanges_change_2.bin
graphics	bin	2	graphics/map/Ch4MapChanges_change_3.bin
graphics	bin	6	graphics/map/Ch4MapChanges_change_4.bin
graphics	bin	2	graphics/map/Ch4MapChanges_change_5.bin
graphics	bin	12	graphics/map/Ch5MapChanges_change_0.bin
graphics	bin	12	graphics/map/Ch5MapChanges_change_1.bin
graphics	bin	12	graphics/map/Ch5MapChanges_change_2.bin
graphics	bin	12	graphics/map/Ch5MapChanges_change_3.bin
graphics	bin	2	graphics/map/Ch5MapChanges_change_4.bin
graphics	bin	2	graphics/map/Ch5MapChanges_change_5.bin
graphics	bin	2	graphics/map/Ch5MapChanges_change_6.bin
graphics	bin	2	graphics/map/Ch5MapChanges_change_7.bin
graphics	pal	2034	graphics/map/Ch5TownPalettePast.pal
graphics	bin	2	graphics/map/Ch5XMapChanges_change_0.bin
graphics	bin	2	graphics/map/Ch5XMapChanges_change_1.bin
graphics	bin	2	graphics/map/Ch5XMapChanges_change_2.bin
graphics	bin	18	graphics/map/Ch6MapChanges_change_0.bin
graphics	bin	2	graphics/map/Ch6MapChanges_change_1.bin
graphics	bin	2	graphics/map/Ch8MapChanges_change_0.bin
graphics	bin	12	graphics/map/Ch8MapChanges_change_1.bin
graphics	bin	2	graphics/map/Ch8MapChanges_change_2.bin
graphics	bin	2	graphics/map/Ch8MapChanges_change_3.bin
graphics	bin	2	graphics/map/Ch8MapChanges_change_4.bin
graphics	bin	24	graphics/map/Ch8MapChanges_change_5.bin
graphics	bin	2	graphics/map/Ch8MapChanges_change_6.bin
graphics	bin	12	graphics/map/Ch9EirikaMapChanges_change_0.bin
graphics	bin	12	graphics/map/Ch9EirikaMapChanges_change_1.bin
graphics	bin	2	graphics/map/Ch9EirikaMapChanges_change_2.bin
graphics	bin	2	graphics/map/Ch9EirikaMapChanges_change_3.bin
graphics	bin	8	graphics/map/Ch9EphMapChanges_change_0.bin
graphics	bin	8	graphics/map/Ch9EphMapChanges_change_1.bin
graphics	bin	4	graphics/map/Ch9EphMapChanges_change_2.bin
graphics	bin	2	graphics/map/Ch9EphMapChanges_change_3.bin
graphics	bin	2	graphics/map/Ch9EphMapChanges_change_4.bin
graphics	bin	2	graphics/map/Ch9EphMapChanges_change_5.bin
graphics	bin	4	graphics/map/FinalChapterMap1Changes_change_0.bin
graphics	bin	4	graphics/map/FinalChapterMap1Changes_change_1.bin
graphics	bin	2	graphics/map/FinalChapterMap1Changes_change_2.bin
graphics	bin	2	graphics/map/FinalChapterMap1Changes_change_3.bin
graphics	bin	8	graphics/map/GradoPrisonMapChanges_change_0.bin
graphics	bin	4	graphics/map/GradoShrineMapChangesPast_change_0.bin
graphics	bin	4	graphics/map/GradoShrineMapChangesPast_change_1.bin
graphics	bin	2	graphics/map/LagdouRuins10MapChanges_change_0.bin
graphics	bin	4	graphics/map/LagdouRuins1MapChanges_change_0.bin
graphics	bin	12	graphics/map/LagdouRuins2MapChanges_change_0.bin
graphics	bin	2	graphics/map/LagdouRuins3MapChanges_change_0.bin
graphics	bin	8	graphics/map/LagdouRuins3MapChanges_change_1.bin
graphics	bin	2	graphics/map/LagdouRuins3MapChanges_change_10.bin
graphics	bin	2	graphics/map/LagdouRuins3MapChanges_change_11.bin
graphics	bin	8	graphics/map/LagdouRuins3MapChanges_change_12.bin
graphics	bin	2	graphics/map/LagdouRuins3MapChanges_change_2.bin
graphics	bin	4	graphics/map/LagdouRuins3MapChanges_change_3.bin
graphics	bin	12	graphics/map/LagdouRuins3MapChanges_change_4.bin
graphics	bin	8	graphics/map/LagdouRuins3MapChanges_change_5.bin
graphics	bin	2	graphics/map/LagdouRuins3MapChanges_change_6.bin
graphics	bin	2	graphics/map/LagdouRuins3MapChanges_change_7.bin
graphics	bin	4	graphics/map/LagdouRuins3MapChanges_change_8.bin
graphics	bin	4	graphics/map/LagdouRuins3MapChanges_change_9.bin
graphics	bin	12	graphics/map/LagdouRuins4MapChanges_change_0.bin
graphics	bin	18	graphics/map/LagdouRuins4MapChanges_change_1.bin
graphics	bin	12	graphics/map/LagdouRuins4MapChanges_change_10.bin
graphics	bin	12	graphics/map/LagdouRuins4MapChanges_change_11.bin
graphics	bin	18	graphics/map/LagdouRuins4MapChanges_change_12.bin
graphics	bin	12	graphics/map/LagdouRuins4MapChanges_change_13.bin
graphics	bin	18	graphics/map/LagdouRuins4MapChanges_change_14.bin
graphics	bin	12	graphics/map/LagdouRuins4MapChanges_change_15.bin
graphics	bin	12	graphics/map/LagdouRuins4MapChanges_change_16.bin
graphics	bin	12	graphics/map/LagdouRuins4MapChanges_change_17.bin
graphics	bin	2	graphics/map/LagdouRuins4MapChanges_change_2.bin
graphics	bin	2	graphics/map/LagdouRuins4MapChanges_change_3.bin
graphics	bin	12	graphics/map/LagdouRuins4MapChanges_change_4.bin
graphics	bin	18	graphics/map/LagdouRuins4MapChanges_change_5.bin
graphics	bin	12	graphics/map/LagdouRuins4MapChanges_change_6.bin
graphics	bin	12	graphics/map/LagdouRuins4MapChanges_change_7.bin
graphics	bin	12	graphics/map/LagdouRuins4MapChanges_change_8.bin
graphics	bin	12	graphics/map/LagdouRuins4MapChanges_change_9.bin
graphics	bin	2	graphics/map/LagdouRuins5MapChanges_change_0.bin
graphics	bin	2	graphics/map/LagdouRuins5MapChanges_change_1.bin
graphics	bin	2	graphics/map/LagdouRuins5MapChanges_change_2.bin
graphics	bin	12	graphics/map/LagdouRuins5MapChanges_change_3.bin
graphics	bin	12	graphics/map/LagdouRuins5MapChanges_change_4.bin
graphics	bin	8	graphics/map/LagdouRuins6MapChanges_change_0.bin
graphics	bin	4	graphics/map/LagdouRuins6MapChanges_change_1.bin
graphics	bin	2	graphics/map/LagdouRuins6MapChanges_change_2.bin
graphics	bin	2	graphics/map/LagdouRuins7MapChanges_change_0.bin
graphics	bin	8	graphics/map/LagdouRuins7MapChanges_change_1.bin
graphics	bin	12	graphics/map/LagdouRuins7MapChanges_change_2.bin
graphics	bin	12	graphics/map/LagdouRuins8MapChanges_change_0.bin
graphics	bin	12	graphics/map/LagdouRuins8MapChanges_change_1.bin
graphics	bin	6	graphics/map/LagdouRuins8MapChanges_change_10.bin
graphics	bin	8	graphics/map/LagdouRuins8MapChanges_change_11.bin
graphics	bin	2	graphics/map/LagdouRuins8MapChanges_change_12.bin
graphics	bin	4	graphics/map/LagdouRuins8MapChanges_change_13.bin
graphics	bin	28	graphics/map/LagdouRuins8MapChanges_change_2.bin
graphics	bin	4	graphics/map/LagdouRuins8MapChanges_change_3.bin
graphics	bin	24	graphics/map/LagdouRuins8MapChanges_change_4.bin
graphics	bin	12	graphics/map/LagdouRuins8MapChanges_change_5.bin
graphics	bin	6	graphics/map/LagdouRuins8MapChanges_change_6.bin
graphics	bin	12	graphics/map/LagdouRuins8MapChanges_change_7.bin
graphics	bin	4	graphics/map/LagdouRuins8MapChanges_change_8.bin
graphics	bin	20	graphics/map/LagdouRuins8MapChanges_change_9.bin
graphics	pal	1858	graphics/map/LagdouRuins8Palette.pal
graphics	bin	6	graphics/map/LagdouRuins9MapChanges_change_0.bin
graphics	bin	6	graphics/map/LagdouRuins9MapChanges_change_1.bin
graphics	pal	1912	graphics/map/LagdouRuinsPalette.pal
graphics	pal	2001	graphics/map/MapPalette1.pal
graphics	pal	2003	graphics/map/MapPalette10.pal
graphics	pal	1737	graphics/map/MapPalette11.pal
graphics	pal	1795	graphics/map/MapPalette12.pal
graphics	pal	2007	graphics/map/MapPalette13.pal
graphics	pal	1767	graphics/map/MapPalette14.pal
graphics	pal	1844	graphics/map/MapPalette15.pal
graphics	pal	2019	graphics/map/MapPalette16.pal
graphics	pal	1997	graphics/map/MapPalette17.pal
graphics	pal	1902	graphics/map/MapPalette18.pal
graphics	pal	1977	graphics/map/MapPalette19.pal
graphics	pal	1870	graphics/map/MapPalette2.pal
graphics	pal	1738	graphics/map/MapPalette3.pal
graphics	pal	2009	graphics/map/MapPalette4.pal
graphics	pal	1852	graphics/map/MapPalette5.pal
graphics	pal	1985	graphics/map/MapPalette6.pal
graphics	pal	1772	graphics/map/MapPalette7.pal
graphics	pal	1813	graphics/map/MapPalette8.pal
graphics	pal	1899	graphics/map/MapPalette9.pal
graphics	png	26054	graphics/map/ObjectType1.png
graphics	png	12793	graphics/map/ObjectType10.png
graphics	png	25123	graphics/map/ObjectType2.png
graphics	png	20320	graphics/map/ObjectType3.png
graphics	png	22020	graphics/map/ObjectType4.png
graphics	png	12962	graphics/map/ObjectType5.png
graphics	png	23717	graphics/map/ObjectType6.png
graphics	png	18066	graphics/map/ObjectType7.png
graphics	png	14662	graphics/map/ObjectType8.png
graphics	png	24047	graphics/map/ObjectType9.png
graphics	bin	6	graphics/map/RenaisShrineMapChanges_change_0.bin
graphics	bin	4	graphics/map/RenaisThroneMapChanges_change_0.bin
graphics	png	3314	graphics/map/TileAnimations1_frame_0.png
graphics	png	3307	graphics/map/TileAnimations1_frame_1.png
graphics	png	3245	graphics/map/TileAnimations1_frame_10.png
graphics	png	3282	graphics/map/TileAnimations1_frame_11.png
graphics	png	3306	graphics/map/TileAnimations1_frame_12.png
graphics	png	3292	graphics/map/TileAnimations1_frame_13.png
graphics	png	3252	graphics/map/TileAnimations1_frame_14.png
graphics	png	3303	graphics/map/TileAnimations1_frame_15.png
graphics	png	3264	graphics/map/TileAnimations1_frame_2.png
graphics	png	3288	graphics/map/TileAnimations1_frame_3.png
graphics	png	3304	graphics/map/TileAnimations1_frame_4.png
graphics	png	3276	graphics/map/TileAnimations1_frame_5.png
graphics	png	3246	graphics/map/TileAnimations1_frame_6.png
graphics	png	3287	graphics/map/TileAnimations1_frame_7.png
graphics	png	3321	graphics/map/TileAnimations1_frame_8.png
graphics	png	3297	graphics/map/TileAnimations1_frame_9.png
graphics	png	3349	graphics/map/TileAnimations2_frame_0.png
graphics	png	3322	graphics/map/TileAnimations2_frame_1.png
graphics	png	3269	graphics/map/TileAnimations2_frame_10.png
graphics	png	3294	graphics/map/TileAnimations2_frame_11.png
graphics	png	3312	graphics/map/TileAnimations2_frame_12.png
graphics	png	3304	graphics/map/TileAnimations2_frame_13.png
graphics	png	3261	graphics/map/TileAnimations2_frame_14.png
graphics	png	3325	graphics/map/TileAnimations2_frame_15.png
graphics	png	3288	graphics/map/TileAnimations2_frame_2.png
graphics	png	3307	graphics/map/TileAnimations2_frame_3.png
graphics	png	3307	graphics/map/TileAnimations2_frame_4.png
graphics	png	3301	graphics/map/TileAnimations2_frame_5.png
graphics	png	3267	graphics/map/TileAnimations2_frame_6.png
graphics	png	3326	graphics/map/TileAnimations2_frame_7.png
graphics	png	3341	graphics/map/TileAnimations2_frame_8.png
graphics	png	3324	graphics/map/TileAnimations2_frame_9.png
graphics	png	703	graphics/map/TileAnimations3_frame_0.png
graphics	png	695	graphics/map/TileAnimations3_frame_1.png
graphics	png	694	graphics/map/TileAnimations3_frame_2.png
graphics	png	687	graphics/map/TileAnimations3_frame_3.png
graphics	png	702	graphics/map/TileAnimations3_frame_4.png
graphics	png	678	graphics/map/TileAnimations3_frame_5.png
graphics	png	708	graphics/map/TileAnimations3_frame_6.png
graphics	png	723	graphics/map/TileAnimations3_frame_7.png
graphics	pal	60	graphics/map/TileAnimations4_frame_0.pal
graphics	pal	61	graphics/map/TileAnimations4_frame_1.pal
graphics	pal	63	graphics/map/TileAnimations4_frame_10.pal
graphics	pal	62	graphics/map/TileAnimations4_frame_11.pal
graphics	pal	62	graphics/map/TileAnimations4_frame_12.pal
graphics	pal	62	graphics/map/TileAnimations4_frame_13.pal
graphics	pal	61	graphics/map/TileAnimations4_frame_14.pal
graphics	pal	61	graphics/map/TileAnimations4_frame_2.pal
graphics	pal	62	graphics/map/TileAnimations4_frame_3.pal
graphics	pal	62	graphics/map/TileAnimations4_frame_4.pal
graphics	pal	62	graphics/map/TileAnimations4_frame_5.pal
graphics	pal	63	graphics/map/TileAnimations4_frame_6.pal
graphics	pal	65	graphics/map/TileAnimations4_frame_7.pal
graphics	pal	66	graphics/map/TileAnimations4_frame_8.pal
graphics	pal	65	graphics/map/TileAnimations4_frame_9.pal
graphics	png	533	graphics/map/TileAnimations5_frame_0.png
graphics	png	529	graphics/map/TileAnimations5_frame_1.png
graphics	png	518	graphics/map/TileAnimations5_frame_2.png
graphics	png	539	graphics/map/TileAnimations5_frame_3.png
graphics	png	545	graphics/map/TileAnimations5_frame_4.png
graphics	png	541	graphics/map/TileAnimations5_frame_5.png
graphics	png	3049	graphics/map/TileAnimationsUnused1_frame_0.png
graphics	png	3063	graphics/map/TileAnimationsUnused1_frame_1.png
graphics	png	3036	graphics/map/TileAnimationsUnused1_frame_10.png
graphics	png	3049	graphics/map/TileAnimationsUnused1_frame_11.png
graphics	png	3052	graphics/map/TileAnimationsUnused1_frame_12.png
graphics	png	3056	graphics/map/TileAnimationsUnused1_frame_13.png
graphics	png	3057	graphics/map/TileAnimationsUnused1_frame_14.png
graphics	png	3066	graphics/map/TileAnimationsUnused1_frame_15.png
graphics	png	3048	graphics/map/TileAnimationsUnused1_frame_2.png
graphics	png	3053	graphics/map/TileAnimationsUnused1_frame_3.png
graphics	png	3046	graphics/map/TileAnimationsUnused1_frame_4.png
graphics	png	3048	graphics/map/TileAnimationsUnused1_frame_5.png
graphics	png	3045	graphics/map/TileAnimationsUnused1_frame_6.png
graphics	png	3048	graphics/map/TileAnimationsUnused1_frame_7.png
graphics	png	3053	graphics/map/TileAnimationsUnused1_frame_8.png
graphics	png	3045	graphics/map/TileAnimationsUnused1_frame_9.png
graphics	png	984	graphics/map/TileAnimationsUnused2_frame_0.png
graphics	png	977	graphics/map/TileAnimationsUnused2_frame_1.png
graphics	png	1002	graphics/map/TileAnimationsUnused2_frame_2.png
graphics	png	979	graphics/map/TileAnimationsUnused2_frame_3.png
graphics	png	980	graphics/map/TileAnimationsUnused2_frame_4.png
graphics	png	1000	graphics/map/TileAnimationsUnused2_frame_5.png
graphics	png	988	graphics/map/TileAnimationsUnused2_frame_6.png
graphics	png	999	graphics/map/TileAnimationsUnused2_frame_7.png
graphics	pal	71	graphics/map/TileAnimationsUnused3_frame_0.pal
graphics	pal	71	graphics/map/TileAnimationsUnused3_frame_1.pal
graphics	pal	71	graphics/map/TileAnimationsUnused3_frame_2.pal
graphics	pal	71	graphics/map/TileAnimationsUnused3_frame_3.pal
graphics	pal	71	graphics/map/TileAnimationsUnused3_frame_4.pal
graphics	pal	71	graphics/map/TileAnimationsUnused3_frame_5.pal
graphics	pal	71	graphics/map/TileAnimationsUnused3_frame_6.pal
graphics	pal	71	graphics/map/TileAnimationsUnused3_frame_7.pal
graphics	pal	56	graphics/map/TileAnimationsUnused4_frame_0.pal
graphics	pal	56	graphics/map/TileAnimationsUnused4_frame_1.pal
graphics	pal	57	graphics/map/TileAnimationsUnused4_frame_10.pal
graphics	pal	56	graphics/map/TileAnimationsUnused4_frame_11.pal
graphics	pal	56	graphics/map/TileAnimationsUnused4_frame_12.pal
graphics	pal	56	graphics/map/TileAnimationsUnused4_frame_13.pal
graphics	pal	57	graphics/map/TileAnimationsUnused4_frame_2.pal
graphics	pal	57	graphics/map/TileAnimationsUnused4_frame_3.pal
graphics	pal	56	graphics/map/TileAnimationsUnused4_frame_4.pal
graphics	pal	57	graphics/map/TileAnimationsUnused4_frame_5.pal
graphics	pal	57	graphics/map/TileAnimationsUnused4_frame_6.pal
graphics	pal	57	graphics/map/TileAnimationsUnused4_frame_7.pal
graphics	pal	56	graphics/map/TileAnimationsUnused4_frame_8.pal
graphics	pal	57	graphics/map/TileAnimationsUnused4_frame_9.pal
graphics	pal	69	graphics/map/TileAnimationsUnused5_frame_0.pal
graphics	pal	68	graphics/map/TileAnimationsUnused5_frame_1.pal
graphics	pal	69	graphics/map/TileAnimationsUnused5_frame_2.pal
graphics	pal	69	graphics/map/TileAnimationsUnused5_frame_3.pal
graphics	pal	69	graphics/map/TileAnimationsUnused5_frame_4.pal
graphics	pal	68	graphics/map/TileAnimationsUnused5_frame_5.pal
graphics	bin	9216	graphics/map/TileConfiguration1.bin
graphics	bin	9216	graphics/map/TileConfiguration10.bin
graphics	bin	9216	graphics/map/TileConfiguration2.bin
graphics	bin	9216	graphics/map/TileConfiguration3.bin
graphics	bin	9216	graphics/map/TileConfiguration4.bin
graphics	bin	9216	graphics/map/TileConfiguration5.bin
graphics	bin	9216	graphics/map/TileConfiguration6.bin
graphics	bin	9216	graphics/map/TileConfiguration7.bin
graphics	bin	9216	graphics/map/TileConfiguration8.bin
graphics	bin	9216	graphics/map/TileConfiguration9.bin
graphics	bin	2	graphics/map/TowerOfValni3MapChanges_change_0.bin
graphics	bin	2	graphics/map/TowerOfValni5MapChanges_change_0.bin
graphics	bin	2	graphics/map/TowerOfValni5MapChanges_change_1.bin
graphics	bin	12	graphics/map/TowerOfValni6MapChanges_change_0.bin
graphics	bin	12	graphics/map/TowerOfValni6MapChanges_change_1.bin
graphics	bin	2	graphics/map/TowerOfValni6MapChanges_change_10.bin
graphics	bin	12	graphics/map/TowerOfValni6MapChanges_change_11.bin
graphics	bin	12	graphics/map/TowerOfValni6MapChanges_change_12.bin
graphics	bin	12	graphics/map/TowerOfValni6MapChanges_change_13.bin
graphics	bin	12	graphics/map/TowerOfValni6MapChanges_change_14.bin
graphics	bin	12	graphics/map/TowerOfValni6MapChanges_change_15.bin
graphics	bin	2	graphics/map/TowerOfValni6MapChanges_change_16.bin
graphics	bin	2	graphics/map/TowerOfValni6MapChanges_change_2.bin
graphics	bin	2	graphics/map/TowerOfValni6MapChanges_change_3.bin
graphics	bin	12	graphics/map/TowerOfValni6MapChanges_change_4.bin
graphics	bin	18	graphics/map/TowerOfValni6MapChanges_change_5.bin
graphics	bin	18	graphics/map/TowerOfValni6MapChanges_change_6.bin
graphics	bin	12	graphics/map/TowerOfValni6MapChanges_change_7.bin
graphics	bin	12	graphics/map/TowerOfValni6MapChanges_change_8.bin
graphics	bin	12	graphics/map/TowerOfValni6MapChanges_change_9.bin
graphics	bin	14	graphics/map/TowerOfValni7MapChanges_change_0.bin
graphics	bin	16	graphics/map/TowerOfValni7MapChanges_change_1.bin
graphics	bin	44	graphics/map/TowerOfValni7MapChanges_change_2.bin
graphics	bin	8	graphics/map/TowerOfValni7MapChanges_change_3.bin
graphics	bin	12	graphics/map/TowerOfValni7MapChanges_change_4.bin
graphics	bin	2	graphics/map/TowerOfValni8MapChanges_change_0.bin
graphics	pal	1776	graphics/map/TowerOfValniMapPalette.pal
graphics	png	18495	graphics/map/TowerOfValniObjectType.png
graphics	bin	9216	graphics/map/TowerOfValniTileConfiguration.bin
graphics	bin	2	graphics/map/UnusedMapChanges11_change_0.bin
graphics	bin	2	graphics/map/UnusedMapChanges11_change_1.bin
graphics	bin	2	graphics/map/UnusedMapChanges11_change_10.bin
graphics	bin	2	graphics/map/UnusedMapChanges11_change_11.bin
graphics	bin	2	graphics/map/UnusedMapChanges11_change_12.bin
graphics	bin	2	graphics/map/UnusedMapChanges11_change_13.bin
graphics	bin	2	graphics/map/UnusedMapChanges11_change_14.bin
graphics	bin	2	graphics/map/UnusedMapChanges11_change_15.bin
graphics	bin	2	graphics/map/UnusedMapChanges11_change_16.bin
graphics	bin	2	graphics/map/UnusedMapChanges11_change_17.bin
graphics	bin	2	graphics/map/UnusedMapChanges11_change_18.bin
graphics	bin	2	graphics/map/UnusedMapChanges11_change_19.bin
graphics	bin	2	graphics/map/UnusedMapChanges11_change_2.bin
graphics	bin	2	graphics/map/UnusedMapChanges11_change_3.bin
graphics	bin	2	graphics/map/UnusedMapChanges11_change_4.bin
graphics	bin	2	graphics/map/UnusedMapChanges11_change_5.bin
graphics	bin	2	graphics/map/UnusedMapChanges11_change_6.bin
graphics	bin	2	graphics/map/UnusedMapChanges11_change_7.bin
graphics	bin	2	graphics/map/UnusedMapChanges11_change_8.bin
graphics	bin	2	graphics/map/UnusedMapChanges11_change_9.bin
graphics	bin	8	graphics/map/UnusedMapChanges2_change_0.bin
graphics	bin	12	graphics/map/UnusedMapChanges2_change_1.bin
graphics	bin	2	graphics/map/UnusedMapChanges2_change_2.bin
graphics	bin	2	graphics/map/UnusedMapChanges2_change_3.bin
graphics	bin	2	graphics/map/UnusedMapChanges2_change_4.bin
graphics	bin	6	graphics/map/UnusedMapChanges3_change_0.bin
graphics	bin	6	graphics/map/UnusedMapChanges3_change_1.bin
graphics	bin	2	graphics/map/UnusedMapChanges5_change_0.bin
graphics	bin	2	graphics/map/UnusedMapChanges5_change_1.bin
graphics	bin	4	graphics/map/UnusedMapChanges5_change_2.bin
graphics	bin	2	graphics/map/UnusedMapChanges5_change_3.bin
graphics	bin	2	graphics/map/UnusedMapChanges5_change_4.bin
graphics	json	53	graphics/map/layout/AnInterestingMap.json
graphics	mar	600	graphics/map/layout/AnInterestingMap.mar
graphics	json	51	graphics/map/layout/AnotherPathMap.json
graphics	mar	320	graphics/map/layout/AnotherPathMap.mar
graphics	json	53	graphics/map/layout/AnotherShrineMap.json
graphics	mar	300	graphics/map/layout/AnotherShrineMap.mar
graphics	json	49	graphics/map/layout/CaerPelynMap.json
graphics	mar	330	graphics/map/layout/CaerPelynMap.mar
graphics	json	50	graphics/map/layout/Ch10EirikaMap.json
graphics	mar	1240	graphics/map/layout/Ch10EirikaMap.mar
graphics	json	51	graphics/map/layout/Ch10EphraimMap.json
graphics	mar	920	graphics/map/layout/Ch10EphraimMap.mar
graphics	json	50	graphics/map/layout/Ch11EirikaMap.json
graphics	mar	792	graphics/map/layout/Ch11EirikaMap.mar
graphics	json	51	graphics/map/layout/Ch11EphraimMap.json
graphics	mar	798	graphics/map/layout/Ch11EphraimMap.mar
graphics	json	50	graphics/map/layout/Ch12EirikaMap.json
graphics	mar	1200	graphics/map/layout/Ch12EirikaMap.mar
graphics	json	51	graphics/map/layout/Ch12EphraimMap.json
graphics	mar	1302	graphics/map/layout/Ch12EphraimMap.mar
graphics	json	50	graphics/map/layout/Ch13EirikaMap.json
graphics	mar	800	graphics/map/layout/Ch13EirikaMap.mar
graphics	json	51	graphics/map/layout/Ch13EphraimMap.json
graphics	mar	968	graphics/map/layout/Ch13EphraimMap.mar
graphics	json	50	graphics/map/layout/Ch14EirikaMap.json
graphics	mar	1350	graphics/map/layout/Ch14EirikaMap.mar
graphics	json	51	graphics/map/layout/Ch14EphraimMap.json
graphics	mar	1798	graphics/map/layout/Ch14EphraimMap.mar
graphics	json	44	graphics/map/layout/Ch15Map.json
graphics	mar	1056	graphics/map/layout/Ch15Map.mar
graphics	json	44	graphics/map/layout/Ch16Map.json
graphics	mar	1232	graphics/map/layout/Ch16Map.mar
graphics	json	44	graphics/map/layout/Ch17Map.json
graphics	mar	966	graphics/map/layout/Ch17Map.mar
graphics	json	44	graphics/map/layout/Ch18Map.json
graphics	mar	1288	graphics/map/layout/Ch18Map.mar
graphics	json	44	graphics/map/layout/Ch19Map.json
graphics	mar	1450	graphics/map/layout/Ch19Map.mar
graphics	json	43	graphics/map/layout/Ch1Map.json
graphics	mar	300	graphics/map/layout/Ch1Map.mar
graphics	json	44	graphics/map/layout/Ch20Map.json
graphics	mar	1260	graphics/map/layout/Ch20Map.mar
graphics	json	43	graphics/map/layout/Ch2Map.json
graphics	mar	450	graphics/map/layout/Ch2Map.mar
graphics	json	43	graphics/map/layout/Ch3Map.json
graphics	mar	544	graphics/map/layout/Ch3Map.mar
graphics	json	43	graphics/map/layout/Ch4Map.json
graphics	mar	450	graphics/map/layout/Ch4Map.mar
graphics	json	43	graphics/map/layout/Ch5Map.json
graphics	mar	630	graphics/map/layout/Ch5Map.mar
graphics	json	51	graphics/map/layout/Ch5TownMapPast.json
graphics	mar	630	graphics/map/layout/Ch5TownMapPast.mar
graphics	json	44	graphics/map/layout/Ch5XMap.json
graphics	mar	836	graphics/map/layout/Ch5XMap.mar
graphics	json	43	graphics/map/layout/Ch6Map.json
graphics	mar	1160	graphics/map/layout/Ch6Map.mar
graphics	json	43	graphics/map/layout/Ch7Map.json
graphics	mar	880	graphics/map/layout/Ch7Map.mar
graphics	json	43	graphics/map/layout/Ch8Map.json
graphics	mar	1152	graphics/map/layout/Ch8Map.mar
graphics	json	49	graphics/map/layout/Ch9EirikaMap.json
graphics	mar	1344	graphics/map/layout/Ch9EirikaMap.mar
graphics	json	46	graphics/map/layout/Ch9EphMap.json
graphics	mar	1050	graphics/map/layout/Ch9EphMap.mar
graphics	json	45	graphics/map/layout/DebugMap.json
graphics	mar	300	graphics/map/layout/DebugMap.mar
graphics	json	53	graphics/map/layout/FinalChapterMap1.json
graphics	mar	1150	graphics/map/layout/FinalChapterMap1.mar
graphics	json	53	graphics/map/layout/FinalChapterMap2.json
graphics	mar	920	graphics/map/layout/FinalChapterMap2.mar
graphics	json	52	graphics/map/layout/GradoBordersMap.json
graphics	mar	300	graphics/map/layout/GradoBordersMap.mar
graphics	json	51	graphics/map/layout/GradoCastleMap.json
graphics	mar	320	graphics/map/layout/GradoCastleMap.mar
graphics	json	51	graphics/map/layout/GradoPrisonMap.json
graphics	mar	756	graphics/map/layout/GradoPrisonMap.mar
graphics	json	55	graphics/map/layout/GradoShrineMapPast.json
graphics	mar	300	graphics/map/layout/GradoShrineMapPast.mar
graphics	json	58	graphics/map/layout/GradoShrineMapPresent.json
graphics	mar	300	graphics/map/layout/GradoShrineMapPresent.mar
graphics	json	53	graphics/map/layout/LagdouRuins10Map.json
graphics	mar	836	graphics/map/layout/LagdouRuins10Map.mar
graphics	json	52	graphics/map/layout/LagdouRuins1Map.json
graphics	mar	720	graphics/map/layout/LagdouRuins1Map.mar
graphics	json	52	graphics/map/layout/LagdouRuins2Map.json
graphics	mar	828	graphics/map/layout/LagdouRuins2Map.mar
graphics	json	52	graphics/map/layout/LagdouRuins3Map.json
graphics	mar	1120	graphics/map/layout/LagdouRuins3Map.mar
graphics	json	52	graphics/map/layout/LagdouRuins4Map.json
graphics	mar	1176	graphics/map/layout/LagdouRuins4Map.mar
graphics	json	52	graphics/map/layout/LagdouRuins5Map.json
graphics	mar	960	graphics/map/layout/LagdouRuins5Map.mar
graphics	json	52	graphics/map/layout/LagdouRuins6Map.json
graphics	mar	1134	graphics/map/layout/LagdouRuins6Map.mar
graphics	json	52	graphics/map/layout/LagdouRuins7Map.json
graphics	mar	1300	graphics/map/layout/LagdouRuins7Map.mar
graphics	json	52	graphics/map/layout/LagdouRuins8Map.json
graphics	mar	840	graphics/map/layout/LagdouRuins8Map.mar
graphics	json	52	graphics/map/layout/LagdouRuins9Map.json
graphics	mar	828	graphics/map/layout/LagdouRuins9Map.mar
graphics	json	49	graphics/map/layout/LinkArenaMap.json
graphics	mar	300	graphics/map/layout/LinkArenaMap.mar
graphics	json	48	graphics/map/layout/LordsSplitMap.json
graphics	mar	8	graphics/map/layout/LordsSplitMap.mar
graphics	json	52	graphics/map/layout/MelkaenCoastMap.json
graphics	mar	1200	graphics/map/layout/MelkaenCoastMap.mar
graphics	json	48	graphics/map/layout/PrologueMap.json
graphics	mar	300	graphics/map/layout/PrologueMap.mar
graphics	json	54	graphics/map/layout/RenaisAudienceMap.json
graphics	mar	300	graphics/map/layout/RenaisAudienceMap.mar
graphics	json	52	graphics/map/layout/RenaisCastleMap.json
graphics	mar	300	graphics/map/layout/RenaisCastleMap.mar
graphics	json	52	graphics/map/layout/RenaisShrineMap.json
graphics	mar	300	graphics/map/layout/RenaisShrineMap.mar
graphics	json	52	graphics/map/layout/RenaisThroneMap.json
graphics	mar	390	graphics/map/layout/RenaisThroneMap.mar
graphics	json	50	graphics/map/layout/RenvalGateMap.json
graphics	mar	300	graphics/map/layout/RenvalGateMap.mar
graphics	json	52	graphics/map/layout/SomeBuildingMap.json
graphics	mar	300	graphics/map/layout/SomeBuildingMap.mar
graphics	json	48	graphics/map/layout/SomePathMap.json
graphics	mar	300	graphics/map/layout/SomePathMap.mar
graphics	json	53	graphics/map/layout/TowerOfValni1Map.json
graphics	mar	540	graphics/map/layout/TowerOfValni1Map.mar
graphics	json	53	graphics/map/layout/TowerOfValni2Map.json
graphics	mar	882	graphics/map/layout/TowerOfValni2Map.mar
graphics	json	53	graphics/map/layout/TowerOfValni3Map.json
graphics	mar	882	graphics/map/layout/TowerOfValni3Map.mar
graphics	json	53	graphics/map/layout/TowerOfValni4Map.json
graphics	mar	966	graphics/map/layout/TowerOfValni4Map.mar
graphics	json	53	graphics/map/layout/TowerOfValni5Map.json
graphics	mar	1050	graphics/map/layout/TowerOfValni5Map.mar
graphics	json	53	graphics/map/layout/TowerOfValni6Map.json
graphics	mar	1012	graphics/map/layout/TowerOfValni6Map.mar
graphics	json	53	graphics/map/layout/TowerOfValni7Map.json
graphics	mar	1104	graphics/map/layout/TowerOfValni7Map.mar
graphics	json	53	graphics/map/layout/TowerOfValni8Map.json
graphics	mar	1150	graphics/map/layout/TowerOfValni8Map.mar
graphics	pal	169	graphics/minimap/gPal_08A1FFD0.pal
graphics	pal	219	graphics/minimap/gPal_Unused_08A1FFF0.pal
graphics	pal	223	graphics/minimap/gPal_Unused_08A20010.pal
graphics	pal	221	graphics/minimap/gPal_Unused_08A20030.pal
graphics	png	739	graphics/minimap/minimap_tiles.png
graphics	pal	193	graphics/op_anim/08ADBE78.pal
graphics	pal	1376	graphics/op_anim/08B103D8.pal
graphics	bin	6368	graphics/op_anim/8AB986C.bin
graphics	png	1366	graphics/op_anim/GameIntroNintendo.png
graphics	png	3129	graphics/op_anim/IntelligentSystems.png
graphics	bin	1280	graphics/op_anim/OpAnimCharacterBG.bin
graphics	pal	202	graphics/op_anim/OpAnimCharacterBG.pal
graphics	png	2359	graphics/op_anim/OpAnimCharacterBG.png
graphics	png	4618	graphics/op_anim/OpAnimEirika.png
graphics	png	4424	graphics/op_anim/OpAnimEirikaBlur1.png
graphics	png	3529	graphics/op_anim/OpAnimEirikaBlur2.png
graphics	png	3300	graphics/op_anim/OpAnimEirikaBlur3.png
graphics	bin	1280	graphics/op_anim/OpAnimEirikaClose1.bin
graphics	png	7040	graphics/op_anim/OpAnimEirikaClose1.png
graphics	bin	1280	graphics/op_anim/OpAnimEirikaClose2.bin
graphics	png	6203	graphics/op_anim/OpAnimEirikaClose2.png
graphics	png	4956	graphics/op_anim/OpAnimEphraim.png
graphics	png	4713	graphics/op_anim/OpAnimEphraimBlur1.png
graphics	bin	1280	graphics/op_anim/OpAnimEphraimBlur2.bin
graphics	png	2817	graphics/op_anim/OpAnimEphraimBlur2.png
graphics	bin	1280	graphics/op_anim/OpAnimEphraimBlur3.bin
graphics	png	2529	graphics/op_anim/OpAnimEphraimBlur3.png
graphics	bin	1280	graphics/op_anim/OpAnimEphraimClose1.bin
graphics	png	6161	graphics/op_anim/OpAnimEphraimClose1.png
graphics	bin	1280	graphics/op_anim/OpAnimEphraimClose2.bin
graphics	png	2418	graphics/op_anim/OpAnimEphraimClose2.png
graphics	png	983	graphics/op_anim/OpAnimFaceAmelia.png
graphics	png	476	graphics/op_anim/OpAnimFaceAmeliaShadow.png
graphics	png	1040	graphics/op_anim/OpAnimFaceArtur.png
graphics	png	611	graphics/op_anim/OpAnimFaceArturShadow.png
graphics	png	946	graphics/op_anim/OpAnimFaceCaellach.png
graphics	png	580	graphics/op_anim/OpAnimFaceCaellachShadow.png
graphics	png	1158	graphics/op_anim/OpAnimFaceColm.png
graphics	png	566	graphics/op_anim/OpAnimFaceColmShadow.png
graphics	png	1128	graphics/op_anim/OpAnimFaceCormag.png
graphics	png	610	graphics/op_anim/OpAnimFaceCormagShadow.png
graphics	png	1263	graphics/op_anim/OpAnimFaceDozla.png
graphics	png	593	graphics/op_anim/OpAnimFaceDozlaShadow.png
graphics	png	1098	graphics/op_anim/OpAnimFaceDuessel.png
graphics	png	530	graphics/op_anim/OpAnimFaceDuesselShadow.png
graphics	png	1155	graphics/op_anim/OpAnimFaceEwan.png
graphics	png	755	graphics/op_anim/OpAnimFaceEwanShadow.png
graphics	png	1470	graphics/op_anim/OpAnimFaceForde.png
graphics	png	598	graphics/op_anim/OpAnimFaceFordeShadow.png
graphics	png	1254	graphics/op_anim/OpAnimFaceFranz.png
graphics	png	689	graphics/op_anim/OpAnimFaceFranzShadow.png
graphics	png	950	graphics/op_anim/OpAnimFaceGarcia.png
graphics	png	507	graphics/op_anim/OpAnimFaceGarciaShadow.png
graphics	png	1246	graphics/op_anim/OpAnimFaceGerik.png
graphics	png	671	graphics/op_anim/OpAnimFaceGerikShadow.png
graphics	png	1459	graphics/op_anim/OpAnimFaceGilliam.png
graphics	png	638	graphics/op_anim/OpAnimFaceGilliamShadow.png
graphics	png	1061	graphics/op_anim/OpAnimFaceGlen.png
graphics	png	541	graphics/op_anim/OpAnimFaceGlenShadow.png
graphics	png	1445	graphics/op_anim/OpAnimFaceInnes.png
graphics	png	660	graphics/op_anim/OpAnimFaceInnesShadow.png
graphics	png	1029	graphics/op_anim/OpAnimFaceKnoll.png
graphics	png	513	graphics/op_anim/OpAnimFaceKnollShadow.png
graphics	png	1488	graphics/op_anim/OpAnimFaceKyle.png
graphics	png	653	graphics/op_anim/OpAnimFaceKyleShadow.png
graphics	png	1086	graphics/op_anim/OpAnimFaceLArachel.png
graphics	png	620	graphics/op_anim/OpAnimFaceLArachelShadow.png
graphics	png	1060	graphics/op_anim/OpAnimFaceLute.png
graphics	png	679	graphics/op_anim/OpAnimFaceLuteShadow.png
graphics	png	1731	graphics/op_anim/OpAnimFaceLyon.png
graphics	png	805	graphics/op_anim/OpAnimFaceLyonShadow.png
graphics	png	1308	graphics/op_anim/OpAnimFaceMarisa.png
graphics	png	758	graphics/op_anim/OpAnimFaceMarisaShadow.png
graphics	png	1331	graphics/op_anim/OpAnimFaceMoulder.png
graphics	png	589	graphics/op_anim/OpAnimFaceMoulderShadow.png
graphics	png	1103	graphics/op_anim/OpAnimFaceNatasha.png
graphics	png	397	graphics/op_anim/OpAnimFaceNatashaShadow.png
graphics	png	1029	graphics/op_anim/OpAnimFaceNeimi.png
graphics	png	633	graphics/op_anim/OpAnimFaceNeimiShadow.png
graphics	png	945	graphics/op_anim/OpAnimFaceRennac.png
graphics	png	511	graphics/op_anim/OpAnimFaceRennacShadow.png
graphics	png	1275	graphics/op_anim/OpAnimFaceRiev.png
graphics	png	524	graphics/op_anim/OpAnimFaceRievShadow.png
graphics	png	972	graphics/op_anim/OpAnimFaceRoss.png
graphics	png	610	graphics/op_anim/OpAnimFaceRossShadow.png
graphics	png	980	graphics/op_anim/OpAnimFaceSelena.png
graphics	png	490	graphics/op_anim/OpAnimFaceSelenaShadow.png
graphics	png	1347	graphics/op_anim/OpAnimFaceSeth.png
graphics	png	632	graphics/op_anim/OpAnimFaceSethShadow.png
graphics	png	1512	graphics/op_anim/OpAnimFaceSyrene.png
graphics	png	583	graphics/op_anim/OpAnimFaceSyreneShadow.png
graphics	png	1457	graphics/op_anim/OpAnimFaceTana.png
graphics	png	704	graphics/op_anim/OpAnimFaceTanaShadow.png
graphics	png	1271	graphics/op_anim/OpAnimFaceTethys.png
graphics	png	872	graphics/op_anim/OpAnimFaceTethysShadow.png
graphics	png	1160	graphics/op_anim/OpAnimFaceValter.png
graphics	png	532	graphics/op_anim/OpAnimFaceValterShadow.png
graphics	png	1336	graphics/op_anim/OpAnimFaceVanessa.png
graphics	png	681	graphics/op_anim/OpAnimFaceVanessaShadow.png
graphics	png	1714	graphics/op_anim/OpAnimFaceVigarde.png
graphics	png	767	graphics/op_anim/OpAnimFaceVigardeShadow.png
graphics	png	2817	graphics/op_anim/OpAnimGenericCharacterBG.png
graphics	pal	144	graphics/op_anim/OpAnimHealthSafetyScreen.pal
graphics	png	2046	graphics/op_anim/OpAnimHealthSafetyScreen.png
graphics	bin	1202	graphics/op_anim/OpAnimHealthSafetyScreenBG0.bin
graphics	bin	1202	graphics/op_anim/OpAnimHealthSafetyScreenBG1.bin
graphics	bin	1280	graphics/op_anim/OpAnimJoshua.bin
graphics	pal	2056	graphics/op_anim/OpAnimJoshua.pal
graphics	png	6200	graphics/op_anim/OpAnimJoshua.png
graphics	bin	1280	graphics/op_anim/OpAnimJoshua2.bin
graphics	png	3256	graphics/op_anim/OpAnimJoshua2.png
graphics	bin	1280	graphics/op_anim/OpAnimLArachel.bin
graphics	pal	2111	graphics/op_anim/OpAnimLArachel.pal
graphics	png	6515	graphics/op_anim/OpAnimLArachel.png
graphics	bin	1280	graphics/op_anim/OpAnimLArachel2.bin
graphics	png	2803	graphics/op_anim/OpAnimLArachel2.png
graphics	bin	1280	graphics/op_anim/OpAnimMyrrh.bin
graphics	pal	2084	graphics/op_anim/OpAnimMyrrh.pal
graphics	png	6553	graphics/op_anim/OpAnimMyrrh.png
graphics	bin	1280	graphics/op_anim/OpAnimMyrrh2.bin
graphics	png	2802	graphics/op_anim/OpAnimMyrrh2.png
graphics	bin	1280	graphics/op_anim/OpAnimSaleh.bin
graphics	pal	2099	graphics/op_anim/OpAnimSaleh.pal
graphics	png	6793	graphics/op_anim/OpAnimSaleh.png
graphics	bin	1280	graphics/op_anim/OpAnimSaleh2.bin
graphics	pal	2099	graphics/op_anim/OpAnimSaleh2.pal
graphics	png	3858	graphics/op_anim/OpAnimSaleh2.png
graphics	bin	1280	graphics/op_anim/OpAnimSeth.bin
graphics	pal	1980	graphics/op_anim/OpAnimSeth.pal
graphics	png	6564	graphics/op_anim/OpAnimSeth.png
graphics	bin	1280	graphics/op_anim/OpAnimSeth2.bin
graphics	png	3261	graphics/op_anim/OpAnimSeth2.png
graphics	bin	1280	graphics/op_anim/OpAnimShiningRing.bin
graphics	pal	687	graphics/op_anim/OpAnimShiningRing.pal
graphics	png	3273	graphics/op_anim/OpAnimShiningRing.png
graphics	bin	1280	graphics/op_anim/OpAnimShiningRingBlinking.bin
graphics	bin	1280	graphics/op_anim/OpAnimTethys.bin
graphics	pal	2105	graphics/op_anim/OpAnimTethys.pal
graphics	png	5707	graphics/op_anim/OpAnimTethys.png
graphics	bin	1280	graphics/op_anim/OpAnimTethys2.bin
graphics	png	4684	graphics/op_anim/OpAnimTethys2.png
graphics	png	14381	graphics/op_anim/OpAnimWorldMap.png
graphics	png	4239	graphics/op_anim/OpAnimWorldMapFog.png
graphics	png	3243	graphics/op_anim/devil_eye.png
graphics	png	5720	graphics/op_anim/eph_eirika_bg.png
graphics	png	2346	graphics/op_anim/eph_eirika_name.png
graphics	png	1975	graphics/op_anim/opanim_08AF1B38.png
graphics	bin	60	graphics/op_anim/scrolling_background/opanim1.bin
graphics	png	981	graphics/op_anim/scrolling_background/opanim1.png
graphics	bin	60	graphics/op_anim/scrolling_background/opanim10.bin
graphics	png	1120	graphics/op_anim/scrolling_background/opanim10.png
graphics	bin	60	graphics/op_anim/scrolling_background/opanim100.bin
graphics	png	976	graphics/op_anim/scrolling_background/opanim100.png
graphics	bin	60	graphics/op_anim/scrolling_background/opanim11.bin
graphics	png	1132	graphics/op_anim/scrolling_background/opanim11.png
graphics	bin	60	graphics/op_anim/scrolling_background/opanim12.bin
graphics	png	1134	graphics/op_anim/scrolling_background/opanim12.png
graphics	bin	60	graphics/op_anim/scrolling_background/opanim13.bin
graphics	png	1137	graphics/op_anim/scrolling_background/opanim13.png
graphics	bin	60	graphics/op_anim/scrolling_background/opanim14.bin
graphics	png	1132	graphics/op_anim/scrolling_background/opanim14.png
graphics	bin	60	graphics/op_anim/scrolling_background/opanim15.bin
graphics	png	1134	graphics/op_anim/scrolling_background/opanim15.png
graphics	bin	60	graphics/op_anim/scrolling_background/opanim16.bin
graphics	png	1138	graphics/op_anim/scrolling_background/opanim16.png
graphics	bin	60	graphics/op_anim/scrolling_background/opanim17.bin
graphics	png	1130	graphics/op_anim/scrolling_background/opanim17.png
graphics	bin	60	graphics/op_anim/scrolling_background/opanim18.bin
graphics	png	1131	graphics/op_anim/scrolling_background/opanim18.png
graphics	bin	60	graphics/op_anim/scrolling_background/opanim19.bin
graphics	png	1125	graphics/op_anim/scrolling_background/opanim19.png
graphics	bin	60	graphics/op_anim/scrolling_background/opanim2.bin
graphics	png	975	graphics/op_anim/scrolling_background/opanim2.png
graphics	bin	60	graphics/op_anim/scrolling_background/opanim20.bin
graphics	png	1134	graphics/op_anim/scrolling_background/opanim20.png
graphics	bin	60	graphics/op_anim/scrolling_background/opanim21.bin
graphics	png	1139	graphics/op_anim/scrolling_background/opanim21.png
graphics	bin	60	graphics/op_anim/scrolling_background/opanim22.bin
graphics	png	1132	graphics/op_anim/scrolling_background/opanim22.png
graphics	bin	60	graphics/op_anim/scrolling_background/opanim23.bin
graphics	png	1143	graphics/op_anim/scrolling_background/opanim23.png
graphics	bin	60	graphics/op_anim/scrolling_background/opanim24.bin
graphics	png	1121	graphics/op_anim/scrolling_background/opanim24.png
graphics	bin	60	graphics/op_anim/scrolling_background/opanim25.bin
graphics	png	1136	graphics/op_anim/scrolling_background/opanim25.png
graphics	bin	60	graphics/op_anim/scrolling_background/opanim26.bin
graphics	png	1135	graphics/op_anim/scrolling_background/opanim26.png
graphics	bin	60	graphics/op_anim/scrolling_background/opanim27.bin
graphics	png	1140	graphics/op_anim/scrolling_background/opanim27.png
graphics	bin	60	graphics/op_anim/scrolling_background/opanim28.bin
graphics	png	1128	graphics/op_anim/scrolling_background/opanim28.png
graphics	bin	60	graphics/op_anim/scrolling_background/opanim29.bin
graphics	png	1129	graphics/op_anim/scrolling_background/opanim29.png
graphics	bin	60	graphics/op_anim/scrolling_background/opanim3.bin
graphics	png	1008	graphics/op_anim/scrolling_background/opanim3.png
graphics	bin	60	graphics/op_anim/scrolling_background/opanim30.bin
graphics	png	1137	graphics/op_anim/scrolling_background/opanim30.png
graphics	bin	60	graphics/op_anim/scrolling_background/opanim31.bin
graphics	png	1131	graphics/op_anim/scrolling_background/opanim31.png
graphics	bin	60	graphics/op_anim/scrolling_background/opanim32.bin
graphics	png	1104	graphics/op_anim/scrolling_background/opanim32.png
graphics	bin	60	graphics/op_anim/scrolling_background/opanim33.bin
graphics	png	1102	graphics/op_anim/scrolling_background/opanim33.png
graphics	bin	60	graphics/op_anim/scrolling_background/opanim34.bin
graphics	png	1126	graphics/op_anim/scrolling_background/opanim34.png
graphics	bin	60	graphics/op_anim/scrolling_background/opanim35.bin
graphics	png	1129	graphics/op_anim/scrolling_background/opanim35.png
graphics	bin	60	graphics/op_anim/scrolling_background/opanim36.bin
graphics	png	1122	graphics/op_anim/scrolling_background/opanim36.png
graphics	bin	60	graphics/op_anim/scrolling_background/opanim37.bin
graphics	png	1123	graphics/op_anim/scrolling_background/opanim37.png
graphics	bin	60	graphics/op_anim/scrolling_background/opanim38.bin
graphics	png	1117	graphics/op_anim/scrolling_background/opanim38.png
graphics	bin	60	graphics/op_anim/scrolling_background/opanim39.bin
graphics	png	1100	graphics/op_anim/scrolling_background/opanim39.png
graphics	bin	60	graphics/op_anim/scrolling_background/opanim4.bin
graphics	png	1073	graphics/op_anim/scrolling_background/opanim4.png
graphics	bin	60	graphics/op_anim/scrolling_background/opanim40.bin
graphics	png	1107	graphics/op_anim/scrolling_background/opanim40.png
graphics	bin	60	graphics/op_anim/scrolling_background/opanim41.bin
graphics	png	1103	graphics/op_anim/scrolling_background/opanim41.png
graphics	bin	60	graphics/op_anim/scrolling_background/opanim42.bin
graphics	png	1098	graphics/op_anim/scrolling_background/opanim42.png
graphics	bin	60	graphics/op_anim/scrolling_background/opanim43.bin
graphics	png	1126	graphics/op_anim/scrolling_background/opanim43.png
graphics	bin	60	graphics/op_anim/scrolling_background/opanim44.bin
graphics	png	1117	graphics/op_anim/scrolling_background/opanim44.png
graphics	bin	60	graphics/op_anim/scrolling_background/opanim45.bin
graphics	png	1094	graphics/op_anim/scrolling_background/opanim45.png
graphics	bin	60	graphics/op_anim/scrolling_background/opanim46.bin
graphics	png	1106	graphics/op_anim/scrolling_background/opanim46.png
graphics	bin	60	graphics/op_anim/scrolling_background/opanim47.bin
graphics	png	1103	graphics/op_anim/scrolling_background/opanim47.png
graphics	bin	60	graphics/op_anim/scrolling_background/opanim48.bin
graphics	png	1113	graphics/op_anim/scrolling_background/opanim48.png
graphics	bin	60	graphics/op_anim/scrolling_background/opanim49.bin
graphics	png	1107	graphics/op_anim/scrolling_background/opanim49.png
graphics	bin	60	graphics/op_anim/scrolling_background/opanim5.bin
graphics	png	1090	graphics/op_anim/scrolling_background/opanim5.png
graphics	bin	60	graphics/op_anim/scrolling_background/opanim50.bin
graphics	png	1115	graphics/op_anim/scrolling_background/opanim50.png
graphics	bin	60	graphics/op_anim/scrolling_background/opanim51.bin
graphics	png	1118	graphics/op_anim/scrolling_background/opanim51.png
graphics	bin	60	graphics/op_anim/scrolling_background/opanim52.bin
graphics	png	1134	graphics/op_anim/scrolling_background/opanim52.png
graphics	bin	60	graphics/op_anim/scrolling_background/opanim53.bin
graphics	png	1112	graphics/op_anim/scrolling_background/opanim53.png
graphics	bin	60	graphics/op_anim/scrolling_background/opanim54.bin
graphics	png	1104	graphics/op_anim/scrolling_background/opanim54.png
graphics	bin	60	graphics/op_anim/scrolling_background/opanim55.bin
graphics	png	1118	graphics/op_anim/scrolling_background/opanim55.png
graphics	bin	60	graphics/op_anim/scrolling_background/opanim56.bin
graphics	png	1138	graphics/op_anim/scrolling_background/opanim56.png
graphics	bin	60	graphics/op_anim/scrolling_background/opanim57.bin
graphics	png	1137	graphics/op_anim/scrolling_background/opanim57.png
graphics	bin	60	graphics/op_anim/scrolling_background/opanim58.bin
graphics	png	1118	graphics/op_anim/scrolling_background/opanim58.png
graphics	bin	60	graphics/op_anim/scrolling_background/opanim59.bin
graphics	png	1097	graphics/op_anim/scrolling_background/opanim59.png
graphics	bin	60	graphics/op_anim/scrolling_background/opanim6.bin
graphics	png	1107	graphics/op_anim/scrolling_background/opanim6.png
graphics	bin	60	graphics/op_anim/scrolling_background/opanim60.bin
graphics	png	1120	graphics/op_anim/scrolling_background/opanim60.png
graphics	bin	60	graphics/op_anim/scrolling_background/opanim61.bin
graphics	png	1099	graphics/op_anim/scrolling_background/opanim61.png
graphics	bin	60	graphics/op_anim/scrolling_background/opanim62.bin
graphics	png	1097	graphics/op_anim/scrolling_background/opanim62.png
graphics	bin	60	graphics/op_anim/scrolling_background/opanim63.bin
graphics	png	1120	graphics/op_anim/scrolling_background/opanim63.png
graphics	bin	60	graphics/op_anim/scrolling_background/opanim64.bin
graphics	png	1131	graphics/op_anim/scrolling_background/opanim64.png
graphics	bin	60	graphics/op_anim/scrolling_background/opanim65.bin
graphics	png	1113	graphics/op_anim/scrolling_background/opanim65.png
graphics	bin	60	graphics/op_anim/scrolling_background/opanim66.bin
graphics	png	1125	graphics/op_anim/scrolling_background/opanim66.png
graphics	bin	60	graphics/op_anim/scrolling_background/opanim67.bin
graphics	png	1125	graphics/op_anim/scrolling_background/opanim67.png
graphics	bin	60	graphics/op_anim/scrolling_background/opanim68.bin
graphics	png	1121	graphics/op_anim/scrolling_background/opanim68.png
graphics	bin	60	graphics/op_anim/scrolling_background/opanim69.bin
graphics	png	1129	graphics/op_anim/scrolling_background/opanim69.png
graphics	bin	60	graphics/op_anim/scrolling_background/opanim7.bin
graphics	png	1109	graphics/op_anim/scrolling_background/opanim7.png
graphics	bin	60	graphics/op_anim/scrolling_background/opanim70.bin
graphics	png	1113	graphics/op_anim/scrolling_background/opanim70.png
graphics	bin	60	graphics/op_anim/scrolling_background/opanim71.bin
graphics	png	1113	graphics/op_anim/scrolling_background/opanim71.png
graphics	bin	60	graphics/op_anim/scrolling_background/opanim72.bin
graphics	png	1128	graphics/op_anim/scrolling_background/opanim72.png
graphics	bin	60	graphics/op_anim/scrolling_background/opanim73.bin
graphics	png	1139	graphics/op_anim/scrolling_background/opanim73.png
graphics	bin	60	graphics/op_anim/scrolling_background/opanim74.bin
graphics	png	1112	graphics/op_anim/scrolling_background/opanim74.png
graphics	bin	60	graphics/op_anim/scrolling_background/opanim75.bin
graphics	png	1123	graphics/op_anim/scrolling_background/opanim75.png
graphics	bin	60	graphics/op_anim/scrolling_background/opanim76.bin
graphics	png	1120	graphics/op_anim/scrolling_background/opanim76.png
graphics	bin	60	graphics/op_anim/scrolling_background/opanim77.bin
graphics	png	1133	graphics/op_anim/scrolling_background/opanim77.png
graphics	bin	60	graphics/op_anim/scrolling_background/opanim78.bin
graphics	png	1120	graphics/op_anim/scrolling_background/opanim78.png
graphics	bin	60	graphics/op_anim/scrolling_background/opanim79.bin
graphics	png	1122	graphics/op_anim/scrolling_background/opanim79.png
graphics	bin	60	graphics/op_anim/scrolling_background/opanim8.bin
graphics	png	1128	graphics/op_anim/scrolling_background/opanim8.png
graphics	bin	60	graphics/op_anim/scrolling_background/opanim80.bin
graphics	png	1133	graphics/op_anim/scrolling_background/opanim80.png
graphics	bin	60	graphics/op_anim/scrolling_background/opanim81.bin
graphics	png	1121	graphics/op_anim/scrolling_background/opanim81.png
graphics	bin	60	graphics/op_anim/scrolling_background/opanim82.bin
graphics	png	1120	graphics/op_anim/scrolling_background/opanim82.png
graphics	bin	60	graphics/op_anim/scrolling_background/opanim83.bin
graphics	png	1126	graphics/op_anim/scrolling_background/opanim83.png
graphics	bin	60	graphics/op_anim/scrolling_background/opanim84.bin
graphics	png	1118	graphics/op_anim/scrolling_background/opanim84.png
graphics	bin	60	graphics/op_anim/scrolling_background/opanim85.bin
graphics	png	1125	graphics/op_anim/scrolling_background/opanim85.png
graphics	bin	60	graphics/op_anim/scrolling_background/opanim86.bin
graphics	png	1121	graphics/op_anim/scrolling_background/opanim86.png
graphics	bin	60	graphics/op_anim/scrolling_background/opanim87.bin
graphics	png	1128	graphics/op_anim/scrolling_background/opanim87.png
graphics	bin	60	graphics/op_anim/scrolling_background/opanim88.bin
graphics	png	1128	graphics/op_anim/scrolling_background/opanim88.png
graphics	bin	60	graphics/op_anim/scrolling_background/opanim89.bin
graphics	png	1056	graphics/op_anim/scrolling_background/opanim89.png
graphics	bin	60	graphics/op_anim/scrolling_background/opanim9.bin
graphics	png	1126	graphics/op_anim/scrolling_background/opanim9.png
graphics	bin	60	graphics/op_anim/scrolling_background/opanim90.bin
graphics	png	1096	graphics/op_anim/scrolling_background/opanim90.png
graphics	bin	60	graphics/op_anim/scrolling_background/opanim91.bin
graphics	png	1073	graphics/op_anim/scrolling_background/opanim91.png
graphics	bin	60	graphics/op_anim/scrolling_background/opanim92.bin
graphics	png	1022	graphics/op_anim/scrolling_background/opanim92.png
graphics	bin	60	graphics/op_anim/scrolling_background/opanim93.bin
graphics	png	1127	graphics/op_anim/scrolling_background/opanim93.png
graphics	bin	60	graphics/op_anim/scrolling_background/opanim94.bin
graphics	png	1100	graphics/op_anim/scrolling_background/opanim94.png
graphics	bin	60	graphics/op_anim/scrolling_background/opanim95.bin
graphics	png	1108	graphics/op_anim/scrolling_background/opanim95.png
graphics	bin	60	graphics/op_anim/scrolling_background/opanim96.bin
graphics	png	1062	graphics/op_anim/scrolling_background/opanim96.png
graphics	bin	60	graphics/op_anim/scrolling_background/opanim97.bin
graphics	png	1089	graphics/op_anim/scrolling_background/opanim97.png
graphics	bin	60	graphics/op_anim/scrolling_background/opanim98.bin
graphics	png	946	graphics/op_anim/scrolling_background/opanim98.png
graphics	bin	60	graphics/op_anim/scrolling_background/opanim99.bin
graphics	png	956	graphics/op_anim/scrolling_background/opanim99.png
graphics	png	914	graphics/op_anim/split_line.png
graphics	pal	213	graphics/op_subtitle/OpSubtitle.pal
graphics	png	2959	graphics/op_subtitle/OpSubtitle_00.png
graphics	png	2019	graphics/op_subtitle/OpSubtitle_01.png
graphics	png	726	graphics/op_subtitle/OpSubtitle_02.png
graphics	png	1359	graphics/op_subtitle/OpSubtitle_03.png
graphics	png	3204	graphics/op_subtitle/OpSubtitle_04.png
graphics	json	14	graphics/op_subtitle/OpSubtitle_05.json
graphics	png	1341	graphics/op_subtitle/OpSubtitle_05.png
graphics	png	798	graphics/op_subtitle/OpSubtitle_06.png
graphics	pal	167	graphics/player_interface/gUnknown_08A173EC.pal
graphics	pal	158	graphics/player_interface/gUnknown_08A1740C.pal
graphics	pal	215	graphics/player_interface/player_interface_blue.pal
graphics	png	1044	graphics/player_interface/player_interface_font_tiles.png
graphics	pal	211	graphics/player_interface/player_interface_green.pal
graphics	png	172	graphics/player_interface/player_interface_numbers.png
graphics	pal	211	graphics/player_interface/player_interface_red.pal
graphics	png	450	graphics/player_interface/status_text.png
graphics	png	474	graphics/portrait/portrait_Aias_chibi.png
graphics	png	425	graphics/portrait/portrait_Aias_mouth.png
graphics	agbpal	32	graphics/portrait/portrait_Aias_palette.agbpal
graphics	png	1769	graphics/portrait/portrait_Aias_tileset.png
graphics	png	450	graphics/portrait/portrait_Amelia_chibi.png
graphics	png	374	graphics/portrait/portrait_Amelia_mouth.png
graphics	agbpal	32	graphics/portrait/portrait_Amelia_palette.agbpal
graphics	png	1568	graphics/portrait/portrait_Amelia_tileset.png
graphics	png	211	graphics/portrait/portrait_Anna_chibi.png
graphics	png	347	graphics/portrait/portrait_Anna_mouth.png
graphics	agbpal	32	graphics/portrait/portrait_Anna_palette.agbpal
graphics	png	1587	graphics/portrait/portrait_Anna_tileset.png
graphics	agbpal	32	graphics/portrait/portrait_Another_Soldier_palette.agbpal
graphics	png	1511	graphics/portrait/portrait_Arch_Mogall_card.png
graphics	agbpal	32	graphics/portrait/portrait_Arch_Mogall_palette.agbpal
graphics	png	1261	graphics/portrait/portrait_Archer_card.png
graphics	agbpal	32	graphics/portrait/portrait_Archer_palette.agbpal
graphics	png	407	graphics/portrait/portrait_Arena_mouth.png
graphics	agbpal	32	graphics/portrait/portrait_Arena_palette.agbpal
graphics	png	1086	graphics/portrait/portrait_Arena_tileset.png
graphics	png	412	graphics/portrait/portrait_Armoury_mouth.png
graphics	agbpal	32	graphics/portrait/portrait_Armoury_palette.agbpal
graphics	png	1212	graphics/portrait/portrait_Armoury_tileset.png
graphics	png	478	graphics/portrait/portrait_Artur_chibi.png
graphics	png	364	graphics/portrait/portrait_Artur_mouth.png
graphics	agbpal	32	graphics/portrait/portrait_Artur_palette.agbpal
graphics	png	1791	graphics/portrait/portrait_Artur_tileset.png
graphics	png	1843	graphics/portrait/portrait_Bael_card.png
graphics	agbpal	32	graphics/portrait/portrait_Bael_palette.agbpal
graphics	png	459	graphics/portrait/portrait_Bandit_1_chibi.png
graphics	png	360	graphics/portrait/portrait_Bandit_1_mouth.png
graphics	agbpal	32	graphics/portrait/portrait_Bandit_1_palette.agbpal
graphics	png	1535	graphics/portrait/portrait_Bandit_1_tileset.png
graphics	png	1551	graphics/portrait/portrait_Bandit_card.png
graphics	agbpal	32	graphics/portrait/portrait_Bandit_palette.agbpal
graphics	png	470	graphics/portrait/portrait_Bazba_chibi.png
graphics	png	414	graphics/portrait/portrait_Bazba_mouth.png
graphics	agbpal	32	graphics/portrait/portrait_Bazba_palette.agbpal
graphics	png	1718	graphics/portrait/portrait_Bazba_tileset.png
graphics	png	483	graphics/portrait/portrait_Beran_chibi.png
graphics	png	381	graphics/portrait/portrait_Beran_mouth.png
graphics	agbpal	32	graphics/portrait/portrait_Beran_palette.agbpal
graphics	png	1779	graphics/portrait/portrait_Beran_tileset.png
graphics	png	1708	graphics/portrait/portrait_Berserker_card.png
graphics	agbpal	32	graphics/portrait/portrait_Berserker_palette.agbpal
graphics	png	509	graphics/portrait/portrait_Binks_chibi.png
graphics	png	408	graphics/portrait/portrait_Binks_mouth.png
graphics	agbpal	32	graphics/portrait/portrait_Binks_palette.agbpal
graphics	png	1986	graphics/portrait/portrait_Binks_tileset.png
graphics	png	1455	graphics/portrait/portrait_Bishop_card.png
graphics	agbpal	32	graphics/portrait/portrait_Bishop_palette.agbpal
graphics	png	508	graphics/portrait/portrait_Bone_chibi.png
graphics	png	431	graphics/portrait/portrait_Bone_mouth.png
graphics	agbpal	32	graphics/portrait/portrait_Bone_palette.agbpal
graphics	png	1942	graphics/portrait/portrait_Bone_tileset.png
graphics	png	1373	graphics/portrait/portrait_Bonewalker_card.png
graphics	agbpal	32	graphics/portrait/portrait_Bonewalker_palette.agbpal
graphics	png	476	graphics/portrait/portrait_Breguet_chibi.png
graphics	png	377	graphics/portrait/portrait_Breguet_mouth.png
graphics	agbpal	32	graphics/portrait/portrait_Breguet_palette.agbpal
graphics	png	1778	graphics/portrait/portrait_Breguet_tileset.png
graphics	png	470	graphics/portrait/portrait_Caellach_chibi.png
graphics	png	377	graphics/portrait/portrait_Caellach_mouth.png
graphics	agbpal	32	graphics/portrait/portrait_Caellach_palette.agbpal
graphics	png	1734	graphics/portrait/portrait_Caellach_tileset.png
graphics	png	488	graphics/portrait/portrait_Carlyle_chibi.png
graphics	png	375	graphics/portrait/portrait_Carlyle_mouth.png
graphics	agbpal	32	graphics/portrait/portrait_Carlyle_palette.agbpal
graphics	png	1644	graphics/portrait/portrait_Carlyle_tileset.png
graphics	png	1833	graphics/portrait/portrait_Cavalier_card.png
graphics	agbpal	32	graphics/portrait/portrait_Cavalier_palette.agbpal
graphics	png	472	graphics/portrait/portrait_Colm_chibi.png
graphics	png	359	graphics/portrait/portrait_Colm_mouth.png
graphics	agbpal	32	graphics/portrait/portrait_Colm_palette.agbpal
graphics	png	1817	graphics/portrait/portrait_Colm_tileset.png
graphics	png	511	graphics/portrait/portrait_Cormag_chibi.png
graphics	png	379	graphics/portrait/portrait_Cormag_mouth.png
graphics	agbpal	32	graphics/portrait/portrait_Cormag_palette.agbpal
graphics	png	1870	graphics/portrait/portrait_Cormag_tileset.png
graphics	png	1696	graphics/portrait/portrait_Cyclops_card.png
graphics	agbpal	32	graphics/portrait/portrait_Cyclops_palette.agbpal
graphics	png	1445	graphics/portrait/portrait_Deathgoyle_card.png
graphics	agbpal	32	graphics/portrait/portrait_Deathgoyle_palette.agbpal
graphics	png	2016	graphics/portrait/portrait_Demon_King_card.png
graphics	agbpal	32	graphics/portrait/portrait_Demon_King_palette.agbpal
graphics	png	493	graphics/portrait/portrait_Dozla_chibi.png
graphics	png	516	graphics/portrait/portrait_Dozla_mouth.png
graphics	agbpal	32	graphics/portrait/portrait_Dozla_palette.agbpal
graphics	png	1753	graphics/portrait/portrait_Dozla_tileset.png
graphics	png	1566	graphics/portrait/portrait_Druid_card.png
graphics	agbpal	32	graphics/portrait/portrait_Druid_palette.agbpal
graphics	png	496	graphics/portrait/portrait_Duessel_chibi.png
graphics	png	446	graphics/portrait/portrait_Duessel_mouth.png
graphics	agbpal	32	graphics/portrait/portrait_Duessel_palette.agbpal
graphics	png	1953	graphics/portrait/portrait_Duessel_tileset.png
graphics	png	483	graphics/portrait/portrait_Eirika_chibi.png
graphics	agbpal	32	graphics/portrait/portrait_Eirika_flashback_palette.agbpal
graphics	png	351	graphics/portrait/portrait_Eirika_mouth.png
graphics	agbpal	32	graphics/portrait/portrait_Eirika_palette.agbpal
graphics	png	1659	graphics/portrait/portrait_Eirika_tileset.png
graphics	png	1869	graphics/portrait/portrait_Elder_Bael_card.png
graphics	agbpal	32	graphics/portrait/portrait_Elder_Bael_palette.agbpal
graphics	png	1356	graphics/portrait/portrait_Entombed_card.png
graphics	agbpal	32	graphics/portrait/portrait_Entombed_palette.agbpal
graphics	png	474	graphics/portrait/portrait_Ephraim_chibi.png
graphics	agbpal	32	graphics/portrait/portrait_Ephraim_flashback_palette.agbpal
graphics	png	334	graphics/portrait/portrait_Ephraim_mouth.png
graphics	agbpal	32	graphics/portrait/portrait_Ephraim_palette.agbpal
graphics	png	1760	graphics/portrait/portrait_Ephraim_tileset.png
graphics	png	466	graphics/portrait/portrait_Ewan_chibi.png
graphics	png	409	graphics/portrait/portrait_Ewan_mouth.png
graphics	agbpal	32	graphics/portrait/portrait_Ewan_palette.agbpal
graphics	png	1530	graphics/portrait/portrait_Ewan_tileset.png
graphics	png	476	graphics/portrait/portrait_Fado_chibi.png
graphics	png	394	graphics/portrait/portrait_Fado_mouth.png
graphics	agbpal	32	graphics/portrait/portrait_Fado_palette.agbpal
graphics	png	1874	graphics/portrait/portrait_Fado_tileset.png
graphics	png	1944	graphics/portrait/portrait_Falcon_Knight_card.png
graphics	agbpal	32	graphics/portrait/portrait_Falcon_Knight_palette.agbpal
graphics	png	1528	graphics/portrait/portrait_Fighter_card.png
graphics	agbpal	32	graphics/portrait/portrait_Fighter_palette.agbpal
graphics	png	1476	graphics/portrait/portrait_Fleet_card.png
graphics	agbpal	32	graphics/portrait/portrait_Fleet_palette.agbpal
graphics	png	484	graphics/portrait/portrait_Forde_chibi.png
graphics	png	362	graphics/portrait/portrait_Forde_mouth.png
graphics	agbpal	32	graphics/portrait/portrait_Forde_palette.agbpal
graphics	png	1816	graphics/portrait/portrait_Forde_tileset.png
graphics	png	450	graphics/portrait/portrait_Franz_chibi.png
graphics	png	339	graphics/portrait/portrait_Franz_mouth.png
graphics	agbpal	32	graphics/portrait/portrait_Franz_palette.agbpal
graphics	png	1575	graphics/portrait/portrait_Franz_tileset.png
graphics	png	211	graphics/portrait/portrait_Frelia_Knight_chibi.png
graphics	png	341	graphics/portrait/portrait_Frelia_Knight_mouth.png
graphics	agbpal	32	graphics/portrait/portrait_Frelia_Knight_palette.agbpal
graphics	png	1610	graphics/portrait/portrait_Frelia_Knight_tileset.png
graphics	png	473	graphics/portrait/portrait_Garcia_chibi.png
graphics	png	503	graphics/portrait/portrait_Garcia_mouth.png
graphics	agbpal	32	graphics/portrait/portrait_Garcia_palette.agbpal
graphics	png	1622	graphics/portrait/portrait_Garcia_tileset.png
graphics	png	1377	graphics/portrait/portrait_Gargoyle_card.png
graphics	agbpal	32	graphics/portrait/portrait_Gargoyle_palette.agbpal
graphics	png	1713	graphics/portrait/portrait_General_card.png
graphics	agbpal	32	graphics/portrait/portrait_General_palette.agbpal
graphics	png	479	graphics/portrait/portrait_Gerik_chibi.png
graphics	png	332	graphics/portrait/portrait_Gerik_mouth.png
graphics	agbpal	32	graphics/portrait/portrait_Gerik_palette.agbpal
graphics	png	1786	graphics/portrait/portrait_Gerik_tileset.png
graphics	png	452	graphics/portrait/portrait_Gheb_chibi.png
graphics	png	443	graphics/portrait/portrait_Gheb_mouth.png
graphics	agbpal	32	graphics/portrait/portrait_Gheb_palette.agbpal
graphics	png	1625	graphics/portrait/portrait_Gheb_tileset.png
graphics	png	471	graphics/portrait/portrait_Gilliam_chibi.png
graphics	png	427	graphics/portrait/portrait_Gilliam_mouth.png
graphics	agbpal	32	graphics/portrait/portrait_Gilliam_palette.agbpal
graphics	png	1804	graphics/portrait/portrait_Gilliam_tileset.png
graphics	png	479	graphics/portrait/portrait_Glen_chibi.png
graphics	png	352	graphics/portrait/portrait_Glen_mouth.png
graphics	agbpal	32	graphics/portrait/portrait_Glen_palette.agbpal
graphics	png	1833	graphics/portrait/portrait_Glen_tileset.png
graphics	png	1731	graphics/portrait/portrait_Gorgon_card.png
graphics	agbpal	32	graphics/portrait/portrait_Gorgon_palette.agbpal
graphics	png	1723	graphics/portrait/portrait_Great_Knight_card.png
graphics	agbpal	32	graphics/portrait/portrait_Great_Knight_palette.agbpal
graphics	png	1577	graphics/portrait/portrait_Gwyllgi_card.png
graphics	agbpal	32	graphics/portrait/portrait_Gwyllgi_palette.agbpal
graphics	png	477	graphics/portrait/portrait_Hayden_chibi.png
graphics	png	379	graphics/portrait/portrait_Hayden_mouth.png
graphics	agbpal	32	graphics/portrait/portrait_Hayden_palette.agbpal
graphics	png	1739	graphics/portrait/portrait_Hayden_tileset.png
graphics	png	1306	graphics/portrait/portrait_Hero_card.png
graphics	agbpal	32	graphics/portrait/portrait_Hero_palette.agbpal
graphics	png	476	graphics/portrait/portrait_Innes_chibi.png
graphics	png	329	graphics/portrait/portrait_Innes_mouth.png
graphics	agbpal	32	graphics/portrait/portrait_Innes_palette.agbpal
graphics	png	1734	graphics/portrait/portrait_Innes_tileset.png
graphics	png	458	graphics/portrait/portrait_Ismaire_chibi.png
graphics	png	284	graphics/portrait/portrait_Ismaire_mouth.png
graphics	agbpal	32	graphics/portrait/portrait_Ismaire_palette.agbpal
graphics	png	1597	graphics/portrait/portrait_Ismaire_tileset.png
graphics	png	488	graphics/portrait/portrait_Joshua_chibi.png
graphics	png	394	graphics/portrait/portrait_Joshua_mouth.png
graphics	agbpal	32	graphics/portrait/portrait_Joshua_palette.agbpal
graphics	png	1788	graphics/portrait/portrait_Joshua_tileset.png
graphics	png	211	graphics/portrait/portrait_Klimt_chibi.png
graphics	png	390	graphics/portrait/portrait_Klimt_mouth.png
graphics	agbpal	32	graphics/portrait/portrait_Klimt_palette.agbpal
graphics	png	1848	graphics/portrait/portrait_Klimt_tileset.png
graphics	png	1552	graphics/portrait/portrait_Knight_card.png
graphics	agbpal	32	graphics/portrait/portrait_Knight_palette.agbpal
graphics	png	494	graphics/portrait/portrait_Knoll_chibi.png
graphics	agbpal	32	graphics/portrait/portrait_Knoll_flashback_palette.agbpal
graphics	png	395	graphics/portrait/portrait_Knoll_mouth.png
graphics	agbpal	32	graphics/portrait/portrait_Knoll_palette.agbpal
graphics	png	1738	graphics/portrait/portrait_Knoll_tileset.png
graphics	png	467	graphics/portrait/portrait_Kyle_chibi.png
graphics	png	337	graphics/portrait/portrait_Kyle_mouth.png
graphics	agbpal	32	graphics/portrait/portrait_Kyle_palette.agbpal
graphics	png	1853	graphics/portrait/portrait_Kyle_tileset.png
graphics	png	486	graphics/portrait/portrait_L_Arachel_chibi.png
graphics	png	346	graphics/portrait/portrait_L_Arachel_mouth.png
graphics	agbpal	32	graphics/portrait/portrait_L_Arachel_palette.agbpal
graphics	png	1709	graphics/portrait/portrait_L_Arachel_tileset.png
graphics	png	441	graphics/portrait/portrait_Lute_chibi.png
graphics	png	364	graphics/portrait/portrait_Lute_mouth.png
graphics	agbpal	32	graphics/portrait/portrait_Lute_palette.agbpal
graphics	png	1525	graphics/portrait/portrait_Lute_tileset.png
graphics	png	538	graphics/portrait/portrait_Lyon_chibi.png
graphics	png	532	graphics/portrait/portrait_Lyon_evil_chibi.png
graphics	png	419	graphics/portrait/portrait_Lyon_evil_mouth.png
graphics	agbpal	32	graphics/portrait/portrait_Lyon_evil_palette.agbpal
graphics	png	1956	graphics/portrait/portrait_Lyon_evil_tileset.png
graphics	agbpal	32	graphics/portrait/portrait_Lyon_flashback_palette.agbpal
graphics	png	379	graphics/portrait/portrait_Lyon_mouth.png
graphics	agbpal	32	graphics/portrait/portrait_Lyon_palette.agbpal
graphics	png	1994	graphics/portrait/portrait_Lyon_tileset.png
graphics	png	1650	graphics/portrait/portrait_Maelduin_card.png
graphics	agbpal	32	graphics/portrait/portrait_Maelduin_palette.agbpal
graphics	png	1851	graphics/portrait/portrait_Mage_Knight_card.png
graphics	agbpal	32	graphics/portrait/portrait_Mage_Knight_palette.agbpal
graphics	png	1453	graphics/portrait/portrait_Mage_card.png
graphics	agbpal	32	graphics/portrait/portrait_Mage_palette.agbpal
graphics	png	490	graphics/portrait/portrait_Man_Unused_chibi.png
graphics	png	348	graphics/portrait/portrait_Man_Unused_mouth.png
graphics	agbpal	32	graphics/portrait/portrait_Man_Unused_palette.agbpal
graphics	png	1618	graphics/portrait/portrait_Man_Unused_tileset.png
graphics	png	1787	graphics/portrait/portrait_Manakete_Zombie_card.png
graphics	agbpal	32	graphics/portrait/portrait_Manakete_Zombie_palette.agbpal
graphics	png	1902	graphics/portrait/portrait_Manakete_card.png
graphics	agbpal	32	graphics/portrait/portrait_Manakete_palette.agbpal
graphics	png	487	graphics/portrait/portrait_Mansel_chibi.png
graphics	png	357	graphics/portrait/portrait_Mansel_mouth.png
graphics	agbpal	32	graphics/portrait/portrait_Mansel_palette.agbpal
graphics	png	1749	graphics/portrait/portrait_Mansel_tileset.png
graphics	png	473	graphics/portrait/portrait_Marisa_chibi.png
graphics	png	357	graphics/portrait/portrait_Marisa_mouth.png
graphics	agbpal	32	graphics/portrait/portrait_Marisa_palette.agbpal
graphics	png	1794	graphics/portrait/portrait_Marisa_tileset.png
graphics	png	1437	graphics/portrait/portrait_Mauthedoog_card.png
graphics	agbpal	32	graphics/portrait/portrait_Mauthedoog_palette.agbpal
graphics	png	1254	graphics/portrait/portrait_Mercenary_card.png
graphics	agbpal	32	graphics/portrait/portrait_Mercenary_palette.agbpal
graphics	png	1462	graphics/portrait/portrait_Mogall_card.png
graphics	agbpal	32	graphics/portrait/portrait_Mogall_palette.agbpal
graphics	png	459	graphics/portrait/portrait_Morva_chibi.png
graphics	png	353	graphics/portrait/portrait_Morva_mouth.png
graphics	agbpal	32	graphics/portrait/portrait_Morva_palette.agbpal
graphics	png	1612	graphics/portrait/portrait_Morva_tileset.png
graphics	png	496	graphics/portrait/portrait_Moulder_chibi.png
graphics	png	341	graphics/portrait/portrait_Moulder_mouth.png
graphics	agbpal	32	graphics/portrait/portrait_Moulder_palette.agbpal
graphics	png	1648	graphics/portrait/portrait_Moulder_tileset.png
graphics	png	457	graphics/portrait/portrait_Murray_chibi.png
graphics	png	391	graphics/portrait/portrait_Murray_mouth.png
graphics	agbpal	32	graphics/portrait/portrait_Murray_palette.agbpal
graphics	png	1593	graphics/portrait/portrait_Murray_tileset.png
graphics	png	1249	graphics/portrait/portrait_Myrmidon_card.png
graphics	agbpal	32	graphics/portrait/portrait_Myrmidon_palette.agbpal
graphics	png	475	graphics/portrait/portrait_Myrrh_chibi.png
graphics	png	335	graphics/portrait/portrait_Myrrh_mouth.png
graphics	agbpal	32	graphics/portrait/portrait_Myrrh_palette.agbpal
graphics	png	1453	graphics/portrait/portrait_Myrrh_tileset.png
graphics	png	492	graphics/portrait/portrait_Myrrh_with_wing_chibi.png
graphics	png	351	graphics/portrait/portrait_Myrrh_with_wing_mouth.png
graphics	agbpal	32	graphics/portrait/portrait_Myrrh_with_wing_palette.agbpal
graphics	png	1691	graphics/portrait/portrait_Myrrh_with_wing_tileset.png
graphics	png	211	graphics/portrait/portrait_Mystery_1_chibi.png
graphics	png	190	graphics/portrait/portrait_Mystery_1_mouth.png
graphics	agbpal	32	graphics/portrait/portrait_Mystery_1_palette.agbpal
graphics	png	425	graphics/portrait/portrait_Mystery_1_tileset.png
graphics	png	468	graphics/portrait/portrait_Mystery_faded_chibi.png
graphics	png	190	graphics/portrait/portrait_Mystery_faded_mouth.png
graphics	agbpal	32	graphics/portrait/portrait_Mystery_faded_palette.agbpal
graphics	png	425	graphics/portrait/portrait_Mystery_faded_tileset.png
graphics	png	518	graphics/portrait/portrait_Natasha_chibi.png
graphics	png	401	graphics/portrait/portrait_Natasha_mouth.png
graphics	agbpal	32	graphics/portrait/portrait_Natasha_palette.agbpal
graphics	png	1687	graphics/portrait/portrait_Natasha_tileset.png
graphics	png	467	graphics/portrait/portrait_Neimi_chibi.png
graphics	png	330	graphics/portrait/portrait_Neimi_mouth.png
graphics	agbpal	32	graphics/portrait/portrait_Neimi_palette.agbpal
graphics	png	1583	graphics/portrait/portrait_Neimi_tileset.png
graphics	png	1594	graphics/portrait/portrait_Nomad_card.png
graphics	agbpal	32	graphics/portrait/portrait_Nomad_palette.agbpal
graphics	png	1654	graphics/portrait/portrait_Nomadic_Trooper_card.png
graphics	agbpal	32	graphics/portrait/portrait_Nomadic_Trooper_palette.agbpal
graphics	agbpal	32	graphics/portrait/portrait_Novala_Clone_palette.agbpal
graphics	png	440	graphics/portrait/portrait_Novala_chibi.png
graphics	png	337	graphics/portrait/portrait_Novala_mouth.png
graphics	agbpal	32	graphics/portrait/portrait_Novala_palette.agbpal
graphics	png	1445	graphics/portrait/portrait_Novala_tileset.png
graphics	agbpal	32	graphics/portrait/portrait_O_Neill_Clone_2_palette.agbpal
graphics	agbpal	32	graphics/portrait/portrait_O_Neill_Clone_palette.agbpal
graphics	png	453	graphics/portrait/portrait_O_Neill_chibi.png
graphics	png	393	graphics/portrait/portrait_O_Neill_mouth.png
graphics	agbpal	32	graphics/portrait/portrait_O_Neill_palette.agbpal
graphics	png	1652	graphics/portrait/portrait_O_Neill_tileset.png
graphics	png	478	graphics/portrait/portrait_Orson_chibi.png
graphics	png	493	graphics/portrait/portrait_Orson_drugged_chibi.png
graphics	png	406	graphics/portrait/portrait_Orson_drugged_mouth.png
graphics	agbpal	32	graphics/portrait/portrait_Orson_drugged_palette.agbpal
graphics	png	1795	graphics/portrait/portrait_Orson_drugged_tileset.png
graphics	png	404	graphics/portrait/portrait_Orson_mouth.png
graphics	agbpal	32	graphics/portrait/portrait_Orson_palette.agbpal
graphics	png	1802	graphics/portrait/portrait_Orson_tileset.png
graphics	png	485	graphics/portrait/portrait_Pablo_chibi.png
graphics	png	394	graphics/portrait/portrait_Pablo_mouth.png
graphics	agbpal	32	graphics/portrait/portrait_Pablo_palette.agbpal
graphics	png	1769	graphics/portrait/portrait_Pablo_tileset.png
graphics	png	1914	graphics/portrait/portrait_Paladin_card.png
graphics	agbpal	32	graphics/portrait/portrait_Paladin_palette.agbpal
graphics	png	1868	graphics/portrait/portrait_Pegasus_Knight_card.png
graphics	agbpal	32	graphics/portrait/portrait_Pegasus_Knight_palette.agbpal
graphics	png	1638	graphics/portrait/portrait_Phantom_card.png
graphics	agbpal	32	graphics/portrait/portrait_Phantom_palette.agbpal
graphics	png	1734	graphics/portrait/portrait_Pirate_card.png
graphics	agbpal	32	graphics/portrait/portrait_Pirate_palette.agbpal
graphics	png	1285	graphics/portrait/portrait_Priest_card.png
graphics	agbpal	32	graphics/portrait/portrait_Priest_palette.agbpal
graphics	agbpal	32	graphics/portrait/portrait_Purple_Soldier_palette.agbpal
graphics	png	1681	graphics/portrait/portrait_Ranger_card.png
graphics	agbpal	32	graphics/portrait/portrait_Ranger_palette.agbpal
graphics	agbpal	32	graphics/portrait/portrait_Rausten_Soldier_palette.agbpal
graphics	png	461	graphics/portrait/portrait_Rennac_chibi.png
graphics	png	379	graphics/portrait/portrait_Rennac_mouth.png
graphics	agbpal	32	graphics/portrait/portrait_Rennac_palette.agbpal
graphics	png	1590	graphics/portrait/portrait_Rennac_tileset.png
graphics	png	1333	graphics/portrait/portrait_Revenant_card.png
graphics	agbpal	32	graphics/portrait/portrait_Revenant_palette.agbpal
graphics	png	494	graphics/portrait/portrait_Riev_chibi.png
graphics	png	446	graphics/portrait/portrait_Riev_mouth.png
graphics	agbpal	32	graphics/portrait/portrait_Riev_palette.agbpal
graphics	png	1775	graphics/portrait/portrait_Riev_tileset.png
graphics	png	1232	graphics/portrait/portrait_Rogue_card.png
graphics	agbpal	32	graphics/portrait/portrait_Rogue_palette.agbpal
graphics	png	446	graphics/portrait/portrait_Ross_chibi.png
graphics	png	462	graphics/portrait/portrait_Ross_mouth.png
graphics	agbpal	32	graphics/portrait/portrait_Ross_palette.agbpal
graphics	png	1597	graphics/portrait/portrait_Ross_tileset.png
graphics	png	473	graphics/portrait/portrait_Saar_chibi.png
graphics	png	403	graphics/portrait/portrait_Saar_mouth.png
graphics	agbpal	32	graphics/portrait/portrait_Saar_palette.agbpal
graphics	png	1683	graphics/portrait/portrait_Saar_tileset.png
graphics	png	1476	graphics/portrait/portrait_Sage_card.png
graphics	agbpal	32	graphics/portrait/portrait_Sage_palette.agbpal
graphics	png	211	graphics/portrait/portrait_Saleh_Grandma_chibi.png
graphics	png	384	graphics/portrait/portrait_Saleh_Grandma_mouth.png
graphics	agbpal	32	graphics/portrait/portrait_Saleh_Grandma_palette.agbpal
graphics	png	1345	graphics/portrait/portrait_Saleh_Grandma_tileset.png
graphics	png	470	graphics/portrait/portrait_Saleh_chibi.png
graphics	png	354	graphics/portrait/portrait_Saleh_mouth.png
graphics	agbpal	32	graphics/portrait/portrait_Saleh_palette.agbpal
graphics	png	1842	graphics/portrait/portrait_Saleh_tileset.png
graphics	png	408	graphics/portrait/portrait_Secret_Shop_mouth.png
graphics	agbpal	32	graphics/portrait/portrait_Secret_Shop_palette.agbpal
graphics	png	1227	graphics/portrait/portrait_Secret_Shop_tileset.png
graphics	png	497	graphics/portrait/portrait_Selena_chibi.png
graphics	png	301	graphics/portrait/portrait_Selena_mouth.png
graphics	agbpal	32	graphics/portrait/portrait_Selena_palette.agbpal
graphics	png	1620	graphics/portrait/portrait_Selena_tileset.png
graphics	png	443	graphics/portrait/portrait_Seth_chibi.png
graphics	png	343	graphics/portrait/portrait_Seth_mouth.png
graphics	agbpal	32	graphics/portrait/portrait_Seth_palette.agbpal
graphics	png	1654	graphics/portrait/portrait_Seth_tileset.png
graphics	png	1364	graphics/portrait/portrait_Shaman_card.png
graphics	agbpal	32	graphics/portrait/portrait_Shaman_palette.agbpal
graphics	png	1368	graphics/portrait/portrait_Sniper_card.png
graphics	agbpal	32	graphics/portrait/portrait_Sniper_palette.agbpal
graphics	png	211	graphics/portrait/portrait_Soldier_1_chibi.png
graphics	png	383	graphics/portrait/portrait_Soldier_1_mouth.png
graphics	agbpal	32	graphics/portrait/portrait_Soldier_1_palette.agbpal
graphics	png	1504	graphics/portrait/portrait_Soldier_1_tileset.png
graphics	agbpal	32	graphics/portrait/portrait_Soldier_2_palette.agbpal
graphics	png	1295	graphics/portrait/portrait_Soldier_card.png
graphics	agbpal	32	graphics/portrait/portrait_Soldier_palette.agbpal
graphics	png	1169	graphics/portrait/portrait_Swordmaster_card.png
graphics	agbpal	32	graphics/portrait/portrait_Swordmaster_palette.agbpal
graphics	png	498	graphics/portrait/portrait_Syrene_chibi.png
graphics	png	381	graphics/portrait/portrait_Syrene_mouth.png
graphics	agbpal	32	graphics/portrait/portrait_Syrene_palette.agbpal
graphics	png	1813	graphics/portrait/portrait_Syrene_tileset.png
graphics	png	477	graphics/portrait/portrait_Tana_chibi.png
graphics	png	332	graphics/portrait/portrait_Tana_mouth.png
graphics	agbpal	32	graphics/portrait/portrait_Tana_palette.agbpal
graphics	png	1810	graphics/portrait/portrait_Tana_tileset.png
graphics	png	1602	graphics/portrait/portrait_Tarvos_card.png
graphics	agbpal	32	graphics/portrait/portrait_Tarvos_palette.agbpal
graphics	png	498	graphics/portrait/portrait_Tethys_chibi.png
graphics	png	413	graphics/portrait/portrait_Tethys_mouth.png
graphics	agbpal	32	graphics/portrait/portrait_Tethys_palette.agbpal
graphics	png	1717	graphics/portrait/portrait_Tethys_tileset.png
graphics	png	1157	graphics/portrait/portrait_Thief_card.png
graphics	agbpal	32	graphics/portrait/portrait_Thief_palette.agbpal
graphics	png	478	graphics/portrait/portrait_Tirado_chibi.png
graphics	png	333	graphics/portrait/portrait_Tirado_mouth.png
graphics	agbpal	32	graphics/portrait/portrait_Tirado_palette.agbpal
graphics	png	1640	graphics/portrait/portrait_Tirado_tileset.png
graphics	png	1618	graphics/portrait/portrait_Troubadour_card.png
graphics	agbpal	32	graphics/portrait/portrait_Troubadour_palette.agbpal
graphics	png	1694	graphics/portrait/portrait_Valkyrie_card.png
graphics	agbpal	32	graphics/portrait/portrait_Valkyrie_palette.agbpal
graphics	png	518	graphics/portrait/portrait_Valter_chibi.png
graphics	png	443	graphics/portrait/portrait_Valter_mouth.png
graphics	agbpal	32	graphics/portrait/portrait_Valter_palette.agbpal
graphics	png	2077	graphics/portrait/portrait_Valter_tileset.png
graphics	png	445	graphics/portrait/portrait_Vanessa_chibi.png
graphics	png	333	graphics/portrait/portrait_Vanessa_mouth.png
graphics	agbpal	32	graphics/portrait/portrait_Vanessa_palette.agbpal
graphics	png	1600	graphics/portrait/portrait_Vanessa_tileset.png
graphics	png	427	graphics/portrait/portrait_Vendor_mouth.png
graphics	agbpal	32	graphics/portrait/portrait_Vendor_palette.agbpal
graphics	png	1263	graphics/portrait/portrait_Vendor_tileset.png
graphics	png	500	graphics/portrait/portrait_Vigarde_dead_chibi.png
graphics	png	383	graphics/portrait/portrait_Vigarde_dead_mouth.png
graphics	agbpal	32	graphics/portrait/portrait_Vigarde_dead_palette.agbpal
graphics	png	1930	graphics/portrait/portrait_Vigarde_dead_tileset.png
graphics	agbpal	32	graphics/portrait/portrait_Vigarde_flashback_palette.agbpal
graphics	png	500	graphics/portrait/portrait_Vigarde_healthy_chibi.png
graphics	png	396	graphics/portrait/portrait_Vigarde_healthy_mouth.png
graphics	agbpal	32	graphics/portrait/portrait_Vigarde_healthy_palette.agbpal
graphics	png	1925	graphics/portrait/portrait_Vigarde_healthy_tileset.png
graphics	png	211	graphics/portrait/portrait_Villager_Girl_Black_Hair_chibi.png
graphics	png	337	graphics/portrait/portrait_Villager_Girl_Black_Hair_mouth.png
graphics	agbpal	32	graphics/portrait/portrait_Villager_Girl_Black_Hair_palette.agbpal
graphics	png	1427	graphics/portrait/portrait_Villager_Girl_Black_Hair_tileset.png
graphics	png	211	graphics/portrait/portrait_Villager_Girl_Brown_Hair_chibi.png
graphics	png	360	graphics/portrait/portrait_Villager_Girl_Brown_Hair_mouth.png
graphics	agbpal	32	graphics/portrait/portrait_Villager_Girl_Brown_Hair_palette.agbpal
graphics	png	1408	graphics/portrait/portrait_Villager_Girl_Brown_Hair_tileset.png
graphics	png	211	graphics/portrait/portrait_Villager_Girl_Young_chibi.png
graphics	png	351	graphics/portrait/portrait_Villager_Girl_Young_mouth.png
graphics	agbpal	32	graphics/portrait/portrait_Villager_Girl_Young_palette.agbpal
graphics	png	1310	graphics/portrait/portrait_Villager_Girl_Young_tileset.png
graphics	png	211	graphics/portrait/portrait_Villager_Man_1_chibi.png
graphics	png	388	graphics/portrait/portrait_Villager_Man_1_mouth.png
graphics	agbpal	32	graphics/portrait/portrait_Villager_Man_1_palette.agbpal
graphics	png	1503	graphics/portrait/portrait_Villager_Man_1_tileset.png
graphics	png	211	graphics/portrait/portrait_Villager_Man_2_chibi.png
graphics	png	317	graphics/portrait/portrait_Villager_Man_2_mouth.png
graphics	agbpal	32	graphics/portrait/portrait_Villager_Man_2_palette.agbpal
graphics	png	1526	graphics/portrait/portrait_Villager_Man_2_tileset.png
graphics	png	211	graphics/portrait/portrait_Villager_Man_3_chibi.png
graphics	png	343	graphics/portrait/portrait_Villager_Man_3_mouth.png
graphics	agbpal	32	graphics/portrait/portrait_Villager_Man_3_palette.agbpal
graphics	png	1427	graphics/portrait/portrait_Villager_Man_3_tileset.png
graphics	png	211	graphics/portrait/portrait_Villager_Man_4_chibi.png
graphics	png	322	graphics/portrait/portrait_Villager_Man_4_mouth.png
graphics	agbpal	32	graphics/portrait/portrait_Villager_Man_4_palette.agbpal
graphics	png	1544	graphics/portrait/portrait_Villager_Man_4_tileset.png
graphics	png	211	graphics/portrait/portrait_Villager_Old_Man_chibi.png
graphics	png	391	graphics/portrait/portrait_Villager_Old_Man_mouth.png
graphics	agbpal	32	graphics/portrait/portrait_Villager_Old_Man_palette.agbpal
graphics	png	1503	graphics/portrait/portrait_Villager_Old_Man_tileset.png
graphics	png	211	graphics/portrait/portrait_Villager_Old_Woman_chibi.png
graphics	png	389	graphics/portrait/portrait_Villager_Old_Woman_mouth.png
graphics	agbpal	32	graphics/portrait/portrait_Villager_Old_Woman_palette.agbpal
graphics	png	1492	graphics/portrait/portrait_Villager_Old_Woman_tileset.png
graphics	png	211	graphics/portrait/portrait_Villager_Woman_chibi.png
graphics	png	332	graphics/portrait/portrait_Villager_Woman_mouth.png
graphics	agbpal	32	graphics/portrait/portrait_Villager_Woman_palette.agbpal
graphics	png	1379	graphics/portrait/portrait_Villager_Woman_tileset.png
graphics	png	211	graphics/portrait/portrait_Villager_Young_Boy_chibi.png
graphics	png	315	graphics/portrait/portrait_Villager_Young_Boy_mouth.png
graphics	agbpal	32	graphics/portrait/portrait_Villager_Young_Boy_palette.agbpal
graphics	png	1307	graphics/portrait/portrait_Villager_Young_Boy_tileset.png
graphics	png	211	graphics/portrait/portrait_Villager_Young_Man_chibi.png
graphics	png	329	graphics/portrait/portrait_Villager_Young_Man_mouth.png
graphics	agbpal	32	graphics/portrait/portrait_Villager_Young_Man_palette.agbpal
graphics	png	1525	graphics/portrait/portrait_Villager_Young_Man_tileset.png
graphics	png	1646	graphics/portrait/portrait_Warrior_card.png
graphics	agbpal	32	graphics/portrait/portrait_Warrior_palette.agbpal
graphics	png	1406	graphics/portrait/portrait_Wight_card.png
graphics	agbpal	32	graphics/portrait/portrait_Wight_palette.agbpal
graphics	png	1751	graphics/portrait/portrait_Wyvern_Knight_card.png
graphics	agbpal	32	graphics/portrait/portrait_Wyvern_Knight_palette.agbpal
graphics	png	1746	graphics/portrait/portrait_Wyvern_Lord_card.png
graphics	agbpal	32	graphics/portrait/portrait_Wyvern_Lord_palette.agbpal
graphics	png	1691	graphics/portrait/portrait_Wyvern_Rider_card.png
graphics	agbpal	32	graphics/portrait/portrait_Wyvern_Rider_palette.agbpal
graphics	png	465	graphics/portrait/portrait_Zonta_chibi.png
graphics	png	308	graphics/portrait/portrait_Zonta_mouth.png
graphics	agbpal	32	graphics/portrait/portrait_Zonta_palette.agbpal
graphics	png	1654	graphics/portrait/portrait_Zonta_tileset.png
graphics	png	9815	graphics/statscreen/StatscreenBG.png
graphics	tmap	1200	graphics/statscreen/StatscreenBG.tmap
graphics	tmap	32	graphics/statscreen/StatscreenEquipedWeaponHighlight.tmap
graphics	png	255	graphics/statscreen/StatscreenEquipmentBG.png
graphics	tmap	192	graphics/statscreen/StatscreenEquipmentBG.tmap
graphics	png	273	graphics/statscreen/StatscreenEquipmentText.png
graphics	png	3001	graphics/statscreen/StatscreenHalo.png
graphics	tmap	252	graphics/statscreen/StatscreenHalo.tmap
graphics	png	1030	graphics/statscreen/StatscreenObjs.png
graphics	png	982	graphics/sysutils/Img_SysBrownBox.png
graphics	png	999	graphics/sysutils/Img_SysGrayBox.png
graphics	pal	202	graphics/titlescreen/title_copyright.pal
graphics	png	2953	graphics/titlescreen/title_demon_king.png
graphics	bin	884	graphics/titlescreen/title_demon_king_tsa.bin
graphics	png	3253	graphics/titlescreen/title_dragon_foreground.png
graphics	bin	744	graphics/titlescreen/title_dragon_foreground_tsa.bin
graphics	png	1354	graphics/titlescreen/title_fire_emblem_logo.png
graphics	png	671	graphics/titlescreen/title_large_glowing_orb.png
graphics	png	2463	graphics/titlescreen/title_logos.png
graphics	pal	200	graphics/titlescreen/title_main_background.pal
graphics	png	7628	graphics/titlescreen/title_main_background_1.png
graphics	png	5256	graphics/titlescreen/title_main_background_2.png
graphics	bin	1380	graphics/titlescreen/title_main_background_tsa.bin
graphics	pal	209	graphics/titlescreen/title_press_start.pal
graphics	pal	208	graphics/titlescreen/title_sacred_stones_banner.pal
graphics	png	181	graphics/titlescreen/title_small_light_bubbles.png
graphics	png	2396	graphics/titlescreen/title_unk_image_1.png
graphics	bin	688	graphics/titlescreen/title_unk_image_1_tsa.bin
graphics	png	3675	graphics/titlescreen/title_unk_image_2.png
graphics	bin	972	graphics/titlescreen/title_unk_image_2_tsa.bin
graphics	png	479	graphics/titlescreen/title_unk_image_3.png
graphics	bin	516	graphics/titlescreen/title_unk_image_3_tsa.bin
graphics	png	1773	graphics/titlescreen/title_unk_image_4.png
graphics	bin	260	graphics/titlescreen/title_unk_image_4_tsa.bin
graphics	pal	202	graphics/titlescreen/title_unk_palette_1.pal
graphics	pal	191	graphics/titlescreen/title_unk_palette_2.pal
graphics	pal	186	graphics/titlescreen/title_unk_palette_3.pal
graphics	png	1323	graphics/unit_icon/move/unit_icon_move_Arch_Mogall_sheet.png
graphics	png	1352	graphics/unit_icon/move/unit_icon_move_Archer_F_sheet.png
graphics	png	1264	graphics/unit_icon/move/unit_icon_move_Archer_sheet.png
graphics	png	1586	graphics/unit_icon/move/unit_icon_move_Armor_Knight_sheet.png
graphics	png	1323	graphics/unit_icon/move/unit_icon_move_Assassin_F_sheet.png
graphics	png	1219	graphics/unit_icon/move/unit_icon_move_Assassin_sheet.png
graphics	png	1199	graphics/unit_icon/move/unit_icon_move_Bael_sheet.png
graphics	png	1245	graphics/unit_icon/move/unit_icon_move_Bard_sheet.png
graphics	png	1807	graphics/unit_icon/move/unit_icon_move_Berserker_sheet.png
graphics	png	1507	graphics/unit_icon/move/unit_icon_move_Bishop_F_sheet.png
graphics	png	1524	graphics/unit_icon/move/unit_icon_move_Bishop_sheet.png
graphics	png	668	graphics/unit_icon/move/unit_icon_move_Blst_Killer_Empty_sheet.png
graphics	png	945	graphics/unit_icon/move/unit_icon_move_Blst_Killer_Used_sheet.png
graphics	png	619	graphics/unit_icon/move/unit_icon_move_Blst_Long_Empty_sheet.png
graphics	png	937	graphics/unit_icon/move/unit_icon_move_Blst_Long_Used_sheet.png
graphics	png	937	graphics/unit_icon/move/unit_icon_move_Blst_Regular_Used_sheet.png
graphics	png	653	graphics/unit_icon/move/unit_icon_move_Blst_Used_Empty_sheet.png
graphics	png	1456	graphics/unit_icon/move/unit_icon_move_Bonewalker_Bow_sheet.png
graphics	png	1387	graphics/unit_icon/move/unit_icon_move_Bonewalker_sheet.png
graphics	png	1302	graphics/unit_icon/move/unit_icon_move_Brigand_sheet.png
graphics	png	1675	graphics/unit_icon/move/unit_icon_move_Cavalier_sheet.png
graphics	png	938	graphics/unit_icon/move/unit_icon_move_Civilian_F1_sheet.png
graphics	png	1090	graphics/unit_icon/move/unit_icon_move_Civilian_F2_sheet.png
graphics	png	832	graphics/unit_icon/move/unit_icon_move_Civilian_M1_sheet.png
graphics	png	998	graphics/unit_icon/move/unit_icon_move_Civilian_M2_sheet.png
graphics	png	1269	graphics/unit_icon/move/unit_icon_move_Cleric_sheet.png
graphics	png	1415	graphics/unit_icon/move/unit_icon_move_Cyclops_sheet.png
graphics	png	2256	graphics/unit_icon/move/unit_icon_move_Dancer_sheet.png
graphics	png	2134	graphics/unit_icon/move/unit_icon_move_Deathgoyle_sheet.png
graphics	png	3208	graphics/unit_icon/move/unit_icon_move_Demon_King_sheet.png
graphics	png	2640	graphics/unit_icon/move/unit_icon_move_Draco_Zombie_sheet.png
graphics	png	1469	graphics/unit_icon/move/unit_icon_move_Druid_sheet.png
graphics	png	1331	graphics/unit_icon/move/unit_icon_move_Eirika_Lord_sheet.png
graphics	png	1954	graphics/unit_icon/move/unit_icon_move_Eirika_Master_Lord_sheet.png
graphics	png	1065	graphics/unit_icon/move/unit_icon_move_Elder_Bael_sheet.png
graphics	png	1079	graphics/unit_icon/move/unit_icon_move_Entoumbed_sheet.png
graphics	png	1774	graphics/unit_icon/move/unit_icon_move_Ephraim_Lord_sheet.png
graphics	png	1972	graphics/unit_icon/move/unit_icon_move_Ephraim_Master_Lord_sheet.png
graphics	png	2739	graphics/unit_icon/move/unit_icon_move_Falcon_Knight_sheet.png
graphics	png	289	graphics/unit_icon/move/unit_icon_move_Fallen_Peer_sheet.png
graphics	png	283	graphics/unit_icon/move/unit_icon_move_Fallen_Prince_sheet.png
graphics	png	1255	graphics/unit_icon/move/unit_icon_move_Fighter_sheet.png
graphics	png	577	graphics/unit_icon/move/unit_icon_move_Fleet_sheet.png
graphics	png	2168	graphics/unit_icon/move/unit_icon_move_Gargoyle_sheet.png
graphics	png	2062	graphics/unit_icon/move/unit_icon_move_General_sheet.png
graphics	png	1265	graphics/unit_icon/move/unit_icon_move_Gorgon_sheet.png
graphics	png	360	graphics/unit_icon/move/unit_icon_move_Gorgonegg2_sheet.png
graphics	png	294	graphics/unit_icon/move/unit_icon_move_Gorgonegg_sheet.png
graphics	png	1748	graphics/unit_icon/move/unit_icon_move_Great_Knight_sheet.png
graphics	png	1926	graphics/unit_icon/move/unit_icon_move_Gwyllgi_sheet.png
graphics	png	1725	graphics/unit_icon/move/unit_icon_move_Hero_F_sheet.png
graphics	png	1669	graphics/unit_icon/move/unit_icon_move_Hero_sheet.png
graphics	png	1222	graphics/unit_icon/move/unit_icon_move_Journeyman_T2_sheet.png
graphics	png	1595	graphics/unit_icon/move/unit_icon_move_Maelduin_sheet.png
graphics	png	1467	graphics/unit_icon/move/unit_icon_move_Mage_F_sheet.png
graphics	png	1743	graphics/unit_icon/move/unit_icon_move_Mage_Knight_F_sheet.png
graphics	png	1623	graphics/unit_icon/move/unit_icon_move_Mage_Knight_sheet.png
graphics	png	1411	graphics/unit_icon/move/unit_icon_move_Mage_sheet.png
graphics	png	2812	graphics/unit_icon/move/unit_icon_move_Manakete_2_sheet.png
graphics	png	1366	graphics/unit_icon/move/unit_icon_move_Manakete_Myrrh_sheet.png
graphics	png	2253	graphics/unit_icon/move/unit_icon_move_Manakete_sheet.png
graphics	png	1630	graphics/unit_icon/move/unit_icon_move_Mauthedoog_sheet.png
graphics	png	1154	graphics/unit_icon/move/unit_icon_move_Mercenary_F_sheet.png
graphics	png	1252	graphics/unit_icon/move/unit_icon_move_Mercenary_sheet.png
graphics	png	1177	graphics/unit_icon/move/unit_icon_move_Mogall_sheet.png
graphics	png	1023	graphics/unit_icon/move/unit_icon_move_Monk_sheet.png
graphics	png	1395	graphics/unit_icon/move/unit_icon_move_Myrmidon_F_sheet.png
graphics	png	1329	graphics/unit_icon/move/unit_icon_move_Myrmidon_sheet.png
graphics	png	1371	graphics/unit_icon/move/unit_icon_move_Necromancer_sheet.png
graphics	png	1797	graphics/unit_icon/move/unit_icon_move_Paladin_sheet.png
graphics	png	1387	graphics/unit_icon/move/unit_icon_move_Peer_sheet.png
graphics	png	2619	graphics/unit_icon/move/unit_icon_move_Pegasus_Knight_sheet.png
graphics	png	1305	graphics/unit_icon/move/unit_icon_move_Phantom_sheet.png
graphics	png	1579	graphics/unit_icon/move/unit_icon_move_Pirate_sheet.png
graphics	png	741	graphics/unit_icon/move/unit_icon_move_Pontifex_sheet.png
graphics	png	1333	graphics/unit_icon/move/unit_icon_move_Priest_sheet.png
graphics	png	772	graphics/unit_icon/move/unit_icon_move_Prince_sheet.png
graphics	png	1286	graphics/unit_icon/move/unit_icon_move_Pupil_T2_sheet.png
graphics	png	555	graphics/unit_icon/move/unit_icon_move_Queen_2_sheet.png
graphics	png	741	graphics/unit_icon/move/unit_icon_move_Queen_sheet.png
graphics	png	1653	graphics/unit_icon/move/unit_icon_move_Ranger_sheet.png
graphics	png	1122	graphics/unit_icon/move/unit_icon_move_Recruit_T1_sheet.png
graphics	png	1114	graphics/unit_icon/move/unit_icon_move_Revenant_sheet.png
graphics	png	1300	graphics/unit_icon/move/unit_icon_move_Rogue_sheet.png
graphics	png	1796	graphics/unit_icon/move/unit_icon_move_Sage_F_sheet.png
graphics	png	1736	graphics/unit_icon/move/unit_icon_move_Sage_sheet.png
graphics	png	1315	graphics/unit_icon/move/unit_icon_move_Shaman_sheet.png
graphics	png	1495	graphics/unit_icon/move/unit_icon_move_Sniper_F_sheet.png
graphics	png	1361	graphics/unit_icon/move/unit_icon_move_Sniper_sheet.png
graphics	png	1252	graphics/unit_icon/move/unit_icon_move_Soldier_sheet.png
graphics	png	1336	graphics/unit_icon/move/unit_icon_move_Summoner_sheet.png
graphics	png	1456	graphics/unit_icon/move/unit_icon_move_Swordmaster_F_sheet.png
graphics	png	1440	graphics/unit_icon/move/unit_icon_move_Swordmaster_sheet.png
graphics	png	1472	graphics/unit_icon/move/unit_icon_move_Tarvos_sheet.png
graphics	png	349	graphics/unit_icon/move/unit_icon_move_Tent_sheet.png
graphics	png	1443	graphics/unit_icon/move/unit_icon_move_Thief_sheet.png
graphics	png	1756	graphics/unit_icon/move/unit_icon_move_Troubadour_sheet.png
graphics	png	148	graphics/unit_icon/move/unit_icon_move_Unk77_sheet.png
graphics	png	1877	graphics/unit_icon/move/unit_icon_move_Valkyrie_sheet.png
graphics	png	1829	graphics/unit_icon/move/unit_icon_move_Warrior_sheet.png
graphics	png	1532	graphics/unit_icon/move/unit_icon_move_Wight_Bow_sheet.png
graphics	png	1550	graphics/unit_icon/move/unit_icon_move_Wight_sheet.png
graphics	png	2802	graphics/unit_icon/move/unit_icon_move_Wyvern_Knight_F_sheet.png
graphics	png	2797	graphics/unit_icon/move/unit_icon_move_Wyvern_Knight_sheet.png
graphics	png	2915	graphics/unit_icon/move/unit_icon_move_Wyvern_Lord_F_sheet.png
graphics	png	2713	graphics/unit_icon/move/unit_icon_move_Wyvern_Lord_sheet.png
graphics	png	2713	graphics/unit_icon/move/unit_icon_move_Wyvern_Rider_sheet.png
graphics	agbpal	32	graphics/unit_icon/palette/unit_icon_pal_after_action.agbpal
graphics	agbpal	32	graphics/unit_icon/palette/unit_icon_pal_enemy.agbpal
graphics	agbpal	32	graphics/unit_icon/palette/unit_icon_pal_npc.agbpal
graphics	agbpal	32	graphics/unit_icon/palette/unit_icon_pal_p4.agbpal
graphics	agbpal	32	graphics/unit_icon/palette/unit_icon_pal_player.agbpal
graphics	png	392	graphics/unit_icon/wait/unit_icon_wait_Arch_Mogall_sheet.png
graphics	png	366	graphics/unit_icon/wait/unit_icon_wait_Archer_F_sheet.png
graphics	png	367	graphics/unit_icon/wait/unit_icon_wait_Archer_sheet.png
graphics	png	345	graphics/unit_icon/wait/unit_icon_wait_Armor_Knight_sheet.png
graphics	png	372	graphics/unit_icon/wait/unit_icon_wait_Assassin_F_sheet.png
graphics	png	371	graphics/unit_icon/wait/unit_icon_wait_Assassin_sheet.png
graphics	png	368	graphics/unit_icon/wait/unit_icon_wait_Bael_sheet.png
graphics	png	327	graphics/unit_icon/wait/unit_icon_wait_Bard_sheet.png
graphics	png	516	graphics/unit_icon/wait/unit_icon_wait_Berserker_sheet.png
graphics	png	417	graphics/unit_icon/wait/unit_icon_wait_Bishop_F_sheet.png
graphics	png	421	graphics/unit_icon/wait/unit_icon_wait_Bishop_sheet.png
graphics	png	131	graphics/unit_icon/wait/unit_icon_wait_Blank_sheet.png
graphics	png	402	graphics/unit_icon/wait/unit_icon_wait_Blst_Killer_Empty_sheet.png
graphics	png	451	graphics/unit_icon/wait/unit_icon_wait_Blst_Killer_Used_sheet.png
graphics	png	396	graphics/unit_icon/wait/unit_icon_wait_Blst_Long_Empty_sheet.png
graphics	png	442	graphics/unit_icon/wait/unit_icon_wait_Blst_Long_Used_sheet.png
graphics	png	442	graphics/unit_icon/wait/unit_icon_wait_Blst_Regular_Used_sheet.png
graphics	png	396	graphics/unit_icon/wait/unit_icon_wait_Blst_Used_Empty_sheet.png
graphics	png	382	graphics/unit_icon/wait/unit_icon_wait_Bonewalker_Bow_sheet.png
graphics	png	369	graphics/unit_icon/wait/unit_icon_wait_Bonewalker_sheet.png
graphics	png	409	graphics/unit_icon/wait/unit_icon_wait_Brigand_sheet.png
graphics	png	488	graphics/unit_icon/wait/unit_icon_wait_Cavalier_sheet.png
graphics	png	274	graphics/unit_icon/wait/unit_icon_wait_Civilian_F1_sheet.png
graphics	png	301	graphics/unit_icon/wait/unit_icon_wait_Civilian_F2_sheet.png
graphics	png	272	graphics/unit_icon/wait/unit_icon_wait_Civilian_M1_sheet.png
graphics	png	285	graphics/unit_icon/wait/unit_icon_wait_Civilian_M2_sheet.png
graphics	png	395	graphics/unit_icon/wait/unit_icon_wait_Cleric_sheet.png
graphics	png	377	graphics/unit_icon/wait/unit_icon_wait_Cyclops_sheet.png
graphics	png	392	graphics/unit_icon/wait/unit_icon_wait_Dancer_sheet.png
graphics	png	529	graphics/unit_icon/wait/unit_icon_wait_Deathgoyle_sheet.png
graphics	png	521	graphics/unit_icon/wait/unit_icon_wait_Demon_King_sheet.png
graphics	png	418	graphics/unit_icon/wait/unit_icon_wait_Draco_Zombie_sheet.png
graphics	png	402	graphics/unit_icon/wait/unit_icon_wait_Druid_sheet.png
graphics	png	354	graphics/unit_icon/wait/unit_icon_wait_Eirika_Lord_sheet.png
graphics	png	548	graphics/unit_icon/wait/unit_icon_wait_Eirika_Master_Lord_sheet.png
graphics	png	385	graphics/unit_icon/wait/unit_icon_wait_Elder_Bael_sheet.png
graphics	png	373	graphics/unit_icon/wait/unit_icon_wait_Entoumbed_sheet.png
graphics	png	464	graphics/unit_icon/wait/unit_icon_wait_Ephraim_Lord_sheet.png
graphics	png	542	graphics/unit_icon/wait/unit_icon_wait_Ephraim_Master_Lord_sheet.png
graphics	png	479	graphics/unit_icon/wait/unit_icon_wait_Falcon_Knight_sheet.png
graphics	png	224	graphics/unit_icon/wait/unit_icon_wait_Fallen_Peer_sheet.png
graphics	png	215	graphics/unit_icon/wait/unit_icon_wait_Fallen_Prince_sheet.png
graphics	png	346	graphics/unit_icon/wait/unit_icon_wait_Fighter_sheet.png
graphics	png	311	graphics/unit_icon/wait/unit_icon_wait_Fleet_sheet.png
graphics	png	469	graphics/unit_icon/wait/unit_icon_wait_Gargoyle_sheet.png
graphics	png	464	graphics/unit_icon/wait/unit_icon_wait_General_sheet.png
graphics	png	383	graphics/unit_icon/wait/unit_icon_wait_Gorgon_sheet.png
graphics	png	287	graphics/unit_icon/wait/unit_icon_wait_Gorgonegg2_sheet.png
graphics	png	232	graphics/unit_icon/wait/unit_icon_wait_Gorgonegg_sheet.png
graphics	png	513	graphics/unit_icon/wait/unit_icon_wait_Great_Knight_sheet.png
graphics	png	493	graphics/unit_icon/wait/unit_icon_wait_Gwyllgi_sheet.png
graphics	png	403	graphics/unit_icon/wait/unit_icon_wait_Hero_F_sheet.png
graphics	png	423	graphics/unit_icon/wait/unit_icon_wait_Hero_sheet.png
graphics	png	343	graphics/unit_icon/wait/unit_icon_wait_Journeyman_T2_sheet.png
graphics	png	542	graphics/unit_icon/wait/unit_icon_wait_Maelduin_sheet.png
graphics	png	390	graphics/unit_icon/wait/unit_icon_wait_Mage_F_sheet.png
graphics	png	493	graphics/unit_icon/wait/unit_icon_wait_Mage_Knight_F_sheet.png
graphics	png	483	graphics/unit_icon/wait/unit_icon_wait_Mage_Knight_sheet.png
graphics	png	364	graphics/unit_icon/wait/unit_icon_wait_Mage_sheet.png
graphics	png	664	graphics/unit_icon/wait/unit_icon_wait_Manakete_2_sheet.png
graphics	png	333	graphics/unit_icon/wait/unit_icon_wait_Manakete_Myrrh_sheet.png
graphics	png	334	graphics/unit_icon/wait/unit_icon_wait_Mauthedoog_sheet.png
graphics	png	366	graphics/unit_icon/wait/unit_icon_wait_Mercenary_F_sheet.png
graphics	png	382	graphics/unit_icon/wait/unit_icon_wait_Mercenary_sheet.png
graphics	png	381	graphics/unit_icon/wait/unit_icon_wait_Mogall_sheet.png
graphics	png	351	graphics/unit_icon/wait/unit_icon_wait_Monk_sheet.png
graphics	png	359	graphics/unit_icon/wait/unit_icon_wait_Myrmidon_F_sheet.png
graphics	png	358	graphics/unit_icon/wait/unit_icon_wait_Myrmidon_sheet.png
graphics	png	334	graphics/unit_icon/wait/unit_icon_wait_Necromancer_sheet.png
graphics	png	513	graphics/unit_icon/wait/unit_icon_wait_Paladin_sheet.png
graphics	png	300	graphics/unit_icon/wait/unit_icon_wait_Peer_sheet.png
graphics	png	455	graphics/unit_icon/wait/unit_icon_wait_Pegasus_Knight_sheet.png
graphics	png	362	graphics/unit_icon/wait/unit_icon_wait_Phantom_sheet.png
graphics	png	441	graphics/unit_icon/wait/unit_icon_wait_Pirate_sheet.png
graphics	png	344	graphics/unit_icon/wait/unit_icon_wait_Pontifex_sheet.png
graphics	png	374	graphics/unit_icon/wait/unit_icon_wait_Priest_sheet.png
graphics	png	295	graphics/unit_icon/wait/unit_icon_wait_Prince_sheet.png
graphics	png	347	graphics/unit_icon/wait/unit_icon_wait_Pupil_T2_sheet.png
graphics	png	256	graphics/unit_icon/wait/unit_icon_wait_Queen_2_sheet.png
graphics	png	317	graphics/unit_icon/wait/unit_icon_wait_Queen_sheet.png
graphics	png	495	graphics/unit_icon/wait/unit_icon_wait_Ranger_sheet.png
graphics	png	377	graphics/unit_icon/wait/unit_icon_wait_Recruit_T1_sheet.png
graphics	png	330	graphics/unit_icon/wait/unit_icon_wait_Revenant_sheet.png
graphics	png	355	graphics/unit_icon/wait/unit_icon_wait_Rogue_sheet.png
graphics	png	424	graphics/unit_icon/wait/unit_icon_wait_Sage_F_sheet.png
graphics	png	422	graphics/unit_icon/wait/unit_icon_wait_Sage_sheet.png
graphics	png	367	graphics/unit_icon/wait/unit_icon_wait_Shaman_sheet.png
graphics	png	392	graphics/unit_icon/wait/unit_icon_wait_Sniper_F_sheet.png
graphics	png	412	graphics/unit_icon/wait/unit_icon_wait_Sniper_sheet.png
graphics	png	393	graphics/unit_icon/wait/unit_icon_wait_Soldier_sheet.png
graphics	png	323	graphics/unit_icon/wait/unit_icon_wait_Summoner_sheet.png
graphics	png	321	graphics/unit_icon/wait/unit_icon_wait_Swordmaster_F_sheet.png
graphics	png	334	graphics/unit_icon/wait/unit_icon_wait_Swordmaster_sheet.png
graphics	png	492	graphics/unit_icon/wait/unit_icon_wait_Tarvos_sheet.png
graphics	png	272	graphics/unit_icon/wait/unit_icon_wait_Tent_sheet.png
graphics	png	383	graphics/unit_icon/wait/unit_icon_wait_Thief_sheet.png
graphics	png	478	graphics/unit_icon/wait/unit_icon_wait_Troubadour_sheet.png
graphics	png	297	graphics/unit_icon/wait/unit_icon_wait_Unk77_sheet.png
graphics	png	478	graphics/unit_icon/wait/unit_icon_wait_Valkyrie_sheet.png
graphics	png	438	graphics/unit_icon/wait/unit_icon_wait_Warrior_sheet.png
graphics	png	419	graphics/unit_icon/wait/unit_icon_wait_Wight_Bow_sheet.png
graphics	png	409	graphics/unit_icon/wait/unit_icon_wait_Wight_sheet.png
graphics	png	541	graphics/unit_icon/wait/unit_icon_wait_Wyvern_Knight_F_sheet.png
graphics	png	518	graphics/unit_icon/wait/unit_icon_wait_Wyvern_Knight_sheet.png
graphics	png	535	graphics/unit_icon/wait/unit_icon_wait_Wyvern_Lord_F_sheet.png
graphics	png	529	graphics/unit_icon/wait/unit_icon_wait_Wyvern_Lord_sheet.png
graphics	png	529	graphics/unit_icon/wait/unit_icon_wait_Wyvern_Rider_sheet.png
graphics	png	1883	graphics/world_map/nations/Gfx_WmNationFrecia.png
sound	s	67546	sound/direct_sound_data.s
sound	aif	1281	sound/direct_sound_samples/084DA07C.aif
sound	aif	1937	sound/direct_sound_samples/084DAF40.aif
sound	aif	3297	sound/direct_sound_samples/084DB690.aif
sound	aif	1843	sound/direct_sound_samples/084DC330.aif
sound	aif	3208	sound/direct_sound_samples/084DCA24.aif
sound	aif	4696	sound/direct_sound_samples/084DD66C.aif
sound	aif	2724	sound/direct_sound_samples/084DE884.aif
sound	aif	20964	sound/direct_sound_samples/084E20A0.aif
sound	aif	46535	sound/direct_sound_samples/084E7244.aif
sound	aif	19461	sound/direct_sound_samples/084F27CC.aif
sound	aif	2348	sound/direct_sound_samples/084F7390.aif
sound	aif	8876	sound/direct_sound_samples/084F7C7C.aif
sound	aif	755	sound/direct_sound_samples/084F9EE8.aif
sound	aif	8189	sound/direct_sound_samples/084FA19C.aif
sound	aif	977	sound/direct_sound_samples/084FC718.aif
sound	aif	1355	sound/direct_sound_samples/084FCAA8.aif
sound	aif	2107	sound/direct_sound_samples/084FCFB4.aif
sound	aif	1279	sound/direct_sound_samples/084FDB48.aif
sound	aif	551	sound/direct_sound_samples/084FE008.aif
sound	aif	2701	sound/direct_sound_samples/084FE1F0.aif
sound	aif	592	sound/direct_sound_samples/084FEC3C.aif
sound	aif	533	sound/direct_sound_samples/084FEE4C.aif
sound	aif	919	sound/direct_sound_samples/084FF26C.aif
sound	aif	4429	sound/direct_sound_samples/084FF5C4.aif
sound	aif	4201	sound/direct_sound_samples/085006D0.aif
sound	aif	5659	sound/direct_sound_samples/085016D8.aif
sound	aif	4632	sound/direct_sound_samples/08502CB4.aif
sound	aif	1883	sound/direct_sound_samples/08503E8C.aif
sound	aif	2552	sound/direct_sound_samples/085045A8.aif
sound	aif	3116	sound/direct_sound_samples/08504F40.aif
sound	aif	1324	sound/direct_sound_samples/08505B2C.aif
sound	aif	4688	sound/direct_sound_samples/08506B50.aif
sound	aif	2895	sound/direct_sound_samples/08507D60.aif
sound	aif	8095	sound/direct_sound_samples/08508870.aif
sound	aif	7609	sound/direct_sound_samples/0850A7D0.aif
sound	aif	2341	sound/direct_sound_samples/0850E8E8.aif
sound	aif	14670	sound/direct_sound_samples/0850F1CC.aif
sound	aif	4890	sound/direct_sound_samples/0851EC74.aif
sound	aif	19098	sound/direct_sound_samples/0851FF4C.aif
sound	aif	1143	sound/direct_sound_samples/08524984.aif
sound	aif	4667	sound/direct_sound_samples/08524DBC.aif
sound	aif	2036	sound/direct_sound_samples/08525FB8.aif
sound	aif	7022	sound/direct_sound_samples/0852674C.aif
sound	aif	5812	sound/direct_sound_samples/08528258.aif
sound	aif	5505	sound/direct_sound_samples/08543C90.aif
sound	aif	10864	sound/direct_sound_samples/antidote1_e_13k8b.aif
sound	aif	4525	sound/direct_sound_samples/armor1b_e1_13k8b.aif
sound	aif	2344	sound/direct_sound_samples/arrow1_e1_13k8b.aif
sound	aif	6305	sound/direct_sound_samples/aureole1_el_13k8b.aif
sound	aif	8078	sound/direct_sound_samples/aureole2_el_13k8b.aif
sound	aif	1797	sound/direct_sound_samples/axe2_e2_13k8b.aif
sound	aif	11297	sound/direct_sound_samples/berserk4_e2l_p25_10k8b.aif
sound	aif	5497	sound/direct_sound_samples/biguru_step_29_e3_13k8b.aif
sound	aif	2169	sound/direct_sound_samples/bird3_e5_13k8b.aif
sound	aif	2347	sound/direct_sound_samples/bird5b_e3_13k8b.aif
sound	aif	13802	sound/direct_sound_samples/blizzard1_e2l_13k8b.aif
sound	aif	3603	sound/direct_sound_samples/bmap_shooter_move1_13k.aif
sound	aif	1093	sound/direct_sound_samples/bow1_e1_10k8b.aif
sound	aif	2170	sound/direct_sound_samples/bow2_e2_10k8b.aif
sound	aif	6599	sound/direct_sound_samples/brass4_c3_e1l_10k8b.aif
sound	aif	7198	sound/direct_sound_samples/brass4_c4_e3l_10k8b.aif
sound	aif	9902	sound/direct_sound_samples/breath_magic1_e1_10k8b.aif
sound	aif	3571	sound/direct_sound_samples/btl_bird1_e4_13k8b.aif
sound	aif	6181	sound/direct_sound_samples/btl_bird2_e2_13k8b.aif
sound	aif	3792	sound/direct_sound_samples/btl_bird2b_e6_m1_10k8b.aif
sound	aif	12835	sound/direct_sound_samples/btl_critical_dmg1_13k.aif
sound	aif	49871	sound/direct_sound_samples/btl_dance1_10k.aif
sound	aif	8087	sound/direct_sound_samples/btl_evl_magic1_13k.aif
sound	aif	60836	sound/direct_sound_samples/btl_evl_magic2_10k.aif
sound	aif	16992	sound/direct_sound_samples/btl_mnt_magic1_13k.aif
sound	aif	11322	sound/direct_sound_samples/btl_mon_magic1_13k.aif
sound	aif	8734	sound/direct_sound_samples/btl_skill1_13k.aif
sound	aif	15166	sound/direct_sound_samples/btl_snr_magic1_13k.aif
sound	aif	15451	sound/direct_sound_samples/class1_down1_e_10k8b.aif
sound	aif	6077	sound/direct_sound_samples/class1_light1_el_10k8b.aif
sound	aif	15456	sound/direct_sound_samples/class1_up1_e_10k8b.aif
sound	aif	10022	sound/direct_sound_samples/count_bell1b_e2_13k8b.aif
sound	aif	2410	sound/direct_sound_samples/damage_du1_e4_13k8b.aif
sound	aif	4648	sound/direct_sound_samples/damage_last1_e3_13k8b.aif
sound	aif	2623	sound/direct_sound_samples/damage_tuki2_e3_13k8b.aif
sound	aif	2759	sound/direct_sound_samples/damage_ud1_e3_13k8b.aif
sound	aif	1752	sound/direct_sound_samples/dr_solo2_c2_e3l_10k.aif
sound	aif	1484	sound/direct_sound_samples/dragon_foot1_e1_8k8b.aif
sound	aif	12409	sound/direct_sound_samples/dragon_in1b_e3_10k8b.aif
sound	aif	10574	sound/direct_sound_samples/dragon_out1b_e3_10k8b.aif
sound	aif	17433	sound/direct_sound_samples/dragon_scream1_e4_10k8b.aif
sound	aif	23981	sound/direct_sound_samples/dragon_scream3_e6_10k8b.aif
sound	aif	13799	sound/direct_sound_samples/dv_hikari_e_p25_10k8b.aif
sound	aif	6051	sound/direct_sound_samples/dv_open1_e_p44_10k8b.aif
sound	aif	3272	sound/direct_sound_samples/e_piano2_c3_10k8b.aif
sound	aif	20097	sound/direct_sound_samples/eclipse1a_e_10k8b.aif
sound	aif	20138	sound/direct_sound_samples/eclipse1b_e_10k8b.aif
sound	aif	5569	sound/direct_sound_samples/elec1_e2_13k8b.aif
sound	aif	9539	sound/direct_sound_samples/fade_die_away1_e5_13k8b.aif
sound	aif	7174	sound/direct_sound_samples/fall_light1_e3_13k8b.aif
sound	aif	6572	sound/direct_sound_samples/fire4_e2_13k8b.aif
sound	aif	7011	sound/direct_sound_samples/fire_e2_13k8b.aif
sound	aif	6163	sound/direct_sound_samples/forbraze1_e_p45_10k8b.aif
sound	aif	444	sound/direct_sound_samples/freeze1_e3_13k8b.aif
sound	aif	2824	sound/direct_sound_samples/furu1_e_13k8b.aif
sound	aif	2180	sound/direct_sound_samples/furu1b_e5_13k8b.aif
sound	aif	2700	sound/direct_sound_samples/furu2_e1_13k8b.aif
sound	aif	2348	sound/direct_sound_samples/furu2b_e6_13k8b.aif
sound	aif	3321	sound/direct_sound_samples/furu4_e3_13k8b.aif
sound	aif	5429	sound/direct_sound_samples/h_acd_g3_13k8b_ss.aif
sound	aif	986	sound/direct_sound_samples/h_agogo_h_13k8b_ss.aif
sound	aif	2429	sound/direct_sound_samples/h_bmp_bomb_fall_02_13k8b.aif
sound	aif	6685	sound/direct_sound_samples/h_bridge_02_02_13k8b.aif
sound	aif	1162	sound/direct_sound_samples/h_dr_bd_13k8b_ss.aif
sound	aif	674	sound/direct_sound_samples/h_dr_bongo_h_13k8b_ss.aif
sound	aif	930	sound/direct_sound_samples/h_dr_bongo_l_13k8b_ss.aif
sound	aif	2938	sound/direct_sound_samples/h_dr_midtom_13k8b_ss.aif
sound	aif	8459	sound/direct_sound_samples/h_dulcimer_g3_13k8b_ss.aif
sound	aif	8351	sound/direct_sound_samples/h_excb1_08_04_10k8b.aif
sound	aif	15383	sound/direct_sound_samples/h_excb2_19_02_10k8b.aif
sound	aif	17268	sound/direct_sound_samples/h_ges2_03_05_10k8b.aif
sound	aif	8801	sound/direct_sound_samples/h_ges3_03_03_10k8b.aif
sound	aif	14356	sound/direct_sound_samples/h_guiter_scrape1_13k_e.aif
sound	aif	6069	sound/direct_sound_samples/h_hector_axe01_13k8b.aif
sound	aif	11265	sound/direct_sound_samples/h_kekkai_02_13k8b.aif
sound	aif	10370	sound/direct_sound_samples/h_levup05_03_13k8b.aif
sound	aif	18968	sound/direct_sound_samples/h_live05_02_13k8b.aif
sound	aif	32792	sound/direct_sound_samples/h_luna_af_01_13_10k8b_l1.aif
sound	aif	10879	sound/direct_sound_samples/h_luna_bf_01_13k8b.aif
sound	aif	7915	sound/direct_sound_samples/h_monm_kiran_13k8b.aif
sound	aif	17699	sound/direct_sound_samples/h_mysty7_p16l_10k8b.aif
sound	aif	3555	sound/direct_sound_samples/h_nodamage02_13k8b.aif
sound	aif	8090	sound/direct_sound_samples/h_orc_symbal_13k8b_ss.aif
sound	aif	7256	sound/direct_sound_samples/h_organ2_c5_13k8b_ss.aif
sound	aif	1752	sound/direct_sound_samples/h_organ_c5_13k8b_ss.aif
sound	aif	7127	sound/direct_sound_samples/h_oura1_03_03_10k8b.aif
sound	aif	11746	sound/direct_sound_samples/h_oura2_03_03_10k8b.aif
sound	aif	26655	sound/direct_sound_samples/h_oura3_07_02_10k8b.aif
sound	aif	16925	sound/direct_sound_samples/h_piano_c5_13k8b_ss.aif
sound	aif	15367	sound/direct_sound_samples/h_piano_g3_13k8b_ss.aif
sound	aif	1214	sound/direct_sound_samples/h_pizz_c4_13k8b_ss.aif
sound	aif	19373	sound/direct_sound_samples/h_pr_hyuun1_02_13k8b.aif
sound	aif	3244	sound/direct_sound_samples/h_rec_c5_13k8b_ss.aif
sound	aif	11050	sound/direct_sound_samples/h_river1_13k.aif
sound	aif	11026	sound/direct_sound_samples/h_sdruid_01_02_13k8b.aif
sound	aif	9828	sound/direct_sound_samples/h_shine_10k8b_l1.aif
sound	aif	754	sound/direct_sound_samples/h_sidestick_13k8b_ss.aif
sound	aif	5106	sound/direct_sound_samples/h_square_c5_13k8b_ss.aif
sound	aif	1500	sound/direct_sound_samples/h_sword_kaesu_01_13k8b.aif
sound	aif	11898	sound/direct_sound_samples/h_sword_nuku_02_13k8b.aif
sound	aif	6150	sound/direct_sound_samples/h_taoreru_05_13k8b.aif
sound	aif	4574	sound/direct_sound_samples/h_tp_mute_c5_13k8b_ss.aif
sound	aif	654	sound/direct_sound_samples/h_wblock_l_13k8b_ss.aif
sound	aif	16354	sound/direct_sound_samples/h_whiteout_01_13k8b.aif
sound	aif	13264	sound/direct_sound_samples/hammerne2_e1l_p25_10k8b.aif
sound	aif	1450	sound/direct_sound_samples/have2_e3_10k8b.aif
sound	aif	3009	sound/direct_sound_samples/horse1_b1_dart1_m1_13k8b.aif
sound	aif	2813	sound/direct_sound_samples/horse1_b1_flat1_13k8b.aif
sound	aif	2903	sound/direct_sound_samples/horse1_b1_grass1_m1_13k8b.aif
sound	aif	3015	sound/direct_sound_samples/horse1_b1_sand1_m1_13k8b.aif
sound	aif	2758	sound/direct_sound_samples/horse1_b1_stone1_m2_13k8b.aif
sound	aif	2813	sound/direct_sound_samples/horse1_b1_water1_m1_13k8b.aif
sound	aif	2879	sound/direct_sound_samples/horse1_b1_wood1_m1_13k8b.aif
sound	aif	3439	sound/direct_sound_samples/horse1_f1_dart1_m1_13k8b.aif
sound	aif	3127	sound/direct_sound_samples/horse1_f1_flat1_13k8b.aif
sound	aif	3589	sound/direct_sound_samples/horse1_f1_grass1_m1_13k8b.aif
sound	aif	3431	sound/direct_sound_samples/horse1_f1_sand1_m1_13k8b.aif
sound	aif	3809	sound/direct_sound_samples/horse1_f1_stone1_m2_13k8b.aif
sound	aif	3671	sound/direct_sound_samples/horse1_f1_water1_m1_13k8b.aif
sound	aif	3589	sound/direct_sound_samples/horse1_f1_wood1_m1_13k8b.aif
sound	aif	2999	sound/direct_sound_samples/horse1_t1_sand1_m1_13k8b.aif
sound	aif	2707	sound/direct_sound_samples/horse1_t1_stone1_m2_13k8b.aif
sound	aif	2715	sound/direct_sound_samples/horse1_t2_dart1_m1_13k8b.aif
sound	aif	2515	sound/direct_sound_samples/horse1_t2_flat1_13k8b.aif
sound	aif	2091	sound/direct_sound_samples/horse1_t2_grass1_m1_13k8b.aif
sound	aif	2707	sound/direct_sound_samples/horse1_t2_water1_m1_13k8b.aif
sound	aif	2707	sound/direct_sound_samples/horse1_t2_wood1_m1_13k8b.aif
sound	aif	2971	sound/direct_sound_samples/horse2_b1_sand1_m1_13k8b.aif
sound	aif	3185	sound/direct_sound_samples/horse2_b1_stone1_m2_13k8b.aif
sound	aif	3191	sound/direct_sound_samples/horse2_b2_dart1_m1_13k8b.aif
sound	aif	3191	sound/direct_sound_samples/horse2_b2_flat1_13k8b.aif
sound	aif	3211	sound/direct_sound_samples/horse2_b2_grass1_m1_13k8b.aif
sound	aif	3191	sound/direct_sound_samples/horse2_b2_water1_m1_13k8b.aif
sound	aif	3055	sound/direct_sound_samples/horse2_b2_wood1_m1_13k8b.aif
sound	aif	739	sound/direct_sound_samples/horse2_e3_p1_13k8b.aif
sound	aif	1648	sound/direct_sound_samples/horse2_e3_p2_13k8b.aif
sound	aif	1570	sound/direct_sound_samples/horse2_e3_p3_13k8b.aif
sound	aif	3407	sound/direct_sound_samples/horse2_f1_dart1_m1_13k8b.aif
sound	aif	3334	sound/direct_sound_samples/horse2_f1_flat1_13k8b.aif
sound	aif	3301	sound/direct_sound_samples/horse2_f1_grass1_m1_13k8b.aif
sound	aif	3271	sound/direct_sound_samples/horse2_f1_sand1_m1_13k8b.aif
sound	aif	3651	sound/direct_sound_samples/horse2_f1_stone1_m2_13k8b.aif
sound	aif	3285	sound/direct_sound_samples/horse2_f1_water1_m1_13k8b.aif
sound	aif	3163	sound/direct_sound_samples/horse2_f1_wood1_m1_13k8b.aif
sound	aif	1849	sound/direct_sound_samples/horse2_t1_dart1_m1_13k8b.aif
sound	aif	1571	sound/direct_sound_samples/horse2_t1_flat1_13k8b.aif
sound	aif	1635	sound/direct_sound_samples/horse2_t1_grass1_m1_13k8b.aif
sound	aif	1799	sound/direct_sound_samples/horse2_t1_sand1_m1_13k8b.aif
sound	aif	1994	sound/direct_sound_samples/horse2_t1_stone1_m2_13k8b.aif
sound	aif	1791	sound/direct_sound_samples/horse2_t1_water1_m1_13k8b.aif
sound	aif	1813	sound/direct_sound_samples/horse2_t1_wood1_m1_13k8b.aif
sound	aif	2846	sound/direct_sound_samples/horse3_b1_dart1_m1_13k8b.aif
sound	aif	3588	sound/direct_sound_samples/horse3_b1_flat1_13k8b.aif
sound	aif	3355	sound/direct_sound_samples/horse3_b1_grass1_m1_13k8b.aif
sound	aif	2547	sound/direct_sound_samples/horse3_b1_sand1_m1_13k8b.aif
sound	aif	3089	sound/direct_sound_samples/horse3_b1_stone1_m2_13k8b.aif
sound	aif	3543	sound/direct_sound_samples/horse3_b1_water1_m1_13k8b.aif
sound	aif	2847	sound/direct_sound_samples/horse3_b1_wood1_m1_13k8b.aif
sound	aif	3719	sound/direct_sound_samples/horse3_f1_dart1_m1_13k8b.aif
sound	aif	3623	sound/direct_sound_samples/horse3_f1_flat1_13k8b.aif
sound	aif	3943	sound/direct_sound_samples/horse3_f1_grass1_m1_13k8b.aif
sound	aif	3963	sound/direct_sound_samples/horse3_f1_sand1_m1_13k8b.aif
sound	aif	4429	sound/direct_sound_samples/horse3_f1_stone1_m2_13k8b.aif
sound	aif	3866	sound/direct_sound_samples/horse3_f1_water1_m1_13k8b.aif
sound	aif	4779	sound/direct_sound_samples/horse3_f1_wood1_m1_13k8b.aif
sound	aif	2559	sound/direct_sound_samples/horse3_t1_sand1_m1_13k8b.aif
sound	aif	3130	sound/direct_sound_samples/horse3_t1_stone1_m2_13k8b.aif
sound	aif	2501	sound/direct_sound_samples/horse3_t3_dart1_m1_13k8b.aif
sound	aif	2419	sound/direct_sound_samples/horse3_t3_flat1_13k8b.aif
sound	aif	2559	sound/direct_sound_samples/horse3_t3_grass1_m1_13k8b.aif
sound	aif	2487	sound/direct_sound_samples/horse3_t3_water1_m1_13k8b.aif
sound	aif	3082	sound/direct_sound_samples/horse3_t3_wood1_m1_13k8b.aif
sound	aif	4631	sound/direct_sound_samples/hp_count1_e2_13k8b.aif
sound	aif	1994	sound/direct_sound_samples/hu1_f1_dart1_m1_13k8b.aif
sound	aif	2377	sound/direct_sound_samples/hu1_f1_flat1_13k8b.aif
sound	aif	1555	sound/direct_sound_samples/hu1_f1_grass1_m1_13k8b.aif
sound	aif	1647	sound/direct_sound_samples/hu1_f1_sand1_m2_13k8b.aif
sound	aif	1241	sound/direct_sound_samples/hu1_f1_stone1_m1_13k8b.aif
sound	aif	1625	sound/direct_sound_samples/hu1_f1_water1_m1_13k8b.aif
sound	aif	1858	sound/direct_sound_samples/hu2_f1_dart1_m1_13k8b.aif
sound	aif	1317	sound/direct_sound_samples/hu2_f1_flat1_13k8b.aif
sound	aif	1473	sound/direct_sound_samples/hu2_f1_grass1_m1_13k8b.aif
sound	aif	1421	sound/direct_sound_samples/hu2_f1_sand1_m2_13k8b.aif
sound	aif	1230	sound/direct_sound_samples/hu2_f1_stone1_m1_13k8b.aif
sound	aif	1303	sound/direct_sound_samples/hu2_f1_water1_m1_13k8b.aif
sound	aif	2720	sound/direct_sound_samples/hu3_f1_dart1_m1_13k8b.aif
sound	aif	2759	sound/direct_sound_samples/hu3_f1_flat1_13k8b.aif
sound	aif	2759	sound/direct_sound_samples/hu3_f1_grass1_m1_13k8b.aif
sound	aif	2231	sound/direct_sound_samples/hu3_f1_sand1_m2_13k8b.aif
sound	aif	2627	sound/direct_sound_samples/hu3_f1_stone1_m1_13k8b.aif
sound	aif	2718	sound/direct_sound_samples/hu3_f1_water1_m1_13k8b.aif
sound	aif	4099	sound/direct_sound_samples/hu4_f1_dart1_m2_13k8b.aif
sound	aif	4501	sound/direct_sound_samples/hu4_f1_flat1_13k8b.aif
sound	aif	4099	sound/direct_sound_samples/hu4_f1_grass1_m2_13k8b.aif
sound	aif	3431	sound/direct_sound_samples/hu4_f1_sand2_m2_13k8b.aif
sound	aif	3174	sound/direct_sound_samples/hu4_f1_stone1_m1_13k8b.aif
sound	aif	4099	sound/direct_sound_samples/hu4_f1_water1_m2_13k8b.aif
sound	aif	1086	sound/direct_sound_samples/human1_e5_13k8b.aif
sound	aif	1423	sound/direct_sound_samples/human4b_m1_e1_13k8b.aif
sound	aif	3163	sound/direct_sound_samples/human_fall1_e5_13k8b.aif
sound	aif	11368	sound/direct_sound_samples/hurtmut1_el_p45_10k8b.aif
sound	aif	4506	sound/direct_sound_samples/hyuun1_e3l_13k8b.aif
sound	aif	6271	sound/direct_sound_samples/ibreath2_el_10k8b.aif
sound	aif	6104	sound/direct_sound_samples/ice5_e_p26_13k8b.aif
sound	aif	1567	sound/direct_sound_samples/k_bassoon_c3_13k_ss.aif
sound	aif	25970	sound/direct_sound_samples/k_brass2_c4_13k.aif
sound	aif	26050	sound/direct_sound_samples/k_brass3_c3_13k.aif
sound	aif	19693	sound/direct_sound_samples/k_brass3_c4_13k.aif
sound	aif	31732	sound/direct_sound_samples/k_brass_c3_13k.aif
sound	aif	29267	sound/direct_sound_samples/k_brass_c4_13k.aif
sound	aif	32727	sound/direct_sound_samples/k_brassorc_c4_13k.aif
sound	aif	25569	sound/direct_sound_samples/k_brasstrm2_c4_13k.aif
sound	aif	27882	sound/direct_sound_samples/k_brasstrm_c4_13k.aif
sound	aif	29970	sound/direct_sound_samples/k_brasstrp_c4_13k.aif
sound	aif	3329	sound/direct_sound_samples/k_brightness_c5_13k_ss.aif
sound	aif	2165	sound/direct_sound_samples/k_celesta_c5_13k_ss.aif
sound	aif	1045	sound/direct_sound_samples/k_clarinet_c5_13k_ss.aif
sound	aif	18999	sound/direct_sound_samples/k_distgtr2_c3_13k_ss.aif
sound	aif	2654	sound/direct_sound_samples/k_distgtr2_mute_c313k_ss.aif
sound	aif	4488	sound/direct_sound_samples/k_distgtr2_mute_c3_13k_s.aif
sound	aif	13680	sound/direct_sound_samples/k_distgtr4_c3_13k.aif
sound	aif	3811	sound/direct_sound_samples/k_enghorn_c4_13k_s.aif
sound	aif	21879	sound/direct_sound_samples/k_epiano_g4_13k.aif
sound	aif	6893	sound/direct_sound_samples/k_fbass_c3_13k_s.aif
sound	aif	1876	sound/direct_sound_samples/k_finbass2_c3_13k_s.aif
sound	aif	4007	sound/direct_sound_samples/k_flute_c5_13k_ss.aif
sound	aif	9488	sound/direct_sound_samples/k_flute_c6_13k_s.aif
sound	aif	3170	sound/direct_sound_samples/k_harp_c4_13k_s.aif
sound	aif	2366	sound/direct_sound_samples/k_harp_c4_13k_ss.aif
sound	aif	3843	sound/direct_sound_samples/k_harpsi_c3_13k_s.aif
sound	aif	4887	sound/direct_sound_samples/k_horn2_c4_13k_ss.aif
sound	aif	6605	sound/direct_sound_samples/k_horn5_c4_13k_ss.aif
sound	aif	6522	sound/direct_sound_samples/k_marimba2_c4_13k_ss.aif
sound	aif	6141	sound/direct_sound_samples/k_mbox_c5_13k_s.aif
sound	aif	16327	sound/direct_sound_samples/k_oboe_c4_13k_s.aif
sound	aif	9112	sound/direct_sound_samples/k_oboe_c4_13k_ss.aif
sound	aif	10011	sound/direct_sound_samples/k_oboe_c5_13k_s.aif
sound	aif	3545	sound/direct_sound_samples/k_pflute_c5_13k_ss.aif
sound	aif	3359	sound/direct_sound_samples/k_piccolo_c5_13k_ss.aif
sound	aif	12764	sound/direct_sound_samples/k_pipeorgan_c4_13k_s.aif
sound	aif	11723	sound/direct_sound_samples/k_pipeorgan_c5_13k_s.aif
sound	aif	11770	sound/direct_sound_samples/k_roomcc_c4_13k_ss.aif
sound	aif	1942	sound/direct_sound_samples/k_roomsd_c4_13k_ss.aif
sound	aif	1928	sound/direct_sound_samples/k_sitar_c4_13k_ss.aif
sound	aif	1700	sound/direct_sound_samples/k_slap_c2_13k_ss.aif
sound	aif	16675	sound/direct_sound_samples/k_strings5_c2_13k.aif
sound	aif	20148	sound/direct_sound_samples/k_strings5_c3_13k.aif
sound	aif	17436	sound/direct_sound_samples/k_strings5_c4_13k.aif
sound	aif	16629	sound/direct_sound_samples/k_strings5_c5_13k.aif
sound	aif	7367	sound/direct_sound_samples/k_strings5_c5_13k_ss.aif
sound	aif	16637	sound/direct_sound_samples/k_strings5_c5c4_13k.aif
sound	aif	5153	sound/direct_sound_samples/k_strings7_c5_13k_ss.aif
sound	aif	4343	sound/direct_sound_samples/k_strings7_c6_13k_ss.aif
sound	aif	33238	sound/direct_sound_samples/k_strings_13k_c4.aif
sound	aif	12728	sound/direct_sound_samples/k_strings_13k_c5.aif
sound	aif	4290	sound/direct_sound_samples/k_strpizz_c2_13k_ss.aif
sound	aif	2739	sound/direct_sound_samples/k_synbass1_c2_13k_ss.aif
sound	aif	24406	sound/direct_sound_samples/k_synstrings1_c4_13k.aif
sound	aif	10399	sound/direct_sound_samples/k_timpani3_g3_13k_s.aif
sound	aif	3078	sound/direct_sound_samples/k_tuba_c3_13k_ss.aif
sound	aif	5686	sound/direct_sound_samples/k_tubular_c4_13k_s.aif
sound	aif	6067	sound/direct_sound_samples/k_voice1_c4_13k_ss.aif
sound	aif	4289	sound/direct_sound_samples/k_voice1_c5_13k_ss.aif
sound	aif	13067	sound/direct_sound_samples/kansei1_e5l_13k8b.aif
sound	aif	1715	sound/direct_sound_samples/ken_osameru2_e2_13k8b.aif
sound	aif	1797	sound/direct_sound_samples/ken_osameru4_e2_13k8b.aif
sound	aif	2986	sound/direct_sound_samples/key_open1_e2_13k8b.aif
sound	aif	4401	sound/direct_sound_samples/kiran2_e2_13k8b.aif
sound	aif	4084	sound/direct_sound_samples/kiran2b_e6_13k8b.aif
sound	aif	2278	sound/direct_sound_samples/lance1_e1_13k8b.aif
sound	aif	5606	sound/direct_sound_samples/lfire2_e1_10k8b.aif
sound	aif	9229	sound/direct_sound_samples/light31_af_e_p26_10k8b.aif
sound	aif	5455	sound/direct_sound_samples/light31_bf_e_p23_10k8b.aif
sound	aif	6102	sound/direct_sound_samples/live4_e1l_p25_10k8b.aif
sound	aif	13212	sound/direct_sound_samples/live_p81_e4_13k8b.aif
sound	aif	5352	sound/direct_sound_samples/m_dragon_out1_e_10k8b.aif
sound	aif	2187	sound/direct_sound_samples/miss1_m1_e3_10k8b.aif
sound	aif	14883	sound/direct_sound_samples/mistyrain2_e1l_10k8b.aif
sound	aif	17699	sound/direct_sound_samples/mistyrain3_e1l_10k8b.aif
sound	aif	7405	sound/direct_sound_samples/mon_bae_critical1_13k.aif
sound	aif	4418	sound/direct_sound_samples/mon_bae_hand_down1_13k.aif
sound	aif	3241	sound/direct_sound_samples/mon_bae_hand_up1_13k.aif
sound	aif	2509	sound/direct_sound_samples/mon_bae_move_dart1_13k.aif
sound	aif	2509	sound/direct_sound_samples/mon_bae_move_flat1_13k.aif
sound	aif	2509	sound/direct_sound_samples/mon_bae_move_grass1_13k.aif
sound	aif	2837	sound/direct_sound_samples/mon_bae_move_sand1_13k.aif
sound	aif	2509	sound/direct_sound_samples/mon_bae_move_stone1_13k.aif
sound	aif	1989	sound/direct_sound_samples/mon_bae_move_water1_13k.aif
sound	aif	2509	sound/direct_sound_samples/mon_bae_move_wood1_13k.aif
sound	aif	8998	sound/direct_sound_samples/mon_bgl_attack1_13k.aif
sound	aif	28173	sound/direct_sound_samples/mon_bgl_attack6_10k.aif
sound	aif	19734	sound/direct_sound_samples/mon_bgl_attack6_2_13k.aif
sound	aif	2344	sound/direct_sound_samples/mon_bone1_e2_p36_13k8b.aif
sound	aif	8061	sound/direct_sound_samples/mon_cyc_attack1_13k.aif
sound	aif	9841	sound/direct_sound_samples/mon_gar_critical1_10k.aif
sound	aif	4677	sound/direct_sound_samples/mon_gar_critical2_13k.aif
sound	aif	4248	sound/direct_sound_samples/mon_gog_attack1_13k.aif
sound	aif	3840	sound/direct_sound_samples/mon_gog_attack2_13k.aif
sound	aif	6943	sound/direct_sound_samples/mon_gog_attack3_13k.aif
sound	aif	9476	sound/direct_sound_samples/mon_gog_attack4_13k.aif
sound	aif	12721	sound/direct_sound_samples/mon_gog_attack5_1_13k.aif
sound	aif	2024	sound/direct_sound_samples/mon_gog_hand_move1_13k.aif
sound	aif	6765	sound/direct_sound_samples/mon_gog_move1_13k.aif
sound	aif	17116	sound/direct_sound_samples/mon_mao_attack1_13k.aif
sound	aif	8642	sound/direct_sound_samples/mon_mao_attack2_13k.aif
sound	aif	31124	sound/direct_sound_samples/mon_mao_magic1_1_10k.aif
sound	aif	14386	sound/direct_sound_samples/mon_mao_magic1_2_10k.aif
sound	aif	4130	sound/direct_sound_samples/mon_mdg_attack1_13k.aif
sound	aif	12688	sound/direct_sound_samples/mon_mdg_critical1_10k.aif
sound	aif	6797	sound/direct_sound_samples/mon_mdg_groan1_13k.aif
sound	aif	1158	sound/direct_sound_samples/mon_mdg_move_dart1_13k.aif
sound	aif	937	sound/direct_sound_samples/mon_mdg_move_flat1_13k.aif
sound	aif	1043	sound/direct_sound_samples/mon_mdg_move_grass1_13k.aif
sound	aif	975	sound/direct_sound_samples/mon_mdg_move_sand1_13k.aif
sound	aif	937	sound/direct_sound_samples/mon_mdg_move_stone1_13k.aif
sound	aif	1095	sound/direct_sound_samples/mon_mdg_move_water1_13k.aif
sound	aif	1074	sound/direct_sound_samples/mon_mdg_move_wood1_13k.aif
sound	aif	2674	sound/direct_sound_samples/mon_sks_critical1_13k.aif
sound	aif	3136	sound/direct_sound_samples/mon_sks_move_brid1_13k.aif
sound	aif	3881	sound/direct_sound_samples/mon_sks_move_dart1_13k.aif
sound	aif	5077	sound/direct_sound_samples/mon_sks_move_grass1_13k.aif
sound	aif	4976	sound/direct_sound_samples/mon_sks_move_ston1_13k.aif
sound	aif	4895	sound/direct_sound_samples/mon_sks_move_water1_13k.aif
sound	aif	4782	sound/direct_sound_samples/mon_zom_attack3_13k.aif
sound	aif	4034	sound/direct_sound_samples/mon_zom_hand_down1_13k.aif
sound	aif	2899	sound/direct_sound_samples/mon_zom_hand_up1_13k.aif
sound	aif	2735	sound/direct_sound_samples/mon_zom_move_brid1_13k.aif
sound	aif	2762	sound/direct_sound_samples/mon_zom_move_dart1_13k.aif
sound	aif	3142	sound/direct_sound_samples/mon_zom_move_grass1_13k.aif
sound	aif	1601	sound/direct_sound_samples/mon_zom_move_ston1_13k.aif
sound	aif	2938	sound/direct_sound_samples/mon_zom_move_water1_13k.aif
sound	aif	2746	sound/direct_sound_samples/mon_zombie1_e2_p26_13k8b.aif
sound	aif	17908	sound/direct_sound_samples/mshield3_e_13k8b.aif
sound	aif	13286	sound/direct_sound_samples/nosferatu1a_el_10k8b.aif
sound	aif	16143	sound/direct_sound_samples/nosferatu1b_e_p45_10k8b.aif
sound	aif	10441	sound/direct_sound_samples/nosferatu1c_e_10k8b.aif
sound	aif	9115	sound/direct_sound_samples/op_kiran1_e4_13k8b.aif
sound	aif	3027	sound/direct_sound_samples/op_thunder1_m1_e_13k8b.aif
sound	aif	941	sound/direct_sound_samples/point_count1b_e1_13k8b.aif
sound	aif	8306	sound/direct_sound_samples/poison1_e_13k8b.aif
sound	aif	13326	sound/direct_sound_samples/pr_hyuun1_e4_13k8b.aif
sound	aif	17536	sound/direct_sound_samples/purge1_2nd_e_13k8b.aif
sound	aif	5700	sound/direct_sound_samples/purge_l_s_e_p26_10k8b.aif
sound	aif	7782	sound/direct_sound_samples/recover1_e_13k8b.aif
sound	aif	7766	sound/direct_sound_samples/recover_efx2_m1_e4_13k8b.aif
sound	aif	21155	sound/direct_sound_samples/reserve_e_13k8b.aif
sound	aif	13077	sound/direct_sound_samples/resire4_a_e_p45_10k8b.aif
sound	aif	12361	sound/direct_sound_samples/resire4_b_e_p26_10k8b.aif
sound	aif	8577	sound/direct_sound_samples/resire6_a_e_p26_10k8b.aif
sound	aif	13800	sound/direct_sound_samples/rest2_e1l_p18_10k8b.aif
sound	aif	29159	sound/direct_sound_samples/sand_wind1_e5l_8k8b.aif
sound	aif	10470	sound/direct_sound_samples/scream1c_m_e2_10k8b.aif
sound	aif	8189	sound/direct_sound_samples/senko3_e4_10k8b.aif
sound	aif	2069	sound/direct_sound_samples/shooter_fire2_e2_10k8b.aif
sound	aif	6569	sound/direct_sound_samples/silence3_p17_e1l_13k8b.aif
sound	aif	12303	sound/direct_sound_samples/sleep2a_e1_13k8b.aif
sound	aif	18003	sound/direct_sound_samples/sleep2b_e2_13k8b.aif
sound	aif	16503	sound/direct_sound_samples/sys_break_stone1_13k.aif
sound	aif	43607	sound/direct_sound_samples/sys_chapter_start1_10k.aif
sound	aif	22434	sound/direct_sound_samples/sys_chapter_start2_10k.aif
sound	aif	19422	sound/direct_sound_samples/sys_chapter_start3_13k.aif
sound	aif	11484	sound/direct_sound_samples/sys_class_light1_13k.aif
sound	aif	9946	sound/direct_sound_samples/sys_class_light2_13k.aif
sound	aif	25548	sound/direct_sound_samples/sys_op_fadein1_13k.aif
sound	aif	11121	sound/direct_sound_samples/thunder2_e5_10k8b.aif
sound	aif	1633	sound/direct_sound_samples/thunder_storm1a_e_10k8b.aif
sound	aif	9544	sound/direct_sound_samples/triangle1_e_10k8b.aif
sound	aif	6580	sound/direct_sound_samples/village_bomb1_e2_10k8b.aif
sound	aif	6043	sound/direct_sound_samples/wall_bomb2_m1_e4_13k8b.aif
sound	aif	16138	sound/direct_sound_samples/warp1a_e2_13k8b.aif
sound	aif	8766	sound/direct_sound_samples/warp1b_e2_13k8b.aif
sound	aif	13259	sound/direct_sound_samples/wmap_base_appear1_13k.aif
sound	aif	10683	sound/direct_sound_samples/wmap_base_appear1_2_13k.aif
sound	aif	9441	sound/direct_sound_samples/wmap_mon_appear1_13k.aif
sound	aif	2773	sound/direct_sound_samples/wmap_mon_attack1_13k.aif
sound	aif	10001	sound/direct_sound_samples/wmap_mon_attack2_13k.aif
sound	aif	10833	sound/direct_sound_samples/wmap_road_appear1_13k.aif
sound	aif	1154	sound/direct_sound_samples/wood_human1b_e2_13k8b.aif
sound	aif	1294	sound/direct_sound_samples/wood_human2_e1p_13k8b.aif
sound	aif	3123	sound/direct_sound_samples/wood_human3_e1_p110_13k8b.aif
sound	aif	2467	sound/direct_sound_samples/wood_human4_e3_13k8b.aif
sound	aif	10732	sound/direct_sound_samples/y_bird_1_13k8b.aif
sound	aif	10097	sound/direct_sound_samples/y_bird_2_13k8b.aif
sound	aif	5685	sound/direct_sound_samples/y_bird_3_13k8b.aif
sound	aif	22916	sound/direct_sound_samples/y_boat_2_13k8b.aif
sound	aif	9457	sound/direct_sound_samples/y_hibashira_1_13k8b.aif
sound	aif	2994	sound/direct_sound_samples/y_sail_1_13k8b.aif
sound	aif	1857	sound/direct_sound_samples/y_sail_2_13k8b.aif
sound	aif	5801	sound/direct_sound_samples/y_se_wind_1_l_13k8b.aif
sound	aif	16573	sound/direct_sound_samples/y_se_wind_3_e3_13k8b.aif
sound	aif	11833	sound/direct_sound_samples/y_yoru_1_13k8b.aif
sound	aif	16771	sound/direct_sound_samples/y_yoru_2_13k8b.aif
sound	aif	1517	sound/direct_sound_samples/y_yoru_3_13k8b.aif
sound	aif	13364	sound/direct_sound_samples/y_yougan_1_e_13k8b.aif
sound	s	4905	sound/keysplit_tables.s
sound	s	2360	sound/music_player_table.s
sound	s	1432	sound/programmable_wave_data.s
sound	pcm	16	sound/programmable_wave_samples/wave000_sinewave.pcm
sound	pcm	16	sound/programmable_wave_samples/wave001_triangle.pcm
sound	pcm	16	sound/programmable_wave_samples/wave002_fat_saw.pcm
sound	pcm	16	sound/programmable_wave_samples/wave003_thin_saw.pcm
sound	pcm	16	sound/programmable_wave_samples/wave004_square12.pcm
sound	pcm	16	sound/programmable_wave_samples/wave005_square25.pcm
sound	pcm	16	sound/programmable_wave_samples/wave006_square37.pcm
sound	pcm	16	sound/programmable_wave_samples/wave007_square50.pcm
sound	pcm	16	sound/programmable_wave_samples/wave008_se_triangle_1.pcm
sound	pcm	16	sound/programmable_wave_samples/wave009_se_triangle_2.pcm
sound	pcm	16	sound/programmable_wave_samples/wave010_square25_e1.pcm
sound	s	34005	sound/song_table.s
sound	s	185	sound/songs/dummy_song.s
sound	mid	10131	sound/songs/midi/song001_agbfe3_bgm_opening.mid
sound	mid	14602	sound/songs/midi/song002_agbfe3_bgm_op_theme_i.mid
sound	mid	4932	sound/songs/midi/song003_agbfe3_bgm_pro_first.mid
sound	mid	5098	sound/songs/midi/song004_agbfe3_bgm_wmap_01.mid
sound	mid	8419	sound/songs/midi/song005_agbfe3_bgm_wmap_02.mid
sound	mid	10322	sound/songs/midi/song006_agbfe3_bgm_wmap_03.mid
sound	mid	8243	sound/songs/midi/song007_agbfe3_bgm_wmap_04.mid
sound	mid	8068	sound/songs/midi/song008_agbfe3_bgm_wmap_05.mid
sound	mid	16168	sound/songs/midi/song009_agbfe3_bgm_map_pl2.mid
sound	mid	17131	sound/songs/midi/song010_agbfe3_bgm_map_pl3.mid
sound	mid	11522	sound/songs/midi/song011_agbfe3_bgm_map_pl4.mid
sound	mid	11932	sound/songs/midi/song012_agbfe3_bgm_map_pl11.mid
sound	mid	13990	sound/songs/midi/song013_agbfe3_bgm_map_pl12.mid
sound	mid	7684	sound/songs/midi/song014_agbfe3_bgm_map_pl5.mid
sound	mid	6913	sound/songs/midi/song015_agbfe3_bgm_map_pl9.mid
sound	mid	4225	sound/songs/midi/song016_agbfe3_bgm_map_pl10.mid
sound	mid	13571	sound/songs/midi/song017_agbfe3_bgm_map_pl6.mid
sound	mid	8517	sound/songs/midi/song018_agbfe3_bgm_map_pl8.mid
sound	mid	6751	sound/songs/midi/song019_agbfe3_bgm_map_cp1.mid
sound	mid	13208	sound/songs/midi/song020_agbfe3_bgm_map_cp2.mid
sound	mid	12673	sound/songs/midi/song021_agbfe3_bgm_map_cp3.mid
sound	mid	7096	sound/songs/midi/song022_agbfe3_bgm_map_cp5.mid
sound	mid	11695	sound/songs/midi/song023_agbfe3_bgm_map_cp4.mid
sound	mid	10489	sound/songs/midi/song024_agbfe3_bgm_map_cp8.mid
sound	mid	7478	sound/songs/midi/song025_agbfe3_bgm_btl_pl_normal.mid
sound	mid	4987	sound/songs/midi/song026_agbfe3_bgm_btl_cp_normal.mid
sound	mid	5262	sound/songs/midi/song027_agbfe3_bgm_btl_boss1.mid
sound	mid	4623	sound/songs/midi/song028_agbfe3_bgm_btl_boss2.mid
sound	mid	5981	sound/songs/midi/song029_agbfe3_bgm_btl_boss4.mid
sound	mid	8921	sound/songs/midi/song030_agbfe3_bgm_btl_boss5.mid
sound	mid	2449	sound/songs/midi/song031_agbfe3_bgm_btl_weapon.mid
sound	mid	4889	sound/songs/midi/song032_agbfe3_bgm_btl_dance.mid
sound	mid	3176	sound/songs/midi/song033_agbfe3_bgm_btl_staff_a.mid
sound	mid	3801	sound/songs/midi/song034_agbfe3_bgm_btl_staff_b.mid
sound	mid	6491	sound/songs/midi/song035_agbfe3_bgm_btl_class_chg.mid
sound	mid	7521	sound/songs/midi/song036_agbfe3_bgm_evt_advance.mid
sound	mid	7353	sound/songs/midi/song037_agbfe3_bgm_evt_start.mid
sound	mid	11066	sound/songs/midi/song038_agbfe3_bgm_evt_enemy.mid
sound	mid	5942	sound/songs/midi/song039_agbfe3_bgm_evt_yorokobi.mid
sound	mid	6043	sound/songs/midi/song040_agbfe3_bgm_evt_04.mid
sound	mid	5590	sound/songs/midi/song041_agbfe3_bgm_evt_11.mid
sound	mid	5793	sound/songs/midi/song042_agbfe3_bgm_evt_14.mid
sound	mid	7547	sound/songs/midi/song043_agbfe3_bgm_evt_sage_02.mid
sound	mid	7829	sound/songs/midi/song044_agbfe3_bgm_evt_lyon.mid
sound	mid	5513	sound/songs/midi/song045_agbfe3_bgm_evt_lyon2.mid
sound	mid	7390	sound/songs/midi/song046_agbfe3_bgm_evt_enemy2.mid
sound	mid	6281	sound/songs/midi/song047_agbfe3_bgm_evt_05.mid
sound	mid	4934	sound/songs/midi/song048_agbfe3_bgm_evt_meet1.mid
sound	mid	6556	sound/songs/midi/song049_agbfe3_bgm_evt_win_good.mid
sound	mid	4670	sound/songs/midi/song050_agbfe3_bgm_evt_win_bad.mid
sound	mid	8091	sound/songs/midi/song051_agbfe3_bgm_theme.mid
sound	mid	7315	sound/songs/midi/song052_agbfe3_bgm_select.mid
sound	mid	3591	sound/songs/midi/song053_agbfe3_bgm_shop.mid
sound	mid	2184	sound/songs/midi/song054_agbfe3_bgm_weapon_shop.mid
sound	mid	1992	sound/songs/midi/song055_agbfe3_bgm_uranai.mid
sound	mid	4141	sound/songs/midi/song056_agbfe3_bgm_togijyo_info.mid
sound	mid	6213	sound/songs/midi/song057_agbfe3_bgm_togijyo_btl.mid
sound	mid	615	sound/songs/midi/song058_agbfe3_bgm_ff_togijyo.mid
sound	mid	3919	sound/songs/midi/song059_agbfe3_bgm_ff_loop.mid
sound	mid	854	sound/songs/midi/song060_bgm_sys_fase_pl.mid
sound	mid	1147	sound/songs/midi/song061_bgm_sys_fase_cp.mid
sound	mid	4833	sound/songs/midi/song062_agbfe3_bgm_gameover.mid
sound	mid	3319	sound/songs/midi/song063_agbfe3_bgm_ff_dead.mid
sound	mid	3914	sound/songs/midi/song064_agbfe3_bgm_ed_score.mid
sound	mid	10651	sound/songs/midi/song065_agbfe3_bgm_ed_epilogue.mid
sound	mid	8276	sound/songs/midi/song066_agbfe3_bgm_ed_staff.mid
sound	mid	11641	sound/songs/midi/song067_agbfe3_bgm_op_theme.mid
sound	mid	2996	sound/songs/midi/song068_agbfe3_bgm_evt_lyon3.mid
sound	mid	8055	sound/songs/midi/song069_agbfe3_bgm_evt_last.mid
sound	mid	17319	sound/songs/midi/song070_agbfe3_bgm_ed_after.mid
sound	mid	2382	sound/songs/midi/song071_y_wind_3.mid
sound	mid	2640	sound/songs/midi/song072_y_jounai_2.mid
sound	mid	2744	sound/songs/midi/song073_y_doukutu_4.mid
sound	mid	2114	sound/songs/midi/song074_y_yoru_3.mid
sound	mid	3754	sound/songs/midi/song075_y_boat_03.mid
sound	mid	2423	sound/songs/midi/song076_h_se_bird.mid
sound	mid	5268	sound/songs/midi/song077_h_se_mori.mid
sound	mid	1995	sound/songs/midi/song078_se_bmp_sand_wind2.mid
sound	mid	358	sound/songs/midi/song079_h_evt_sabaku_s.mid
sound	mid	635	sound/songs/midi/song080_h_evt_hubuki_s.mid
sound	mid	3029	sound/songs/midi/song081_h_sinden.mid
sound	mid	2858	sound/songs/midi/song082_y_mori_3.mid
sound	mid	409	sound/songs/midi/song083_h_amb_river1.mid
sound	mid	8050	sound/songs/midi/song085_agbfe3_bgm_btl_boss5_2.mid
sound	mid	8046	sound/songs/midi/song086_agbfe3_bgm_ed_staff_2.mid
sound	mid	87	sound/songs/midi/song089_h_muon.mid
sound	mid	273	sound/songs/midi/song090_se_ff_item_get1.mid
sound	mid	257	sound/songs/midi/song091_se_ff_level_up1.mid
sound	mid	420	sound/songs/midi/song092_se_ff_item_lost1.mid
sound	mid	175	sound/songs/midi/song096_se_sys_save_ok1.mid
sound	mid	152	sound/songs/midi/song097_se_sys_unit_change1.mid
sound	mid	72	sound/songs/midi/song101_se_sys_cursor_UDLR1.mid
sound	mid	64	sound/songs/midi/song102_se_sys_cursor_UD1.mid
sound	mid	64	sound/songs/midi/song103_se_sys_cursor_LR1.mid
sound	mid	92	sound/songs/midi/song104_se_sys_window_open1.mid
sound	mid	113	sound/songs/midi/song105_se_sys_window_open2.mid
sound	mid	113	sound/songs/midi/song106_se_sys_window_select1.mid
sound	mid	120	sound/songs/midi/song107_se_sys_window_cansel1.mid
sound	mid	83	sound/songs/midi/song108_se_sys_miss1.mid
sound	mid	563	sound/songs/midi/song109_se_sys_game_start4.mid
sound	mid	64	sound/songs/midi/song110_h_sys_moji4.mid
sound	mid	164	sound/songs/midi/song111_se_sys_info_window1.mid
sound	mid	159	sound/songs/midi/song112_se_sys_help_window_open1.mid
sound	mid	143	sound/songs/midi/song113_se_sys_help_window_close1.mid
sound	mid	132	sound/songs/midi/song114_se_sys_info_window2.mid
sound	mid	217	sound/songs/midi/song115_se_sys_turn_change1.mid
sound	mid	386	sound/songs/midi/song116_se_sys_exp1.mid
sound	mid	64	sound/songs/midi/song117_se_sys_hp2.mid
sound	mid	185	sound/songs/midi/song118_se_sys_parameter_up.mid
sound	mid	166	sound/songs/midi/song119_se_sys_bikkuri_mark1.mid
sound	mid	245	sound/songs/midi/song120_se_sys_small_map_open1.mid
sound	mid	245	sound/songs/midi/song121_se_sys_small_map_close1.mid
sound	mid	64	sound/songs/midi/song122_se_sys_moji3.mid
sound	mid	246	sound/songs/midi/song123_se_sys_communi_error2.mid
sound	mid	92	sound/songs/midi/song124_se_sys_communi_hand1.mid
sound	mid	118	sound/songs/midi/song125_se_sys_junban1.mid
sound	mid	246	sound/songs/midi/song126_se_sys_junban_ok1.mid
sound	mid	190	sound/songs/midi/song127_se_sys_unit_warp1_1.mid
sound	mid	122	sound/songs/midi/song128_se_sys_point_up1.mid
sound	mid	165	sound/songs/midi/song129_se_sys_wahwah1.mid
sound	mid	150	sound/songs/midi/song130_se_bmp_rest1_1.mid
sound	mid	102	sound/songs/midi/song131_se_bmp_silence1_2.mid
sound	mid	68	sound/songs/midi/song132_se_bmp_silence1_3.mid
sound	mid	68	sound/songs/midi/song133_se_bmp_sleep1_2.mid
sound	mid	149	sound/songs/midi/song134_se_bmp_hammerne1_1.mid
sound	mid	197	sound/songs/midi/song135_se_bmp_berserk1_1.mid
sound	mid	144	sound/songs/midi/song136_se_bmp_mshield2_1.mid
sound	mid	193	sound/songs/midi/song137_se_bmp_live2_1.mid
sound	mid	193	sound/songs/midi/song138_se_bmp_relive2_1.mid
sound	mid	215	sound/songs/midi/song139_se_bmp_recover2_1.mid
sound	mid	273	sound/songs/midi/song140_se_bmp_reserve2_1.mid
sound	mid	287	sound/songs/midi/song141_se_bmp_unlock1_1.mid
sound	mid	179	sound/songs/midi/song142_se_bmp_colosseum1_1.mid
sound	mid	273	sound/songs/midi/song143_se_bmp_colosseum1_2.mid
sound	mid	302	sound/songs/midi/song144_se_sys_chapter_start1_1.mid
sound	mid	435	sound/songs/midi/song145_se_sys_chapter_start1_2.mid
sound	mid	71	sound/songs/midi/song150_se_bmp_move_human1a_t1.mid
sound	mid	71	sound/songs/midi/song151_se_bmp_move_human1a_t2.mid
sound	mid	71	sound/songs/midi/song152_se_bmp_move_human1b_t1.mid
sound	mid	71	sound/songs/midi/song153_se_bmp_move_human1b_t2.mid
sound	mid	71	sound/songs/midi/song154_se_bmp_move_horse1a_t1.mid
sound	mid	71	sound/songs/midi/song155_se_bmp_move_horse1a_t2.mid
sound	mid	71	sound/songs/midi/song156_se_bmp_move_horse1a_t3.mid
sound	mid	71	sound/songs/midi/song157_se_bmp_move_horse1b_t1.mid
sound	mid	71	sound/songs/midi/song158_se_bmp_move_horse1b_t2.mid
sound	mid	71	sound/songs/midi/song159_se_bmp_move_horse1b_t3.mid
sound	mid	71	sound/songs/midi/song160_se_bmp_move_bird1a_t1.mid
sound	mid	71	sound/songs/midi/song161_se_bmp_move_bird1b_t1.mid
sound	mid	71	sound/songs/midi/song162_se_bmp_move_human2a_t1.mid
sound	mid	71	sound/songs/midi/song163_se_bmp_move_human2a_t2.mid
sound	mid	71	sound/songs/midi/song164_se_bmp_move_human2b_t1.mid
sound	mid	71	sound/songs/midi/song165_se_bmp_move_human2b_t2.mid
sound	mid	71	sound/songs/midi/song166_se_bmp_move_bird2a_t1.mid
sound	mid	71	sound/songs/midi/song167_se_bmp_move_bird2b_t1.mid
sound	mid	186	sound/songs/midi/song170_se_bmp_self_recover1.mid
sound	mid	68	sound/songs/midi/song171_se_bmp_village_bomb1.mid
sound	mid	68	sound/songs/midi/song172_se_bmp_human_fall1.mid
sound	mid	68	sound/songs/midi/song175_se_bmp_wall_bomb1_1.mid
sound	mid	68	sound/songs/midi/song176_se_bmp_wall_bomb2_1.mid
sound	mid	68	sound/songs/midi/song177_se_bmp_open_key1.mid
sound	mid	243	sound/songs/midi/song179_se_bmp_item_torch1.mid
sound	mid	68	sound/songs/midi/song180_se_bmp_warp2_1.mid
sound	mid	68	sound/songs/midi/song181_se_bmp_warp2_2.mid
sound	mid	68	sound/songs/midi/song182_se_bmp_antidote1_1.mid
sound	mid	68	sound/songs/midi/song183_se_bmp_poison1_1.mid
sound	mid	374	sound/songs/midi/song184_se_bmp_area_open1.mid
sound	mid	68	sound/songs/midi/song185_se_bmp_money1.mid
sound	mid	76	sound/songs/midi/song186_se_bmp_trap_poison_mist1.mid
sound	mid	68	sound/songs/midi/song188_se_bmp_trap_light2.mid
sound	mid	147	sound/songs/midi/song189_se_bmp_trap_floor_in1.mid
sound	mid	147	sound/songs/midi/song190_se_bmp_trap_floor_out1.mid
sound	mid	100	sound/songs/midi/song191_se_bmp_trap_fire1.mid
sound	mid	789	sound/songs/midi/song199_se_bmp_blizzard1.mid
sound	mid	68	sound/songs/midi/song200_se_btl_furu1.mid
sound	mid	68	sound/songs/midi/song201_se_btl_furu2.mid
sound	mid	68	sound/songs/midi/song202_se_btl_lance1.mid
sound	mid	68	sound/songs/midi/song203_se_btl_furu3.mid
sound	mid	68	sound/songs/midi/song204_se_btl_arrow_shoot1.mid
sound	mid	68	sound/songs/midi/song205_se_btl_axe2.mid
sound	mid	68	sound/songs/midi/song206_se_btl_ken_osameru1.mid
sound	mid	68	sound/songs/midi/song207_se_btl_ken_osameru2.mid
sound	mid	68	sound/songs/midi/song208_se_btl_shooter_fire1.mid
sound	mid	135	sound/songs/midi/song209_se_btl_arrow_set2.mid
sound	mid	68	sound/songs/midi/song210_se_btl_damage_ud1.mid
sound	mid	68	sound/songs/midi/song211_se_btl_damage_du1.mid
sound	mid	68	sound/songs/midi/song212_se_btl_damage_tuki1.mid
sound	mid	68	sound/songs/midi/song213_se_btl_damage_last1.mid
sound	mid	68	sound/songs/midi/song214_se_btl_fade_die_away1.mid
sound	mid	68	sound/songs/midi/song215_se_btl_miss1.mid
sound	mid	313	sound/songs/midi/song216_se_btl_special_hit1.mid
sound	mid	172	sound/songs/midi/song220_se_btl_dragon_change2_1.mid
sound	mid	175	sound/songs/midi/song221_se_btl_dragon_change2_2.mid
sound	mid	221	sound/songs/midi/song222_se_btl_dragon_scream5.mid
sound	mid	68	sound/songs/midi/song226_se_btl_triangle1_1.mid
sound	mid	68	sound/songs/midi/song230_se_btl_dragon_scream1.mid
sound	mid	68	sound/songs/midi/song231_se_btl_bandit_scream1.mid
sound	mid	68	sound/songs/midi/song234_se_btl_furu_ono1.mid
sound	mid	68	sound/songs/midi/song235_se_btl_furu_ono2.mid
sound	mid	68	sound/songs/midi/song239_se_btl_recover_efx1.mid
sound	mid	68	sound/songs/midi/song240_se_btl_weapon_light1.mid
sound	mid	68	sound/songs/midi/song241_se_btl_fire1_1.mid
sound	mid	68	sound/songs/midi/song242_se_btl_fire1_2.mid
sound	mid	68	sound/songs/midi/song244_se_btl_thunder2.mid
sound	mid	68	sound/songs/midi/song245_se_btl_thunder1_2.mid
sound	mid	324	sound/songs/midi/song246_se_btl_magic_spell2.mid
sound	mid	192	sound/songs/midi/song247_se_btl_fire1_3.mid
sound	mid	68	sound/songs/midi/song248_se_btl_lfire1_1.mid
sound	mid	268	sound/songs/midi/song249_se_btl_berserk2_1.mid
sound	mid	174	sound/songs/midi/song250_se_btl_silence2_1.mid
sound	mid	120	sound/songs/midi/song251_se_btl_silence2_2.mid
sound	mid	68	sound/songs/midi/song252_se_btl_silence2_3.mid
sound	mid	177	sound/songs/midi/song253_se_btl_rest2_1.mid
sound	mid	191	sound/songs/midi/song254_se_btl_purge2_1a.mid
sound	mid	191	sound/songs/midi/song255_se_btl_purge2_1b.mid
sound	mid	242	sound/songs/midi/song256_se_btl_purge2_2.mid
sound	mid	177	sound/songs/midi/song257_se_btl_purge2_3.mid
sound	mid	170	sound/songs/midi/song258_se_btl_mshield2_1.mid
sound	mid	389	sound/songs/midi/song259_se_btl_hammerne2_1.mid
sound	mid	141	sound/songs/midi/song266_se_btl_mistyrain2_1.mid
sound	mid	226	sound/songs/midi/song270_se_btl_live2_1.mid
sound	mid	226	sound/songs/midi/song271_se_btl_live2_2.mid
sound	mid	195	sound/songs/midi/song272_se_btl_relive2_1.mid
sound	mid	195	sound/songs/midi/song273_se_btl_relive2_2.mid
sound	mid	206	sound/songs/midi/song274_se_btl_recover2_1.mid
sound	mid	206	sound/songs/midi/song275_se_btl_recover2_2.mid
sound	mid	357	sound/songs/midi/song276_se_btl_reserve2_1.mid
sound	mid	124	sound/songs/midi/song281_se_btl_thunderstorm1_1.mid
sound	mid	68	sound/songs/midi/song282_se_btl_thunderstorm1_2.mid
sound	mid	68	sound/songs/midi/song283_se_btl_sleep2_1.mid
sound	mid	68	sound/songs/midi/song284_se_btl_sleep2_2.mid
sound	mid	68	sound/songs/midi/song285_se_btl_fire_breath1_1.mid
sound	mid	105	sound/songs/midi/song287_se_btl_magic_breath1_1.mid
sound	mid	84	sound/songs/midi/song288_se_btl_lightning2_1.mid
sound	mid	84	sound/songs/midi/song289_se_btl_lightning2_2.mid
sound	mid	623	sound/songs/midi/song290_se_btl_fimbul1_1.mid
sound	mid	76	sound/songs/midi/song291_se_btl_fimbul1_2.mid
sound	mid	72	sound/songs/midi/song292_se_btl_resire2_1.mid
sound	mid	68	sound/songs/midi/song293_se_btl_resire2_2.mid
sound	mid	114	sound/songs/midi/song294_se_btl_resire2_3.mid
sound	mid	68	sound/songs/midi/song295_se_btl_devine1_1.mid
sound	mid	148	sound/songs/midi/song296_se_btl_devine1_2.mid
sound	mid	168	sound/songs/midi/song297_se_btl_devine1_3.mid
sound	mid	159	sound/songs/midi/song304_se_btl_nosferatu1_1.mid
sound	mid	68	sound/songs/midi/song305_se_btl_nosferatu1_2.mid
sound	mid	68	sound/songs/midi/song306_se_btl_nosferatu1_3.mid
sound	mid	105	sound/songs/midi/song307_se_btl_nosferatu1_4.mid
sound	mid	156	sound/songs/midi/song308_se_btl_magic_spell3.mid
sound	mid	120	sound/songs/midi/song309_se_btl_magic_spell5.mid
sound	mid	68	sound/songs/midi/song310_se_btl_shooter1_1.mid
sound	mid	202	sound/songs/midi/song311_se_btl_shooter1_2.mid
sound	mid	368	sound/songs/midi/song312_se_btl_eclipse1_1.mid
sound	mid	69	sound/songs/midi/song313_se_btl_eclipse1_2.mid
sound	mid	68	sound/songs/midi/song315_se_btl_class_light_up1.mid
sound	mid	68	sound/songs/midi/song316_se_btl_class_light_down1.mid
sound	mid	239	sound/songs/midi/song317_se_btl_class_light_body1.mid
sound	mid	68	sound/songs/midi/song318_se_btl_class_thunder1_1.mid
sound	mid	580	sound/songs/midi/song319_bmp_evt_15_1.mid
sound	mid	1934	sound/songs/midi/song320_bmp_evt_20b_1.mid
sound	mid	2267	sound/songs/midi/song321_bmp_evt_20b_2.mid
sound	mid	2941	sound/songs/midi/song322_mon_mao_die1.mid
sound	mid	106	sound/songs/midi/song327_se_btl_m_dragon_die1_3.mid
sound	mid	68	sound/songs/midi/song330_se_btl_human1_f1_flat1_L.mid
sound	mid	68	sound/songs/midi/song331_se_btl_human1_f1_flat1_R.mid
sound	mid	68	sound/songs/midi/song332_se_btl_human2_f1_flat1_L.mid
sound	mid	68	sound/songs/midi/song333_se_btl_human2_f1_flat1_R.mid
sound	mid	68	sound/songs/midi/song334_se_btl_human3_f1_flat1_L.mid
sound	mid	68	sound/songs/midi/song335_se_btl_human3_f1_flat1_R.mid
sound	mid	68	sound/songs/midi/song336_se_btl_human4_f1_flat1_L.mid
sound	mid	68	sound/songs/midi/song337_se_btl_human4_f1_flat1_R.mid
sound	mid	68	sound/songs/midi/song340_se_btl_human1_f1_grass1_L.mid
sound	mid	68	sound/songs/midi/song341_se_btl_human1_f1_grass1_R.mid
sound	mid	68	sound/songs/midi/song342_se_btl_human2_f1_grass1_L.mid
sound	mid	68	sound/songs/midi/song343_se_btl_human2_f1_grass1_R.mid
sound	mid	68	sound/songs/midi/song344_se_btl_human3_f1_grass1_L.mid
sound	mid	68	sound/songs/midi/song345_se_btl_human3_f1_grass1_R.mid
sound	mid	68	sound/songs/midi/song346_se_btl_human4_f1_grass1_L.mid
sound	mid	68	sound/songs/midi/song347_se_btl_human4_f1_grass1_R.mid
sound	mid	68	sound/songs/midi/song350_se_btl_human1_f1_water1_L.mid
sound	mid	68	sound/songs/midi/song351_se_btl_human1_f1_water1_R.mid
sound	mid	68	sound/songs/midi/song352_se_btl_human2_f1_water1_L.mid
sound	mid	68	sound/songs/midi/song353_se_btl_human2_f1_water1_R.mid
sound	mid	68	sound/songs/midi/song354_se_btl_human3_f1_water1_L.mid
sound	mid	68	sound/songs/midi/song355_se_btl_human3_f1_water1_R.mid
sound	mid	68	sound/songs/midi/song356_se_btl_human4_f1_water1_L.mid
sound	mid	68	sound/songs/midi/song357_se_btl_human4_f1_water1_R.mid
sound	mid	68	sound/songs/midi/song360_se_btl_human1_f1_dart1_L.mid
sound	mid	68	sound/songs/midi/song361_se_btl_human1_f1_dart1_R.mid
sound	mid	68	sound/songs/midi/song362_se_btl_human2_f1_dart1_L.mid
sound	mid	68	sound/songs/midi/song363_se_btl_human2_f1_dart1_R.mid
sound	mid	68	sound/songs/midi/song364_se_btl_human3_f1_dart1_L.mid
sound	mid	68	sound/songs/midi/song365_se_btl_human3_f1_dart1_R.mid
sound	mid	68	sound/songs/midi/song366_se_btl_human4_f1_dart1_L.mid
sound	mid	68	sound/songs/midi/song367_se_btl_human4_f1_dart1_R.mid
sound	mid	68	sound/songs/midi/song370_se_btl_human1_f1_sand1_L.mid
sound	mid	68	sound/songs/midi/song371_se_btl_human1_f1_sand1_R.mid
sound	mid	68	sound/songs/midi/song372_se_btl_human2_f1_sand1_L.mid
sound	mid	68	sound/songs/midi/song373_se_btl_human2_f1_sand1_R.mid
sound	mid	68	sound/songs/midi/song374_se_btl_human3_f1_sand1_L.mid
sound	mid	68	sound/songs/midi/song375_se_btl_human3_f1_sand1_R.mid
sound	mid	68	sound/songs/midi/song376_se_btl_human4_f1_sand1_L.mid
sound	mid	68	sound/songs/midi/song377_se_btl_human4_f1_sand1_R.mid
sound	mid	68	sound/songs/midi/song380_se_btl_human1_f1_brid1_L.mid
sound	mid	68	sound/songs/midi/song381_se_btl_human1_f1_brid1_R.mid
sound	mid	68	sound/songs/midi/song382_se_btl_human2_f1_brid1_L.mid
sound	mid	68	sound/songs/midi/song383_se_btl_human2_f1_brid1_R.mid
sound	mid	68	sound/songs/midi/song384_se_btl_human3_f1_brid1_L.mid
sound	mid	68	sound/songs/midi/song385_se_btl_human3_f1_brid1_R.mid
sound	mid	68	sound/songs/midi/song386_se_btl_human4_f1_brid1_L.mid
sound	mid	68	sound/songs/midi/song387_se_btl_human4_f1_brid1_R.mid
sound	mid	68	sound/songs/midi/song390_se_btl_human1_f1_stone1_L.mid
sound	mid	68	sound/songs/midi/song391_se_btl_human1_f1_stone1_R.mid
sound	mid	68	sound/songs/midi/song392_se_btl_human2_f1_stone1_L.mid
sound	mid	68	sound/songs/midi/song393_se_btl_human2_f1_stone1_R.mid
sound	mid	68	sound/songs/midi/song394_se_btl_human3_f1_stone1_L.mid
sound	mid	68	sound/songs/midi/song395_se_btl_human3_f1_stone1_R.mid
sound	mid	68	sound/songs/midi/song396_se_btl_human4_f1_stone1_L.mid
sound	mid	68	sound/songs/midi/song397_se_btl_human4_f1_stone1_R.mid
sound	mid	68	sound/songs/midi/song400_se_btl_horse1_f1_L.mid
sound	mid	68	sound/songs/midi/song401_se_btl_horse1_f1_R.mid
sound	mid	68	sound/songs/midi/song402_se_btl_horse1_b1_L.mid
sound	mid	68	sound/songs/midi/song403_se_btl_horse1_b1_R.mid
sound	mid	68	sound/songs/midi/song404_se_btl_horse1_t1_L.mid
sound	mid	68	sound/songs/midi/song405_se_btl_horse1_t1_R.mid
sound	mid	68	sound/songs/midi/song410_se_btl_horse2_f1_L.mid
sound	mid	68	sound/songs/midi/song411_se_btl_horse2_f1_R.mid
sound	mid	68	sound/songs/midi/song412_se_btl_horse2_b1_L.mid
sound	mid	68	sound/songs/midi/song413_se_btl_horse2_b1_R.mid
sound	mid	68	sound/songs/midi/song414_se_btl_horse2_t1_L.mid
sound	mid	68	sound/songs/midi/song415_se_btl_horse2_t1_R.mid
sound	mid	68	sound/songs/midi/song420_se_btl_horse3_f1_L.mid
sound	mid	68	sound/songs/midi/song421_se_btl_horse3_f1_R.mid
sound	mid	68	sound/songs/midi/song422_se_btl_horse3_b1_L.mid
sound	mid	68	sound/songs/midi/song423_se_btl_horse3_b1_R.mid
sound	mid	68	sound/songs/midi/song424_se_btl_horse3_t1_L.mid
sound	mid	68	sound/songs/midi/song425_se_btl_horse3_t1_R.mid
sound	mid	68	sound/songs/midi/song430_se_btl_horse1_f1_grass1_L.mid
sound	mid	68	sound/songs/midi/song431_se_btl_horse1_f1_grass1_R.mid
sound	mid	68	sound/songs/midi/song432_se_btl_horse1_b1_grass1_L.mid
sound	mid	68	sound/songs/midi/song433_se_btl_horse1_b1_grass1_R.mid
sound	mid	68	sound/songs/midi/song434_se_btl_horse1_t1_grass1_L.mid
sound	mid	68	sound/songs/midi/song435_se_btl_horse1_t1_grass1_R.mid
sound	mid	68	sound/songs/midi/song440_se_btl_horse2_f1_grass1_L.mid
sound	mid	68	sound/songs/midi/song441_se_btl_horse2_f1_grass1_R.mid
sound	mid	68	sound/songs/midi/song442_se_btl_horse2_b1_grass1_L.mid
sound	mid	68	sound/songs/midi/song443_se_btl_horse2_b1_grass1_R.mid
sound	mid	68	sound/songs/midi/song444_se_btl_horse2_t1_grass1_L.mid
sound	mid	68	sound/songs/midi/song445_se_btl_horse2_t1_grass1_R.mid
sound	mid	68	sound/songs/midi/song450_se_btl_horse3_f1_grass1_L.mid
sound	mid	68	sound/songs/midi/song451_se_btl_horse3_f1_grass1_R.mid
sound	mid	68	sound/songs/midi/song452_se_btl_horse3_b1_grass1_L.mid
sound	mid	68	sound/songs/midi/song453_se_btl_horse3_b1_grass1_R.mid
sound	mid	68	sound/songs/midi/song454_se_btl_horse3_t1_grass1_L.mid
sound	mid	68	sound/songs/midi/song455_se_btl_horse3_t1_grass1_R.mid
sound	mid	68	sound/songs/midi/song460_se_btl_horse1_f1_water1_L.mid
sound	mid	68	sound/songs/midi/song461_se_btl_horse1_f1_water1_R.mid
sound	mid	68	sound/songs/midi/song462_se_btl_horse1_b1_water1_L.mid
sound	mid	68	sound/songs/midi/song463_se_btl_horse1_b1_water1_R.mid
sound	mid	68	sound/songs/midi/song464_se_btl_horse1_t1_water1_L.mid
sound	mid	68	sound/songs/midi/song465_se_btl_horse1_t1_water1_R.mid
sound	mid	68	sound/songs/midi/song470_se_btl_horse2_f1_water1_L.mid
sound	mid	68	sound/songs/midi/song471_se_btl_horse2_f1_water1_R.mid
sound	mid	68	sound/songs/midi/song472_se_btl_horse2_b1_water1_L.mid
sound	mid	68	sound/songs/midi/song473_se_btl_horse2_b1_water1_R.mid
sound	mid	68	sound/songs/midi/song474_se_btl_horse2_t1_water1_L.mid
sound	mid	68	sound/songs/midi/song475_se_btl_horse2_t1_water1_R.mid
sound	mid	68	sound/songs/midi/song480_se_btl_horse3_f1_water1_L.mid
sound	mid	68	sound/songs/midi/song481_se_btl_horse3_f1_water1_R.mid
sound	mid	68	sound/songs/midi/song482_se_btl_horse3_b1_water1_L.mid
sound	mid	68	sound/songs/midi/song483_se_btl_horse3_b1_water1_R.mid
sound	mid	68	sound/songs/midi/song484_se_btl_horse3_t1_water1_L.mid
sound	mid	68	sound/songs/midi/song485_se_btl_horse3_t1_water1_R.mid
sound	mid	68	sound/songs/midi/song490_se_btl_horse1_f1_dart1_L.mid
sound	mid	68	sound/songs/midi/song491_se_btl_horse1_f1_dart1_R.mid
sound	mid	68	sound/songs/midi/song492_se_btl_horse1_b1_dart1_L.mid
sound	mid	68	sound/songs/midi/song493_se_btl_horse1_b1_dart1_R.mid
sound	mid	68	sound/songs/midi/song494_se_btl_horse1_t1_dart1_L.mid
sound	mid	68	sound/songs/midi/song495_se_btl_horse1_t1_dart1_R.mid
sound	mid	68	sound/songs/midi/song500_se_btl_horse2_f1_dart1_L.mid
sound	mid	68	sound/songs/midi/song501_se_btl_horse2_f1_dart1_R.mid
sound	mid	68	sound/songs/midi/song502_se_btl_horse2_b1_dart1_L.mid
sound	mid	68	sound/songs/midi/song503_se_btl_horse2_b1_dart1_R.mid
sound	mid	68	sound/songs/midi/song504_se_btl_horse2_t1_dart1_L.mid
sound	mid	68	sound/songs/midi/song505_se_btl_horse2_t1_dart1_R.mid
sound	mid	68	sound/songs/midi/song510_se_btl_horse3_f1_dart1_L.mid
sound	mid	68	sound/songs/midi/song511_se_btl_horse3_f1_dart1_R.mid
sound	mid	68	sound/songs/midi/song512_se_btl_horse3_b1_dart1_L.mid
sound	mid	68	sound/songs/midi/song513_se_btl_horse3_b1_dart1_R.mid
sound	mid	68	sound/songs/midi/song514_se_btl_horse3_t1_dart1_L.mid
sound	mid	68	sound/songs/midi/song515_se_btl_horse3_t1_dart1_R.mid
sound	mid	68	sound/songs/midi/song520_se_btl_horse1_f1_sand1_L.mid
sound	mid	68	sound/songs/midi/song521_se_btl_horse1_f1_sand1_R.mid
sound	mid	68	sound/songs/midi/song522_se_btl_horse1_b1_sand1_L.mid
sound	mid	68	sound/songs/midi/song523_se_btl_horse1_b1_sand1_R.mid
sound	mid	68	sound/songs/midi/song524_se_btl_horse1_t1_sand1_L.mid
sound	mid	68	sound/songs/midi/song525_se_btl_horse1_t1_sand1_R.mid
sound	mid	68	sound/songs/midi/song530_se_btl_horse2_f1_sand1_L.mid
sound	mid	68	sound/songs/midi/song531_se_btl_horse2_f1_sand1_R.mid
sound	mid	68	sound/songs/midi/song532_se_btl_horse2_b1_sand1_L.mid
sound	mid	68	sound/songs/midi/song533_se_btl_horse2_b1_sand1_R.mid
sound	mid	68	sound/songs/midi/song534_se_btl_horse2_t1_sand1_L.mid
sound	mid	68	sound/songs/midi/song535_se_btl_horse2_t1_sand1_R.mid
sound	mid	68	sound/songs/midi/song540_se_btl_horse3_f1_sand1_L.mid
sound	mid	68	sound/songs/midi/song541_se_btl_horse3_f1_sand1_R.mid
sound	mid	68	sound/songs/midi/song542_se_btl_horse3_b1_sand1_L.mid
sound	mid	68	sound/songs/midi/song543_se_btl_horse3_b1_sand1_R.mid
sound	mid	68	sound/songs/midi/song544_se_btl_horse3_t1_sand1_L.mid
sound	mid	68	sound/songs/midi/song545_se_btl_horse3_t1_sand1_R.mid
sound	mid	68	sound/songs/midi/song550_se_btl_horse1_f1_brid1_L.mid
sound	mid	68	sound/songs/midi/song551_se_btl_horse1_f1_brid1_R.mid
sound	mid	68	sound/songs/midi/song552_se_btl_horse1_b1_brid1_L.mid
sound	mid	68	sound/songs/midi/song553_se_btl_horse1_b1_brid1_R.mid
sound	mid	68	sound/songs/midi/song554_se_btl_horse1_t1_brid1_L.mid
sound	mid	68	sound/songs/midi/song555_se_btl_horse1_t1_brid1_R.mid
sound	mid	68	sound/songs/midi/song560_se_btl_horse2_f1_brid1_L.mid
sound	mid	68	sound/songs/midi/song561_se_btl_horse2_f1_brid1_R.mid
sound	mid	68	sound/songs/midi/song562_se_btl_horse2_b1_brid1_L.mid
sound	mid	68	sound/songs/midi/song563_se_btl_horse2_b1_brid1_R.mid
sound	mid	68	sound/songs/midi/song564_se_btl_horse2_t1_brid1_L.mid
sound	mid	68	sound/songs/midi/song565_se_btl_horse2_t1_brid1_R.mid
sound	mid	68	sound/songs/midi/song570_se_btl_horse3_f1_brid1_L.mid
sound	mid	68	sound/songs/midi/song571_se_btl_horse3_f1_brid1_R.mid
sound	mid	68	sound/songs/midi/song572_se_btl_horse3_b1_brid1_L.mid
sound	mid	68	sound/songs/midi/song573_se_btl_horse3_b1_brid1_R.mid
sound	mid	68	sound/songs/midi/song574_se_btl_horse3_t1_brid1_L.mid
sound	mid	68	sound/songs/midi/song575_se_btl_horse3_t1_brid1_R.mid
sound	mid	68	sound/songs/midi/song580_se_btl_horse1_f1_ston1_L.mid
sound	mid	68	sound/songs/midi/song581_se_btl_horse1_f1_ston1_R.mid
sound	mid	68	sound/songs/midi/song582_se_btl_horse1_b1_ston1_L.mid
sound	mid	68	sound/songs/midi/song583_se_btl_horse1_b1_ston1_R.mid
sound	mid	68	sound/songs/midi/song584_se_btl_horse1_t1_ston1_L.mid
sound	mid	68	sound/songs/midi/song585_se_btl_horse1_t1_ston1_R.mid
sound	mid	68	sound/songs/midi/song590_se_btl_horse2_f1_ston1_L.mid
sound	mid	68	sound/songs/midi/song591_se_btl_horse2_f1_ston1_R.mid
sound	mid	68	sound/songs/midi/song592_se_btl_horse2_b1_ston1_L.mid
sound	mid	68	sound/songs/midi/song593_se_btl_horse2_b1_ston1_R.mid
sound	mid	68	sound/songs/midi/song594_se_btl_horse2_t1_ston1_L.mid
sound	mid	68	sound/songs/midi/song595_se_btl_horse2_t1_ston1_R.mid
sound	mid	68	sound/songs/midi/song600_se_btl_horse3_f1_ston1_L.mid
sound	mid	68	sound/songs/midi/song601_se_btl_horse3_f1_ston1_R.mid
sound	mid	68	sound/songs/midi/song602_se_btl_horse3_b1_ston1_L.mid
sound	mid	68	sound/songs/midi/song603_se_btl_horse3_b1_ston1_R.mid
sound	mid	68	sound/songs/midi/song604_se_btl_horse3_t1_ston1_L.mid
sound	mid	68	sound/songs/midi/song605_se_btl_horse3_t1_ston1_R.mid
sound	mid	68	sound/songs/midi/song610_se_btl_bird1_flap1_L.mid
sound	mid	68	sound/songs/midi/song611_se_btl_bird1_flap1_R.mid
sound	mid	68	sound/songs/midi/song612_se_btl_bird1_gliding1_L.mid
sound	mid	68	sound/songs/midi/song613_se_btl_bird1_gliding1_R.mid
sound	mid	68	sound/songs/midi/song614_se_btl_armor1_L.mid
sound	mid	68	sound/songs/midi/song615_se_btl_armor1_R.mid
sound	mid	68	sound/songs/midi/song616_se_btl_bird1_gliding2.mid
sound	mid	746	sound/songs/midi/song617_se_bmp_map25_saint_light1.mid
sound	mid	453	sound/songs/midi/song618_se_bmp_map25_shake1_1.mid
sound	mid	139	sound/songs/midi/song619_se_bmp_map21_flash1_1.mid
sound	mid	68	sound/songs/midi/song620_se_bmp_small_flash1.mid
sound	mid	64	sound/songs/midi/song700_h_shine.mid
sound	mid	64	sound/songs/midi/song701_h_luna_bf.mid
sound	mid	65	sound/songs/midi/song702_h_luna_af_01.mid
sound	mid	64	sound/songs/midi/song703_h_excb1.mid
sound	mid	64	sound/songs/midi/song704_h_excb2.mid
sound	mid	64	sound/songs/midi/song705_h_oura_01.mid
sound	mid	64	sound/songs/midi/song706_h_oura_02.mid
sound	mid	65	sound/songs/midi/song707_h_oura_03.mid
sound	mid	64	sound/songs/midi/song711_h_ges_01.mid
sound	mid	64	sound/songs/midi/song712_h_ges_02.mid
sound	mid	64	sound/songs/midi/song713_h_ges_03.mid
sound	mid	64	sound/songs/midi/song716_h_live.mid
sound	mid	64	sound/songs/midi/song717_h_levup.mid
sound	mid	117	sound/songs/midi/song718_h_btl_nodamage.mid
sound	mid	64	sound/songs/midi/song719_h_sword_kaesu.mid
sound	mid	101	sound/songs/midi/song720_h_eliwod_kiran.mid
sound	mid	117	sound/songs/midi/song722_h_hector_axe.mid
sound	mid	1458	sound/songs/midi/song723_btl_dance2.mid
sound	mid	721	sound/songs/midi/song725_bmp_dance2.mid
sound	mid	64	sound/songs/midi/song726_sys_break_stone1.mid
sound	mid	133	sound/songs/midi/song727_h_bmp_bridge_02.mid
sound	mid	64	sound/songs/midi/song728_h_kekkai.mid
sound	mid	109	sound/songs/midi/song729_h_evt_taoreru_02.mid
sound	mid	64	sound/songs/midi/song730_h_sword_nuku.mid
sound	mid	64	sound/songs/midi/song733_h_monm_kiran.mid
sound	mid	133	sound/songs/midi/song736_h_dragon_walk.mid
sound	mid	253	sound/songs/midi/song737_h_misty_af.mid
sound	mid	187	sound/songs/midi/song738_h_eclipse_last.mid
sound	mid	490	sound/songs/midi/song740_btl_sam_magic1.mid
sound	mid	64	sound/songs/midi/song741_h_sys_moji_ten.mid
sound	mid	107	sound/songs/midi/song742_h_sys_ten_open.mid
sound	mid	107	sound/songs/midi/song743_h_sys_ten_close.mid
sound	mid	77	sound/songs/midi/song745_h_evt_wout_6frame.mid
sound	mid	117	sound/songs/midi/song746_h_evt_wout_30frame.mid
sound	mid	189	sound/songs/midi/song747_h_evt_wout_60frame.mid
sound	mid	189	sound/songs/midi/song748_h_evt_wout_90frame.mid
sound	mid	189	sound/songs/midi/song749_h_evt_wout_120frame.mid
sound	mid	648	sound/songs/midi/song752_h_btl_dragon_shake_01.mid
sound	mid	652	sound/songs/midi/song753_h_btl_dragon_scream_01.mid
sound	mid	664	sound/songs/midi/song754_h_btl_dragon_bress_01.mid
sound	mid	657	sound/songs/midi/song755_h_btl_dragon_out_01.mid
sound	mid	101	sound/songs/midi/song756_h_evt_kabau.mid
sound	mid	71	sound/songs/midi/song757_h_evt19_dragon_scream.mid
sound	mid	138	sound/songs/midi/song759_h_btl_druid_hissatu_01.mid
sound	mid	140	sound/songs/midi/song760_h_btl_sage_hissatu_01.mid
sound	mid	64	sound/songs/midi/song761_h_bmp_bomb_fall_01.mid
sound	mid	109	sound/songs/midi/song763_h_evt_dragon_atacck_01.mid
sound	mid	64	sound/songs/midi/song770_mon_zombie_move1.mid
sound	mid	64	sound/songs/midi/song772_mon_bone_move1.mid
sound	mid	64	sound/songs/midi/song774_mon_bigl_move1.mid
sound	mid	64	sound/songs/midi/song776_mon_bae_move_flat1.mid
sound	mid	64	sound/songs/midi/song778_mon_mdg_move_flat1.mid
sound	mid	64	sound/songs/midi/song780_mon_gog_move1.mid
sound	mid	64	sound/songs/midi/song782_bmap_shooter_move1.mid
sound	mid	64	sound/songs/midi/song784_wmap_road_appear1.mid
sound	mid	87	sound/songs/midi/song785_wmap_base_appear1.mid
sound	mid	64	sound/songs/midi/song786_wmap_mon_appear1.mid
sound	mid	64	sound/songs/midi/song787_wmap_mon_attack1.mid
sound	mid	64	sound/songs/midi/song788_wmap_mon_attack2.mid
sound	mid	2022	sound/songs/midi/song790_sys_chapter_start.mid
sound	mid	64	sound/songs/midi/song791_sys_op_fadein1.mid
sound	mid	72	sound/songs/midi/song800_mon_zom_hand_up1.mid
sound	mid	72	sound/songs/midi/song801_mon_zom_hand_down1.mid
sound	mid	64	sound/songs/midi/song802_mon_zom_attack3.mid
sound	mid	134	sound/songs/midi/song805_mon_bae_hand_up1.mid
sound	mid	134	sound/songs/midi/song806_mon_bae_hand_down1.mid
sound	mid	147	sound/songs/midi/song807_mon_bae_critical1.mid
sound	mid	64	sound/songs/midi/song809_mon_cyc_attack1.mid
sound	mid	64	sound/songs/midi/song810_mon_mdg_groan1.mid
sound	mid	147	sound/songs/midi/song811_mon_mdg_attack1.mid
sound	mid	64	sound/songs/midi/song812_mon_mdg_critical1.mid
sound	mid	64	sound/songs/midi/song817_mon_gog_attack4.mid
sound	mid	85	sound/songs/midi/song818_mon_gar_critical2.mid
sound	mid	72	sound/songs/midi/song830_mon_zom_move_grass1.mid
sound	mid	72	sound/songs/midi/song832_mon_sks_move_grass1.mid
sound	mid	64	sound/songs/midi/song834_mon_bae_move_grass1.mid
sound	mid	64	sound/songs/midi/song836_mon_mdg_move_grass1.mid
sound	mid	72	sound/songs/midi/song840_mon_zom_move_water1.mid
sound	mid	72	sound/songs/midi/song842_mon_sks_move_water1.mid
sound	mid	64	sound/songs/midi/song844_mon_bae_move_water1.mid
sound	mid	64	sound/songs/midi/song846_mon_mdg_move_water1.mid
sound	mid	72	sound/songs/midi/song850_mon_zom_move_dart1.mid
sound	mid	72	sound/songs/midi/song852_mon_sks_move_dart1.mid
sound	mid	64	sound/songs/midi/song854_mon_bae_move_dart1.mid
sound	mid	64	sound/songs/midi/song856_mon_mdg_move_dart1.mid
sound	mid	64	sound/songs/midi/song864_mon_bae_move_sand1.mid
sound	mid	64	sound/songs/midi/song866_mon_mdg_move_sand1.mid
sound	mid	72	sound/songs/midi/song870_mon_zom_move_brid1.mid
sound	mid	72	sound/songs/midi/song872_mon_sks_move_brid1.mid
sound	mid	64	sound/songs/midi/song874_mon_bae_move_wood1.mid
sound	mid	64	sound/songs/midi/song876_mon_mdg_move_wood1.mid
sound	mid	72	sound/songs/midi/song880_mon_zom_move_ston1.mid
sound	mid	72	sound/songs/midi/song882_mon_sks_move_ston1.mid
sound	mid	64	sound/songs/midi/song884_mon_bae_move_stone1.mid
sound	mid	64	sound/songs/midi/song886_mon_mdg_move_stone1.mid
sound	mid	344	sound/songs/midi/song890_mon_mao_attack2.mid
sound	mid	64	sound/songs/midi/song891_mon_mao_attack1.mid
sound	mid	64	sound/songs/midi/song892_btl_mnt_magic1.mid
sound	mid	64	sound/songs/midi/song893_mon_sks_critical1.mid
sound	mid	426	sound/songs/midi/song894_mon_mao_attack3.mid
sound	mid	244	sound/songs/midi/song895_btl_mgk_attack2.mid
sound	mid	462	sound/songs/midi/song896_mon_mao_appear1.mid
sound	mid	1085	sound/songs/midi/song900_bmp_bos_nightmare1.mid
sound	mid	1355	sound/songs/midi/song940_btl_bgl_attack7_1.mid
sound	mid	350	sound/songs/midi/song941_btl_bgl_attack7_2.mid
sound	mid	1033	sound/songs/midi/song943_btl_snr_magic2_1.mid
sound	mid	897	sound/songs/midi/song944_btl_snr_magic2_2.mid
sound	mid	924	sound/songs/midi/song946_mon_mao_magic1_1.mid
sound	mid	1278	sound/songs/midi/song947_mon_mao_magic1_2.mid
sound	mid	64	sound/songs/midi/song949_btl_snr_magic1.mid
sound	mid	668	sound/songs/midi/song950_mon_gog_magic1.mid
sound	mid	605	sound/songs/midi/song951_mon_gog_attack1.mid
sound	mid	156	sound/songs/midi/song952_mon_gog_attack5_1.mid
sound	mid	344	sound/songs/midi/song953_mon_gog_attack5_2.mid
sound	mid	311	sound/songs/midi/song954_bmp_gog_attack5_2.mid
sound	mid	64	sound/songs/midi/song955_bmap_mirura_move1.mid
sound	mid	64	sound/songs/midi/song957_bmap_dzom_move1.mid
sound	mid	616	sound/songs/midi/song959_btl_mon_call1.mid
sound	mid	64	sound/songs/midi/song960_mon_bgl_attack1.mid
sound	mid	397	sound/songs/midi/song963_mon_bgl_attack4.mid
sound	mid	481	sound/songs/midi/song964_mon_bgl_attack5.mid
sound	mid	65	sound/songs/midi/song966_mon_bgl_attack6.mid
sound	mid	844	sound/songs/midi/song967_mon_bgl_attack7.mid
sound	mid	251	sound/songs/midi/song969_bmp_mon_gog_crack1.mid
sound	mid	169	sound/songs/midi/song970_bmp_mon_gog_born1.mid
sound	mid	64	sound/songs/midi/song975_btl_critical_dmg1.mid
sound	mid	476	sound/songs/midi/song976_btl_critical_dmg2.mid
sound	mid	180	sound/songs/midi/song977_btl_skill1.mid
sound	mid	68	sound/songs/midi/song978_se_btl_recite_spell1.mid
sound	mid	334	sound/songs/midi/song979_btl_evl_magic1.mid
sound	mid	1199	sound/songs/midi/song980_btl_evl_magic2.mid
sound	mid	2995	sound/songs/midi/song981_btl_mon_magic1.mid
sound	mid	276	sound/songs/midi/song982_btl_mon_magic2.mid
sound	mid	64	sound/songs/midi/song997_sys_class_light1.mid
sound	mid	64	sound/songs/midi/song998_sys_class_light2.mid
sound	s	820	sound/songs/mml/song814_mon_gar_critical1.s
sound	s	1022	sound/songs/mml/song815_mon_gog_attack2.s
sound	s	969	sound/songs/mml/song816_mon_gog_attack3.s
sound	s	1017	sound/songs/mml/song962_mon_bgl_attack3.s
sound	s	6730	sound/voicegroups/voicegroup000.s
sound	s	6385	sound/voicegroups/voicegroup001.s
sound	s	6300	sound/voicegroups/voicegroup002.s
sound	s	6387	sound/voicegroups/voicegroup003.s
sound	s	6350	sound/voicegroups/voicegroup004.s
sound	s	6349	sound/voicegroups/voicegroup005.s
sound	s	6212	sound/voicegroups/voicegroup006.s
sound	s	6528	sound/voicegroups/voicegroup007.s
sound	s	2968	sound/voicegroups/voicegroup008.s
sound	s	6481	sound/voicegroups/voicegroup009.s
sound	s	6308	sound/voicegroups/voicegroup010.s
sound	s	6081	sound/voicegroups/voicegroup011.s
sound	s	6430	sound/voicegroups/voicegroup012.s
sound	s	6341	sound/voicegroups/voicegroup013.s
sound	s	4020	sound/voicegroups/voicegroup014.s
sound	s	6252	sound/voicegroups/voicegroup015.s
sound	s	6433	sound/voicegroups/voicegroup016.s
sound	s	5951	sound/voicegroups/voicegroup017.s
sound	s	5989	sound/voicegroups/voicegroup018.s
sound	s	6032	sound/voicegroups/voicegroup019.s
sound	s	5942	sound/voicegroups/voicegroup020.s
sound	s	6212	sound/voicegroups/voicegroup021.s
sound	s	3969	sound/voicegroups/voicegroup022.s
sound	s	3523	sound/voicegroups/voicegroup023.s
sound	s	6115	sound/voicegroups/voicegroup024.s
sound	s	6555	sound/voicegroups/voicegroup025.s
sound	s	6474	sound/voicegroups/voicegroup026.s
sound	s	709	sound/voicegroups/voicegroup027.s
sound	s	6419	sound/voicegroups/voicegroup028.s
sound	s	6731	sound/voicegroups/voicegroup029.s
sound	s	4435	sound/voicegroups/voicegroup030.s
sound	s	5811	sound/voicegroups/voicegroup031.s
sound	s	6492	sound/voicegroups/voicegroup032.s
sound	s	5011	sound/voicegroups/voicegroup033.s
sound	s	7058	sound/voicegroups/voicegroup034.s
sound	s	6304	sound/voicegroups/voicegroup035.s
sound	s	5466	sound/voicegroups/voicegroup036.s
sound	s	856	sound/voicegroups/voicegroup037.s
sound	s	9300	sound/voicegroups/voicegroup038.s
sound	s	1275	sound/voicegroups/voicegroup039.s
sound	s	6778	sound/voicegroups/voicegroup040.s
sound	s	6818	sound/voicegroups/voicegroup041.s
sound	s	6695	sound/voicegroups/voicegroup042.s
sound	s	6823	sound/voicegroups/voicegroup043.s
sound	s	6831	sound/voicegroups/voicegroup044.s
sound	s	6734	sound/voicegroups/voicegroup045.s
sound	s	6487	sound/voicegroups/voicegroup046.s
sound	s	6407	sound/voicegroups/voicegroup047.s
sound	s	6350	sound/voicegroups/voicegroup048.s
sound	s	6618	sound/voicegroups/voicegroup049.s
sound	s	6208	sound/voicegroups/voicegroup050.s
sound	s	6332	sound/voicegroups/voicegroup051.s
sound	s	6176	sound/voicegroups/voicegroup052.s
sound	s	6266	sound/voicegroups/voicegroup053.s
sound	s	6171	sound/voicegroups/voicegroup054.s
sound	s	6305	sound/voicegroups/voicegroup055.s
sound	s	6076	sound/voicegroups/voicegroup056.s
sound	s	4892	sound/voicegroups/voicegroup057.s
sound	s	4981	sound/voicegroups/voicegroup058.s
sound	s	5456	sound/voicegroups/voicegroup059.s
sound	s	6426	sound/voicegroups/voicegroup060.s
sound	s	6518	sound/voicegroups/voicegroup061.s
sound	s	6567	sound/voicegroups/voicegroup062.s
sound	s	6609	sound/voicegroups/voicegroup063.s
sound	s	5250	sound/voicegroups/voicegroup064.s
sound	s	5218	sound/voicegroups/voicegroup065.s
sound	s	6164	sound/voicegroups/voicegroup066.s
sound	s	6166	sound/voicegroups/voicegroup067.s
sound	s	6427	sound/voicegroups/voicegroup068.s
sound	s	6510	sound/voicegroups/voicegroup069.s
sound	s	6596	sound/voicegroups/voicegroup070.s
sound	s	6426	sound/voicegroups/voicegroup071.s
sound	s	6177	sound/voicegroups/voicegroup072.s
sound	s	6171	sound/voicegroups/voicegroup073.s
sound	s	5071	sound/voicegroups/voicegroup074.s
sound	s	22211	sound/voicegroups/voicegroup075.s
sound	s	3750	sound/voicegroups/voicegroup076.s
sound	s	2791	sound/voicegroups/voicegroup077.s
sound	s	7798	sound/voicegroups/voicegroup078.s
sound	s	4022	sound/voicegroups/voicegroup079.s
sound	s	4045	sound/voicegroups/voicegroup080.s
sound	s	4030	sound/voicegroups/voicegroup081.s
sound	s	3932	sound/voicegroups/voicegroup082.s
sound	s	3982	sound/voicegroups/voicegroup083.s
sound	s	6931	sound/voicegroups/voicegroup084.s
sound	s	7890	sound/voicegroups/voicegroup085.s
sound	s	973	sound/voicegroups/voicegroup086.s
sound	s	270	sound/voicegroups/voicegroup087.s
sound	s	519	sound/voicegroups/voicegroup088.s
sound	s	356	sound/voicegroups/voicegroup089.s
sound	s	430	sound/voicegroups/voicegroup090.s
sound	s	430	sound/voicegroups/voicegroup091.s
sound	s	4195	sound/voicegroups/voicegroup092.s
