theme_id	class_id	subclass_id	orientation_id	north	east	south	west
1	1	0	0	0:10	0:20;0:29	0:2;0:4;0:10;0:16	0:2;0:4;0:6
1	1	0	1		0:20	0:35	
1	1	0	2	0:0;0:2;0:4;0:12;0:15;0:21;0:22;0:30;0:33	0:0;0:2;0:4;0:7;0:10;0:21;0:26;0:32	0:2;0:4;0:6;0:10;0:16;0:34	0:2;0:3;0:4;0:12;0:16
1	1	0	3	0:23	0:2;0:21;0:26	0:29	
1	1	0	4	0:0;0:2;0:4;0:6;0:15;0:21;0:30;0:32;0:35	0:0;0:2;0:4;0:10;0:21;0:26;0:30;0:32;0:33	0:2;0:4;0:5;0:10;0:16;0:26;0:33;0:34	0:2;0:4;0:6;0:15;0:16;0:34
1	1	0	5	0:4;0:6;0:12	0:34		
1	1	0	6	0:2;0:22	0:0;0:4;0:10	0:4;0:5;0:16;0:33	0:29
1	1	0	7	0:29	0:17	0:21;0:29	0:2
1	1	0	8	0:29	0:29	0:29	0:23
1	1	0	9	0:29		0:36	0:28
1	1	0	10	0:0;0:2;0:4;0:12;0:21;0:33	0:13;0:16;0:29	0:0;0:29	0:2;0:4;0:6;0:12;0:16;0:34
1	1	0	11		0:29	0:18;0:28	0:37
1	1	0	12	0:16;0:27;0:29	0:2;0:10;0:21;0:26	0:2;0:5;0:10;0:16;0:26	0:18;0:21;0:23
1	1	0	13	0:32	0:17	0:17	0:10
1	1	0	14	0:18;0:31;0:36	0:18;0:31;0:36	0:17;0:29	0:29
1	1	0	15	0:29	0:4;0:33	0:2;0:4	0:22
1	1	0	16	0:0;0:2;0:4;0:6;0:12;0:21;0:33	0:2;0:4;0:10;0:26	0:12;0:27	0:10;0:26
1	1	0	17	0:13;0:14;0:29	0:31;0:36;0:37	0:19;0:25;0:36	0:7;0:13;0:29
1	1	0	18	0:11	0:12;0:29	0:14;0:23;0:31	0:14;0:31;0:36
1	1	0	19	0:17	0:31		
1	1	0	20	0:29	0:29	0:30;0:32	0:0;0:1;0:22
1	1	0	21	0:7;0:23	0:12;0:29	0:2;0:4;0:10;0:16;0:26;0:33;0:34	0:2;0:3;0:4;0:12
1	1	0	22		0:15;0:20;0:35	0:2;0:6	0:29
1	1	0	23	0:18;0:31;0:36	0:8;0:12	0:3;0:21	0:29
1	1	0	24	0:29	0:29		
1	1	0	25	0:17;0:37		0:29	
1	1	0	26	0:4;0:12;0:21;0:33	0:16;0:29	0:29	0:2;0:3;0:4;0:12;0:16;0:34
1	1	0	27	0:16	0:29	0:12	
1	1	0	28	0:11	0:9	0:31	0:31
1	1	0	29	0:3;0:7;0:8;0:10;0:14;0:25;0:26;0:29;0:34	0:6;0:14;0:17;0:22;0:23;0:29	0:7;0:8;0:9;0:12;0:15;0:17;0:20;0:24;0:29;0:32;0:37	0:0;0:8;0:10;0:11;0:18;0:20;0:21;0:24;0:26;0:27;0:29;0:32;0:33
1	1	0	30	0:20		0:2;0:4	0:4;0:35
1	1	0	31	0:18;0:28;0:31;0:36;0:37	0:18;0:28;0:31;0:36;0:37	0:14;0:23;0:31;0:36	0:14;0:17;0:19;0:31;0:36
1	1	0	32	0:20;0:29;0:32	0:29	0:4;0:13;0:32;0:33	0:2;0:4
1	1	0	33	0:4;0:6;0:21;0:32	0:29	0:2;0:10;0:16;0:26	0:4;0:15
1	1	0	34	0:2;0:4;0:21	0:4;0:10;0:26	0:29	0:5
1	1	0	35	0:1	0:30	0:4	0:22
1	1	0	36	0:9;0:17;0:31;0:36;0:37	0:18;0:31;0:36;0:37	0:14;0:23;0:31;0:36	0:14;0:17;0:31;0:36
1	1	0	37	0:29	0:11	0:25;0:31;0:36	0:17;0:31;0:36
1	2	0	0	0:1;0:2	0:1;0:2		0:1
1	2	0	1	0:1;0:2	0:0;0:1;0:2	0:0;0:1;0:2	0:0;0:1;0:2
1	2	0	2	0:1;0:2	0:1;0:2	0:0;0:1;0:2	0:0;0:1;0:2
1	4	0	0	0:6	0:9		0:4;0:5
1	4	0	1	0:7	0:2;0:5;0:10	0:5;0:10	0:7
1	4	0	2			0:3	0:1
1	4	0	3	0:2	0:6	0:4	0:5
1	4	0	4	0:3	0:0		0:11
1	4	0	5	0:1;0:10	0:0;0:3;0:10	0:10;0:11	0:1;0:10
1	4	0	6			0:0	0:3
1	4	0	7	0:8	0:1	0:1	0:9
1	4	0	8		0:10	0:7	
1	4	0	9		0:7		0:0
1	4	0	10	0:1;0:5;0:10	0:5;0:10;0:11	0:5;0:10;0:11	0:1;0:5;0:8;0:10
1	4	0	11	0:5;0:10	0:4		0:10
1	6	0	0				
1	6	1	0				
1	6	2	0	2:1	2:2		
1	6	3	0	3:3		3:1	
1	6	3	1	3:0			
1	6	2	1			2:0;2:5	
1	6	2	2	2:3	2:3		2:0
1	6	2	3			2:2;2:4	2:2
1	6	4	0				
1	6	5	0		5:1		
1	6	2	4	2:3			2:6
1	6	3	2			3:3	
1	6	2	5	2:1			
1	6	2	6		2:4		
1	6	3	3	3:2		3:0	
1	6	5	1				5:0
1	13	0	0			0:3	0:1
1	13	0	1	0:4	0:0;0:6	0:2;0:5	0:3;0:6
1	13	0	2	0:1	0:3		0:4
1	13	0	3	0:0	0:1;0:4	0:4;0:6	0:2;0:5
1	13	0	4	0:3	0:2	0:1	0:3
1	13	0	5	0:1	0:3		
1	13	0	6	0:3	0:1		0:1
1	16	0	0				
1	18	0	0				
1	28	0	0				
1	49	0	0			0:6	0:1
1	49	0	1		0:0	0:7	0:4
1	49	0	2	0:5			
1	49	0	3	0:6			
1	49	0	4		0:1	0:5	
1	49	0	5	0:4	0:7	0:2	
1	49	0	6	0:0		0:3	0:7
1	49	0	7	0:1	0:6		0:5
2	1	0	0	0:0;0:8;0:14	0:0;0:14;0:20;0:29	0:0;0:5;0:9;0:17;0:25	0:0;0:1;0:8;0:9
2	1	0	1	0:16	0:0;0:14;0:20	0:12	0:3;0:12
2	1	0	2		0:12	0:20;0:25	0:21
2	1	0	3	0:12	0:1	0:24;0:27	0:28
2	1	0	4	0:6;0:19			0:12;0:20
2	1	0	5	0:0		0:9	
2	1	1	0				
2	1	0	6		0:10;0:27	0:4	0:12;0:16
2	1	0	7		0:12	0:23	0:22;0:28
2	1	0	8	0:9;0:18;0:21;0:26	0:0;0:14;0:17;0:20	0:0;0:9;0:17;0:20	0:14;0:16
2	1	0	9	0:0;0:5;0:8;0:14	0:0;0:17;0:20	0:8;0:12;0:21	0:12;0:20
2	1	0	10		0:10;0:15	0:12	0:6;0:10;0:27
2	1	0	11	0:12	0:27;0:28	0:27	
2	1	0	12	0:1;0:9;0:10;0:12	0:1;0:4;0:6;0:9;0:12;0:19;0:22;0:25	0:3;0:11;0:12	0:2;0:7;0:12;0:14;0:18;0:23;0:24
2	1	0	13		0:27	0:27	
2	1	0	14	0:16;0:23	0:8;0:12;0:22	0:0;0:9;0:20;0:25;0:29	0:0;0:1;0:8
2	1	0	15				0:10
2	1	0	16	0:27	0:6;0:8	0:1;0:14	
2	1	0	17	0:0;0:8	0:17;0:20		0:8;0:9;0:17;0:25
2	1	0	18	0:27	0:12	0:8	0:27
2	1	0	19		0:20	0:4	0:12
2	1	0	20	0:2;0:8;0:14	0:4;0:9		0:0;0:1;0:8;0:9;0:17;0:19;0:25
2	1	0	21	0:9	0:2	0:8	
2	1	0	22		0:7	0:26	0:12;0:14
2	1	0	23	0:7	0:12	0:14	0:26
2	1	0	24	0:3	0:12		0:27
2	1	0	25	0:0;0:2;0:14	0:17;0:20		0:12
2	1	0	26	0:22	0:23	0:8	
2	1	0	27	0:3;0:11;0:13;0:27;0:28	0:10;0:18;0:24;0:27;0:28	0:16;0:18;0:27	0:6;0:11;0:13;0:27
2	1	0	28		0:3;0:7	0:27	0:11;0:27
2	1	0	29	0:14			0:0
2	2	0	0	0:2;0:4;0:7;0:8	0:7;0:8	0:8	0:2
2	2	0	1	0:2;0:3;0:4;0:7;0:8	0:2;0:7;0:8	0:2;0:4	0:7
2	2	0	2	0:1;0:4;0:7	0:0	0:0;0:1;0:3;0:4;0:6;0:7;0:8	0:1;0:6
2	2	0	3	0:2;0:5;0:7	0:7	0:1;0:7	0:8
2	2	0	4	0:1;0:2	0:7;0:8	0:0;0:1;0:2	0:7;0:8
2	2	0	5	0:7	0:6	0:3	
2	2	0	6	0:2;0:7;0:8	0:2;0:7	0:7	0:5;0:7
2	2	0	7	0:2;0:3;0:6;0:7;0:8	0:1;0:4;0:6;0:7;0:8	0:0;0:1;0:2;0:3;0:5;0:6;0:7;0:8	0:0;0:1;0:3;0:4;0:6;0:7;0:8
2	2	0	8	0:0;0:2;0:7;0:8	0:3;0:4;0:7;0:8	0:0;0:1;0:6;0:7;0:8	0:0;0:1;0:4;0:7;0:8
2	4	0	0	0:13;0:19;0:20	0:34;0:52	0:20;0:23	0:46
2	4	0	1	0:26;0:29;0:31;0:38	0:4;0:10;0:38	0:6;0:18;0:41	0:15;0:16
2	4	0	2	0:9;0:38	0:38	0:32	0:29
2	4	0	3	0:25;0:47	0:18;0:46	0:36;0:50	
2	4	0	4	0:16;0:27;0:43	0:16;0:26;0:27	0:38	0:1;0:48
2	4	0	5	0:10;0:15;0:41;0:47	0:6;0:16;0:26;0:27;0:39;0:45	0:13;0:21;0:38;0:40;0:48	0:13;0:30;0:48
2	4	0	6	0:1;0:48	0:19;0:38	0:11;0:15;0:26	0:5;0:16;0:47
2	4	0	7	0:25;0:47	0:11;0:16;0:44;0:50	0:10;0:32;0:37	0:21
2	4	0	8	0:16;0:20;0:27	0:11;0:26;0:32;0:50	0:10;0:47	0:29;0:31;0:38
2	4	0	9	0:13	0:21;0:37	0:2;0:43	
2	4	0	10	0:7;0:8;0:10;0:25;0:41	0:11;0:14;0:16;0:18;0:31;0:39;0:50	0:5;0:10;0:19;0:28;0:32;0:33	0:1;0:13;0:48
2	4	0	11	0:6;0:32;0:50	0:36	0:18;0:39	0:7;0:8;0:10
2	4	0	12	0:27	0:31	0:33	0:38
2	4	0	13	0:5;0:23;0:26;0:29;0:33;0:38;0:41	0:5;0:10;0:33;0:38;0:41;0:47	0:0;0:9;0:20	0:20
2	4	0	14	0:26;0:39		0:21;0:24;0:28	0:10;0:16;0:34
2	4	0	15	0:6	0:1;0:48	0:5;0:47	0:40
2	4	0	16	0:16;0:27;0:32;0:35;0:39;0:44;0:48	0:1;0:6;0:14;0:16;0:18;0:27;0:44;0:45;0:46;0:48;0:50;0:51	0:4;0:8;0:16;0:18;0:24;0:27;0:39;0:41;0:46	0:4;0:5;0:7;0:10;0:16;0:27;0:32;0:37;0:41;0:47
2	4	0	17	0:49	0:19;0:47	0:52	
2	4	0	18	0:1;0:11;0:16;0:32;0:39;0:50;0:52	0:42		0:3;0:10;0:16;0:27;0:32;0:34;0:42;0:47
2	4	0	19	0:10;0:41;0:47	0:24;0:45;0:46	0:0;0:36	0:6;0:17
2	4	0	20	0:0;0:13;0:28;0:49;0:52	0:13;0:29	0:0;0:8;0:50;0:52	0:39;0:52
2	4	0	21	0:5;0:14;0:31	0:7;0:41	0:38	0:9;0:26;0:33
2	4	0	22		0:50	0:47	
2	4	0	23	0:0;0:52	0:35;0:50	0:13;0:32	
2	4	0	24	0:14;0:16	0:26;0:45		0:19
2	4	0	25		0:30;0:32;0:52	0:3;0:7;0:10;0:30;0:34;0:37;0:47	0:44
2	4	0	26	0:6;0:27;0:44	0:21;0:41	0:1;0:13;0:14	0:4;0:5;0:8;0:24;0:32
2	4	0	27	0:16;0:30;0:32;0:44	0:16;0:18;0:39;0:40;0:44	0:4;0:8;0:12;0:16;0:26;0:41	0:4;0:5;0:16;0:32;0:37;0:47
2	4	0	28	0:10;0:14;0:41;0:47		0:20	
2	4	0	29		0:2;0:8;0:43;0:47	0:1;0:13;0:30;0:47;0:48	0:20;0:39
2	4	0	30	0:25;0:29	0:5;0:47	0:27;0:41	0:25;0:41
2	4	0	31	0:40;0:50	0:8;0:47	0:1;0:21	0:10;0:12
2	4	0	32	0:2;0:7;0:10;0:23;0:41;0:47	0:16;0:18;0:26;0:27;0:39;0:40;0:45	0:11;0:16;0:18;0:27;0:41	0:8;0:25;0:41;0:47
2	4	0	33	0:10;0:12;0:41	0:21;0:41	0:13;0:48	0:13;0:40;0:49
2	4	0	34	0:25	0:14;0:18;0:46		0:0;0:45
2	4	0	35			0:16;0:39;0:41	0:23
2	4	0	36	0:3;0:19			0:11
2	4	0	37	0:7;0:25	0:16;0:27;0:44	0:38	0:9;0:38
2	4	0	38	0:4;0:5;0:21;0:37	0:8;0:12;0:37;0:41	0:1;0:2;0:13;0:40;0:48	0:1;0:2;0:6;0:13;0:45;0:48
2	4	0	39	0:11;0:16;0:35;0:50	0:20;0:29	0:14;0:16;0:18	0:5;0:10;0:27;0:32;0:41;0:47
2	4	0	40	0:5;0:38	0:15;0:33	0:31	0:27;0:32
2	4	0	41	0:1;0:16;0:27;0:30;0:32;0:35;0:44	0:16;0:30;0:32;0:39;0:44;0:48	0:5;0:10;0:13;0:19;0:28;0:32;0:33;0:47	0:13;0:21;0:26;0:33;0:38
2	4	0	42	0:47	0:18;0:46		0:18
2	4	0	43	0:9	0:44;0:48	0:4	0:29
2	4	0	44		0:25	0:16;0:26;0:27;0:41	0:7;0:16;0:27;0:37;0:41;0:43;0:47
2	4	0	45	0:48	0:34;0:38	0:52	0:5;0:16;0:19;0:24;0:32
2	4	0	46	0:16;0:48;0:52	0:0		0:3;0:16;0:19;0:34;0:42
2	4	0	47	0:8;0:15;0:22;0:25;0:29;0:41;0:47	0:6;0:16;0:18;0:27;0:32;0:39;0:44;0:48	0:3;0:5;0:7;0:19;0:28;0:32;0:42;0:47	0:13;0:17;0:29;0:30;0:31;0:49
2	4	0	48	0:5;0:29;0:33;0:38	0:4;0:5;0:10;0:38	0:6;0:16;0:45;0:46	0:15;0:16;0:41;0:43;0:47
2	4	0	49		0:33;0:47	0:17;0:20	
2	4	0	50	0:3;0:20;0:52		0:11;0:18;0:31;0:39	0:7;0:8;0:10;0:16;0:22;0:23
2	4	0	51				0:16
2	4	0	52	0:17;0:20;0:45	0:20	0:18;0:20;0:23;0:46;0:50	0:0;0:25
2	16	0	0				
2	17	0	0				
2	17	1	0				
2	19	0	0				
2	38	0	0	0:1	0:5		0:3
2	38	0	1	0:8	0:7	0:0	0:4
2	38	0	2		0:6	0:7	0:8
2	38	0	3	0:4	0:0		0:5
2	38	0	4	0:6	0:1	0:3	0:7
2	38	0	5	0:7	0:3		0:0
2	38	0	6		0:8	0:4	0:2
2	38	0	7	0:2	0:4	0:5	0:1
2	38	0	8		0:2	0:1	0:6
2	49	0	0	0:5	0:2	0:3	0:4
2	49	0	1	0:2			0:3
2	49	0	2	0:7	0:4	0:1	0:0
2	49	0	3	0:0	0:1		
2	49	0	4	0:6	0:0		0:2
2	49	0	5		0:7	0:0	0:6
2	49	0	6		0:5	0:4	0:7
2	49	0	7		0:6	0:2	0:5
3	1	0	0	0:0;0:2	0:0;0:1;0:3;0:5	0:0;0:9	0:0;0:7;0:12
3	1	0	1		0:10	0:3;0:6	0:0
3	1	0	2	0:4	0:4;0:8	0:0	0:5
3	1	0	3	0:1		0:11	0:0
3	1	0	4		0:4;0:7	0:2;0:5;0:8	0:2;0:4
3	1	0	5	0:4	0:2		0:0
3	1	0	6	0:1;0:6;0:10;0:11	0:6	0:6	0:6;0:9
3	1	0	7		0:0	0:11	0:4
3	1	0	8	0:4	0:11		0:2
3	1	0	9	0:0	0:6		0:11
3	1	0	10			0:6	0:1
3	1	0	11	0:3;0:7	0:9	0:6	0:8
3	1	0	12		0:0		
3	2	0	0				
3	7	0	0	0:0;0:4;0:6	0:1;0:4;0:8;0:9	0:0;0:2;0:3;0:9	
3	7	0	1	0:1;0:2;0:4;0:5;0:9	0:1;0:2;0:4;0:5;0:9	0:1;0:2;0:9	0:0;0:1;0:3;0:8;0:9
3	7	0	2	0:0;0:1;0:2;0:3;0:5;0:9	0:2;0:4;0:7;0:9	0:1;0:2;0:6;0:9	0:1;0:2;0:4;0:6;0:7;0:9
3	7	0	3	0:0;0:6	0:1;0:4;0:9	0:2;0:9	
3	7	0	4		0:2;0:4;0:5;0:7;0:8;0:9	0:0;0:1;0:6;0:9	0:0;0:1;0:2;0:3;0:4;0:7;0:8;0:9
3	7	0	5			0:1;0:2;0:6	0:1;0:4;0:9
3	7	0	6	0:2;0:4;0:5;0:8;0:9	0:2;0:7;0:9	0:0;0:3;0:9	
3	7	0	7		0:2;0:4		0:2;0:4;0:6;0:9
3	7	0	8		0:1;0:4;0:8;0:9	0:6;0:9	0:0;0:4;0:8;0:9
3	7	0	9	0:0;0:1;0:2;0:3;0:4;0:6;0:8;0:9	0:1;0:2;0:4;0:5;0:7;0:8;0:9	0:1;0:2;0:6;0:9	0:0;0:1;0:2;0:3;0:4;0:6;0:8;0:9
3	23	0	0		0:11	0:15	
3	23	0	1	0:15	0:2	0:5;0:12;0:15	
3	23	0	2		0:7;0:11;0:16	0:6	0:1;0:7;0:8
3	23	0	3		0:4		0:4
3	23	0	4	0:11	0:3;0:4;0:10;0:15		0:3;0:4;0:6
3	23	0	5	0:1;0:15	0:6	0:10;0:15	0:11
3	23	0	6	0:2;0:11	0:4		0:5;0:12;0:15
3	23	0	7		0:2		0:2
3	23	0	8		0:2	0:15	0:9
3	23	0	9		0:8		0:11
3	23	0	10	0:5			0:4
3	23	0	11	0:15	0:5;0:9;0:11;0:16	0:4;0:6;0:15	0:0;0:2;0:11
3	23	0	12	0:1;0:15	0:6	0:15	
3	23	0	13	0:15		0:15	0:14
3	23	0	14		0:13		
3	23	0	15	0:0;0:1;0:5;0:8;0:11;0:12;0:13;0:15;0:16	0:6	0:1;0:5;0:11;0:12;0:13;0:15	0:4
3	23	0	16			0:15	0:2;0:11
3	24	0	0				
3	25	0	0	0:0;0:1;0:4;0:6;0:9;0:10	0:9;0:11	0:0;0:1;0:6;0:9;0:10	0:3;0:9;0:11
3	25	0	1	0:0;0:1;0:3;0:4;0:7	0:5;0:9;0:11	0:0;0:1;0:4;0:6	0:4;0:11
3	25	0	2	0:9	0:3	0:9	
3	25	0	3	0:3;0:6;0:9;0:11	0:0;0:5;0:9	0:1;0:3;0:4;0:6;0:9	0:2;0:4;0:6;0:9
3	25	0	4	0:1;0:3;0:4;0:6;0:7;0:9;0:11	0:1;0:3;0:6;0:9;0:11	0:0;0:1;0:4;0:6	
3	25	0	5		0:9	0:9;0:10	0:1;0:3;0:9
3	25	0	6	0:0;0:1;0:3;0:4;0:6;0:9;0:10;0:11	0:3;0:10;0:11	0:0;0:3;0:4;0:6;0:10	0:4;0:9;0:10;0:11
3	25	0	7		0:11	0:1;0:4;0:9	
3	25	0	8		0:11	0:9	
3	25	0	9	0:0;0:2;0:3;0:5;0:7;0:8;0:9;0:11	0:0;0:3;0:5;0:6;0:9	0:0;0:2;0:3;0:4;0:6;0:9	0:0;0:1;0:3;0:4;0:5;0:9;0:11
3	25	0	10	0:0;0:5;0:6;0:10	0:6	0:0;0:6;0:10	0:6
3	25	0	11		0:0;0:1;0:6;0:9;0:11	0:3;0:4;0:6;0:9	0:0;0:1;0:4;0:6;0:7;0:8;0:11
3	26	0	0		0:0		0:0
3	26	1	0				
3	27	0	0				
3	32	0	0				
3	34	0	0				
3	35	0	0				
3	36	0	0				
3	36	1	0				
3	41	0	0		0:0	0:1	0:0
3	41	0	1	0:0			
4	1	0	0		0:24	0:27	
4	1	0	1	0:1;0:5;0:13;0:18;0:28;0:30;0:33;0:36	0:1;0:9;0:28;0:33;0:36;0:40	0:1;0:9;0:20;0:26;0:29;0:34;0:39;0:43;0:46	0:1;0:2;0:5;0:13;0:20;0:26;0:29;0:33;0:46
4	1	0	2		0:1;0:5;0:10;0:28	0:22	0:22
4	1	0	3	0:13	0:43	0:45	
4	1	0	4	0:11;0:42	0:45		0:16
4	1	0	5	0:27	0:1;0:28;0:33;0:44	0:1;0:20;0:36	0:2;0:13;0:33;0:43
4	1	0	6		0:22	0:15;0:31	0:22
4	1	0	7		0:31	0:17	
4	1	0	8			0:43	
4	1	0	9	0:1;0:13;0:28;0:33;0:36	0:14;0:16;0:20;0:45	0:45	0:1;0:13;0:20;0:34;0:43
4	1	0	10	0:23	0:29;0:44		0:2;0:13;0:20
4	1	0	11	0:32	0:22	0:4	0:37
4	1	0	12		0:41		
4	1	0	13	0:17;0:20;0:23;0:45	0:1;0:5;0:9;0:10;0:28;0:33;0:34;0:36	0:1;0:3;0:9;0:20;0:26;0:29;0:34	0:22;0:28
4	1	0	14	0:40	0:22		0:9
4	1	0	15	0:6	0:32	0:37;0:41	
4	1	0	16	0:37	0:4		0:9
4	1	0	17	0:7;0:42	0:30;0:45	0:13;0:22;0:45	0:19
4	1	0	18	0:22;0:45	0:33	0:1;0:34	0:30
4	1	0	19	0:38	0:17		
4	1	0	20	0:1;0:5;0:13;0:28	0:1;0:9;0:10;0:34;0:44	0:13;0:22	0:9;0:22;0:45
4	1	0	21			0:42	
4	1	0	22	0:2;0:17;0:20;0:22;0:29;0:39;0:43	0:2;0:6;0:13;0:20;0:22;0:39	0:18;0:22;0:30;0:32;0:35	0:6;0:11;0:14;0:22;0:24;0:25;0:31;0:42;0:45
4	1	0	23			0:10;0:13	0:28
4	1	0	24		0:22	0:40;0:44	0:0;0:30
4	1	0	25		0:22		
4	1	0	26	0:1;0:13	0:1	0:27;0:43	0:28
4	1	0	27	0:0;0:26;0:46	0:34;0:43;0:46	0:5	
4	1	0	28		0:13;0:23;0:26;0:37;0:45	0:1;0:9;0:20;0:43	0:1;0:2;0:5;0:13;0:33
4	1	0	29	0:1;0:13;0:46	0:1;0:34	0:22	0:10;0:43
4	1	0	30	0:22	0:18;0:24	0:1	0:17
4	1	0	31	0:6	0:22		0:7
4	1	0	32	0:22	0:45	0:11;0:45	0:15
4	1	0	33		0:1;0:5;0:28	0:1;0:9	0:1;0:5;0:13;0:18
4	1	0	34	0:1;0:13;0:18	0:9;0:34		0:13;0:20;0:27;0:29;0:34;0:43
4	1	0	35	0:22			
4	1	0	36	0:5		0:1;0:9	0:1;0:13
4	1	0	37	0:15	0:11	0:16	0:28
4	1	0	38		0:42	0:19	
4	1	0	39	0:1		0:22	0:22
4	1	0	40	0:24;0:40		0:14;0:40	0:1;0:46
4	1	0	41	0:15			0:12
4	1	0	42	0:21	0:22	0:4;0:17	0:38
4	1	0	43	0:1;0:8;0:26;0:28	0:5;0:9;0:29;0:34	0:22	0:3;0:27
4	1	0	44	0:24			0:5;0:10;0:20
4	1	0	45	0:3;0:9;0:17;0:32;0:45	0:20;0:22;0:45	0:13;0:18;0:45	0:4;0:9;0:17;0:28;0:32;0:45
4	1	0	46	0:1	0:1;0:40	0:27;0:29	0:27
4	2	0	0	0:2;0:3;0:4;0:5	0:4;0:5	0:5	0:2
4	2	0	1	0:2;0:3;0:4;0:5	0:2;0:4;0:5	0:2;0:3	0:4
4	2	0	2	0:1;0:3;0:4	0:0	0:0;0:1;0:3;0:4;0:5	0:1
4	2	0	3	0:1;0:2	0:4;0:5	0:0;0:1;0:2	0:4;0:5
4	2	0	4	0:2;0:4;0:5	0:1;0:3;0:4;0:5	0:0;0:1;0:2;0:4;0:5	0:0;0:1;0:3;0:4;0:5
4	2	0	5	0:0;0:2;0:4;0:5	0:3;0:4;0:5	0:0;0:1;0:4;0:5	0:0;0:1;0:3;0:4;0:5
4	3	0	0	0:2	0:1;0:2	0:2	0:1;0:2
4	3	0	1	0:1;0:2	0:0;0:1;0:2	0:1;0:2	0:0;0:1;0:2
4	3	0	2	0:0;0:1	0:0;0:1	0:0;0:1	0:0;0:1
4	6	0	0	0:4		0:8	0:4;0:5
4	6	0	1	0:5	0:8		0:4
4	6	0	2	0:3			
4	6	0	3	0:3	0:6	0:2;0:3;0:7	0:4;0:7
4	6	0	4	0:7	0:0;0:1;0:3	0:0	
4	6	0	5	0:6;0:7	0:0	0:1	0:7
4	6	0	6			0:5	0:3
4	6	0	7	0:3	0:3;0:5	0:4;0:5	
4	6	0	8	0:0			0:1
4	11	0	0			0:9	0:9
4	11	0	1			0:8;0:9	0:9;0:11
4	11	0	2	0:7	0:4;0:10	0:5;0:10	
4	11	0	3		0:10	0:10	
4	11	0	4		0:7;0:10;0:11		0:2;0:9;0:11
4	11	0	5	0:2		0:10	0:7
4	11	0	6				0:11
4	11	0	7		0:5	0:2	0:4
4	11	0	8	0:1	0:11		
4	11	0	9	0:0;0:1	0:0;0:1;0:4		
4	11	0	10	0:2;0:3;0:5			0:2;0:3;0:4
4	11	0	11		0:1;0:4;0:6		0:4;0:8
4	15	0	0				
4	15	1	0	1:0	1:0	1:0	1:0
4	15	2	0	2:0	2:0	2:0	2:0
4	17	0	0				
4	17	1	0				
4	40	0	0				
4	49	0	0	0:5	0:2	0:3	0:4
4	49	0	1	0:2			0:3
4	49	0	2	0:7	0:4	0:1	0:0
4	49	0	3	0:0	0:1		
4	49	0	4	0:6	0:0		0:2
4	49	0	5		0:7	0:0	0:6
4	49	0	6		0:5	0:4	0:7
4	49	0	7		0:6	0:2	0:5
5	1	0	0	0:0;0:4;0:8	0:0;0:6	0:0;0:1	0:0;0:2;0:3
5	1	1	0				1:1
5	1	0	1	0:0		0:4;0:5	
5	1	0	2		0:0		0:6
5	1	0	3		0:0		0:8
5	1	0	4	0:1	0:8	0:0;0:7	
5	1	1	1		1:0		
5	1	0	5	0:1;0:5;0:7	0:5	0:5	0:5
5	1	0	6		0:2		0:0
5	1	0	7	0:4		0:5	
5	1	0	8		0:3	0:0	0:4
5	2	0	0		0:0;0:1	0:1	0:0;0:1
5	2	0	1	0:0	0:0		0:0
5	7	0	0	0:0;0:4;0:7	0:1;0:2;0:4;0:8;0:10	0:0;0:1;0:10	
5	7	0	1	0:0;0:1;0:2;0:4;0:5;0:8;0:10;0:12;0:13	0:1;0:2;0:4;0:6;0:8;0:9;0:10;0:12	0:1;0:2;0:5;0:6;0:7;0:10;0:12;0:13	0:0;0:1;0:4;0:5;0:6;0:7;0:8;0:10;0:13
5	7	0	2	0:1;0:2;0:4;0:8;0:10;0:12;0:13		0:1;0:2;0:7;0:10;0:12	0:0;0:1;0:6;0:8;0:10;0:13
5	7	0	3		0:8;0:10;0:14	0:6;0:13	0:6;0:8
5	7	0	4		0:1;0:4;0:8;0:10;0:12;0:14	0:0;0:1;0:2;0:6;0:7;0:10;0:13	0:0;0:1;0:4;0:8;0:10;0:14
5	7	0	5	0:1;0:10;0:13	0:1	0:1	
5	7	0	6	0:1;0:3;0:4;0:8;0:12	0:1;0:2;0:3;0:6;0:10		0:1;0:6;0:10;0:13
5	7	0	7	0:1;0:2;0:4;0:8;0:10	0:1;0:10	0:0;0:10	
5	7	0	8		0:1;0:2;0:3;0:4;0:8;0:10;0:12;0:14	0:1;0:2;0:6;0:7;0:10;0:13	0:0;0:1;0:3;0:4;0:8;0:10;0:13;0:14
5	7	0	9				0:1
5	7	0	10	0:0;0:1;0:2;0:4;0:7;0:8;0:10;0:12;0:13	0:1;0:2;0:4;0:6;0:8;0:10;0:12;0:14	0:1;0:2;0:5;0:7;0:10;0:13	0:0;0:1;0:3;0:4;0:6;0:7;0:8;0:10;0:13
5	7	0	11			0:12	
5	7	0	12	0:1;0:2;0:11;0:12		0:1;0:2;0:6;0:10;0:12	0:1;0:4;0:8;0:10;0:13
5	7	0	13	0:1;0:3;0:4;0:8;0:10;0:13	0:1;0:2;0:6;0:8;0:10;0:12	0:1;0:2;0:5;0:10;0:13	
5	7	0	14		0:4;0:8;0:14		0:3;0:4;0:8;0:10;0:14
5	17	0	0				
5	17	1	0				
5	19	0	0				
5	20	0	0				
5	21	0	0				
5	26	0	0		0:0		0:0
5	29	0	0		0:4;0:5	0:3;0:7	
5	29	0	1	0:7	0:4;0:6		0:4;0:6
5	29	0	2	0:9	0:6	0:9	
5	29	0	3	0:0			0:11
5	29	0	4		0:1;0:4;0:10		0:0;0:1;0:4;0:10
5	29	0	5		0:5		0:0;0:5;0:11
5	29	0	6		0:1		0:1;0:2
5	29	0	7	0:0;0:7		0:1;0:7;0:8;0:10	
5	29	0	8	0:7			
5	29	0	9	0:2;0:9		0:2;0:9	
5	29	0	10	0:7	0:4		0:4
5	29	0	11		0:3;0:5		
5	30	0	0		0:0;0:3		0:0;0:2
5	30	0	1				0:2
5	30	0	2		0:0;0:1		0:3
5	30	0	3		0:2		0:0
5	31	0	0				
5	38	0	0	0:6	0:2		0:2
5	38	0	1			0:7	0:3
5	38	0	2	0:3	0:0;0:7		0:0;0:5
5	38	0	3		0:1;0:6	0:2	0:4;0:6
5	38	0	4		0:3	0:5	
5	38	0	5	0:4	0:2		
5	38	0	6		0:3	0:0	0:3
5	38	0	7	0:1			0:2
5	49	0	0	0:2			0:9
5	49	1	0			1:3	1:2
5	49	0	1	0:4			
5	49	2	0		2:2		2:4
5	49	1	1	1:4			
5	49	0	2		0:21	0:0	0:15
5	49	0	3	0:5			0:9
5	49	0	4		0:19	0:1	
5	49	0	5			0:3	0:15
5	49	0	6	0:16	0:8		0:20
5	49	1	2		1:0		1:4
5	49	0	7	0:23	0:9		0:14
5	49	2	1	2:4			
5	49	0	8	0:11			0:6
5	49	0	9	0:15;0:21	0:0;0:3;0:17		0:7;0:10;0:20
5	49	0	10	0:22	0:9		
5	49	0	11			0:8	0:16
5	49	1	3	1:0			
5	49	0	12			0:17	0:21
5	49	0	13		0:23	0:14	0:19
5	49	0	14	0:13	0:7		
5	49	2	2			2:3	2:0
5	49	2	3	2:2			
5	49	0	15		0:2;0:5	0:9	0:18;0:22
5	49	0	16		0:11	0:6	0:18
5	49	2	4		2:0	2:1	
5	49	0	17	0:12			0:9
5	49	0	18		0:15;0:16	0:20	0:21
5	49	0	19		0:13		0:4
5	49	1	4		1:2	1:1	
5	49	0	20	0:18	0:6;0:9		
5	49	0	21		0:12;0:18	0:9	0:2;0:23
5	49	0	22		0:15	0:10	
5	49	0	23		0:21	0:7	0:13
6	12	0	0	0:2	0:2;0:3		0:1
6	12	0	1	0:1;0:4	0:0;0:2	0:1	
6	12	0	2	0:2;0:6;0:7	0:2;0:3;0:7	0:0;0:2	0:0;0:1;0:2;0:3;0:6
6	12	0	3	0:3;0:5	0:2	0:3	0:0;0:2
6	12	1	0	1:0	1:1;1:2	1:0	
6	12	1	1	1:2		1:2	1:0
6	12	0	4		0:6	0:1	
6	12	0	5		0:6	0:3	0:6;0:7
6	12	0	6		0:2;0:5;0:6	0:2	0:4;0:5;0:6
6	12	1	2	1:1;1:2		1:1;1:2	1:0
6	12	0	7		0:5	0:2	0:2
6	23	0	0		0:10	0:5	0:17;0:27
6	23	0	1	0:4;0:13	0:1;0:16	0:5;0:7;0:9;0:11	0:1;0:17
6	23	0	2		0:6	0:5	
6	23	0	3	0:6;0:10;0:18;0:22;0:23;0:24;0:26	0:3;0:21	0:14;0:15	0:3;0:5
6	23	0	4		0:13;0:25	0:1	0:13
6	23	0	5	0:0;0:1;0:2;0:6;0:26	0:3;0:7;0:21		0:9;0:21
6	23	0	6	0:21	0:6;0:10;0:16;0:24;0:26	0:3;0:5	0:2;0:6;0:17;0:18;0:19;0:23;0:26
6	23	0	7	0:1	0:7;0:11		0:5;0:7
6	23	0	8			0:21	
6	23	0	9	0:1	0:5;0:9		0:9;0:11
6	23	0	10	0:21		0:3	0:0;0:6
6	23	0	11	0:1	0:9		0:7
6	23	0	12		0:13	0:17	
6	23	0	13		0:4;0:13	0:1	0:4;0:12;0:13
6	23	0	14	0:3	0:14;0:15		0:14;0:15
6	23	0	15	0:3	0:14;0:15		0:14;0:15
6	23	0	16	0:25		0:21	0:1;0:6;0:24
6	23	0	17	0:12	0:0;0:1;0:6	0:21	
6	23	0	18	0:21	0:6;0:26	0:3	
6	23	0	19	0:21	0:6;0:26	0:21	
6	23	0	20	0:21		0:21	0:24
6	23	0	21	0:8;0:16;0:17;0:19;0:20;0:21;0:27	0:5	0:6;0:10;0:18;0:19;0:20;0:21;0:22	0:3;0:5
6	23	0	22	0:21		0:3	
6	23	0	23		0:6;0:24	0:3	
6	23	0	24		0:16;0:20;0:24;0:26;0:27	0:3	0:6;0:23;0:24
6	23	0	25			0:16	0:4
6	23	0	26		0:6;0:26	0:3;0:5	0:6;0:18;0:19;0:24;0:26
6	23	0	27		0:0	0:21	0:24
6	25	0	0	0:0;0:1;0:3;0:5;0:6	0:0;0:2;0:3;0:6	0:0;0:1;0:6	0:0;0:1;0:2;0:6
6	25	1	0	1:0	1:0;1:3	1:0;1:1;1:2	1:0;1:1;1:4
6	25	0	1	0:0;0:1;0:2;0:3;0:4;0:6	0:0;0:2;0:3;0:6	0:0;0:1;0:6	
6	25	0	2		0:0;0:6	0:1;0:6	0:0;0:1;0:6
6	25	1	1	1:0;1:1;1:3;1:5;1:6	1:0;1:1	1:1	1:1;1:2;1:4;1:6
6	25	0	3		0:3;0:5;0:6	0:0;0:1;0:6	0:0;0:1;0:3;0:4;0:5;0:6
6	25	1	2	1:0	1:1		
6	25	0	4		0:3	0:1	
6	25	1	3	1:3	1:6	1:1;1:3	1:0
6	25	1	4	1:4;1:5	1:0;1:1	1:4	
6	25	0	5		0:3;0:5	0:0;0:6	0:3;0:5
6	25	0	6	0:0;0:1;0:2;0:3;0:5;0:6	0:0;0:2;0:3;0:6	0:0;0:1;0:6	0:0;0:1;0:2;0:3;0:6
6	25	1	5			1:1;1:4	
6	25	1	6	1:6	1:1;1:6	1:1;1:6	1:3;1:6
6	26	0	0				
6	26	1	0	1:0	1:2	1:0	1:1;1:3
6	26	2	0			2:1	
6	26	3	0				
6	26	1	1		1:0;1:2		
6	26	1	2	1:2		1:2	1:0;1:1;1:3
6	26	1	3	1:3	1:0;1:2	1:3	
6	26	2	1	2:0;2:1		2:1	
6	27	0	0				
6	34	0	0		0:0		0:0
6	34	1	0		1:0		1:0
6	34	2	0				
6	35	0	0				
6	36	0	0		0:0;0:1		0:0;0:1
6	36	0	1		0:0;0:1		0:0;0:1
6	47	0	0	0:3			
6	47	0	1			0:2;0:3	
6	47	0	2	0:1			
6	47	0	3	0:1		0:0	
7	1	0	0	0:16;0:40	0:22;0:40;0:67	0:2;0:5;0:16;0:32;0:39	0:2;0:5;0:15
7	1	0	1	0:49	0:63	0:11;0:42	0:49
7	1	0	2	0:0;0:2;0:5;0:24;0:30;0:43;0:44;0:56;0:63;0:64;0:68;0:71	0:0;0:2;0:5;0:6;0:16;0:43;0:53;0:56;0:64	0:2;0:5;0:15;0:16;0:32;0:39;0:40;0:58;0:78	0:2;0:5;0:11;0:24;0:32;0:40;0:44;0:56;0:78
7	1	0	3	0:37	0:22;0:55;0:67	0:19	0:77
7	1	0	4	0:4;0:8;0:12;0:16;0:20;0:21;0:22;0:26;0:29;0:32;0:37;0:54;0:55;0:59;0:60;0:67;0:76	0:4;0:10;0:21;0:24;0:29;0:32;0:37;0:40;0:55;0:60;0:67;0:70	0:4;0:21;0:22;0:24;0:35;0:37;0:50;0:54;0:55;0:62;0:67;0:76;0:77	0:4;0:10;0:21;0:22;0:29;0:35;0:37;0:49;0:55;0:59;0:60;0:64;0:67;0:74;0:76
7	1	0	5	0:0;0:2;0:5;0:30;0:43;0:56;0:68	0:0;0:2;0:5;0:16;0:43;0:68;0:71	0:2;0:5;0:12;0:16;0:32;0:40;0:58;0:64;0:71;0:78	0:2;0:5;0:11;0:30;0:32;0:40;0:44;0:58;0:78
7	1	0	6	0:20;0:21;0:67	0:54	0:43;0:67;0:76	0:2;0:56
7	1	0	7	0:23;0:31;0:48	0:22;0:54;0:67;0:76	0:25;0:74	0:13;0:27;0:41
7	1	0	8	0:69	0:66;0:76	0:4;0:76	0:14;0:50
7	1	0	9	0:54		0:67	
7	1	0	10	0:69	0:4;0:22	0:22	0:4;0:22
7	1	0	11	0:1;0:36	0:2;0:5	0:44;0:60	0:76
7	1	0	12	0:5;0:24	0:76	0:4;0:62;0:70	0:60
7	1	0	13	0:61	0:7;0:50	0:38;0:66	0:21;0:37;0:43
7	1	0	14	0:46;0:70	0:8;0:77	0:33	0:76
7	1	0	15	0:2	0:0	0:32	0:55
7	1	0	16	0:0;0:2;0:5;0:24;0:43;0:56;0:64;0:71	0:22;0:27;0:32;0:39;0:67;0:76	0:0;0:4;0:21;0:22;0:55;0:67;0:76	0:2;0:5;0:24;0:32;0:58
7	1	0	17	0:54;0:55;0:67;0:76	0:34;0:50;0:73	0:35;0:67;0:76	0:37;0:52;0:62;0:67
7	1	0	18	0:23	0:48	0:41	0:66
7	1	0	19	0:3;0:35	0:34;0:35	0:55	0:25
7	1	0	20	0:76	0:76	0:4;0:6	0:30;0:32
7	1	0	21	0:4;0:16;0:21;0:22;0:25;0:29;0:54;0:55;0:59;0:60;0:65;0:66;0:76	0:4;0:13;0:21;0:22;0:33;0:46;0:55;0:60;0:66;0:67	0:4;0:6;0:21;0:22;0:24;0:35;0:46;0:54;0:55;0:67	0:4;0:21;0:29;0:35;0:49;0:55;0:59;0:60;0:63;0:74
7	1	0	22	0:4;0:10;0:16;0:21;0:22;0:25;0:34;0:37;0:54;0:55;0:60;0:75	0:4;0:10;0:22;0:26;0:37;0:54;0:55;0:76	0:4;0:21;0:22;0:34;0:35;0:37;0:48;0:54;0:67;0:70;0:76;0:77	0:0;0:3;0:7;0:10;0:16;0:21;0:22;0:23;0:48;0:54;0:60;0:70;0:76
7	1	0	23	0:55	0:22;0:37;0:67	0:7;0:18;0:35	0:73;0:77
7	1	0	24	0:4;0:21;0:28;0:32;0:54;0:59;0:67;0:75;0:76	0:2;0:16;0:43;0:56;0:58;0:64	0:2;0:12;0:16;0:32;0:40;0:58	0:4;0:35;0:43;0:52
7	1	0	25	0:7;0:50;0:77	0:19;0:34	0:21;0:22;0:35;0:37;0:55;0:67	0:26;0:27;0:46
7	1	0	26	0:35;0:50	0:25;0:34;0:35;0:73	0:4;0:60;0:67;0:76	0:22;0:55;0:60;0:67;0:76
7	1	0	27	0:41	0:7;0:25	0:67	0:16;0:54
7	1	0	28	0:48	0:76	0:24;0:76	0:57
7	1	0	29	0:62;0:66	0:4;0:21;0:41;0:51;0:67	0:4;0:21;0:49;0:70	0:4;0:67
7	1	0	30	0:49;0:67;0:76	0:5;0:20;0:56;0:71	0:2;0:5;0:58	0:63
7	1	0	31	0:57;0:59	0:76	0:7	0:61
7	1	0	32	0:0;0:2;0:5;0:15;0:24;0:43;0:71	0:2;0:5;0:16;0:20;0:58	0:4;0:24;0:37;0:55	0:4;0:16;0:37;0:55;0:76
7	1	0	33	0:14;0:55	0:57;0:75	0:61	0:21;0:60
7	1	0	34	0:22;0:67	0:34;0:69	0:22;0:37	0:17;0:19;0:25;0:26;0:34
7	1	0	35	0:4;0:17;0:21;0:22;0:23;0:25;0:49;0:54;0:55;0:65	0:4;0:21;0:24;0:54;0:67	0:19;0:26;0:52;0:59;0:74	0:19;0:26;0:50
7	1	0	36	0:54	0:56	0:11	
7	1	0	37	0:4;0:22;0:25;0:32;0:34;0:37;0:66;0:67;0:76	0:4;0:13;0:17;0:32;0:37;0:54;0:55;0:60;0:67	0:3;0:4;0:22;0:37;0:54;0:55;0:67;0:76	0:4;0:22;0:23;0:37;0:43;0:54;0:55;0:59;0:60;0:62;0:67
7	1	0	38	0:13	0:74	0:47	
7	1	0	39	0:0;0:2			0:16
7	1	0	40	0:2;0:5;0:24;0:44	0:2;0:5;0:53;0:71	0:0;0:42	0:0;0:4;0:43
7	1	0	41	0:18	0:7	0:27;0:75	0:29;0:55
7	1	0	42	0:1;0:40;0:78	0:58;0:71;0:78	0:67	
7	1	0	43	0:6;0:52;0:54;0:55	0:13;0:24;0:37;0:40;0:51;0:54;0:67;0:76	0:2;0:5;0:16;0:32;0:71	0:2;0:5;0:24;0:56
7	1	0	44	0:11;0:78	0:2;0:5;0:71	0:2;0:40	0:76
7	1	0	45		0:48	0:75	
7	1	0	46	0:21	0:25;0:69	0:14	0:21
7	1	0	47	0:38	0:59		0:73
7	1	0	48	0:22	0:22;0:76	0:7;0:28;0:65	0:18;0:45;0:77
7	1	0	49	0:29;0:76	0:1;0:4;0:21;0:54;0:76	0:1;0:30;0:35;0:56;0:76	
7	1	0	50	0:4;0:54;0:55;0:67;0:75	0:8;0:35;0:50;0:77	0:25;0:26;0:66;0:74	0:13;0:17;0:50
7	1	0	51			0:55;0:76	0:29;0:43;0:76
7	1	0	52	0:35	0:17;0:24;0:66	0:43	0:55;0:67;0:76
7	1	0	53			0:68	0:2;0:40
7	1	0	54	0:4;0:21;0:22;0:37;0:54;0:55;0:60;0:67;0:76	0:22;0:27;0:37;0:54;0:55;0:67;0:70;0:76	0:4;0:9;0:17;0:21;0:22;0:24;0:35;0:36;0:43;0:50;0:54;0:55;0:60;0:62;0:67;0:76	0:6;0:7;0:22;0:35;0:37;0:43;0:49;0:54;0:55;0:60;0:62;0:67;0:76
7	1	0	55	0:4;0:16;0:19;0:21;0:25;0:32;0:37;0:51;0:54;0:55;0:58;0:67;0:76	0:4;0:15;0:21;0:26;0:32;0:37;0:41;0:52;0:54;0:55;0:67;0:72;0:76	0:4;0:17;0:21;0:22;0:23;0:33;0:35;0:43;0:50;0:54;0:55;0:73;0:76	0:3;0:4;0:21;0:22;0:37;0:54;0:55;0:67;0:69;0:71
7	1	0	56	0:49	0:2;0:6;0:43	0:2;0:5;0:16	0:2;0:24;0:30;0:36
7	1	0	57	0:77	0:28	0:31;0:67	0:33
7	1	0	58	0:2;0:5;0:24;0:30	0:5;0:16;0:58	0:55	0:24;0:32;0:42;0:58
7	1	0	59	0:35;0:74	0:4;0:21;0:37;0:67	0:4;0:21;0:24;0:31	0:47
7	1	0	60	0:11;0:26;0:54;0:60;0:67;0:76	0:4;0:12;0:21;0:22;0:26;0:33;0:37;0:54;0:60;0:75	0:4;0:21;0:22;0:54;0:60;0:67;0:76	0:4;0:21;0:37;0:60;0:62;0:67;0:76
7	1	0	61	0:33	0:31	0:13	
7	1	0	62	0:4;0:12;0:54	0:17;0:37;0:54;0:60;0:76	0:29	
7	1	0	63	0:76	0:21;0:30	0:2;0:64	0:1;0:68
7	1	0	64	0:5;0:63	0:4	0:2;0:16	0:2;0:24
7	1	0	65	0:48	0:76	0:21;0:35;0:67	0:75
7	1	0	66	0:13;0:50;0:73	0:18	0:21;0:29;0:37;0:67	0:8;0:21;0:52;0:67;0:76
7	1	0	67	0:4;0:6;0:9;0:16;0:17;0:21;0:22;0:25;0:26;0:27;0:37;0:42;0:54;0:57;0:60;0:65;0:66;0:67;0:75;0:76	0:4;0:17;0:26;0:29;0:37;0:52;0:54;0:55;0:60;0:66;0:67;0:75;0:76	0:4;0:6;0:17;0:24;0:30;0:34;0:37;0:50;0:54;0:55;0:60;0:67;0:70;0:76;0:77	0:0;0:3;0:4;0:7;0:16;0:21;0:23;0:29;0:35;0:37;0:43;0:54;0:55;0:59;0:67;0:71;0:76
7	1	0	68	0:53	0:63	0:2;0:5	0:5
7	1	0	69	0:76	0:55	0:8;0:10	0:34;0:46
7	1	0	70	0:12;0:22;0:29;0:67	0:22	0:14	0:4;0:54
7	1	0	71	0:5;0:43	0:55;0:67	0:2;0:16;0:32	0:5;0:30;0:40;0:42;0:44
7	1	0	72	0:76			0:55;0:76
7	1	0	73	0:55	0:23;0:47	0:66	0:17;0:26
7	1	0	74	0:7;0:35;0:50;0:74	0:4;0:21	0:59;0:74	0:38
7	1	0	75	0:41;0:45	0:65	0:22;0:24;0:50;0:67;0:76	0:33;0:60;0:67
7	1	0	76	0:4;0:6;0:8;0:16;0:17;0:22;0:26;0:28;0:37;0:49;0:51;0:54;0:55;0:60;0:67;0:75;0:76	0:4;0:11;0:14;0:22;0:26;0:32;0:44;0:51;0:52;0:54;0:60;0:66;0:67;0:72;0:76	0:4;0:17;0:20;0:21;0:24;0:30;0:37;0:49;0:54;0:55;0:60;0:63;0:67;0:69;0:72;0:76	0:7;0:8;0:12;0:16;0:20;0:22;0:28;0:31;0:43;0:48;0:49;0:54;0:55;0:62;0:65;0:67;0:76
7	1	0	77	0:4;0:22;0:67	0:3;0:23;0:48	0:25;0:57	0:14;0:50
7	1	0	78	0:2;0:5	0:2;0:5	0:42;0:44	0:42
7	2	0	0	0:3	0:0;0:1;0:2	0:2;0:15	0:0;0:9
7	2	0	1	0:5;0:8;0:15;0:17	0:15;0:17	0:17	0:0;0:5
7	2	0	2	0:0;0:5;0:7;0:8;0:15;0:17	0:4;0:5;0:15;0:17	0:5;0:8	0:0;0:6;0:15
7	2	0	3	0:6	0:8;0:17	0:0	
7	2	0	4	0:15	0:6;0:11	0:10	0:2
7	2	0	5	0:2;0:8;0:11;0:15	0:1	0:1;0:2;0:7;0:8;0:14;0:15;0:17	0:2;0:14
7	2	0	6	0:15;0:17	0:2;0:8;0:15	0:3	0:4;0:11
7	2	0	7	0:5;0:13;0:15	0:12;0:15	0:2;0:15	0:17
7	2	0	8	0:2;0:5	0:15;0:16;0:17	0:1;0:2;0:5	0:3;0:6;0:15;0:17
7	2	0	9		0:0	0:13	0:16
7	2	0	10	0:4;0:15		0:16	
7	2	0	11	0:17	0:6;0:15	0:5	0:4
7	2	0	12	0:12;0:14		0:12;0:17	0:7
7	2	0	13	0:9;0:15	0:14	0:7	
7	2	0	14	0:5;0:15;0:17	0:5;0:15	0:12;0:15	0:13;0:15
7	2	0	15	0:0;0:5;0:7;0:14;0:15;0:17	0:2;0:8;0:14;0:15;0:17	0:1;0:2;0:4;0:5;0:6;0:7;0:10;0:13;0:14;0:15;0:17	0:1;0:2;0:6;0:7;0:8;0:11;0:14;0:15;0:17
7	2	0	16	0:10	0:9		0:8
7	2	0	17	0:1;0:5;0:12;0:15;0:17	0:7;0:8;0:15;0:17	0:1;0:2;0:6;0:11;0:14;0:15;0:17	0:1;0:2;0:3;0:8;0:15;0:17
7	3	0	0	0:0;0:4	0:0;0:1	0:0;0:1;0:4	0:0;0:4
7	3	0	1	0:0;0:4	0:2;0:3;0:4	0:3;0:4	0:0;0:2;0:4
7	3	0	2	0:2;0:4	0:1;0:2;0:4	0:2;0:4	0:1;0:2;0:4
7	3	0	3	0:1;0:4		0:4	0:1;0:4
7	3	0	4	0:0;0:1;0:2;0:3	0:0;0:1;0:2;0:3	0:0;0:1;0:2;0:3	0:1;0:2
7	4	0	0	0:6;0:8;0:11;0:38;0:43;0:55;0:57;0:58	0:36;0:43;0:56;0:57;0:60	0:1;0:60	0:25;0:44;0:60
7	4	0	1	0:0;0:16;0:25;0:44	0:43;0:57;0:60	0:25;0:44	
7	4	0	2	0:29;0:30;0:32;0:38;0:58	0:12;0:30;0:33;0:38;0:48	0:13;0:23;0:54	0:20;0:21;0:34;0:39;0:54;0:58
7	4	0	3	0:11;0:38	0:38	0:14	0:57
7	4	0	4	0:27;0:38;0:57		0:15;0:58	0:19;0:42
7	4	0	5	0:18	0:25;0:37	0:26	0:25
7	4	0	6	0:12;0:20;0:50	0:21;0:29;0:40;0:45	0:0;0:16;0:27;0:33;0:38;0:49;0:51	0:16;0:35;0:51;0:55;0:56;0:57
7	4	0	7	0:15;0:28;0:50	0:21	0:12	0:27;0:33
7	4	0	8	0:44	0:12;0:33;0:50;0:57	0:0;0:33;0:57	0:44;0:60
7	4	0	9			0:21;0:40	0:28
7	4	0	10	0:21;0:25	0:13;0:29	0:12;0:50	0:32;0:38;0:46
7	4	0	11	0:16	0:27;0:39;0:56	0:0;0:3;0:55;0:57	
7	4	0	12	0:7;0:10;0:12;0:28;0:34	0:21;0:23;0:32;0:35;0:40	0:6;0:12;0:58	0:2;0:8;0:16;0:24;0:51;0:57
7	4	0	13	0:2	0:27;0:38;0:50	0:27;0:35	0:10;0:17;0:54
7	4	0	14	0:3	0:57	0:49	0:27;0:38
7	4	0	15	0:4;0:20	0:45	0:7	0:16;0:47
7	4	0	16	0:6;0:29;0:38;0:42;0:55;0:57	0:6;0:12;0:15;0:38;0:50;0:57;0:58	0:1;0:11;0:25	0:25
7	4	0	17		0:13;0:21;0:29	0:38;0:46	0:38;0:46
7	4	0	18		0:37	0:5;0:50	
7	4	0	19	0:29	0:4	0:47	0:27
7	4	0	20	0:33	0:2;0:51	0:6;0:15;0:50	0:55
7	4	0	21	0:9;0:21;0:40;0:51	0:2;0:21;0:23;0:45;0:51	0:10;0:21;0:23;0:40	0:6;0:7;0:12;0:17;0:21;0:50;0:58;0:59
7	4	0	22		0:46	0:24	0:27
7	4	0	23	0:2;0:21;0:40;0:60	0:41		0:12;0:21;0:41;0:50
7	4	0	24	0:22;0:27;0:46	0:12;0:47;0:49	0:43;0:57	0:38;0:55
7	4	0	25	0:1;0:16;0:26;0:52;0:60	0:0;0:5;0:16;0:44;0:55	0:1;0:10;0:39;0:44;0:60	0:5;0:40;0:60
7	4	0	26	0:5		0:25	0:37
7	4	0	27	0:6;0:13;0:32;0:33;0:43;0:57;0:58	0:7;0:14;0:19;0:22;0:34	0:4;0:24;0:30;0:38	0:11;0:13;0:29;0:33;0:42;0:57
7	4	0	28		0:9;0:60	0:7;0:12;0:50;0:55	0:44
7	4	0	29	0:54	0:27;0:58	0:2;0:16;0:19	0:6;0:10;0:17
7	4	0	30	0:27;0:30;0:49	0:46;0:49	0:2;0:30;0:38	0:2;0:42;0:47;0:55
7	4	0	31		0:33;0:57		0:36
7	4	0	32	0:35	0:10;0:49;0:50	0:2;0:27	0:12;0:58
7	4	0	33	0:6;0:8;0:38;0:43;0:47;0:57	0:7;0:27;0:38;0:57	0:20;0:27;0:34;0:43;0:51;0:57	0:2;0:8;0:31;0:51;0:55;0:57
7	4	0	34	0:33;0:57;0:58	0:2	0:12;0:59	0:27
7	4	0	35	0:13	0:6	0:32	0:12
7	4	0	36	0:39	0:31		0:0
7	4	0	37		0:26		0:5;0:18
7	4	0	38	0:6;0:17;0:27;0:30;0:46;0:49;0:58	0:10;0:14;0:17;0:24;0:46;0:59	0:0;0:2;0:3;0:4;0:16;0:33;0:51;0:53;0:55;0:57	0:2;0:3;0:13;0:16;0:33;0:43;0:45;0:51;0:55;0:57
7	4	0	39	0:25	0:2	0:36	0:11
7	4	0	40	0:9;0:21	0:25	0:21;0:23	0:6;0:12;0:50;0:55
7	4	0	41	0:50;0:55	0:23		0:23
7	4	0	42	0:42;0:52;0:55;0:56	0:4;0:27;0:30;0:57	0:16;0:42;0:55;0:57	
7	4	0	43	0:24;0:33;0:43;0:57	0:38;0:50;0:53;0:58	0:0;0:27;0:33;0:43	0:0;0:1;0:51;0:57
7	4	0	44	0:1;0:25;0:52	0:0;0:8;0:28;0:55	0:1;0:8	0:25
7	4	0	45	0:51	0:38;0:57	0:60	0:6;0:15;0:21
7	4	0	46	0:17;0:49	0:10;0:17	0:24;0:38;0:49	0:22;0:30;0:38;0:49
7	4	0	47	0:19	0:15;0:30	0:33	0:24
7	4	0	48		0:51	0:50	0:2
7	4	0	49	0:6;0:14;0:46	0:46	0:30;0:38;0:46	0:24;0:30;0:32;0:56
7	4	0	50	0:10;0:18;0:20;0:28;0:48;0:50;0:59	0:21;0:23;0:40;0:51;0:54	0:6;0:7;0:41;0:50	0:8;0:13;0:16;0:32;0:43;0:52;0:53;0:57
7	4	0	51	0:6;0:33;0:38;0:56;0:57	0:6;0:12;0:33;0:38;0:43	0:21;0:45	0:20;0:21;0:48;0:50;0:59
7	4	0	52		0:50;0:57	0:25;0:42;0:44	
7	4	0	53	0:38	0:50	0:56	0:43
7	4	0	54	0:2;0:54	0:2;0:13	0:29;0:54	0:50;0:59
7	4	0	55	0:11;0:28;0:38;0:42;0:55;0:57;0:58	0:6;0:20;0:24;0:30;0:33;0:38;0:40	0:0;0:16;0:41;0:42;0:55;0:57	0:25;0:44
7	4	0	56	0:53	0:6;0:49	0:42;0:51	0:0;0:11
7	4	0	57	0:8;0:11;0:24;0:33;0:38;0:42;0:55;0:57;0:58	0:3;0:6;0:12;0:27;0:33;0:38;0:43;0:50;0:57;0:58	0:0;0:4;0:16;0:27;0:33;0:34;0:43;0:51;0:55;0:57	0:0;0:1;0:8;0:14;0:16;0:31;0:33;0:42;0:45;0:52;0:57
7	4	0	58	0:4;0:12	0:2;0:21;0:32	0:0;0:2;0:27;0:34;0:38;0:55;0:57	0:16;0:29;0:43;0:57
7	4	0	59	0:34	0:21;0:51;0:54	0:50	0:38
7	4	0	60	0:0;0:25;0:45	0:0;0:8;0:25	0:23;0:25	0:0;0:1;0:28
7	6	0	0				
7	6	1	0				
7	6	2	0				
7	16	0	0				
7	17	0	0				
7	17	1	0				
7	39	0	0	0:0	0:0	0:0;0:3;0:4	0:0
7	39	0	1	0:3;0:4	0:2		0:2
7	39	0	2	0:5	0:1		0:1
7	39	0	3	0:0;0:4	0:3;0:5	0:1;0:6	0:3
7	39	0	4	0:0		0:1;0:3	
7	39	0	5			0:2	0:3
7	39	0	6	0:3			
7	49	0	0	0:5	0:2	0:3	0:4
7	49	0	1	0:2			0:3
7	49	0	2	0:7	0:4	0:1	0:0
7	49	0	3	0:0	0:1		
7	49	0	4	0:6	0:0		0:2
7	49	0	5		0:7	0:0	0:6
7	49	0	6		0:5	0:4	0:7
7	49	0	7		0:6	0:2	0:5
8	1	0	0		0:48	0:4	0:4;0:7;0:9
8	1	0	1	0:35	0:45	0:29	0:35;0:42
8	1	0	2		0:48	0:15;0:50;0:52;0:61	0:30;0:62
8	1	0	3	0:27;0:30;0:61	0:61	0:48	0:6;0:47
8	1	0	4	0:0;0:4;0:7;0:22	0:0;0:4;0:9;0:31;0:43	0:4;0:31;0:41;0:43;0:58	0:4;0:7;0:22;0:31;0:41;0:58
8	1	0	5	0:14;0:23;0:24;0:48;0:60	0:19;0:48		0:38;0:43;0:48
8	1	0	6	0:50;0:59;0:62	0:3;0:24;0:46	0:48	0:47;0:63
8	1	0	7		0:0;0:4	0:4	0:48
8	1	0	8	0:16;0:34;0:57	0:40;0:48	0:18;0:50;0:56	0:12;0:20;0:21;0:50
8	1	0	9	0:29;0:48	0:0;0:60	0:43	0:4;0:58
8	1	0	10	0:40		0:48	
8	1	0	11	0:53		0:61	0:28
8	1	0	12	0:26	0:8;0:36;0:50	0:28;0:47;0:50	
8	1	0	13		0:49	0:40	
8	1	0	14	0:40;0:48	0:25;0:36;0:61	0:5;0:27;0:48	0:44;0:48;0:52;0:60
8	1	0	15	0:2;0:27;0:50	0:25;0:27;0:50		0:18;0:50
8	1	0	16	0:32	0:48	0:8;0:27;0:54	0:30;0:49;0:62
8	1	0	17	0:21	0:50;0:56;0:61	0:18	
8	1	0	18	0:8;0:17;0:36;0:50;0:61;0:62	0:15;0:25;0:50;0:63	0:27;0:48	0:19;0:20;0:24
8	1	0	19	0:27;0:36;0:50;0:61	0:18;0:25;0:27;0:37;0:50;0:61	0:26;0:48	0:5;0:48
8	1	0	20	0:49	0:8;0:18;0:61	0:48	0:40
8	1	0	21	0:55	0:8	0:17	0:48
8	1	0	22	0:35;0:48	0:4	0:4;0:41	0:45
8	1	0	23	0:51	0:54	0:5	0:48
8	1	0	24	0:27;0:50;0:52;0:62	0:18;0:27;0:32;0:50;0:63	0:5	0:6;0:47;0:63
8	1	0	25	0:48	0:25;0:32;0:42		0:14;0:15;0:18;0:19;0:25;0:61
8	1	0	26	0:19;0:48	0:36;0:50;0:59;0:61;0:62	0:12;0:28;0:59;0:61	0:48
8	1	0	27	0:14;0:16;0:18;0:35;0:40;0:46	0:33;0:40;0:48	0:3;0:15;0:19;0:24;0:37;0:50;0:56;0:63	0:15;0:19;0:24;0:36;0:50;0:61
8	1	0	28	0:12;0:26	0:11;0:50;0:56		
8	1	0	29	0:1	0:41;0:58	0:9;0:48	
8	1	0	30		0:2;0:16	0:3;0:50;0:61	0:49;0:62
8	1	0	31	0:4	0:4;0:41;0:43	0:48	0:4;0:58
8	1	0	32		0:48	0:16;0:48	0:24;0:25
8	1	0	33		0:35	0:51	0:27;0:40
8	1	0	34			0:8;0:46;0:54	0:51;0:62
8	1	0	35		0:1;0:40	0:1;0:22;0:27	0:33
8	1	0	36	0:40;0:48	0:27;0:36;0:59;0:62	0:18;0:19;0:47;0:50;0:56	0:12;0:14;0:26;0:36;0:61
8	1	0	37	0:27;0:50	0:51	0:48	0:19;0:50
8	1	0	38	0:41;0:48	0:5		0:48
8	1	0	39	0:48	0:40;0:48		
8	1	0	40	0:13;0:40;0:48	0:20;0:33;0:40;0:48;0:53	0:10;0:14;0:27;0:36;0:40;0:44;0:48	0:8;0:27;0:35;0:39;0:40;0:44;0:48
8	1	0	41	0:4;0:22	0:4;0:41;0:43	0:38	0:29;0:31;0:41;0:58
8	1	0	42		0:1		0:25
8	1	0	43	0:4;0:9	0:5;0:48	0:48	0:4;0:31;0:41;0:58
8	1	0	44	0:40	0:14;0:40		
8	1	0	45		0:22	0:58	0:1
8	1	0	46	0:34		0:27;0:48	0:6;0:57
8	1	0	47	0:12;0:36;0:50;0:59;0:61	0:3;0:6;0:24	0:48	0:48
8	1	1	0				
8	1	0	48	0:3;0:6;0:10;0:14;0:18;0:19;0:20;0:29;0:31;0:32;0:37;0:40;0:43;0:46;0:47;0:48;0:58	0:5;0:7;0:14;0:19;0:21;0:23;0:26;0:38;0:40;0:47;0:48	0:5;0:9;0:14;0:22;0:25;0:26;0:36;0:38;0:39;0:40;0:48;0:53;0:60;0:62	0:0;0:2;0:5;0:8;0:16;0:27;0:32;0:39;0:40;0:43;0:48;0:54
8	1	0	49	0:53	0:16;0:30	0:20	0:13
8	1	0	50	0:2;0:8;0:12;0:27;0:30;0:36;0:50;0:52;0:56;0:61;0:62	0:8;0:15;0:27;0:37;0:50;0:52;0:56;0:61;0:62	0:6;0:15;0:18;0:19;0:24;0:37;0:47;0:50;0:56;0:61;0:63	0:12;0:15;0:17;0:18;0:19;0:24;0:26;0:28;0:50;0:59;0:61
8	1	0	51	0:33	0:34;0:57	0:23	0:37
8	1	0	52	0:2;0:61	0:14	0:24;0:50;0:61	0:50;0:59;0:61
8	1	0	53	0:48		0:11;0:49	0:40
8	1	0	54	0:16;0:34	0:48		0:23
8	1	0	55		0:57	0:21	
8	1	0	56	0:8;0:27;0:36;0:50;0:56		0:50;0:56	0:17;0:28;0:50
8	1	0	57		0:46	0:8	0:51;0:55
8	1	0	58	0:4;0:45	0:4;0:9;0:31;0:41;0:43	0:48	0:29
8	1	0	59	0:26	0:50;0:52;0:61;0:62	0:6;0:47;0:61	0:26;0:36
8	1	0	60	0:48	0:14	0:5	0:9
8	1	0	61	0:2;0:11;0:26;0:30;0:50;0:52;0:59;0:61;0:62	0:25;0:27;0:36;0:50;0:52;0:61;0:62;0:63	0:3;0:18;0:19;0:47;0:50;0:52;0:61;0:63	0:3;0:14;0:17;0:19;0:20;0:26;0:50;0:59;0:61
8	1	0	62	0:48	0:2;0:16;0:30;0:34	0:6;0:18;0:24;0:50;0:61	0:26;0:36;0:50;0:59;0:61
8	1	0	63	0:27;0:50;0:61	0:6;0:24		0:18;0:24;0:61
8	2	0	0	0:2;0:4;0:8;0:9	0:8;0:9	0:9	0:2
8	2	0	1	0:2;0:3;0:4;0:8;0:9	0:2;0:8;0:9	0:2;0:4	0:8
8	2	0	2	0:1;0:4;0:8	0:0	0:0;0:1;0:3;0:4;0:7;0:8;0:9	0:1;0:7
8	2	0	3	0:2;0:6;0:8	0:5;0:8	0:1;0:8	0:9
8	2	0	4	0:1;0:2	0:8;0:9	0:0;0:1;0:2	0:8;0:9
8	2	0	5	0:5;0:7		0:5;0:9	0:3
8	2	0	6	0:8	0:7	0:3	
8	2	0	7	0:2;0:8;0:9	0:2;0:8	0:5;0:8	0:6;0:8
8	2	0	8	0:2;0:3;0:7;0:8;0:9	0:1;0:4;0:7;0:8;0:9	0:0;0:1;0:2;0:3;0:6;0:7;0:8;0:9	0:0;0:1;0:3;0:4;0:7;0:8;0:9
8	2	0	9	0:0;0:2;0:5;0:8;0:9	0:3;0:4;0:8;0:9	0:0;0:1;0:7;0:8;0:9	0:0;0:1;0:4;0:8;0:9
8	3	0	0	0:0;0:3	0:0	0:0;0:3	0:0;0:3
8	3	0	1	0:1;0:3	0:1;0:3	0:1;0:3	0:1;0:3
8	3	0	2	0:3		0:3	0:3
8	3	0	3	0:0;0:1;0:2	0:0;0:1;0:2	0:0;0:1;0:2	0:1
8	4	0	0	0:9;0:13;0:30	0:21;0:38;0:41	0:13;0:30	0:32
8	4	0	1	0:16;0:33	0:11;0:32	0:22	
8	4	0	2	0:2;0:10;0:35	0:31;0:35	0:2;0:10;0:25	0:8;0:33;0:37
8	4	0	3		0:13;0:22	0:14;0:34	0:13
8	4	0	4	0:7	0:28	0:35	0:19
8	4	0	5	0:8;0:27;0:33	0:10;0:25	0:9;0:24;0:35	0:9;0:19;0:35;0:38
8	4	0	6	0:16;0:33	0:10;0:29	0:8;0:23	0:12;0:15
8	4	0	7	0:30	0:8;0:27;0:33;0:36;0:38	0:4;0:38	0:17;0:30;0:41
8	4	0	8	0:6;0:8;0:16;0:27;0:37	0:2;0:10;0:11;0:25	0:5;0:8;0:20	0:7;0:9;0:35;0:38
8	4	0	9	0:5;0:18;0:20;0:24;0:27;0:38	0:5;0:8;0:20;0:24;0:27;0:33;0:38;0:42	0:0;0:13	0:13
8	4	0	10	0:2;0:10;0:25;0:29;0:35	0:10;0:11;0:29;0:31;0:32;0:35;0:39	0:2;0:10;0:11;0:15;0:25;0:27;0:32	0:5;0:6;0:8;0:10;0:23;0:27;0:28;0:33;0:40
8	4	0	11	0:10;0:25;0:41			0:1;0:8;0:10;0:21;0:33
8	4	0	12	0:29;0:41	0:6;0:36	0:24	0:15;0:18;0:19;0:24
8	4	0	13	0:0;0:9;0:14;0:41	0:3;0:9;0:18;0:30	0:0;0:30;0:41	0:3;0:25;0:41
8	4	0	14	0:3		0:13	0:22
8	4	0	15	0:10	0:6;0:12		0:24
8	4	0	16		0:19;0:34;0:41	0:1;0:6;0:8;0:19;0:21;0:23;0:26;0:33	0:29;0:30
8	4	0	17	0:34	0:7	0:27	
8	4	0	18		0:12;0:26;0:33;0:34;0:38	0:9;0:19;0:33;0:35;0:38	0:13;0:25
8	4	0	19	0:16;0:18	0:4;0:5;0:12;0:33	0:27;0:31	0:16;0:27;0:31;0:36
8	4	0	20	0:8;0:27	0:27;0:40	0:9;0:35;0:38	0:9
8	4	0	21	0:16	0:11;0:32		0:0
8	4	0	22	0:1	0:14		0:3
8	4	0	23	0:6;0:16	0:10;0:29	0:24	0:24
8	4	0	24	0:5;0:12;0:23	0:12;0:15;0:23;0:27;0:40	0:9;0:35;0:38	0:9;0:35;0:38
8	4	0	25	0:2;0:10	0:13;0:18	0:10;0:11;0:31;0:42	0:5;0:8;0:27;0:28;0:33
8	4	0	26	0:16	0:31		0:18;0:38
8	4	0	27	0:10;0:17;0:19;0:29	0:10;0:19;0:25;0:29;0:35	0:5;0:8;0:9;0:20;0:28;0:33	0:7;0:9;0:20;0:24;0:38
8	4	0	28	0:27;0:28	0:10;0:25	0:28	0:4;0:35
8	4	0	29		0:16	0:10;0:12;0:27;0:42	0:6;0:10;0:23;0:27;0:33;0:36
8	4	0	30	0:0;0:13	0:7;0:16	0:0;0:7	0:13
8	4	0	31	0:19;0:25	0:19;0:35		0:2;0:10;0:26
8	4	0	32	0:10;0:35;0:41	0:0		0:1;0:10;0:21
8	4	0	33	0:16;0:18;0:27;0:33;0:36;0:40	0:2;0:10;0:11;0:25;0:29;0:35	0:1;0:5;0:6;0:33	0:7;0:9;0:18;0:19;0:38
8	4	0	34	0:3		0:17	0:16;0:18
8	4	0	35	0:4;0:5;0:18;0:20;0:24;0:38	0:5;0:8;0:24;0:28;0:42	0:2;0:10;0:32	0:2;0:10;0:27;0:31;0:33;0:40
8	4	0	36		0:19;0:29	0:33	0:7;0:12
8	4	0	37		0:2	0:8	0:38
8	4	0	38	0:7;0:18;0:20;0:24;0:38	0:5;0:8;0:24;0:26;0:27;0:33;0:37;0:38	0:9;0:35;0:38	0:0;0:7;0:9;0:18;0:38
8	4	0	39				0:10
8	4	0	40		0:10;0:35	0:33	0:20;0:24
8	4	0	41	0:13	0:7;0:13	0:11;0:12;0:13;0:32	0:0;0:16
8	4	0	42	0:25;0:29			0:9;0:35
8	6	0	0	0:11		0:3	
8	6	0	1	0:22		0:17	
8	6	1	0	1:2			1:2
8	6	0	2		0:14		
8	6	0	3	0:0;0:5;0:7;0:8;0:16;0:20	0:17;0:19	0:7;0:20;0:23	0:14;0:18
8	6	0	4	0:16	0:9		
8	6	0	5	0:7		0:3	
8	6	1	1		1:2		
8	6	0	6		0:23		0:21
8	6	0	7	0:3	0:17	0:3;0:5;0:9;0:10	0:16
8	6	2	0				2:1
8	6	0	8			0:3	
8	6	0	9	0:7	0:14		0:4
8	6	0	10	0:7		0:22	
8	6	0	11	0:17;0:18		0:0;0:17	
8	6	3	0				
8	6	1	2		1:0	1:0	1:1
8	6	0	12	0:23		0:15	
8	6	2	1		2:0		
8	6	0	13		0:20		
8	6	0	14		0:3		0:2;0:9
8	6	0	15	0:12			
8	6	0	16	0:18	0:7	0:3;0:4;0:17	0:20;0:23
8	6	0	17	0:1;0:11;0:16;0:19		0:11	0:3;0:7
8	6	0	18	0:20	0:3	0:11;0:16	
8	6	0	19			0:17	0:3
8	6	0	20	0:3	0:16	0:3;0:18	0:13
8	6	0	21		0:6;0:23		
8	6	0	22	0:10		0:1	
8	6	0	23	0:3	0:16	0:12	0:6;0:21
8	11	0	0			0:1	
8	11	0	1	0:0		0:6	0:3
8	11	0	2	0:9		0:4	
8	11	0	3		0:1	0:5	
8	11	0	4	0:2	0:8		0:10
8	11	0	5	0:3	0:6		
8	11	0	6	0:1		0:7	0:5
8	11	0	7	0:6	0:8		
8	11	0	8			0:9	0:4;0:7
8	11	0	9	0:8;0:9		0:2;0:9	
8	11	0	10		0:4		
8	13	0	0	0:5	0:1;0:2;0:4;0:5	0:2;0:5	0:3
8	13	0	1	0:2;0:3	0:3	0:2;0:3;0:5	0:0;0:2;0:4
8	13	0	2	0:0;0:1;0:2;0:3;0:4	0:1;0:2;0:4	0:1;0:2;0:4;0:5	0:0;0:2;0:5
8	13	0	3	0:1;0:5	0:0;0:4;0:5	0:1;0:2;0:5	0:1;0:4
8	13	0	4	0:2	0:1;0:3	0:2;0:5	0:0;0:2;0:3
8	13	0	5	0:0;0:1;0:2;0:3;0:4;0:5	0:2;0:5	0:0;0:3;0:5	0:0;0:3;0:5
8	15	0	0	0:0	0:0	0:0	0:0
8	15	1	0	1:0	1:0	1:0	1:0
8	18	0	0				
8	28	0	0				
8	49	0	0			0:2	0:1
8	49	0	1		0:0	0:6	0:3
8	49	0	2	0:0		0:7	0:6
8	49	0	3		0:1	0:5	
8	49	0	4	0:5			
8	49	0	5	0:3	0:6	0:4	
8	49	0	6	0:1	0:2		0:5
8	49	0	7	0:2			
9	12	0	0		0:16	0:12	
9	12	0	1	0:7	0:7;0:9	0:12	0:4;0:8;0:21
9	12	0	2		0:3	0:6	0:18
9	12	0	3		0:11	0:6	0:2
9	12	0	4	0:4;0:12	0:1;0:7;0:10;0:14	0:4	
9	12	0	5	0:6	0:21		0:15
9	12	0	6	0:2;0:3	0:6;0:22	0:5;0:15	0:6;0:20
9	12	0	7	0:7;0:13;0:17	0:7;0:8;0:9	0:1;0:7;0:8	0:1;0:4;0:7;0:9;0:11;0:14;0:17;0:22
9	12	0	8	0:7	0:1	0:9	0:7
9	12	1	0		1:0;1:7	1:4	1:0;1:5;1:7
9	12	0	9	0:8;0:9	0:7	0:9	0:1;0:7
9	12	0	10	0:20	0:15		0:4
9	12	1	1	1:7	1:4		1:4
9	12	1	2		1:7	1:4	1:4
9	12	0	11	0:19	0:7	0:22	0:3
9	12	0	12	0:0;0:1;0:12	0:18;0:20	0:4;0:12;0:13	
9	12	1	3	1:3;1:5	1:4;1:6	1:3	
9	12	1	4	1:0;1:2	1:1;1:2;1:4	1:6	1:1;1:3;1:4;1:6
9	12	0	13	0:12		0:7	
9	12	0	14		0:7		0:4
9	12	0	15	0:6	0:5		0:10
9	12	0	16			0:18	0:0
9	12	1	5		1:0	1:3	
9	12	0	17		0:7;0:17	0:7	0:17;0:19
9	12	1	6	1:4;1:6	1:4	1:6	1:3
9	12	1	7		1:0	1:1	1:0;1:2
9	12	0	18	0:16	0:2	0:20	0:12
9	12	0	19		0:17	0:11	
9	12	0	20	0:18	0:6	0:10	0:12
9	12	0	21	0:22	0:1		0:5
9	12	0	22	0:11	0:7	0:21	0:6
9	23	0	0		0:11	0:5	0:17;0:28
9	23	0	1		0:1;0:16	0:5;0:7;0:9;0:12	0:1;0:17
9	23	0	2		0:21	0:3	
9	23	0	3	0:2;0:6;0:11;0:19;0:23;0:24;0:25;0:26	0:3;0:22;0:27	0:13;0:14	0:3;0:5
9	23	0	4	0:22		0:5	
9	23	0	5	0:0;0:1;0:4;0:6;0:10;0:26	0:3;0:7;0:22	0:15	0:9;0:22
9	23	0	6	0:22	0:6;0:11;0:16;0:25;0:26	0:3;0:5	0:6;0:10;0:17;0:19;0:20;0:24;0:26
9	23	0	7	0:1	0:7;0:12		0:5;0:7
9	23	0	8			0:22	
9	23	0	9	0:1	0:5;0:9		0:9;0:12
9	23	0	10		0:6;0:21	0:5	
9	23	0	11	0:22		0:3	0:0;0:6
9	23	0	12	0:1	0:9		0:7
9	23	0	13	0:3	0:13;0:14		0:13;0:14
9	23	0	14	0:3	0:13;0:14		0:13;0:14;0:15
9	23	0	15	0:5	0:14		0:22
9	23	0	16			0:22	0:1;0:6;0:25
9	23	0	17		0:0;0:1;0:6	0:22	
9	23	0	18	0:27			
9	23	0	19	0:22	0:6;0:26	0:3	
9	23	0	20	0:22	0:6;0:26	0:22	
9	23	0	21	0:22		0:22;0:27	0:2;0:10;0:25
9	23	0	22	0:8;0:16;0:17;0:20;0:21;0:22;0:28	0:5;0:15	0:4;0:6;0:11;0:19;0:20;0:21;0:22;0:23	0:3;0:5
9	23	0	23	0:22		0:3	
9	23	0	24		0:6;0:25	0:3	
9	23	0	25		0:16;0:21;0:25;0:26;0:28	0:3	0:6;0:24;0:25
9	23	0	26		0:6;0:26	0:3;0:5	0:6;0:19;0:20;0:25;0:26
9	23	0	27	0:21		0:18	0:3
9	23	0	28		0:0	0:22	0:25
9	24	0	0				
9	25	0	0	0:0;0:1;0:2;0:4;0:7;0:8	0:0;0:3;0:4;0:8	0:0;0:1;0:8	0:0;0:1;0:2;0:3;0:8
9	25	1	0	1:0	1:0;1:3	1:0;1:1;1:2	1:0;1:1;1:4
9	25	0	1	0:0;0:1;0:2;0:3;0:4;0:6;0:8	0:0;0:3;0:4;0:8;0:9	0:0;0:1;0:2;0:8	
9	25	0	2	0:1;0:6	0:0;0:3;0:8;0:9	0:0;0:1;0:8	0:3;0:9
9	25	0	3		0:0;0:2;0:8	0:1;0:8	0:0;0:1;0:2;0:8
9	25	1	1	1:0;1:1;1:3;1:5;1:6	1:0;1:1	1:1	1:1;1:2;1:4;1:6
9	25	0	4		0:4;0:7;0:8;0:9	0:0;0:1;0:8	0:0;0:1;0:4;0:6;0:7;0:8
9	25	0	5	0:5		0:5;0:8	0:10
9	25	1	2	1:0	1:1		
9	25	0	6		0:4	0:1;0:2	
9	25	1	3	1:3	1:6	1:1;1:3	1:0
9	25	1	4	1:4;1:5	1:0;1:1	1:4	
9	25	0	7		0:4;0:7	0:0;0:8	0:4;0:7
9	25	0	8	0:0;0:1;0:2;0:3;0:4;0:5;0:7;0:8;0:9	0:0;0:3;0:4;0:8	0:0;0:1;0:8	0:0;0:1;0:2;0:3;0:4;0:8
9	25	0	9		0:2	0:8	0:1;0:2;0:4
9	25	1	5			1:1;1:4	
9	25	0	10		0:5		
9	25	1	6	1:6	1:1;1:6	1:1;1:6	1:3;1:6
9	26	0	0				
9	26	1	0	1:0	1:2	1:0	1:1;1:3
9	26	2	0	2:0		2:0	
9	26	3	0			3:1	
9	26	4	0				
9	26	1	1		1:0;1:2		
9	26	1	2	1:2		1:2	1:0;1:1;1:3
9	26	1	3	1:3	1:0;1:2	1:3	
9	26	3	1	3:0;3:1		3:1	
9	27	0	0				
9	27	1	0				
9	34	0	0		0:0		0:0
9	34	1	0		1:0		1:0
9	34	2	0				
9	35	0	0				
9	36	0	0		0:0;0:1		0:0;0:1
9	36	0	1		0:0;0:1		0:0;0:1
9	47	0	0	0:1			
9	47	0	1	0:2		0:0	
9	47	1	0	1:4			
9	47	1	1	1:4			
9	47	1	2			1:3;1:4	
9	47	1	3	1:2			
9	47	1	4	1:2		1:0;1:1	
9	47	0	2			0:1	
10	1	0	0	0:0;0:1	0:0	0:0	0:0
10	1	1	0	1:0	1:0	1:0	1:0
10	1	0	1			0:0	
10	2	0	0		0:0;0:1	0:1	0:0;0:1
10	2	0	1	0:0	0:0		0:0
10	2	1	0				
10	7	0	0	0:0;0:10;0:18	0:4;0:6;0:7;0:10;0:20	0:0;0:5;0:6;0:20	
10	7	0	1	0:6		0:13	0:6
10	7	0	2	0:4;0:6;0:7;0:10;0:14;0:20	0:2;0:4;0:6;0:15;0:20		0:2;0:4;0:6;0:9;0:18;0:20;0:25
10	7	0	3		0:6;0:9		0:9
10	7	0	4	0:4;0:7;0:8;0:10;0:12;0:20	0:2;0:4;0:7;0:9;0:10;0:12;0:14;0:17;0:20;0:21	0:2;0:4;0:6;0:20	0:0;0:2;0:4;0:5;0:6;0:20;0:23
10	7	0	5	0:0;0:18	0:4;0:6;0:10;0:20	0:6;0:20	
10	7	0	6	0:0;0:4;0:5;0:6;0:7;0:10;0:12;0:13;0:14;0:16;0:20;0:21;0:23	0:1;0:2;0:4;0:6;0:7;0:8;0:10;0:11;0:12;0:14;0:15;0:17;0:20;0:21;0:22;0:25	0:1;0:2;0:6;0:7;0:11;0:13;0:15;0:18;0:20;0:21;0:22;0:23	0:0;0:2;0:3;0:5;0:6;0:9;0:10;0:13;0:14;0:15;0:16;0:18;0:20;0:23
10	7	0	7	0:6;0:7;0:10;0:12;0:19;0:20;0:21;0:23		0:2;0:4;0:6;0:7;0:18;0:20;0:21;0:24	0:0;0:4;0:6;0:15;0:20;0:23
10	7	0	8			0:4	0:6
10	7	0	9		0:2;0:3;0:6;0:9;0:20		0:3;0:4;0:9;0:10
10	7	0	10		0:6;0:9;0:10;0:12;0:14;0:20;0:21	0:0;0:2;0:4;0:6;0:7;0:15;0:18;0:20;0:23	0:0;0:4;0:5;0:6;0:10;0:14;0:20
10	7	0	11	0:6			0:6
10	7	0	12			0:4;0:6;0:7;0:18	0:4;0:6;0:10;0:20
10	7	0	13	0:1;0:6;0:20;0:23	0:6	0:6	
10	7	0	14		0:6;0:10;0:14;0:20	0:2;0:6;0:15;0:20;0:25	0:4;0:6;0:10;0:14;0:16;0:18;0:20
10	7	0	15	0:6;0:10;0:14;0:21	0:6;0:7;0:15;0:20;0:25		0:2;0:6;0:15;0:20;0:23
10	7	0	16		0:6;0:14	0:6	
10	7	0	17			0:21	0:4;0:6
10	7	0	18	0:6;0:7;0:10;0:12;0:20	0:2;0:6;0:14;0:20	0:0;0:5;0:20	
10	7	0	19			0:7	
10	7	0	20	0:0;0:4;0:5;0:6;0:7;0:10;0:14;0:18;0:20;0:21;0:23	0:2;0:4;0:6;0:7;0:10;0:12;0:14;0:15;0:20;0:21;0:22	0:2;0:4;0:6;0:7;0:13;0:18;0:20;0:23	0:0;0:2;0:4;0:5;0:6;0:9;0:10;0:14;0:15;0:18;0:20;0:23
10	7	0	21	0:6;0:7;0:17;0:21		0:6;0:7;0:15;0:20;0:21	0:4;0:6;0:10;0:20;0:23
10	7	0	22	0:6			0:6;0:20
10	7	0	23	0:6;0:10;0:20;0:23	0:4;0:6;0:7;0:15;0:20;0:21	0:6;0:7;0:13;0:20;0:23	
10	7	0	24	0:7			
10	7	0	25	0:14	0:2		0:6;0:15
10	10	0	0				
10	10	1	0	1:2		1:2	1:1
10	10	1	1		1:0		
10	10	1	2	1:0		1:0	
10	14	0	0	0:0;0:3;0:5;0:10;0:13;0:14	0:0;0:1;0:4;0:10;0:13	0:0;0:6;0:7;0:8;0:10;0:13	0:0;0:2;0:3;0:6;0:10;0:14
10	14	0	1			0:10	0:0
10	14	0	2		0:0		
10	14	0	3	0:3	0:0;0:5	0:0;0:3	
10	14	0	4		0:9;0:11;0:12	0:10	0:0;0:6;0:10;0:12
10	14	0	5	0:10	0:10	0:0;0:13	0:3;0:10
10	14	0	6	0:0;0:6;0:10	0:0;0:4;0:6	0:6;0:13	0:6;0:13
10	14	0	7	0:0	0:8		0:8
10	14	0	8	0:0	0:7		0:7
10	14	0	9		0:12	0:10	0:4
10	14	0	10	0:0;0:1;0:4;0:9;0:10;0:11;0:12;0:13;0:14	0:0;0:4;0:5;0:10;0:13	0:0;0:5;0:6;0:10;0:13	0:0;0:5;0:10;0:12;0:13
10	14	0	11		0:12	0:10	0:4
10	14	0	12		0:4;0:10;0:14	0:10;0:13	0:4;0:9;0:11
10	14	0	13	0:0;0:5;0:6;0:10;0:12;0:13	0:6;0:10;0:13	0:0;0:10;0:13	0:0;0:10;0:13
10	14	0	14		0:0	0:0;0:10	0:12
10	17	0	0				
10	19	0	0				
10	20	0	0				
10	25	0	0	0:0;0:3	0:3	0:0;0:3	0:1;0:3
10	25	0	1	0:1;0:3	0:0;0:2;0:3	0:1;0:3	0:3
10	25	0	2		0:3	0:3	0:1;0:3
10	25	0	3	0:0;0:1;0:2;0:3	0:0;0:1;0:2;0:3	0:0;0:1;0:3	0:0;0:1;0:2;0:3
10	29	0	0	0:9	0:7		
10	29	0	1				0:7
10	29	0	2			0:9;0:10	0:7
10	29	0	3		0:7	0:9	
10	29	0	4		0:7	0:9	
10	29	0	5	0:9	0:7		0:7
10	29	0	6	0:6;0:10		0:6;0:9	
10	29	0	7		0:1;0:2;0:5;0:7;0:8;0:11;0:12		0:0;0:3;0:4;0:5;0:7;0:11
10	29	0	8			0:9	0:7
10	29	0	9	0:2;0:3;0:4;0:6;0:8;0:9		0:0;0:5;0:9;0:10;0:11;0:12	
10	29	0	10	0:2;0:9		0:6	
10	29	0	11	0:9	0:7		0:7
10	29	0	12	0:9			0:7
10	38	0	0			0:5	0:2
10	38	0	1	0:2	0:5		0:4
10	38	0	2		0:0	0:1	0:3
10	38	0	3		0:2	0:4	
10	38	0	4	0:3	0:1		
10	38	0	5	0:0			0:1
10	41	0	0	0:1			
10	41	1	0	1:1			
10	41	1	1		1:1	1:0;1:2	1:1
10	41	0	1			0:0	
10	41	1	2	1:1			
10	45	0	0				
10	49	0	0	0:1			
10	49	1	0		1:2		1:4
10	49	0	1		0:8	0:0	
10	49	0	2	0:10	0:3		0:6
10	49	1	1	1:4			
10	49	0	3	0:9	0:7		0:2
10	49	0	4			0:7	0:9
10	49	0	5		0:10	0:6	0:8
10	49	0	6	0:5	0:2		
10	49	1	2			1:3	1:0
10	49	1	3	1:2			
10	49	1	4		1:0	1:1	
10	49	0	7	0:4			0:3
10	49	0	8		0:5		0:1
10	49	0	9		0:4	0:3	0:10
10	49	0	10		0:9	0:2	0:5
11	1	0	0	0:2;0:3;0:28	0:2;0:16	0:2;0:3;0:20	0:2;0:19;0:25
11	1	0	1	0:1;0:19;0:27	0:3;0:16;0:19;0:22	0:1;0:9;0:19;0:20	0:3;0:13;0:14;0:19;0:20
11	1	0	2	0:0;0:2;0:5;0:21;0:27;0:28	0:0;0:2;0:3;0:8;0:9;0:19;0:26	0:0;0:2;0:19;0:20	0:0;0:2;0:3;0:19;0:25
11	1	0	3	0:0;0:3;0:19;0:25	0:1;0:2;0:3;0:5;0:21;0:28	0:0;0:3;0:5;0:9;0:19;0:20	0:1;0:2;0:3;0:19;0:20
11	1	0	4	0:10	0:16;0:27	0:25	0:6
11	1	0	5	0:3;0:5;0:28	0:8	0:2;0:5;0:9	0:3;0:19;0:27
11	1	0	6	0:6;0:7;0:8;0:9;0:11;0:15;0:20	0:4;0:6;0:7;0:13;0:15;0:18;0:20;0:25	0:6;0:7;0:15;0:26;0:28	0:6;0:8;0:9;0:15;0:21;0:28
11	1	0	7	0:6;0:15;0:20	0:27	0:6;0:15;0:25	0:6;0:15
11	1	0	8	0:8;0:9;0:15	0:6;0:15	0:6;0:8;0:16;0:28	0:2;0:5;0:27
11	1	0	9	0:1;0:3;0:5;0:19;0:25;0:28	0:6;0:15;0:20	0:6;0:8;0:15;0:16;0:28	0:2;0:11;0:14;0:20
11	1	0	10	0:10;0:18	0:27	0:4;0:10;0:11	0:15
11	1	0	11	0:10	0:9;0:12	0:6;0:15	0:15
11	1	0	12		0:27	0:15	0:11
11	1	0	13	0:25	0:1	0:14	0:6
11	1	0	14	0:13;0:25	0:1;0:9	0:19;0:27	0:15;0:16
11	1	0	15	0:6;0:7;0:9;0:11;0:12;0:15;0:20	0:6;0:7;0:10;0:11;0:14;0:15;0:18;0:20;0:25	0:6;0:7;0:8;0:15;0:18;0:21;0:25;0:26;0:28	0:6;0:8;0:9;0:15;0:28
11	1	0	16	0:8;0:9	0:14	0:21	0:0;0:1;0:4
11	1	0	17	0:27		0:23	0:25
11	1	0	18	0:15	0:19;0:24	0:10;0:19	0:6;0:15;0:28
11	1	0	19	0:1;0:2;0:3;0:14;0:18;0:19;0:24;0:26;0:28	0:0;0:1;0:2;0:3;0:5;0:19;0:21;0:26	0:1;0:3;0:9;0:19;0:20;0:27	0:1;0:2;0:18;0:19;0:20;0:24;0:25
11	1	0	20	0:0;0:1;0:2;0:3;0:19;0:25;0:26;0:27	0:1;0:3;0:9;0:19	0:6;0:7;0:15;0:24;0:25	0:6;0:9;0:15
11	1	0	21	0:15;0:16	0:6	0:2	0:3;0:19
11	1	0	22	0:23			0:1
11	1	0	23	0:17		0:22	0:27
11	1	0	24	0:20	0:19	0:19;0:27	0:18;0:26
11	1	0	25	0:4;0:7;0:15;0:20	0:0;0:2;0:17;0:19;0:27	0:3;0:9;0:13;0:14;0:20;0:27	0:6;0:15;0:28
11	1	0	26	0:6;0:15	0:24	0:19;0:20	0:2;0:19
11	1	0	27	0:14;0:19;0:24;0:25;0:27	0:5;0:8;0:23	0:1;0:2;0:17;0:20;0:27	0:4;0:7;0:10;0:12;0:25
11	1	0	28	0:6;0:8;0:9;0:15	0:6;0:15;0:18;0:25	0:0;0:2;0:5;0:9;0:19	0:3
11	7	0	0		0:9	0:15	0:15
11	7	0	1		0:9	0:15	0:15
11	7	0	2	0:21		0:6	0:15
11	7	0	3		0:10	0:11	
11	7	0	4	0:11	0:10	0:10	
11	7	0	5	0:6		0:9	
11	7	0	6	0:2;0:9;0:10		0:5;0:7	0:10;0:15
11	7	0	7	0:6;0:10;0:15	0:13;0:15	0:11	
11	7	0	8	0:10	0:10	0:12	
11	7	0	9	0:5		0:6;0:10	0:0;0:1
11	7	0	10	0:4;0:9;0:10;0:11;0:13;0:15;0:16;0:18	0:6;0:13;0:15	0:6;0:7;0:8;0:10;0:15	0:3;0:4;0:8;0:12;0:15;0:16
11	7	0	11	0:3;0:7;0:11;0:15	0:15	0:4;0:10;0:11	
11	7	0	12	0:8	0:10		
11	7	0	13		0:15;0:16;0:21	0:10;0:15	0:7;0:10;0:15;0:16
11	7	0	14		0:16		
11	7	0	15	0:0;0:1;0:10;0:13;0:15;0:16;0:17;0:18;0:21	0:0;0:1;0:2;0:6;0:10;0:13;0:15;0:16	0:7;0:10;0:11;0:15;0:17	0:7;0:10;0:11;0:13;0:15;0:16
11	7	0	16		0:10;0:13;0:15;0:16;0:20;0:21	0:10;0:15	0:13;0:14;0:15;0:16;0:19
11	7	0	17	0:15		0:15	
11	7	0	18			0:10;0:15	
11	7	0	19		0:16		0:20
11	7	0	20		0:19		0:16
11	7	0	21			0:2;0:15	0:13;0:16
11	23	0	0	0:0;0:17;0:24;0:25	0:8;0:13;0:18;0:22	0:0;0:6;0:12;0:17	
11	23	0	1	0:26	0:1;0:7;0:10;0:11;0:30	0:15;0:28;0:29	0:1;0:6;0:10;0:12;0:14;0:20;0:25
11	23	0	2		0:15		0:28
11	23	0	3	0:5;0:25	0:25	0:28	0:25
11	23	0	4	0:7;0:14	0:29	0:15	0:15
11	23	0	5		0:18	0:3;0:25	0:18
11	23	0	6	0:0;0:24	0:1;0:11	0:7;0:11;0:24	
11	23	0	7	0:6		0:4;0:12;0:24	0:1;0:25
11	23	0	8	0:18	0:25	0:11;0:22	0:0;0:21
11	23	0	9		0:25	0:15	
11	23	0	10	0:24	0:1;0:25;0:27	0:24;0:26	0:1
11	23	0	11	0:6;0:8;0:20;0:24		0:25;0:28;0:29	0:1;0:6;0:25
11	23	0	12	0:0;0:7;0:17;0:21;0:24;0:30	0:1;0:14;0:25;0:27	0:15;0:25;0:28;0:29	0:28;0:29
11	23	0	13	0:13;0:22;0:25		0:13;0:22	0:0;0:17
11	23	0	14	0:22	0:1;0:25	0:4;0:26	0:12
11	23	0	15	0:1;0:4;0:9;0:12;0:25	0:4;0:17;0:24;0:26;0:28	0:28	0:2;0:28;0:29
11	23	0	16	0:26			0:25
11	23	0	17	0:0;0:21	0:13;0:22	0:0;0:12;0:25	0:15
11	23	0	18		0:5;0:18	0:8;0:21;0:25	0:0;0:5;0:18
11	23	0	19	0:25			
11	23	0	20	0:24	0:1;0:25	0:11;0:24	
11	23	0	21	0:18	0:8	0:12;0:17	0:25
11	23	0	22	0:8;0:13;0:22	0:29	0:13;0:14;0:22	0:0;0:17
11	23	0	23		0:29		0:29
11	23	0	24	0:6;0:7;0:10;0:20;0:24;0:27;0:30	0:29	0:0;0:6;0:10;0:11;0:12;0:20;0:24;0:25;0:30	0:15;0:28
11	23	0	25	0:5;0:11;0:12;0:17;0:18;0:24;0:25;0:27	0:1;0:3;0:7;0:11;0:16;0:21;0:25	0:0;0:3;0:13;0:15;0:19;0:25;0:28;0:29	0:3;0:8;0:9;0:10;0:12;0:14;0:20;0:25
11	23	0	26	0:10;0:14;0:26		0:1;0:16;0:26	0:15;0:28
11	23	0	27			0:24;0:25	0:10;0:12
11	23	0	28	0:1;0:3;0:11;0:12;0:15;0:25	0:2;0:12;0:15;0:24;0:26;0:28		0:15;0:28;0:29
11	23	0	29	0:1;0:11;0:12;0:25	0:12;0:15;0:23;0:28		0:4;0:22;0:23;0:24
11	23	0	30	0:24		0:12;0:24	0:1
11	24	0	0				
11	25	0	0	0:1;0:4	0:4	0:2;0:4	0:2;0:3;0:4
11	25	1	0	1:0;1:1;1:2;1:3;1:4;1:5	1:2;1:3;1:4	1:0;1:3;1:4	
11	25	0	1		0:6	0:0;0:2	0:4;0:5
11	25	1	1		1:1;1:2;1:3;1:4	1:0;1:3;1:4	1:1;1:2;1:3;1:4;1:5
11	25	1	2		1:1;1:2;1:3;1:4	1:0;1:3;1:4	1:0;1:1;1:2;1:3;1:4;1:5
11	25	0	2	0:0;0:1;0:2	0:0;0:4	0:2	
11	25	1	3	1:0;1:1;1:2;1:3;1:4;1:5	1:1;1:2;1:3;1:4	1:0;1:3;1:4	1:0;1:1;1:2;1:3;1:4;1:5
11	25	0	3	0:5	0:0		
11	25	0	4	0:0;0:4;0:6	0:0;0:1;0:4	0:0;0:4	0:0;0:2;0:4
11	25	0	5		0:1	0:3	
11	25	1	4	1:0;1:1;1:2;1:3;1:4;1:5	1:1;1:2;1:3;1:4	1:0;1:3;1:4	1:0;1:1;1:2;1:3;1:4
11	25	1	5		1:1;1:2;1:3	1:0;1:3;1:4	
11	25	0	6		0:6	0:4	0:1;0:6
11	26	0	0				0:1;0:2
11	26	1	0	1:0;1:1	1:0	1:0	1:0;1:1
11	26	0	1		0:0;0:2		
11	26	2	0				
11	26	3	0				
11	26	0	2		0:0		0:1
11	26	1	1		1:0	1:0	
11	27	0	0	0:2	0:3		
11	27	0	1			0:3	0:2
11	27	0	2		0:1	0:0	
11	27	0	3	0:1			0:0
11	27	1	0				
11	34	0	0				
11	35	0	0				
11	36	0	0				
11	36	1	0				
11	47	0	0				0:1;0:3
11	47	0	1		0:0		
11	47	0	2	0:3			
11	47	0	3		0:0	0:2	
12	1	0	0	0:23;0:33	0:9;0:28;0:33	0:13;0:19;0:35	0:3;0:28;0:35
12	1	0	1	0:9		0:9	
12	1	0	2	0:6;0:9;0:17;0:33	0:9;0:20;0:28;0:33	0:4;0:6;0:18	0:14;0:18;0:24
12	1	0	3	0:19	0:0	0:31	0:35
12	1	0	4	0:2;0:14	0:9;0:22;0:32	0:6	
12	1	0	5	0:35	0:35	0:9	0:21
12	1	0	6	0:2;0:4;0:29	0:9;0:15;0:28;0:34	0:2;0:9;0:15;0:17;0:28;0:32;0:34	0:9;0:29;0:33
12	1	0	7	0:9	0:35	0:30	0:9
12	1	0	8		0:24		0:22
12	1	0	9	0:1;0:5;0:6;0:9;0:12;0:13;0:16;0:32;0:33	0:6;0:7;0:9;0:12;0:15;0:17;0:20;0:26;0:28;0:30;0:33	0:1;0:2;0:7;0:9;0:10;0:14;0:15;0:17;0:18;0:20;0:25;0:28;0:32	0:0;0:2;0:4;0:6;0:9;0:13;0:17;0:19;0:23;0:32
12	1	0	10	0:9	0:35	0:35	0:15
12	1	0	11	0:35	0:35		0:12
12	1	0	12	0:35	0:11;0:35	0:9	0:9;0:30
12	1	0	13	0:0;0:19	0:9	0:9	0:26;0:28;0:31
12	1	0	14	0:9;0:20	0:2;0:26	0:4;0:28	
12	1	0	15	0:6;0:9	0:10;0:35	0:35	0:6;0:9
12	1	0	16			0:9	
12	1	0	17	0:6;0:9;0:17;0:32	0:9	0:2;0:17	0:9
12	1	0	18	0:2;0:9	0:2;0:18;0:24		0:18;0:20;0:24
12	1	0	19	0:0;0:30	0:9	0:3;0:13	0:28;0:31
12	1	0	20	0:9;0:33	0:18	0:14;0:33	0:2;0:9
12	1	0	21	0:35	0:5		0:35
12	1	0	22		0:8		0:4
12	1	0	23	0:33	0:9	0:0	0:35
12	1	0	24	0:33	0:2;0:18		0:8;0:18
12	1	0	25	0:9		0:35	0:35
12	1	0	26	0:28;0:35	0:13;0:35	0:27	0:9;0:14
12	1	0	27	0:26	0:31	0:35	0:28
12	1	0	28	0:6;0:9;0:14;0:32	0:0;0:13;0:19;0:27;0:35	0:26;0:35	0:0;0:2;0:6;0:9
12	1	0	29		0:6	0:6;0:33	0:33
12	1	0	30	0:7	0:12	0:19	0:9
12	1	0	31	0:3;0:35	0:13;0:19	0:35	0:27;0:35
12	1	0	32	0:6;0:9	0:9	0:9;0:17;0:28	0:4
12	1	0	33	0:20;0:29	0:6;0:29	0:0;0:2;0:9;0:20;0:23;0:24	0:0;0:2;0:9
12	1	0	34	0:6	0:35		0:6
12	1	0	35	0:0;0:10;0:15;0:25;0:27;0:28;0:31;0:35	0:0;0:3;0:21;0:23;0:25;0:31;0:35	0:5;0:11;0:12;0:21;0:26;0:31;0:35	0:5;0:7;0:10;0:11;0:12;0:15;0:26;0:28;0:34;0:35
12	2	0	0	0:0	0:0	0:0	0:0
12	3	0	0				
12	4	0	0	0:9;0:30;0:50;0:61;0:72;0:73	0:0;0:9;0:11;0:23;0:36;0:38;0:50	0:16;0:17;0:24;0:27;0:54;0:61;0:64	0:0;0:2;0:26;0:61
12	4	0	1	0:4;0:20;0:32;0:39;0:40;0:46;0:55;0:62	0:54	0:4;0:14	0:3;0:10;0:32;0:39;0:47;0:60
12	4	0	2	0:9;0:15;0:35;0:41;0:42;0:50;0:53;0:59;0:61;0:72;0:73	0:0;0:9;0:11;0:15;0:23;0:25;0:36;0:50;0:51;0:53;0:70;0:72;0:73	0:7;0:16;0:17;0:18;0:20;0:22;0:27;0:31;0:54;0:56;0:61;0:64;0:69	0:16;0:17;0:20;0:22;0:27;0:46;0:49;0:54;0:64;0:69;0:70
12	4	0	3	0:25	0:1;0:62	0:55;0:62	0:18
12	4	0	4	0:1	0:12	0:1;0:11;0:21;0:25;0:30;0:33;0:37;0:39;0:47;0:53;0:63;0:67;0:72	0:11;0:25;0:37;0:39;0:47;0:53;0:59;0:72;0:73
12	4	0	5	0:8;0:26	0:54	0:29;0:44	0:54
12	4	0	6		0:54	0:39;0:47	0:25;0:59
12	4	0	7	0:2	0:32	0:39;0:62	0:25;0:39
12	4	0	8	0:31;0:35;0:42;0:50;0:59	0:13;0:32;0:63	0:5;0:24;0:41;0:57;0:60	0:12;0:27;0:54
12	4	0	9	0:9;0:30;0:41;0:61;0:72;0:73	0:9;0:18;0:19;0:23;0:25;0:30;0:41;0:51;0:72;0:73	0:0;0:2;0:9;0:35;0:50	0:0;0:2;0:9;0:35;0:48;0:50;0:61
12	4	0	10	0:11;0:36;0:38;0:58;0:67	0:1;0:17;0:33	0:14	0:16;0:54;0:66;0:68
12	4	0	11	0:4;0:21;0:47	0:4;0:20	0:10;0:42	0:0;0:2
12	4	0	12	0:52;0:54	0:8;0:15;0:27;0:31;0:42;0:53;0:58;0:59;0:61;0:72	0:17;0:22;0:26;0:27;0:54;0:61;0:69	0:4;0:44;0:45
12	4	0	13	0:65;0:72	0:72	0:48;0:66	0:8;0:18
12	4	0	14	0:1;0:10;0:54;0:64	0:22;0:54;0:56	0:44	
12	4	0	15	0:20;0:46	0:51;0:61;0:72;0:73	0:2	0:2;0:12;0:66
12	4	0	16	0:0;0:2;0:56	0:2;0:10;0:64	0:44	0:44
12	4	0	17	0:0;0:2;0:12;0:27;0:35;0:50	0:2;0:27;0:35;0:50;0:53;0:64	0:25;0:30;0:37;0:39;0:46;0:47;0:63;0:72	0:10;0:18;0:39;0:47;0:59;0:62;0:72;0:73
12	4	0	18	0:2;0:31;0:35;0:50;0:61	0:3;0:13;0:17;0:32	0:23;0:36;0:41;0:51	0:9;0:31;0:35;0:61
12	4	0	19	0:19;0:21;0:39;0:43;0:47	0:39;0:43;0:45;0:55;0:62	0:19;0:38;0:72	0:9
12	4	0	20	0:2;0:27;0:31;0:63	0:2;0:27;0:31;0:51;0:68;0:69	0:1;0:15;0:34;0:39;0:46;0:53;0:62;0:73	0:11;0:37;0:39;0:47;0:53;0:62;0:72;0:73
12	4	0	21	0:4;0:21;0:39;0:46;0:47;0:48	0:54	0:11;0:19;0:21;0:33;0:40;0:53	0:41;0:43;0:47;0:51;0:62;0:72
12	4	0	22	0:2;0:12;0:22;0:27;0:31;0:54;0:69	0:2;0:26;0:27;0:31;0:35;0:36;0:42;0:57	0:22;0:27;0:31;0:54;0:56	0:14
12	4	0	23	0:18;0:25	0:39;0:47;0:49;0:62	0:32;0:36;0:41;0:51	0:0;0:2;0:9;0:31;0:35;0:50;0:61
12	4	0	24	0:0;0:8		0:28;0:51;0:58	0:27;0:54
12	4	0	25	0:4;0:17;0:39;0:47;0:62;0:66	0:4;0:6;0:7;0:33;0:40;0:46;0:47;0:49;0:66	0:3;0:23;0:32;0:36;0:41;0:42;0:51;0:65	0:2;0:9;0:30;0:31;0:35;0:50
12	4	0	26	0:12;0:50;0:53	0:0;0:31	0:5;0:64;0:69	0:22;0:56;0:63
12	4	0	27	0:0;0:2;0:12;0:22;0:27;0:31;0:59;0:63;0:69;0:71	0:2;0:8;0:24;0:27;0:31;0:35;0:42;0:50;0:53;0:61	0:17;0:20;0:22;0:27;0:31;0:54;0:61;0:64;0:69	0:12;0:17;0:20;0:22;0:27;0:31;0:40;0:46;0:49;0:54;0:56;0:64;0:66;0:69
12	4	0	28	0:24;0:67			
12	4	0	29	0:5			
12	4	0	30	0:4;0:17;0:46;0:47;0:55	0:25;0:72	0:0;0:9;0:50	0:9;0:50;0:61
12	4	0	31	0:2;0:22;0:27;0:31;0:42	0:18;0:23;0:25;0:27;0:41;0:51;0:53;0:61	0:8;0:18;0:20;0:22;0:27;0:31;0:35;0:54;0:61;0:70	0:12;0:20;0:22;0:26;0:27;0:46;0:48;0:54;0:63;0:69
12	4	0	32	0:23;0:25	0:1;0:62;0:66	0:1;0:39;0:47;0:62	0:7;0:8;0:18
12	4	0	33	0:4;0:21		0:44	0:10;0:25;0:53
12	4	0	34	0:20	0:48		
12	4	0	35	0:9;0:31;0:41;0:50;0:72	0:9;0:18;0:23;0:25;0:72;0:73	0:2;0:8;0:17;0:18;0:50	0:17;0:22;0:27;0:63
12	4	0	36	0:18;0:23;0:25	0:39;0:47;0:63	0:10;0:38;0:51;0:71	0:0;0:2;0:22
12	4	0	37	0:4;0:17;0:47;0:62	0:4;0:20;0:46;0:48	0:47;0:62	0:47;0:51
12	4	0	38	0:19;0:36	0:39;0:43	0:10;0:51	0:0
12	4	0	39	0:4;0:6;0:7;0:17;0:20;0:32;0:39;0:49;0:62;0:66	0:1;0:4;0:7;0:17;0:20;0:39;0:46;0:55;0:63	0:1;0:19;0:21;0:25;0:39;0:47;0:49;0:53;0:62;0:63;0:72	0:19;0:23;0:36;0:38;0:39;0:41;0:42;0:47;0:51;0:62;0:72
12	4	0	40	0:21;0:46	0:27	0:1;0:63	0:25
12	4	0	41	0:8;0:18;0:23;0:25	0:21;0:39;0:43;0:47;0:49;0:63	0:2;0:9;0:35;0:50	0:9;0:31;0:50;0:61
12	4	0	42	0:11;0:25;0:58	0:39;0:47;0:62	0:2;0:8;0:31	0:12;0:22;0:27
12	4	0	43	0:43;0:47;0:62	0:21;0:62	0:19;0:43;0:62	0:19;0:38;0:41;0:51
12	4	0	44	0:5;0:14;0:16;0:33;0:54	0:12;0:16;0:54;0:56;0:60	0:72	
12	4	0	45		0:12	0:47;0:55;0:62	0:19;0:47
12	4	0	46	0:17;0:20;0:66	0:2;0:27;0:31;0:71	0:1;0:15;0:21;0:30;0:40;0:47;0:62;0:73	0:25;0:37;0:39;0:53;0:62;0:73
12	4	0	47	0:4;0:6;0:17;0:32;0:37;0:39;0:45;0:46;0:51;0:62	0:1;0:4;0:17;0:20;0:21;0:37;0:39;0:45;0:62;0:63	0:11;0:19;0:21;0:25;0:30;0:37;0:43;0:62;0:72	0:23;0:25;0:36;0:41;0:42;0:57;0:72;0:73
12	4	0	48	0:13;0:49;0:69	0:9;0:31;0:68	0:21;0:49;0:54	0:34;0:37
12	4	0	49	0:39;0:48;0:62;0:66	0:2;0:27;0:53;0:67	0:39;0:48;0:66;0:72	0:23;0:25;0:41;0:62
12	4	0	50	0:9;0:30;0:35;0:41;0:61;0:72;0:73	0:9;0:23;0:25;0:30;0:41;0:51;0:65;0:72;0:73	0:0;0:2;0:8;0:17;0:18;0:26;0:35	0:0;0:2;0:17;0:27
12	4	0	51	0:18;0:23;0:24;0:25;0:36;0:38;0:57	0:21;0:37;0:39;0:43;0:62;0:66	0:47;0:53;0:59;0:72;0:73	0:2;0:9;0:15;0:20;0:31;0:50;0:61
12	4	0	52		0:69	0:12	
12	4	0	53	0:4;0:20;0:21;0:39;0:51	0:4;0:20;0:33;0:46;0:66	0:2;0:26;0:61;0:68	0:2;0:12;0:17;0:27;0:31;0:49
12	4	0	54	0:0;0:2;0:12;0:22;0:27;0:31;0:48;0:56;0:63;0:69	0:2;0:5;0:8;0:10;0:24;0:27;0:31;0:54;0:59;0:61;0:64;0:69;0:70;0:71	0:12;0:14;0:22;0:44	0:1;0:5;0:6;0:14;0:21;0:44;0:54;0:60
12	4	0	55	0:3;0:45;0:55		0:1;0:30;0:55	0:19;0:39;0:67;0:72
12	4	0	56	0:2;0:22;0:56	0:26;0:27	0:16;0:54;0:56	0:14;0:44
12	4	0	57	0:8	0:47;0:62	0:51	0:22;0:61
12	4	0	58	0:24		0:10;0:42	0:12
12	4	0	59	0:51	0:4;0:6;0:17	0:2;0:8;0:27;0:61	0:12;0:54
12	4	0	60	0:8;0:70	0:1;0:54		0:44
12	4	0	61	0:0;0:2;0:12;0:27;0:31;0:53;0:59;0:63	0:0;0:9;0:18;0:23;0:30;0:41;0:51;0:57;0:61;0:72	0:0;0:2;0:9;0:18;0:50	0:12;0:15;0:27;0:31;0:54;0:61;0:63
12	4	0	62	0:3;0:7;0:20;0:32;0:37;0:39;0:43;0:45;0:46;0:47;0:62	0:17;0:20;0:21;0:39;0:46;0:49;0:62;0:63;0:66	0:1;0:25;0:37;0:39;0:43;0:47;0:49;0:62;0:63	0:3;0:19;0:23;0:32;0:42;0:43;0:47;0:51;0:57;0:62;0:72
12	4	0	63	0:4;0:17;0:39;0:40;0:62;0:66	0:26;0:31;0:35;0:61;0:72	0:20;0:27;0:54;0:61;0:70	0:8;0:36;0:39;0:41;0:47;0:62
12	4	0	64	0:0;0:2;0:26;0:27	0:2;0:27	0:14	0:16;0:17;0:54;0:68
12	4	0	65	0:25		0:13	0:50
12	4	0	66	0:13;0:49	0:10;0:15;0:27	0:25;0:39;0:46;0:49;0:63;0:73	0:25;0:32;0:51;0:53;0:62;0:73
12	4	0	67	0:4	0:55	0:10;0:28	0:49;0:68
12	4	0	68	0:53	0:10;0:64;0:67		0:20;0:48
12	4	0	69	0:2;0:12;0:26;0:27	0:2;0:27;0:31	0:22;0:27;0:48;0:54	0:20;0:52;0:54
12	4	0	70	0:31;0:63	0:2	0:60	0:2;0:54
12	4	0	71	0:36		0:27	0:46;0:54
12	4	0	72	0:4;0:17;0:19;0:39;0:44;0:47;0:49;0:51	0:4;0:17;0:20;0:21;0:39;0:47;0:55;0:62	0:0;0:2;0:9;0:13;0:35;0:50	0:2;0:9;0:12;0:13;0:15;0:30;0:35;0:50;0:61;0:63
12	4	0	73	0:20;0:46;0:51;0:66	0:4;0:17;0:20;0:46;0:47;0:66	0:0;0:2;0:9;0:50	0:2;0:9;0:15;0:35;0:50
12	6	0	0		0:3		0:2
12	6	1	0				
12	6	0	1		0:3		
12	6	2	0				
12	6	0	2		0:0;0:2		0:2;0:3
12	6	0	3		0:2		0:0;0:1
12	7	0	0				0:1
12	7	0	1	0:6	0:0	0:6	0:7
12	7	0	2		0:4	0:6	
12	7	0	3	0:6			0:4;0:6
12	7	0	4	0:4;0:6	0:3;0:5	0:4;0:5	0:2;0:6
12	7	0	5	0:4			0:4
12	7	0	6	0:1;0:2	0:3;0:4	0:1;0:3;0:4	
12	7	0	7		0:1		
12	16	0	0				
12	18	0	0				
12	21	0	0				
12	23	0	0	0:1		0:7	
12	23	0	1	0:1;0:2		0:0;0:1	
12	23	0	2		0:5	0:1	
12	23	0	3	0:4			
12	23	0	4	0:8		0:3	
12	23	0	5		0:5;0:6		0:2;0:5
12	23	0	6			0:8	0:5
12	23	0	7	0:0			
12	23	0	8	0:6;0:8		0:4;0:8	
12	26	0	0	0:0	0:0	0:0	0:0
12	27	0	0				0:1
12	27	0	1		0:0		
12	28	0	0				
12	29	0	0	0:0;0:3		0:0;0:1	
12	29	1	0	1:2		1:1	
12	29	1	1	1:0			1:3
12	29	1	2			1:0	
12	29	0	1	0:0			0:2
12	29	2	0	2:2		2:3	
12	29	0	2		0:1;0:2;0:4		0:2;0:3;0:4
12	29	2	1				2:3
12	29	2	2			2:0	
12	29	0	3		0:2	0:0	
12	29	1	3		1:1		
12	29	0	4		0:2		0:2
12	29	2	3	2:0	2:1		
12	32	0	0	0:1			
12	32	0	1			0:0	
12	49	0	0			0:1	0:4
12	49	0	1	0:0			
12	49	0	2		0:4	0:3	
12	49	0	3	0:2			
12	49	0	4		0:0		0:2
13	1	0	0		0:5	0:12	0:21
13	1	0	1		0:21		
13	1	1	0				
13	1	0	2			0:3	
13	1	0	3	0:2;0:6;0:9;0:14;0:21;0:22;0:23	0:3;0:12;0:16;0:25		0:3;0:22
13	1	0	4	0:20		0:7	0:5
13	1	0	5	0:5;0:20;0:25	0:4;0:5;0:18;0:20	0:5;0:11;0:14;0:20	0:0;0:5;0:13;0:20;0:25
13	1	0	6	0:24	0:23	0:3	
13	1	0	7	0:4		0:17	0:14
13	1	0	8	0:14	0:17		
13	1	0	9		0:21	0:3	0:20
13	1	0	10	0:18			0:11
13	1	0	11	0:5	0:10		0:22
13	1	0	12	0:0;0:25	0:14		0:3
13	1	0	13	0:20;0:25	0:5;0:20	0:20	0:16
13	1	0	14	0:5	0:7;0:22	0:3;0:8	0:12
13	1	0	15			0:20;0:23	0:20;0:25
13	1	0	16	0:19	0:13		0:3
13	1	0	17	0:7			0:8
13	1	0	18			0:10	0:5
13	1	0	19		0:20	0:16	
13	1	0	20	0:5;0:13;0:15;0:20	0:5;0:9;0:15;0:20;0:22	0:4;0:5;0:13;0:20;0:22	0:5;0:13;0:19;0:20;0:25
13	1	0	21		0:0	0:3;0:25	0:1;0:9
13	1	0	22	0:20	0:3;0:11;0:23	0:3	0:14;0:20
13	1	0	23	0:15		0:3	0:6;0:22
13	1	0	24			0:6	
13	1	2	0		2:0		2:0
13	1	0	25	0:21	0:5;0:15;0:20	0:5;0:12;0:13	0:3
13	2	0	0				0:1
13	2	1	0				
13	2	0	1		0:0		
13	6	0	0		0:21		
13	6	0	1				0:9;0:30
13	6	0	2	0:5			0:6
13	6	0	3		0:5		
13	6	1	0			1:1	
13	6	0	4	0:5			
13	6	0	5			0:2;0:4	0:3;0:30
13	6	0	6	0:30	0:2	0:11	
13	6	0	7	0:26		0:22	
13	6	0	8	0:30			0:28
13	6	0	9	0:14;0:32	0:1;0:10;0:25	0:19;0:20;0:22	0:21
13	6	0	10		0:16;0:26	0:19	0:9;0:30
13	6	1	1	1:0		1:2	
13	6	2	0				
13	6	0	11	0:6		0:24	
13	6	0	12				0:17
13	6	0	13		0:28		
13	6	0	14			0:9	
13	6	0	15			0:21	0:18
13	6	0	16	0:17;0:29		0:29	0:10
13	6	0	17		0:12	0:16	
13	6	0	18		0:15		0:25
13	6	0	19	0:9;0:10;0:20	0:25	0:20;0:21	0:25
13	6	0	20	0:9;0:19		0:19	0:27
13	6	0	21	0:15;0:19	0:9;0:30	0:25	0:0
13	6	0	22	0:7;0:9		0:26	
13	6	0	23				0:25
13	6	0	24	0:11			
13	6	0	25	0:21;0:27	0:18;0:19;0:23;0:30	0:27	0:9;0:19;0:31
13	6	0	26	0:22;0:29		0:7	0:10
13	6	0	27	0:25	0:20	0:25	
13	6	0	28		0:8		0:13
13	6	0	29	0:16		0:16;0:26	
13	6	0	30		0:1;0:5;0:10	0:6;0:8	0:21;0:25
13	6	0	31		0:25		
13	6	0	32			0:9	
13	6	1	2	1:1			
13	7	0	0			0:14	0:14
13	7	0	1				0:14
13	7	0	2	0:10;0:12;0:14	0:4;0:5;0:14		
13	7	0	3	0:8			0:5
13	7	0	4	0:14	0:14	0:12	0:2
13	7	0	5	0:14	0:3;0:5;0:14		0:2;0:5;0:16;0:18
13	7	0	6				0:8
13	7	0	7		0:14		
13	7	0	8		0:6;0:8;0:9;0:14;0:15	0:3;0:9;0:12;0:14	0:8;0:10;0:14;0:15
13	7	0	9	0:8;0:9;0:14;0:16;0:17		0:9;0:11;0:14	0:8;0:10;0:12;0:13;0:14
13	7	0	10	0:13	0:8;0:9;0:11	0:2;0:12	
13	7	0	11	0:9			0:10
13	7	0	12	0:4;0:8;0:10;0:12	0:9;0:14	0:2;0:12;0:14;0:18	
13	7	0	13	0:14	0:9	0:10	
13	7	0	14	0:0;0:8;0:9;0:12;0:14	0:0;0:1;0:8;0:9;0:14	0:2;0:4;0:5;0:9;0:13;0:14;0:16	0:2;0:4;0:5;0:7;0:8;0:12;0:14
13	7	0	15		0:8		0:8
13	7	0	16	0:14	0:5	0:9	
13	7	0	17			0:9	
13	7	0	18	0:12	0:5		
13	14	0	0	0:2			0:1;0:2
13	14	0	1	0:8	0:0;0:2;0:7;0:8	0:2;0:8	0:7;0:8
13	14	0	2	0:1;0:2;0:3;0:6;0:7;0:8	0:0;0:2;0:7;0:8;0:10	0:0;0:2;0:8;0:9;0:10	0:1;0:2;0:4;0:8;0:9
13	14	0	3			0:2	0:6
13	14	0	4	0:9	0:2		
13	14	0	5		0:8		
13	14	0	6		0:3	0:2	
13	14	0	7	0:8	0:1;0:7;0:8;0:9	0:2	0:1;0:2;0:7
13	14	0	8	0:1;0:2;0:8	0:1;0:2;0:8	0:1;0:2;0:7;0:8;0:9	0:1;0:2;0:5;0:7;0:8
13	14	0	9	0:2;0:8	0:2	0:4	0:7
13	14	1	0				
13	14	2	0				
13	14	0	10	0:2			0:2
13	15	0	0				
13	15	1	0		1:0		1:0
13	16	0	0				
13	17	0	0				
13	17	1	0				
13	18	0	0				
13	19	0	0				
13	20	0	0				
13	26	0	0		0:1		
13	26	0	1		0:1;0:2		0:0;0:1
13	26	0	2				0:1
13	28	0	0				
13	29	0	0	0:2;0:5	0:5;0:8		
13	29	0	1	0:2	0:5;0:9		
13	29	0	2	0:2;0:3;0:5;0:7		0:0;0:1;0:2;0:4;0:10	
13	29	0	3			0:2	
13	29	0	4	0:2;0:7			0:7;0:9
13	29	0	5			0:0;0:2;0:10	0:0;0:1;0:9
13	29	0	6	0:7			
13	29	0	7		0:4;0:9	0:2;0:4;0:6	
13	29	0	8				0:0;0:9
13	29	0	9		0:4;0:5;0:8;0:9		0:1;0:7;0:9
13	29	0	10	0:2;0:5			
13	38	0	0	0:6	0:2	0:1	0:5
13	38	0	1	0:0	0:8		0:4
13	38	0	2	0:3		0:8	0:0
13	38	0	3			0:2	0:6
13	38	0	4	0:5	0:1		
13	38	0	5	0:7	0:0	0:4	
13	38	0	6		0:3	0:0	0:7
13	38	0	7		0:6	0:5	
13	38	0	8	0:2			0:1
13	39	0	0				
13	49	0	0	0:1		0:5	0:7
13	49	1	0	1:4		1:6	1:7
13	49	1	1		1:4	1:7	1:5
13	49	0	1			0:0	0:6
13	49	0	2	0:4			
13	49	0	3		0:6	0:4	
13	49	0	4	0:3	0:7	0:2	
13	49	1	2	1:5	1:7	1:3	
13	49	1	3	1:2			
13	49	0	5	0:0			
13	49	1	4			1:0	1:1
13	49	1	5		1:1	1:2	
13	49	0	6		0:1	0:7	0:3
13	49	0	7	0:6	0:0		0:4
13	49	1	6	1:0			
13	49	1	7	1:1	1:0		1:2
14	1	0	0		0:6;0:28		0:21
14	1	0	1	0:9	0:7		
14	1	0	2	0:11		0:5	
14	1	0	3	0:30	0:11;0:17	0:5	0:32
14	1	0	4		0:28	0:14	0:22
14	1	0	5	0:2;0:3;0:5;0:9;0:10;0:12;0:14;0:15;0:28;0:32	0:5;0:13;0:23;0:25	0:5;0:17;0:18;0:25;0:26;0:30	0:5;0:14;0:24;0:28;0:29;0:30
14	1	0	6	0:7	0:19		0:0
14	1	0	7		0:20	0:6	0:1
14	1	0	8	0:31	0:32		0:31
14	1	0	9	0:30;0:31	0:21	0:1;0:5	0:13
14	1	0	10			0:5	
14	1	0	11		0:32	0:2	0:3
14	1	0	12			0:5	
14	1	0	13	0:17	0:9		0:5
14	1	0	14	0:4	0:5	0:5	0:16;0:23
14	1	0	15			0:5;0:25	
14	1	0	16	0:22	0:14		0:19
14	1	0	17	0:5	0:30	0:13	0:3;0:31
14	1	0	18	0:5			
14	1	0	19	0:20	0:16		0:6
14	1	0	20		0:22	0:19	0:7
14	1	0	21		0:0	0:25	0:9;0:28
14	1	0	22		0:4	0:16	0:20
14	1	0	23		0:14		0:5
14	1	0	24		0:5	0:31	0:31
14	1	0	25	0:5;0:15;0:21			0:5
14	1	0	26	0:5			
14	1	0	27	0:29			
14	1	0	28		0:5;0:21	0:5	0:0;0:4
14	1	0	29		0:5	0:27	
14	1	0	30	0:5	0:5	0:3;0:9;0:31	0:17;0:31
14	1	0	31	0:24;0:30;0:31	0:8;0:17;0:24;0:30;0:31	0:8;0:9;0:31;0:32	0:31
14	1	1	0				
14	1	0	32	0:31	0:3	0:5	0:8;0:11
14	2	0	0	0:0	0:0	0:0	0:0;0:1
14	2	0	1	0:1	0:0	0:1	
14	2	1	0				
14	7	0	0	0:5;0:8	0:0		0:0;0:4
14	7	0	1		0:2;0:4;0:8	0:5	0:4
14	7	0	2		0:4	0:8	0:1;0:8;0:10
14	7	0	3	0:8			
14	7	0	4		0:0;0:1		0:1;0:2;0:8
14	7	0	5	0:1	0:8	0:0	
14	7	0	6	0:12			
14	7	0	7	0:7;0:9		0:7;0:12	
14	7	0	8	0:2;0:8;0:11	0:2;0:4;0:11	0:0;0:3;0:8;0:9	0:1;0:5;0:9;0:10
14	7	0	9	0:8	0:8	0:7	
14	7	0	10		0:2;0:8		
14	7	0	11			0:8	0:8
14	7	0	12	0:7		0:6	
14	23	0	0	0:11;0:16;0:18	0:14		
14	23	0	1		0:1;0:2;0:4	0:3;0:5;0:9	0:1;0:6;0:7;0:10;0:19
14	23	0	2				0:1
14	23	0	3	0:1;0:14;0:17	0:9		0:14
14	23	0	4	0:13		0:10;0:13	0:1;0:10
14	23	0	5	0:1;0:7;0:10;0:12	0:5;0:7	0:9;0:12	0:5;0:17
14	23	0	6		0:1		0:18
14	23	0	7		0:1	0:5;0:9;0:12	0:5;0:12;0:17
14	23	0	8	0:17	0:12	0:17	
14	23	0	9	0:1;0:5;0:7	0:9		0:3;0:9
14	23	0	10	0:4;0:13	0:1;0:4;0:16	0:5;0:11	
14	23	0	11	0:10		0:0	
14	23	0	12	0:5;0:7	0:7;0:12	0:5	0:8;0:12
14	23	0	13	0:4;0:13;0:18;0:19		0:4;0:10;0:13;0:14;0:18	0:16
14	23	0	14	0:13;0:19	0:3	0:3	0:0
14	23	0	15			0:17	
14	23	0	16		0:13	0:0	0:10
14	23	0	17	0:8;0:15	0:5;0:7	0:3;0:8	
14	23	0	18	0:13	0:6	0:0;0:13	
14	23	0	19		0:1	0:13;0:14	
14	25	0	0	0:4;0:5	0:2;0:3	0:2	0:3
14	25	0	1		0:1;0:2;0:6;0:8	0:2;0:5;0:8	0:1;0:2;0:4;0:5;0:6;0:7;0:8
14	25	0	2	0:0;0:1;0:2;0:3;0:4;0:5;0:6;0:7;0:8	0:1;0:2;0:6;0:8	0:2;0:5;0:7;0:8	0:0;0:1;0:2;0:4;0:5;0:6;0:7;0:8
14	25	0	3		0:0	0:2	0:0;0:5
14	25	0	4		0:1;0:2;0:6;0:8	0:0;0:2;0:5;0:7;0:8	
14	25	0	5	0:1;0:2;0:4;0:5;0:6;0:7;0:8	0:1;0:2;0:3;0:6;0:8	0:0;0:2;0:5;0:7;0:8	
14	25	0	6		0:1;0:2;0:6;0:8	0:2;0:5;0:7;0:8	0:1;0:2;0:4;0:5;0:6;0:8
14	25	0	7	0:2;0:4;0:5;0:6;0:7;0:8	0:1;0:2;0:8	0:2;0:5;0:7	
14	25	0	8	0:1;0:2;0:4;0:5;0:6;0:8	0:1;0:2;0:6;0:8	0:2;0:5;0:7;0:8	0:1;0:2;0:4;0:5;0:6;0:7;0:8
14	26	0	0	0:0		0:0	0:1
14	26	0	1	0:1	0:0	0:1	
14	26	1	0	1:0;1:1	1:0;1:1	1:0	1:0
14	26	1	1			1:0	1:0
14	26	2	0	2:0		2:0	
14	27	0	0				0:1
14	27	0	1		0:0		
14	27	1	0				
14	34	0	0				
14	36	0	0				
14	36	1	0				
14	47	0	0			0:4;0:5	
14	47	0	1			0:2	
14	47	0	2	0:1;0:2;0:3;0:4		0:2	
14	47	0	3	0:5		0:2	
14	47	0	4	0:0		0:2	
14	47	0	5	0:0		0:3	
15	14	0	0		0:2	0:1	0:7
15	14	0	1	0:0;0:2	0:1;0:3	0:8	0:1;0:9
15	14	0	2		0:6	0:1	0:0
15	14	0	3	0:3;0:4;0:6;0:8;0:9;0:10	0:4;0:9;0:10;0:11	0:3;0:4;0:8	0:1;0:4;0:5;0:6;0:8;0:9;0:10
15	14	0	4	0:3;0:4;0:8;0:9;0:10	0:3;0:4;0:5;0:8;0:9;0:10;0:11	0:3;0:4;0:5;0:8;0:9;0:10;0:11	0:3;0:4;0:8;0:9;0:10;0:11
15	14	0	5	0:4	0:3;0:10	0:10;0:11	0:4;0:10
15	14	0	6		0:3	0:3	0:2
15	14	0	7		0:0	0:9	0:9
15	14	0	8	0:1;0:3;0:4;0:8;0:9	0:3;0:4;0:8;0:10	0:3;0:4;0:8;0:9	0:4;0:8;0:9;0:11
15	14	0	9	0:4;0:7;0:8;0:9;0:10;0:11	0:1;0:3;0:4;0:7;0:8;0:9;0:11	0:3;0:4;0:8;0:9;0:10;0:11	0:3;0:4;0:9
15	14	0	10	0:4;0:5;0:9;0:10;0:11	0:3;0:4;0:5;0:11	0:3;0:4;0:9;0:10	0:3;0:4;0:5;0:8
15	14	0	11	0:4;0:5;0:9;0:11	0:4;0:8;0:11	0:9;0:10;0:11	0:3;0:4;0:9;0:10;0:11
15	15	0	0	0:0		0:0	0:2
15	15	0	1	0:1	0:2	0:1	
15	15	0	2	0:2	0:0;0:2	0:2	0:1;0:2
15	25	0	0	0:0	0:0	0:0	0:0
15	26	0	0				
15	41	0	0				
15	44	0	0			0:9	0:8
15	44	0	1	0:8;0:10;0:12	0:9	0:9;0:12	
15	44	0	2		0:12	0:9	
15	44	0	3				0:9
15	44	0	4	0:8;0:9	0:9		
15	44	0	5			0:11	
15	44	0	6		0:9	0:11	
15	44	0	7	0:9	0:9		
15	44	0	8		0:0	0:1;0:4;0:9	
15	44	0	9	0:0;0:1;0:2;0:8;0:9	0:3;0:9	0:4;0:7;0:9	0:1;0:4;0:6;0:7;0:9;0:11
15	44	0	10			0:1	
15	44	0	11	0:5;0:6;0:11	0:9	0:11	
15	44	0	12	0:1		0:1	0:2
15	45	0	0	0:44			0:9
15	45	0	1	0:38	0:36		
15	45	0	2	0:12;0:29		0:8;0:13;0:29	0:17;0:28
15	45	0	3	0:28	0:13;0:34	0:24	0:4
15	45	0	4	0:17	0:3	0:19	0:13;0:27
15	45	0	5	0:7;0:19	0:15		0:36
15	45	0	6	0:22	0:27	0:38	
15	45	0	7	0:42	0:16	0:5	0:32
15	45	0	8	0:2;0:22	0:13	0:38;0:44	0:13
15	45	0	9	0:14	0:0		0:15
15	45	0	10	0:11		0:23	
15	45	0	11	0:26	0:17	0:10	
15	45	0	12	0:12;0:18		0:2;0:12;0:29	0:17;0:28
15	45	0	13	0:2;0:17;0:28	0:4;0:8	0:14;0:32;0:44	0:3;0:8;0:34
15	45	0	14	0:13;0:34	0:44	0:9	0:16;0:24
15	45	0	15	0:16;0:24	0:9		0:5
15	45	0	16	0:43	0:14	0:15	0:7
15	45	0	17	0:20	0:2;0:12;0:17;0:28	0:4;0:13;0:27;0:34	0:11;0:17;0:22;0:26
15	45	0	18	0:21		0:12	
15	45	0	19	0:4	0:24	0:5	0:32
15	45	0	20	0:41		0:17	0:31
15	45	0	21			0:18	0:45
15	45	0	22	0:22;0:23;0:26	0:17	0:6;0:8;0:22;0:23	
15	45	0	23	0:10;0:22;0:23;0:26;0:35		0:22;0:23;0:35	
15	45	0	24	0:3	0:14	0:15	0:19
15	45	0	25	0:33	0:37		0:41
15	45	0	26	0:31	0:17	0:11;0:22;0:23	
15	45	0	27	0:17	0:4;0:42	0:32	0:6
15	45	0	28		0:2;0:12	0:3;0:13	0:17
15	45	0	29	0:2;0:12;0:29		0:2;0:29	
15	45	0	30			0:45	0:37
15	45	0	31		0:20	0:26	
15	45	0	32	0:13;0:27	0:7;0:19	0:36	0:38
15	45	0	33	0:39	0:46	0:25	
15	45	0	34	0:17	0:13	0:14	0:3;0:43
15	45	0	35	0:23;0:35		0:23;0:35	
15	45	0	36	0:32	0:5		0:1
15	45	0	37	0:46	0:30		0:25
15	45	0	38	0:6;0:8	0:32	0:1	
15	45	0	39		0:40	0:33	
15	45	0	40			0:46	0:39
15	45	0	41		0:25	0:20	
15	45	0	42		0:43	0:7	0:27
15	45	0	43		0:34	0:16	0:42
15	45	0	44	0:8;0:13		0:0	0:14
15	45	0	45	0:30	0:21		
15	45	0	46	0:40		0:37	0:33
15	46	0	0				
16	1	0	0	0:23	0:10	0:11	0:10
16	1	0	1		0:7		
16	1	0	2	0:6;0:8;0:10;0:22;0:25	0:9;0:10;0:17;0:24;0:25	0:3;0:8;0:15;0:20	0:13;0:15;0:21
16	1	0	3	0:2;0:13	0:10	0:8	
16	1	0	4		0:10		
16	1	0	5	0:10	0:10;0:12	0:20	0:15
16	1	0	6	0:8		0:2	
16	1	0	7			0:12	0:1
16	1	0	8	0:2;0:3	0:10;0:24	0:2;0:6;0:10;0:24	0:10;0:20;0:25
16	1	0	9			0:15	0:2
16	1	0	10	0:8;0:10;0:11;0:14;0:22;0:25	0:0;0:8;0:10;0:12;0:17;0:18;0:22;0:23;0:24;0:25	0:2;0:5;0:10;0:12;0:13;0:15;0:17;0:18;0:24	0:0;0:2;0:3;0:4;0:5;0:8;0:10;0:11;0:16;0:20
16	1	0	11	0:0;0:16	0:10;0:12;0:22	0:10;0:18	0:23;0:24
16	1	0	12	0:7;0:10;0:22	0:15;0:20	0:15;0:20	0:5;0:10;0:11;0:20
16	1	0	13	0:10;0:17	0:2;0:23	0:3;0:20;0:24	
16	1	0	14		0:19	0:10	
16	1	0	15	0:2;0:9;0:10;0:12;0:18;0:20	0:2;0:5;0:15;0:20;0:21		0:12;0:15;0:17;0:18;0:20;0:21
16	1	0	16		0:10	0:11	0:24
16	1	0	17	0:10;0:20;0:25	0:15	0:13;0:25	0:2;0:10
16	1	0	18	0:10;0:11;0:18;0:19	0:15;0:20	0:15;0:18	0:10;0:19
16	1	0	19	0:24	0:18	0:18	0:14
16	1	0	20	0:2;0:5;0:12;0:13;0:20	0:8;0:10;0:12;0:15;0:20;0:21	0:15;0:17;0:20;0:21;0:22	0:12;0:15;0:18;0:20;0:25
16	1	0	21	0:20;0:25	0:2;0:15		0:15;0:20
16	1	0	22	0:20		0:2;0:10;0:12	0:10;0:11
16	1	0	23	0:24	0:11	0:0	0:10;0:13
16	1	0	24	0:8;0:10;0:13	0:11;0:16	0:19;0:23	0:2;0:8;0:10
16	1	0	25	0:17	0:8;0:20	0:2;0:10;0:17;0:21	0:2;0:10
16	2	0	0	0:0		0:0	
16	4	0	0	0:13;0:42;0:69;0:83;0:97;0:98	0:0;0:13;0:15;0:32;0:50;0:55;0:69;0:77;0:92	0:20;0:21;0:30;0:31;0:34;0:39;0:75;0:79;0:83;0:86	0:0;0:2;0:25;0:30;0:38;0:70;0:83
16	4	0	1	0:6;0:24;0:45;0:56;0:63;0:64;0:78;0:84	0:75	0:6;0:18	0:4;0:14;0:45;0:56;0:65;0:77;0:82
16	4	0	2	0:13;0:19;0:49;0:54;0:57;0:58;0:61;0:69;0:73;0:81;0:83;0:87;0:97;0:98	0:0;0:13;0:15;0:19;0:32;0:36;0:50;0:54;0:61;0:69;0:71;0:73;0:95;0:97;0:98	0:11;0:20;0:21;0:22;0:24;0:28;0:30;0:39;0:43;0:75;0:83;0:86;0:93;0:94	0:20;0:21;0:24;0:28;0:30;0:39;0:60;0:63;0:68;0:75;0:86;0:94;0:95
16	4	0	3	0:75	0:39	0:16	
16	4	0	4	0:36	0:1;0:84	0:78;0:84	0:22
16	4	0	5	0:21	0:39;0:60	0:35;0:49	0:16;0:47
16	4	0	6	0:1	0:16	0:1;0:15;0:27;0:36;0:42;0:46;0:51;0:56;0:65;0:72;0:73;0:76;0:85;0:90;0:97	0:15;0:36;0:51;0:56;0:65;0:73;0:81;0:97;0:98
16	4	0	7	0:12;0:38	0:75	0:41;0:59	0:75
16	4	0	8	0:48	0:74	0:39	0:39
16	4	0	9		0:75	0:56;0:65;0:76	0:36;0:81
16	4	0	10	0:30		0:36	0:97
16	4	0	11	0:2	0:45	0:56;0:84	0:36;0:56
16	4	0	12	0:43;0:49;0:58;0:69;0:81	0:17;0:45;0:85	0:7;0:26;0:34;0:57;0:82	0:16;0:39;0:75
16	4	0	13	0:13;0:25;0:31;0:42;0:57;0:70;0:83;0:93;0:97;0:98	0:13;0:22;0:23;0:25;0:31;0:32;0:36;0:37;0:42;0:57;0:71;0:97;0:98	0:0;0:2;0:13;0:25;0:49;0:69;0:92	0:0;0:2;0:13;0:25;0:35;0:49;0:66;0:69;0:83;0:92
16	4	0	14	0:15;0:50;0:55;0:80;0:90	0:1;0:21;0:46	0:18;0:29;0:44	0:20;0:75;0:89;0:91
16	4	0	15	0:6;0:27;0:65	0:6;0:24	0:14;0:58	0:0;0:2;0:30
16	4	0	16	0:3;0:75	0:5;0:12;0:19;0:26;0:39;0:43;0:58;0:73;0:80;0:81;0:83;0:97	0:21;0:28;0:38;0:39;0:60;0:75;0:83;0:94	0:6;0:59;0:62
16	4	0	17	0:97	0:97	0:66;0:89	0:12;0:22
16	4	0	18	0:1;0:14;0:75;0:86	0:28;0:75	0:59	
16	4	0	19	0:24;0:63;0:72	0:71;0:83;0:97;0:98	0:2	0:2;0:16;0:89
16	4	0	20	0:0;0:2	0:2;0:14;0:86	0:59	0:59
16	4	0	21	0:0;0:2;0:16;0:39;0:49;0:69	0:2;0:39;0:49;0:69;0:73;0:86	0:5;0:36;0:42;0:51;0:56;0:63;0:65;0:72;0:85;0:97	0:14;0:22;0:26;0:56;0:61;0:65;0:81;0:84;0:97;0:98
16	4	0	22	0:2;0:43;0:49;0:69;0:83	0:4;0:17;0:21;0:45	0:32;0:50;0:57;0:71	0:13;0:43;0:49;0:83
16	4	0	23	0:23;0:27;0:56;0:65	0:56;0:62;0:78;0:84	0:23;0:55;0:97	0:13
16	4	0	24	0:2;0:39;0:43;0:85	0:2;0:39;0:43;0:71;0:79;0:91;0:94	0:1;0:19;0:56;0:63;0:73;0:84;0:98	0:15;0:51;0:56;0:65;0:73;0:84;0:97;0:98
16	4	0	25	0:13;0:39;0:69	0:0;0:13;0:35	0:13	0:13;0:35;0:83
16	4	0	26	0:12	0:21;0:66	0:32	0:16;0:83
16	4	0	27	0:6;0:27;0:56;0:63;0:65;0:66;0:72	0:75	0:15;0:23;0:27;0:46;0:73	0:57;0:65;0:71;0:84;0:97
16	4	0	28	0:2;0:16;0:28;0:39;0:43;0:75;0:94	0:2;0:38;0:39;0:43;0:49;0:50;0:58	0:28;0:39;0:43;0:75	0:18
16	4	0	29	0:14	0:63	0:88	
16	4	0	30	0:0;0:2;0:49;0:69;0:73	0:0;0:2;0:15;0:67	0:10;0:59	0:75;0:79;0:86
16	4	0	31	0:0	0:57;0:71	0:13	0:13;0:69
16	4	0	32	0:22;0:26;0:36	0:56;0:65;0:68;0:72;0:84	0:45;0:50;0:57;0:71	0:0;0:2;0:13;0:43;0:49;0:69;0:83
16	4	0	33	0:95	0:83	0:39	0:39
16	4	0	34	0:0;0:12		0:40;0:71;0:80	0:39;0:75
16	4	0	35	0:5;0:43	0:13;0:25		0:25;0:37
16	4	0	36	0:6;0:10;0:21;0:56;0:65;0:84;0:89	0:6;0:9;0:11;0:46;0:63;0:64;0:65;0:68;0:89	0:4;0:32;0:45;0:50;0:54;0:57;0:58;0:71	0:2;0:13;0:42;0:43;0:49;0:69
16	4	0	37	0:47	0:35		0:13
16	4	0	38	0:16;0:69;0:73	0:0;0:43	0:7;0:86;0:94	0:28;0:85
16	4	0	39	0:0;0:2;0:8;0:16;0:28;0:33;0:39;0:43;0:76;0:81;0:85;0:94;0:96	0:2;0:8;0:12;0:33;0:34;0:39;0:43;0:48;0:49;0:52;0:58;0:69;0:73;0:76;0:83	0:21;0:24;0:25;0:28;0:39;0:43;0:75;0:83;0:86;0:94	0:3;0:5;0:16;0:21;0:24;0:28;0:39;0:43;0:63;0:68;0:75;0:76;0:86;0:89;0:94;0:99
16	4	0	40	0:34;0:90			
16	4	0	41	0:7			0:64
16	4	0	42	0:6;0:21;0:63;0:65;0:78	0:36;0:93;0:97	0:0;0:13;0:69	0:13;0:69;0:83
16	4	0	43	0:2;0:28;0:39;0:43;0:58;0:76	0:22;0:32;0:36;0:39;0:57;0:71;0:73;0:83	0:12;0:22;0:24;0:28;0:35;0:39;0:43;0:49;0:75;0:83;0:95	0:16;0:24;0:28;0:38;0:39;0:63;0:66;0:75;0:85;0:94
16	4	0	44	0:14		0:48	0:85
16	4	0	45	0:32;0:36	0:1;0:84;0:89	0:1;0:56;0:65;0:84	0:11;0:12;0:22
16	4	0	46	0:6;0:27		0:59	0:14;0:36;0:73
16	4	0	47	0:98	0:5	0:37	0:93
16	4	0	48	0:44		0:8	0:39
16	4	0	49	0:5;0:13;0:43;0:57;0:69;0:97	0:13;0:22;0:32;0:36;0:70;0:77;0:97;0:98	0:2;0:12;0:21;0:22;0:30;0:69	0:21;0:28;0:39;0:85
16	4	0	50	0:22;0:32;0:36;0:77	0:56;0:65;0:85	0:14;0:55;0:71;0:96	0:0;0:2;0:28
16	4	0	51	0:6;0:21;0:65;0:84	0:6;0:24;0:63;0:66	0:65;0:84	0:65;0:71
16	4	0	52	0:74	0:80	0:91	0:39
16	4	0	53	0:88	0:84	0:58	
16	4	0	54	0:36	0:72	0:2	0:2
16	4	0	55	0:23;0:50	0:56	0:14;0:71	0:0
16	4	0	56	0:6;0:9;0:11;0:21;0:24;0:45;0:56;0:68;0:84;0:89	0:1;0:6;0:11;0:21;0:24;0:56;0:63;0:78;0:85	0:1;0:23;0:27;0:36;0:56;0:65;0:68;0:73;0:77;0:84;0:85;0:97	0:23;0:32;0:50;0:55;0:56;0:57;0:58;0:65;0:71;0:84;0:97
16	4	0	57	0:12;0:22;0:32;0:36	0:27;0:56;0:65;0:68;0:85	0:2;0:13;0:49;0:69	0:13;0:31;0:43;0:69;0:83
16	4	0	58	0:15;0:36;0:53;0:80	0:56;0:65;0:84	0:2;0:12;0:43	0:16;0:28;0:39
16	4	0	59	0:7;0:18;0:20;0:30;0:46;0:75	0:16;0:20;0:75;0:82	0:97	
16	4	0	60	0:16	0:2;0:83	0:70	0:5
16	4	0	61		0:21	0:2	0:2
16	4	0	62		0:16	0:65;0:78;0:84	0:23;0:65
16	4	0	63	0:21;0:24;0:89	0:2;0:39;0:43;0:96	0:1;0:19;0:27;0:42;0:65;0:84;0:98;0:99	0:29;0:36;0:51;0:56;0:73;0:84;0:98
16	4	0	64	0:78	0:41	0:1	0:36
16	4	0	65	0:6;0:9;0:21;0:45;0:51;0:56;0:62;0:63;0:71;0:84	0:1;0:6;0:21;0:24;0:27;0:51;0:56;0:62;0:84;0:85;0:99	0:15;0:23;0:27;0:36;0:42;0:51;0:84;0:97	0:32;0:36;0:50;0:57;0:58;0:97;0:98
16	4	0	66	0:17;0:68;0:94	0:13;0:43;0:91	0:27;0:68;0:75	0:26;0:51
16	4	0	67	0:77			0:30
16	4	0	68	0:56;0:66;0:84;0:89	0:2;0:39;0:73;0:90	0:56;0:66;0:89;0:97	0:32;0:36;0:57;0:84
16	4	0	69	0:13;0:42;0:49;0:57;0:83;0:97;0:98	0:13;0:31;0:32;0:36;0:42;0:57;0:71;0:97;0:98	0:0;0:2;0:12;0:21;0:22;0:25;0:30;0:38;0:49	0:0;0:2;0:21;0:39;0:87
16	4	0	70	0:60	0:0	0:13	0:49
16	4	0	71	0:22;0:32;0:34;0:36;0:50;0:55	0:27;0:51;0:56;0:84;0:89;0:99	0:65;0:73;0:81;0:97;0:98	0:2;0:13;0:19;0:24;0:31;0:43;0:69;0:83
16	4	0	72	0:6;0:21		0:19;0:27	0:32;0:54
16	4	0	73	0:6;0:24;0:27;0:56;0:71	0:6;0:24;0:46;0:63;0:89	0:2;0:30;0:38;0:83;0:91	0:2;0:16;0:21;0:39;0:43;0:68
16	4	0	74			0:52	0:8
16	4	0	75	0:0;0:2;0:16;0:28;0:39;0:43;0:66;0:85;0:94	0:2;0:7;0:12;0:14;0:30;0:34;0:39;0:43;0:75;0:81;0:83;0:86;0:94;0:95;0:96	0:3;0:16;0:18;0:28;0:59;0:87	0:1;0:7;0:9;0:18;0:27;0:59;0:75;0:82
16	4	0	76	0:6;0:9	0:39;0:87	0:39;0:43	0:39
16	4	0	77	0:56	0:1	0:50;0:67	0:0;0:49
16	4	0	78	0:4;0:62;0:78		0:1;0:42;0:64;0:78	0:23;0:56;0:90;0:97
16	4	0	79	0:0	0:30	0:97	0:24
16	4	0	80	0:34		0:14;0:58	0:16;0:52
16	4	0	81	0:71	0:6;0:9;0:21	0:2;0:12;0:39;0:83	0:16;0:75;0:99
16	4	0	82	0:12;0:95	0:1;0:75		0:59
16	4	0	83	0:0;0:2;0:16;0:39;0:43;0:73;0:81;0:85	0:0;0:13;0:22;0:25;0:26;0:32;0:42;0:57;0:71;0:83;0:97	0:0;0:2;0:13;0:22;0:69	0:16;0:19;0:33;0:39;0:43;0:60;0:75;0:83;0:85
16	4	0	84	0:4;0:11;0:24;0:45;0:51;0:56;0:62;0:63;0:65;0:84	0:21;0:24;0:27;0:56;0:63;0:68;0:84;0:85;0:89	0:1;0:36;0:51;0:56;0:65;0:68;0:84;0:85	0:4;0:23;0:32;0:45;0:53;0:58;0:65;0:71;0:84;0:88;0:97
16	4	0	85	0:6;0:21;0:56;0:84;0:89	0:38;0:43;0:44;0:49;0:83;0:97	0:24;0:39;0:75;0:83;0:95	0:12;0:50;0:56;0:57;0:65;0:84
16	4	0	86	0:0;0:2;0:38;0:39	0:2;0:30;0:39	0:18	0:20;0:21;0:75;0:91
16	4	0	87	0:75	0:69	0:2	0:76
16	4	0	88	0:29	0:84	0:53	
16	4	0	89	0:17;0:68;0:99	0:14;0:19;0:39	0:36;0:56;0:63;0:68;0:85;0:98	0:36;0:45;0:71;0:73;0:84;0:98
16	4	0	90	0:6	0:78	0:14;0:40	0:68;0:91
16	4	0	91	0:52;0:73	0:14;0:86;0:90		0:24;0:66
16	4	0	92	0:13	0:13		0:0
16	4	0	93	0:2	0:47	0:13	0:42
16	4	0	94	0:2;0:16;0:38;0:39	0:2;0:39;0:43	0:28;0:39;0:66;0:75	0:24;0:75
16	4	0	95	0:43;0:85	0:2	0:33;0:82	0:2;0:75
16	4	0	96	0:50		0:39	0:63;0:75
16	4	0	97	0:6;0:21;0:23;0:56;0:59;0:65;0:68;0:71;0:79	0:6;0:10;0:21;0:24;0:27;0:56;0:65;0:78;0:84	0:0;0:2;0:13;0:17;0:49;0:69	0:2;0:13;0:16;0:17;0:19;0:42;0:49;0:69;0:83;0:85
16	4	0	98	0:24;0:63;0:71;0:89	0:6;0:21;0:24;0:63;0:65;0:89	0:0;0:2;0:13;0:47;0:69	0:2;0:13;0:19;0:49;0:69
16	4	0	99	0:63	0:39;0:81	0:89	0:65;0:71
16	7	0	0				0:2
16	7	0	1	0:2		0:2	
16	7	0	2	0:1	0:0	0:1	0:3
16	7	0	3		0:2		
16	18	0	0				
16	20	0	0				
16	26	0	0	0:0	0:0	0:0	0:0
16	28	0	0				
16	49	0	0	0:2			
16	49	0	1	0:4			
16	49	0	2			0:0	0:3
16	49	0	3		0:2		0:4
16	49	0	4		0:3	0:1	
16	52	0	0				
17	1	0	0	0:0;0:2	0:0	0:0	0:0
17	1	0	1		0:3		
17	1	0	2	0:2	0:2	0:0;0:2;0:3	0:2;0:5
17	1	0	3	0:2	0:3		0:1;0:3
17	1	0	4			0:5	0:6
17	1	0	5	0:4	0:2		
17	1	0	6		0:4		
17	2	0	0	0:0	0:0;0:1;0:2	0:0;0:1	0:0
17	2	0	1	0:0;0:2	0:1		0:0;0:1
17	2	0	2		0:2;0:3	0:1	0:0;0:2
17	2	0	3				0:2
17	7	0	0	0:0;0:10;0:11;0:14	0:3;0:6;0:7;0:11;0:18;0:20	0:0;0:4;0:5;0:6;0:20	
17	7	0	1	0:3;0:6;0:7;0:11;0:13;0:18;0:20	0:1;0:3;0:6;0:17;0:20;0:24		0:1;0:3;0:6;0:9;0:14;0:20
17	7	0	2		0:6;0:9		0:9;0:15
17	7	0	3	0:3;0:4;0:7;0:11;0:12;0:20	0:1;0:3;0:4;0:7;0:9;0:11;0:12;0:13;0:20;0:21	0:1;0:3;0:4;0:6;0:20	0:0;0:1;0:3;0:5;0:6;0:18;0:20;0:22
17	7	0	4	0:0;0:3;0:4;0:5;0:12;0:20	0:4;0:7;0:11;0:16;0:20	0:3;0:4;0:14;0:20	0:3;0:4;0:11;0:14;0:16;0:20;0:22
17	7	0	5	0:0;0:14	0:3;0:6;0:11;0:20	0:4;0:6;0:20	
17	7	0	6	0:0;0:3;0:5;0:6;0:7;0:11;0:12;0:13;0:18;0:20;0:21;0:22	0:1;0:3;0:6;0:7;0:11;0:12;0:13;0:18;0:19;0:20;0:21	0:1;0:6;0:7;0:14;0:20;0:21;0:22	0:0;0:1;0:2;0:5;0:6;0:9;0:11;0:13;0:14;0:18;0:20;0:22
17	7	0	7	0:6;0:7;0:11;0:12;0:18;0:20;0:21;0:22		0:1;0:3;0:6;0:7;0:14;0:20;0:21	0:0;0:3;0:4;0:6;0:18;0:20;0:22
17	7	0	8		0:9	0:10	
17	7	0	9		0:1;0:2;0:6;0:9;0:15;0:16;0:19;0:20;0:24		0:2;0:3;0:8;0:9;0:11;0:15
17	7	0	10	0:8;0:10		0:0;0:10	
17	7	0	11		0:4;0:6;0:9;0:11;0:12;0:13;0:16;0:18;0:20;0:21;0:24	0:0;0:1;0:3;0:6;0:7;0:14;0:17;0:20;0:22	0:0;0:3;0:4;0:5;0:6;0:11;0:13;0:16;0:18;0:20;0:24
17	7	0	12			0:3;0:4;0:6;0:7;0:14;0:23	0:3;0:6;0:11;0:20
17	7	0	13		0:6;0:11;0:13;0:20	0:1;0:6;0:20	0:3;0:6;0:11;0:13;0:14;0:18;0:20
17	7	0	14	0:4;0:6;0:7;0:11;0:12;0:18;0:20	0:1;0:4;0:6;0:13;0:16;0:20	0:0;0:5;0:20	
17	7	0	15		0:2;0:9		0:9;0:16
17	7	0	16		0:4;0:11;0:15		0:4;0:9;0:11;0:14;0:20;0:24
17	7	0	17	0:11			0:1
17	7	0	18		0:3;0:6;0:7;0:11;0:13;0:18;0:20;0:21;0:24	0:1;0:6;0:7;0:14;0:20;0:22	0:0;0:6;0:11;0:18;0:20;0:22;0:24
17	7	0	19				0:6;0:9
17	7	0	20	0:0;0:3;0:4;0:5;0:6;0:7;0:11;0:13;0:14;0:18;0:20;0:21;0:22	0:1;0:3;0:4;0:6;0:7;0:11;0:12;0:13;0:16;0:18;0:20;0:21;0:24	0:1;0:3;0:4;0:6;0:7;0:14;0:20;0:22	0:0;0:1;0:3;0:4;0:5;0:6;0:9;0:11;0:13;0:14;0:18;0:20;0:22
17	7	0	21	0:6;0:7;0:21;0:23		0:6;0:7;0:20;0:21	0:3;0:6;0:11;0:18;0:20;0:22
17	7	0	22	0:6;0:11;0:18;0:20;0:22	0:3;0:4;0:6;0:7;0:18;0:20;0:21	0:6;0:7;0:20;0:22	
17	7	0	23	0:12		0:21	
17	7	0	24		0:11;0:16;0:18;0:24		0:1;0:9;0:11;0:18;0:20;0:24
17	14	0	0		0:5	0:11	0:4
17	14	0	1	0:1;0:2;0:3;0:4;0:7;0:11	0:1;0:3;0:5;0:7;0:11	0:1;0:3;0:5;0:7;0:11	0:1;0:5;0:7;0:11
17	14	0	2			0:1	0:5
17	14	0	3	0:1;0:3;0:7;0:11	0:5;0:11;0:12	0:1;0:3;0:5;0:11;0:12	0:1;0:5;0:12
17	14	0	4		0:0;0:5	0:1;0:11	
17	14	0	5	0:1;0:3;0:5;0:11;0:12	0:1;0:2;0:3;0:5;0:7;0:11	0:5;0:7;0:11	0:0;0:1;0:3;0:4;0:5;0:7;0:11
17	14	0	6		0:8		0:9
17	14	0	7	0:1;0:5	0:1;0:5;0:11	0:1;0:3;0:11;0:12	0:1;0:5;0:10;0:11
17	14	0	8		0:10		0:6
17	14	0	9		0:6		0:11
17	14	0	10		0:7		0:8
17	14	0	11	0:0;0:1;0:3;0:4;0:5;0:7	0:1;0:5;0:7;0:9	0:1;0:3;0:5	0:1;0:3;0:5;0:7
17	14	0	12	0:3;0:7	0:3	0:5	0:3
17	15	0	0	0:0		0:0	0:2
17	15	0	1	0:1	0:2	0:1	
17	15	0	2	0:2	0:0;0:2	0:2	0:1;0:2
17	17	0	0				
17	17	1	0				
17	20	0	0				
17	21	0	0				
17	22	0	0				
17	25	0	0	0:0;0:1;0:6;0:7;0:9;0:10	0:3;0:4;0:9	0:0;0:1;0:6;0:9;0:10	0:2;0:5;0:8;0:9
17	25	0	1	0:0;0:1;0:5	0:3;0:4;0:9	0:0;0:1;0:6	0:2;0:8
17	25	0	2	0:2;0:8	0:0;0:1;0:5;0:6	0:2;0:8	
17	25	0	3	0:3;0:4		0:3;0:4	0:0;0:1;0:5;0:6;0:7;0:10
17	25	0	4	0:3		0:3	0:0;0:1;0:6;0:7;0:10
17	25	0	5	0:5;0:6;0:9	0:0;0:3;0:9	0:1;0:5;0:6;0:7;0:9	0:2;0:6;0:9
17	25	0	6	0:0;0:1;0:5;0:6;0:9;0:10	0:3;0:4;0:5;0:10	0:0;0:5;0:6;0:7;0:10	0:2;0:8;0:9;0:10
17	25	0	7	0:5;0:6	0:3;0:4	0:0;0:10	0:8
17	25	0	8	0:2	0:0;0:1;0:6;0:7	0:2	
17	25	0	9	0:0;0:5;0:9	0:0;0:5;0:6;0:9	0:0;0:5;0:6;0:9	0:0;0:1;0:5;0:9
17	25	0	10	0:0;0:6;0:7;0:10	0:3;0:4;0:6	0:0;0:6;0:10	0:6
17	26	0	0		0:0		0:0
17	29	0	0		0:0;0:1;0:2		0:0;0:2;0:5;0:6
17	29	0	1				0:0;0:2
17	29	0	2		0:0;0:1;0:2;0:4		0:0;0:2;0:6
17	29	0	3	0:3;0:7		0:3;0:4;0:7	
17	29	0	4	0:3			0:2
17	29	0	5	0:7	0:0		
17	29	0	6		0:0;0:2		
17	29	0	7	0:3;0:7		0:3;0:5;0:7	
17	41	0	0				
17	44	0	0			0:10	0:9
17	44	0	1	0:9;0:12	0:10	0:10;0:12	
17	44	0	2		0:12	0:10	
17	44	0	3				0:10
17	44	0	4		0:10		
17	44	0	5	0:9;0:10	0:10		
17	44	0	6			0:11	
17	44	0	7		0:10	0:11	
17	44	0	8	0:10	0:10		
17	44	0	9		0:0	0:1;0:5;0:10	
17	44	0	10	0:0;0:1;0:2;0:9;0:10	0:3;0:10	0:5;0:8;0:10	0:1;0:4;0:5;0:7;0:8;0:10;0:11
17	44	0	11	0:6;0:7;0:11	0:10	0:11	
17	44	0	12	0:1		0:1	0:2
17	45	0	0		0:22	0:37	
17	45	0	1	0:11;0:31		0:12;0:31	0:18;0:30
17	45	0	2	0:30	0:12;0:34	0:26	0:4
17	45	0	3		0:21	0:28	
17	45	0	4	0:18	0:2	0:20	0:12;0:29
17	45	0	5	0:20	0:16		0:35
17	45	0	6	0:23	0:29	0:38	
17	45	0	7	0:14	0:15		0:16
17	45	0	8	0:22		0:36	0:37
17	45	0	9	0:10		0:24	
17	45	0	10	0:28	0:18	0:9	
17	45	0	11	0:11;0:19		0:1;0:11;0:31	0:18;0:30
17	45	0	12	0:1;0:18;0:30	0:4	0:14;0:32;0:39	0:2;0:34
17	45	0	13		0:27	0:21	
17	45	0	14	0:12;0:34	0:39	0:7	0:26
17	45	0	15	0:39			0:7
17	45	0	16	0:26	0:7		0:5
17	45	0	17			0:19	0:40
17	45	0	18	0:21	0:1;0:11;0:18;0:30	0:4;0:12;0:29;0:34	0:10;0:18;0:23;0:28
17	45	0	19	0:17		0:11;0:25	
17	45	0	20	0:4	0:26	0:5	0:32
17	45	0	21	0:13		0:18	0:3
17	45	0	22			0:8	0:0
17	45	0	23	0:23;0:24;0:28	0:18	0:6;0:23;0:24	
17	45	0	24	0:9;0:23;0:24;0:28		0:23;0:24	
17	45	0	25	0:19			0:30
17	45	0	26	0:2	0:14	0:16	0:20
17	45	0	27	0:37	0:36		0:13
17	45	0	28	0:3	0:18	0:10;0:23;0:24	
17	45	0	29	0:18	0:4	0:32	0:6
17	45	0	30		0:1;0:11;0:25	0:2;0:12	0:18
17	45	0	31	0:1;0:11;0:31		0:1;0:31	
17	45	0	32	0:12;0:29	0:20	0:35	0:38
17	45	0	33	0:38	0:35		
17	45	0	34	0:18	0:12	0:14	0:2
17	45	0	35	0:32	0:5		0:33
17	45	0	36	0:8	0:41		0:27
17	45	0	37	0:0	0:8	0:27	
17	45	0	38	0:6	0:32	0:33	
17	45	0	39	0:12		0:15	0:14
17	45	0	40	0:41	0:17		
17	45	0	41			0:40	0:36
17	46	0	0				
17	49	0	0		0:3	0:2	
17	49	1	0		1:3	1:4	
17	49	1	1			1:2	1:3
17	49	1	2	1:1			
17	49	2	0	2:9	2:5		
17	49	3	0		3:8	3:7	
17	49	1	3		1:1		1:0
17	49	3	1		3:6	3:4	3:8
17	49	2	1			2:6	2:8
17	49	0	1	0:3			0:2
17	49	3	2			3:5	3:6
17	49	2	2	2:7			
17	49	3	3	3:6;3:8	3:5		3:4
17	49	0	2	0:0	0:1		
17	49	2	3		2:8	2:5	2:9
17	49	2	4		2:9		2:7
17	49	3	4	3:1	3:3		
17	49	1	4	1:0			
17	49	2	5	2:3			2:0
17	49	2	6	2:1			
17	49	3	5	3:2			3:3
17	49	3	6		3:2	3:3	3:1
17	49	3	7	3:0			
17	49	0	3			0:1	0:0
17	49	2	7		2:4	2:2	
17	49	2	8		2:1		2:3
17	49	3	8		3:1	3:3	3:0
17	49	2	9		2:3	2:0	2:4
18	1	0	0	0:43	0:6;0:35	0:35	
18	1	0	1	0:12;0:27		0:12	0:12
18	1	0	2	0:2;0:4;0:5;0:7;0:23;0:29;0:39;0:42;0:51	0:2;0:5;0:9;0:19;0:33;0:41;0:42;0:45;0:50	0:2;0:9;0:11;0:13;0:16;0:20;0:33;0:46;0:48	0:2;0:5;0:7;0:14;0:20;0:29;0:37;0:46;0:51
18	1	0	3	0:34	0:36		0:7
18	1	0	4		0:23	0:2	0:5
18	1	0	5	0:13;0:34	0:2;0:4;0:36;0:41;0:42	0:2;0:20;0:33;0:44;0:46	0:2;0:7;0:10
18	1	0	6		0:24	0:12	0:0
18	1	0	7	0:20;0:34;0:41	0:2;0:3;0:5;0:42	0:2;0:13;0:20;0:29	0:18;0:23;0:34
18	1	0	8	0:28	0:34	0:40	0:42
18	1	0	9	0:2	0:16	0:21	0:2
18	1	0	10	0:34	0:5	0:34	0:34
18	1	0	11	0:2	0:31	0:48	0:34
18	1	0	12	0:1;0:6;0:22;0:25;0:30	0:1;0:47	0:1;0:30	0:15;0:25;0:30;0:32;0:35;0:50
18	1	0	13	0:2;0:7	0:16;0:34;0:46	0:5;0:34	0:34
18	1	0	14		0:2	0:34	0:34
18	1	0	15		0:12		0:34
18	1	0	16	0:2	0:16;0:20;0:21;0:38	0:34;0:52	0:9;0:13;0:16
18	1	0	17	0:34	0:32		0:34
18	1	0	18	0:20;0:34	0:7;0:20;0:34	0:34	
18	1	0	19	0:40	0:22	0:50	0:2
18	1	0	20	0:2;0:5;0:7	0:2;0:33;0:41;0:48	0:7;0:18;0:34;0:41	0:16;0:18;0:34;0:43
18	1	0	21	0:9;0:34			0:16;0:34
18	1	0	22	0:34	0:22;0:27	0:12	0:19;0:22;0:47
18	1	0	23	0:34	0:7;0:34;0:45	0:2	0:4;0:31
18	1	0	24			0:47	0:6
18	1	0	25	0:38	0:12	0:12	
18	1	0	26			0:34	
18	1	0	27	0:28;0:34	0:34	0:1	0:22
18	1	0	28	0:34;0:53		0:8;0:27;0:34	0:34
18	1	0	29	0:7	0:2;0:39	0:2	0:34
18	1	0	30	0:12	0:12	0:12	
18	1	0	31	0:45	0:23	0:37	0:11
18	1	0	32		0:12		0:17
18	1	0	33	0:2;0:5	0:34;0:38	0:38	0:2;0:20
18	1	0	34	0:10;0:13;0:14;0:16;0:18;0:20;0:26;0:28;0:34;0:36;0:38;0:41;0:43;0:44;0:48;0:49	0:7;0:10;0:11;0:13;0:14;0:15;0:17;0:20;0:21;0:28;0:29;0:34;0:46	0:3;0:5;0:7;0:10;0:17;0:18;0:21;0:22;0:23;0:27;0:28;0:34;0:36;0:42;0:43;0:49;0:51	0:8;0:13;0:18;0:23;0:27;0:33;0:34;0:40;0:41;0:42;0:43;0:44;0:45;0:53
18	1	0	35	0:0	0:12		0:0
18	1	0	36	0:34	0:41;0:48	0:34	0:3;0:5
18	1	0	37	0:31	0:2		0:48
18	1	0	38	0:33;0:50		0:25;0:34	0:16;0:33
18	1	0	39	0:42	0:40	0:2	0:29
18	1	0	40	0:8	0:34	0:19	0:39
18	1	0	41	0:20;0:41	0:34	0:7;0:34;0:41	0:2;0:5;0:20;0:36
18	1	0	42	0:34	0:8;0:34	0:2;0:39	0:2;0:5;0:7
18	1	0	43	0:34;0:46	0:20;0:34	0:0;0:34	
18	1	0	44	0:5	0:34	0:34	0:48
18	1	0	45		0:34	0:31	0:2;0:23
18	1	0	46	0:2;0:5	0:2;0:48	0:43	0:13;0:34
18	1	0	47	0:24	0:22		0:12
18	1	0	48	0:2;0:11	0:37;0:44;0:48	0:34	0:20;0:36;0:46;0:48
18	1	0	49	0:34		0:34	
18	1	0	50	0:19	0:12	0:38	0:2
18	1	0	51	0:34	0:2	0:2	
18	1	0	52	0:16			
18	1	0	53		0:34	0:28	
18	2	0	0		0:1		
18	2	0	1	0:1		0:1	0:0
18	4	0	0		0:32	0:13	
18	4	0	1		0:11	0:5	0:30
18	4	0	2	0:4;0:13	0:26	0:9;0:17	0:12;0:45
18	4	0	3	0:13			0:23
18	4	0	4	0:11	0:26;0:47	0:2;0:50	0:20
18	4	0	5	0:1	0:13	0:23	0:36
18	4	0	6	0:13;0:25;0:31;0:36	0:9;0:23;0:26	0:9;0:17;0:26	0:11;0:19;0:25;0:42
18	4	0	7	0:12;0:16	0:13;0:42	0:23;0:24	0:36;0:44
18	4	0	8	0:38		0:31	0:36
18	4	0	9	0:2;0:6			0:6;0:13;0:14;0:43
18	4	0	10		0:42	0:27	
18	4	0	11	0:18;0:20;0:30	0:6;0:36	0:4;0:13;0:42;0:43	0:1;0:12;0:29
18	4	0	12	0:29	0:2;0:11;0:36	0:7;0:27;0:42	
18	4	0	13	0:0;0:11;0:19	0:9;0:26;0:47;0:48	0:2;0:3;0:6;0:50	0:5;0:7;0:20;0:29
18	4	0	14	0:45	0:9		0:29
18	4	1	0				
18	4	0	15	0:22	0:49	0:40	0:29
18	4	0	16	0:28;0:42	0:17;0:19;0:44	0:7;0:34	0:24;0:27
18	4	0	17	0:2;0:6	0:22;0:39		0:16;0:27
18	4	0	18		0:31	0:11	
18	4	0	19	0:41	0:6	0:13	0:16
18	4	0	20		0:4;0:13;0:25	0:11;0:45	
18	4	0	21		0:38	0:36	0:30
18	4	0	22	0:26		0:15;0:38	0:17;0:39
18	4	0	23	0:5;0:7	0:3;0:50	0:39	0:6;0:44
18	4	0	24	0:7	0:16	0:44	0:37
18	4	0	25		0:6	0:6	0:20
18	4	0	26	0:6;0:33;0:47		0:22	0:2;0:4;0:6;0:13
18	4	0	27	0:10;0:12	0:16;0:17		
18	4	0	28	0:37	0:44	0:16	
18	4	0	29	0:39	0:11;0:13;0:14;0:15	0:12;0:35	
18	4	0	30		0:1;0:21	0:11;0:36	
18	4	0	31	0:8	0:33	0:6	0:18;0:41
18	4	0	32			0:47	0:0
18	4	0	33			0:26	0:31
18	4	0	34	0:16;0:40			
18	4	0	35	0:29	0:40		
18	4	0	36	0:21;0:30	0:5;0:7;0:8	0:6;0:37;0:41	0:11;0:12
18	4	0	37	0:36	0:24	0:28	
18	4	0	38	0:22		0:8	0:21
18	4	0	39	0:23	0:22	0:29	0:17
18	4	0	40	0:15		0:34	0:35
18	4	0	41	0:36	0:31	0:19	0:42
18	4	0	42	0:11;0:12	0:6;0:41	0:16	0:7;0:10
18	4	0	43	0:11	0:9		
18	4	0	44	0:24;0:44	0:7;0:23	0:44	0:16;0:28
18	4	0	45	0:20	0:2	0:14	
18	4	0	46			0:47	
18	4	0	47	0:32;0:46		0:26	0:4;0:13
18	4	0	48				0:13
18	4	0	49				0:15
18	4	0	50	0:4;0:13			0:23
18	6	0	0		0:1	0:3	
18	6	0	1			0:2	0:0
18	6	0	2	0:1			0:3
18	6	0	3	0:0	0:2		
18	6	1	0				
18	16	0	0				
18	16	1	0				
19	1	0	0	0:13;0:26	0:25;0:26	0:5;0:13;0:20;0:22	0:5;0:8;0:15
19	1	0	1	0:4	0:8;0:15;0:29;0:44	0:4;0:34	
19	1	0	2		0:4	0:13;0:44;0:53	0:4
19	1	0	3	0:24;0:57	0:28;0:41;0:57	0:4	0:7
19	1	0	4	0:1;0:3;0:4;0:10;0:13;0:14;0:15;0:20;0:36;0:38;0:44;0:48;0:53;0:56	0:2;0:4;0:6;0:9;0:12;0:17;0:18;0:20;0:21;0:26;0:34;0:47;0:50;0:53	0:1;0:4;0:8;0:18;0:24;0:25;0:32;0:33;0:34;0:36;0:40;0:45;0:47;0:56;0:58	0:2;0:4;0:9;0:19;0:25;0:38;0:40;0:43;0:48;0:49;0:51;0:56
19	1	0	5	0:0;0:5;0:29;0:37;0:51;0:54	0:0;0:5;0:8;0:13;0:15;0:19;0:29;0:31;0:44;0:51;0:52	0:5;0:6;0:10;0:13;0:20;0:26;0:31;0:44;0:52;0:53;0:59	0:5;0:20;0:26;0:30;0:31;0:53;0:59
19	1	0	6	0:5;0:18	0:53		0:4
19	1	0	7	0:47	0:3	0:9	
19	1	0	8	0:4;0:27	0:0;0:29;0:37;0:56	0:10;0:20;0:44	0:1;0:5;0:18;0:37;0:53
19	1	0	9	0:7	0:4		0:4
19	1	0	10	0:5;0:8;0:16;0:18;0:54		0:4;0:50;0:56	
19	1	0	11		0:43		0:45
19	1	0	12			0:53	0:4
19	1	0	13	0:0;0:2;0:5;0:18;0:29;0:37;0:52	0:20;0:22	0:0;0:4	0:5;0:18;0:20;0:53
19	1	0	14	0:25		0:4	0:20
19	1	0	15	0:23	0:0;0:31;0:56	0:4	0:1;0:5;0:18;0:20;0:36
19	1	0	16	0:18		0:10	
19	1	0	17	0:42			0:4
19	1	0	18	0:4;0:20;0:23;0:36;0:38	0:8;0:13;0:15;0:19;0:29;0:37;0:44	0:6;0:10;0:13;0:16;0:20;0:26;0:31;0:44	0:4;0:29
19	1	0	19		0:4;0:53	0:35;0:51	0:5;0:18
19	1	0	20	0:0;0:5;0:8;0:18;0:29;0:52	0:5;0:13;0:14;0:15;0:44;0:56	0:4;0:18	0:4;0:13;0:34;0:44
19	1	0	21	0:26			0:4
19	1	0	22	0:0	0:53		0:13;0:44
19	1	0	23			0:15;0:18	0:29
19	1	0	24	0:4	0:33;0:57	0:3;0:57	
19	1	0	25	0:4	0:4	0:14;0:51;0:56	0:0;0:32
19	1	0	26	0:5;0:18;0:30	0:5;0:35;0:52;0:60	0:0;0:21;0:27;0:53;0:54	0:0;0:4;0:29
19	1	0	27	0:26;0:59	0:52;0:53;0:59	0:8	
19	1	0	28	0:46			0:3
19	1	0	29	0:36	0:18;0:23;0:26;0:36	0:5;0:13;0:20;0:44;0:52;0:53;0:60	0:1;0:5;0:8;0:18;0:37
19	1	0	30	0:59	0:5;0:52	0:26	
19	1	0	31	0:5;0:18;0:59	0:5;0:44		0:5;0:15;0:53
19	1	0	32	0:4	0:25;0:54	0:39	
19	1	0	33	0:4;0:36	0:33;0:46;0:55;0:58	0:41	0:24;0:33;0:47;0:57
19	1	0	34	0:1;0:4	0:20		0:4
19	1	0	35	0:19			0:26
19	1	0	36	0:4;0:36	0:15;0:36;0:50	0:4;0:18;0:29;0:33;0:36	0:29;0:36
19	1	0	37		0:8;0:29	0:5;0:13	0:8;0:18
19	1	0	38	0:45;0:57	0:4	0:4;0:18	0:57
19	1	0	39	0:32	0:44;0:51		
19	1	0	40	0:4	0:4;0:54		
19	1	0	41	0:33;0:57		0:42	0:3
19	1	0	42	0:41		0:17	
19	1	0	43		0:4		0:11
19	1	0	44	0:2;0:5;0:8;0:18;0:29;0:52	0:20;0:22;0:59	0:4	0:1;0:5;0:18;0:20;0:31;0:39;0:53
19	1	0	45	0:4	0:11	0:38	0:58
19	1	0	46			0:28	0:33;0:57
19	1	0	47	0:4	0:33;0:55;0:57	0:7	0:4
19	1	0	48		0:4	0:4	
19	1	0	49	0:57	0:4	0:57	0:55;0:57
19	1	0	50	0:10			0:4;0:36
19	1	0	51	0:19;0:25;0:51	0:4	0:5;0:51;0:52	0:5;0:39;0:59
19	1	0	52	0:5;0:29;0:51		0:13;0:20;0:44;0:60	0:5;0:26;0:27;0:30
19	1	0	53	0:2;0:5;0:12;0:26;0:29	0:5;0:8;0:13;0:31;0:44	0:4	0:4;0:6;0:19;0:22;0:27
19	1	0	54	0:26		0:5;0:10	0:32;0:40
19	1	0	55		0:49;0:57;0:58	0:57	0:33;0:47
19	1	0	56	0:4;0:10;0:25	0:4	0:4	0:8;0:15;0:20
19	1	0	57	0:24;0:49;0:55;0:57;0:58	0:33;0:38;0:46;0:49;0:57;0:58	0:3;0:38;0:41;0:49;0:57	0:3;0:24;0:47;0:55;0:57
19	1	0	58	0:4	0:45	0:57	0:33;0:55;0:57
19	1	0	59	0:5	0:5;0:51	0:27;0:30;0:31	0:27;0:44
19	1	0	60	0:29;0:52			0:26
19	2	0	0	0:2;0:5;0:6	0:5;0:6	0:6	0:2
19	2	0	1	0:2;0:3;0:5;0:6	0:2;0:5;0:6	0:2	0:5
19	2	0	2	0:1;0:5	0:0	0:0;0:1;0:3;0:4;0:5;0:6	0:1;0:4
19	2	0	3	0:2;0:5	0:5	0:1;0:5	0:6
19	2	0	4	0:2;0:5;0:6	0:2;0:5	0:5	0:5
19	2	0	5	0:2;0:3;0:4;0:5;0:6	0:1;0:4;0:5;0:6	0:0;0:1;0:2;0:3;0:4;0:5;0:6	0:0;0:1;0:3;0:4;0:5;0:6
19	2	0	6	0:0;0:2;0:5;0:6	0:3;0:5;0:6	0:0;0:1;0:4;0:5;0:6	0:0;0:1;0:5;0:6
19	4	0	0	0:15	0:4;0:6;0:15;0:21	0:1;0:21	0:7;0:21
19	4	0	1	0:0;0:6;0:7	0:4;0:12;0:15;0:21	0:7	0:18
19	4	0	2	0:8;0:19	0:18	0:13	
19	4	0	3		0:7;0:13		0:7
19	4	0	4		0:6;0:19		0:0;0:1;0:17
19	4	0	5	0:17			0:14
19	4	0	6	0:14;0:19	0:17;0:18	0:1;0:13	0:0;0:4
19	4	0	7	0:1;0:21	0:0;0:3	0:1;0:21	0:3;0:21
19	4	0	8		0:9;0:10;0:21	0:2;0:9;0:12;0:16;0:19	
19	4	0	9	0:8	0:19	0:14	0:8;0:14
19	4	0	10	0:14;0:19	0:17	0:14	0:8;0:14;0:19
19	4	0	11	0:14	0:14		0:15
19	4	0	12	0:8	0:18		0:1;0:17
19	4	0	13	0:2;0:6			0:3
19	4	0	14	0:9;0:10	0:5;0:9;0:10	0:6;0:10;0:11;0:19	0:11;0:16
19	4	0	15	0:15;0:16	0:11;0:19	0:0;0:15	0:0;0:1
19	4	0	16	0:8	0:14	0:15	
19	4	0	17	0:20	0:4;0:12	0:5;0:21	0:6;0:10
19	4	0	18	0:21	0:1		0:2;0:6;0:12
19	4	0	19	0:8;0:14;0:19	0:10;0:20	0:2;0:6;0:10;0:19	0:4;0:9;0:15
19	4	0	20	0:21		0:17	0:19
19	4	0	21	0:0;0:7;0:17	0:0;0:7	0:7;0:18;0:20	0:0;0:1;0:8
19	6	0	0	0:1			
19	6	0	1			0:0	
19	10	0	0				
19	11	0	0	0:15	0:3;0:4;0:7;0:16;0:19;0:22	0:8;0:9;0:14;0:15;0:19;0:20;0:22	0:5
19	11	0	1	0:3	0:22		0:14
19	11	0	2		0:5		0:16
19	11	0	3		0:23	0:1	0:0
19	11	0	4		0:22		0:0;0:12
19	11	0	5	0:16;0:22	0:0;0:10;0:18	0:8;0:15;0:22	0:2;0:10;0:15;0:16;0:21
19	11	0	6	0:8		0:8	
19	11	0	7		0:16;0:19;0:21;0:22		0:0;0:10
19	11	0	8	0:0;0:5;0:6;0:8;0:11;0:14;0:20		0:6;0:8;0:11;0:15;0:18;0:21;0:22	
19	11	0	9	0:0		0:15	0:16
19	11	0	10		0:5;0:7;0:16	0:18;0:19;0:22	0:5
19	11	0	11	0:8		0:8;0:22	
19	11	0	12		0:4	0:13	
19	11	0	13	0:12		0:19	
19	11	0	14	0:0	0:1	0:8	
19	11	0	15	0:0;0:5;0:8;0:9	0:5;0:16;0:17;0:19;0:21	0:0;0:16	0:19
19	11	0	16	0:15;0:22	0:2;0:5;0:9;0:16;0:19;0:22	0:5	0:0;0:7;0:10;0:15;0:16;0:17;0:21
19	11	0	17		0:16		0:15
19	11	0	18	0:8;0:10		0:21;0:22	0:5
19	11	0	19	0:0;0:10;0:13	0:15		0:0;0:7;0:15;0:16
19	11	0	20	0:0		0:8	
19	11	0	21	0:8;0:18	0:5;0:16		0:7;0:15
19	11	0	22	0:0;0:5;0:8;0:10;0:11;0:18;0:23		0:5;0:16	0:0;0:1;0:4;0:7;0:16
19	11	0	23			0:22	0:3
19	14	0	0				0:1
19	14	0	1	0:1	0:0;0:1	0:1	0:1
19	15	0	0				
19	15	1	0	1:0	1:0	1:0	1:0
19	15	2	0	2:0	2:0	2:0	2:0
19	17	0	0				
19	17	1	0				
19	38	0	0	0:1	0:5		0:3
19	38	0	1	0:8	0:7	0:0	0:4
19	38	0	2		0:6	0:7	0:8
19	38	0	3	0:4	0:0		0:5
19	38	0	4	0:6	0:1	0:3	0:7
19	38	0	5	0:7	0:3		0:0
19	38	0	6		0:8	0:4	0:2
19	38	0	7	0:2	0:4	0:5	0:1
19	38	0	8		0:2	0:1	0:6
19	40	0	0				
19	49	0	0	0:5	0:2	0:3	0:4
19	49	0	1	0:2			0:3
19	49	0	2	0:7	0:4	0:1	0:0
19	49	0	3	0:0	0:1		
19	49	0	4	0:6	0:0		0:2
19	49	0	5		0:7	0:0	0:6
19	49	0	6		0:5	0:4	0:7
19	49	0	7		0:6	0:2	0:5
20	1	0	0		0:0;0:4		0:0;0:21
20	1	0	1	0:16		0:4	
20	1	0	2		0:8		
20	1	0	3	0:3;0:9		0:3;0:22	0:7;0:14
20	1	0	4	0:1	0:18;0:20		0:0
20	1	0	5		0:15		0:8
20	1	0	6	0:7			0:14;0:18
20	1	0	7	0:14	0:3	0:6;0:20	
20	1	0	8		0:5		0:2
20	1	0	9			0:3	0:14
20	1	0	10			0:11	0:14
20	1	0	11	0:10		0:12	
20	1	0	12	0:11;0:12		0:12;0:19	
20	1	0	13	0:14			
20	1	0	14	0:14	0:3;0:6;0:9;0:10;0:17	0:7;0:13;0:14	
20	1	0	15		0:21		0:5
20	1	0	16			0:1	
20	1	0	17				0:14
20	1	0	18		0:6		0:4
20	1	0	19	0:12			
20	1	0	20	0:7	0:22		0:4
20	1	0	21		0:0		0:15
20	1	0	22	0:3			0:20
20	10	0	0	0:0;0:1;0:2	0:0;0:1	0:0;0:1	0:0;0:2
20	10	0	1	0:0		0:0	0:0
20	10	0	2	0:3	0:0	0:0	
20	10	0	3			0:2	
20	23	0	0	0:0;0:18;0:28;0:29	0:14;0:19;0:23;0:24	0:0;0:4;0:12;0:18;0:24	0:35
20	23	0	1		0:1;0:6;0:9;0:11;0:34	0:16;0:31;0:32	0:1;0:4;0:9;0:12;0:21;0:22;0:29
20	23	0	2		0:16		0:31
20	23	0	3	0:29	0:25;0:29	0:5;0:31	0:29
20	23	0	4	0:0;0:28;0:30	0:1;0:10;0:11	0:6;0:11;0:28;0:30	
20	23	0	5	0:3;0:17;0:29	0:26		0:14;0:19
20	23	0	6	0:4;0:30		0:12;0:28;0:30	0:1;0:15;0:20;0:29
20	23	0	7	0:23	0:11;0:29	0:31;0:32;0:33	
20	23	0	8	0:26	0:25;0:29	0:16	
20	23	0	9	0:28	0:1;0:20;0:29	0:28;0:30	0:1;0:21
20	23	0	10			0:33	0:4
20	23	0	11	0:4;0:22;0:28;0:30		0:29;0:31;0:32;0:35	0:1;0:4;0:7;0:15;0:29
20	23	0	12	0:0;0:6;0:18;0:28;0:30;0:34	0:1;0:29	0:16;0:29;0:31;0:32	0:31;0:32
20	23	0	13		0:31		
20	23	0	14	0:14;0:23;0:24;0:29	0:5;0:33	0:14;0:23;0:25	0:0;0:18;0:25;0:26
20	23	0	15		0:6;0:11;0:34	0:33	
20	23	0	16	0:1;0:8;0:12;0:29	0:18;0:28;0:31	0:31	0:2;0:31;0:32
20	23	0	17	0:19		0:5	0:24;0:29
20	23	0	18	0:0;0:25	0:14;0:23	0:0;0:12;0:29	0:16
20	23	0	19	0:24	0:5	0:17	0:0
20	23	0	20		0:6;0:20		0:9;0:20
20	23	0	21		0:1;0:9	0:32	
20	23	0	22	0:28	0:1;0:29	0:11;0:28;0:30	
20	23	0	23	0:14;0:23	0:32	0:7;0:14;0:23	0:0;0:18
20	23	0	24	0:0;0:29	0:17;0:29	0:14;0:19	0:0
20	23	0	25	0:14;0:29	0:14	0:18;0:26	0:3;0:8
20	23	0	26	0:25	0:14	0:8	0:5
20	23	0	27	0:29			
20	23	0	28	0:4;0:6;0:9;0:22;0:28;0:30;0:34	0:32;0:33	0:0;0:4;0:9;0:11;0:12;0:22;0:28;0:29;0:30;0:34	0:16;0:31
20	23	0	29	0:11;0:12;0:18;0:28;0:29	0:1;0:3;0:6;0:11;0:17;0:29	0:0;0:3;0:5;0:14;0:16;0:24;0:25;0:27;0:29;0:31;0:32;0:33;0:35	0:3;0:7;0:8;0:9;0:12;0:22;0:24;0:29
20	23	0	30	0:4;0:6;0:9;0:22;0:28;0:30;0:34	0:33	0:4;0:6;0:11;0:12;0:28;0:30;0:34	0:32
20	23	0	31	0:1;0:3;0:7;0:11;0:12;0:16;0:29	0:2;0:12;0:16;0:28;0:31		0:13;0:16;0:31;0:32
20	23	0	32	0:1;0:7;0:11;0:12;0:21;0:29	0:12;0:16;0:30;0:31		0:23;0:28
20	23	0	33	0:7;0:10;0:15;0:29	0:35		0:14;0:28;0:30
20	23	0	34	0:28;0:30		0:12;0:28;0:30	0:1;0:15
20	23	0	35	0:11;0:29	0:0;0:35		0:33;0:35
20	24	0	0				
20	25	0	0	0:13;0:29	0:6	0:5	
20	25	0	1	0:25	0:8	0:6	0:21
20	25	0	2		0:10	0:31	0:26
20	25	0	3		0:12	0:5	0:20
20	25	0	4	0:4;0:16;0:23;0:28	0:16;0:23	0:4;0:14;0:15;0:16	
20	25	0	5	0:0;0:3;0:5;0:11;0:12;0:14;0:24;0:26;0:27	0:12;0:14;0:26	0:5;0:10;0:14;0:16;0:26	
20	25	0	6	0:1;0:7;0:21	0:13;0:30	0:26	0:0;0:9
20	25	0	7	0:18	0:21	0:6	0:29
20	25	0	8			0:30	0:1
20	25	0	9	0:21	0:6	0:30	0:21
20	25	0	10	0:5	0:26	0:24	0:2
20	25	0	11		0:11;0:12;0:14;0:26	0:5;0:14;0:26	0:11;0:12;0:14;0:26;0:27
20	25	0	12		0:11;0:12;0:14;0:16;0:20;0:23;0:26	0:5;0:14;0:26	0:3;0:5;0:11;0:12;0:14;0:26;0:27
20	25	0	13	0:21	0:21	0:0	0:6
20	25	0	14	0:4;0:5;0:11;0:12;0:14;0:26;0:27;0:30	0:11;0:12;0:14;0:26	0:5;0:14;0:26	0:5;0:11;0:12;0:14;0:26;0:27
20	25	0	15	0:4	0:16	0:16	
20	25	0	16	0:4;0:5;0:15;0:16;0:17;0:23;0:28	0:16;0:23	0:4;0:16	0:4;0:12;0:15;0:16;0:23;0:28
20	25	0	17		0:23	0:16	
20	25	0	18	0:22	0:19	0:7	
20	25	0	19		0:19;0:25	0:21	0:18;0:19
20	25	0	20		0:3		0:12
20	25	0	21	0:19;0:21	0:1;0:9;0:21	0:6;0:9;0:13;0:21	0:7;0:13;0:21
20	25	0	22			0:18;0:25	
20	25	0	23		0:16;0:23	0:4;0:16	0:4;0:12;0:16;0:17;0:23;0:28
20	25	0	24	0:10	0:26	0:5	0:31
20	25	0	25	0:22		0:1	0:19
20	25	0	26	0:5;0:6;0:11;0:12;0:14;0:26;0:27	0:2;0:11;0:12;0:14;0:26;0:31	0:5;0:14;0:26	0:5;0:10;0:11;0:12;0:14;0:24;0:26
20	25	0	27		0:11;0:12;0:14	0:5;0:14;0:26	
20	25	0	28		0:16;0:23	0:4;0:16	
20	25	0	29		0:7	0:0	
20	25	0	30	0:8;0:9		0:14	0:6
20	25	0	31	0:2	0:24		0:26
20	26	0	0				0:1
20	26	1	0	1:0	1:0	1:0	1:0
20	26	2	0				
20	26	3	0	3:0	3:0	3:0	3:0
20	26	0	1		0:0		
20	26	4	0				
20	27	0	0				0:1
20	27	0	1		0:0		
20	27	1	0				
20	27	2	0				
20	34	0	0				
20	34	1	0				
20	35	0	0				
20	36	0	0				
20	37	0	0			0:10	
20	37	0	1			0:9	0:3
20	37	0	2	0:2;0:11	0:2;0:9;0:10;0:11	0:2;0:7	0:2;0:4;0:6;0:11
20	37	0	3		0:1	0:11	0:5
20	37	0	4	0:4;0:5;0:8	0:2;0:11	0:4;0:6;0:7	
20	37	0	5		0:3	0:4	
20	37	0	6	0:4;0:6	0:2;0:11	0:6;0:7	
20	37	0	7	0:2;0:4;0:6;0:10;0:11	0:7		0:7
20	37	0	8			0:4	
20	37	0	9	0:1;0:9		0:9;0:10	0:2;0:11
20	37	0	10	0:0;0:9;0:10		0:7;0:10	0:2
20	37	0	11	0:3;0:11	0:2;0:9;0:11	0:2;0:7;0:11	0:2;0:4;0:6;0:11
20	47	0	0	0:1	0:1		0:1
20	47	0	1		0:0	0:0	0:0
21	23	0	0		0:18;0:46	0:37;0:39	0:41
21	23	0	1		0:19	0:17	
21	23	0	2	0:14;0:19	0:34	0:45	0:17;0:39
21	23	0	3	0:44	0:31;0:48		0:31
21	23	0	4	0:14;0:19;0:26	0:12	0:47	
21	23	0	5	0:5;0:40	0:10;0:16;0:35	0:5;0:33	0:20;0:23;0:35
21	23	0	6	0:14	0:7	0:29	0:22
21	23	0	7	0:14	0:25;0:40	0:27	0:6;0:11;0:32
21	23	0	8	0:18;0:35;0:41;0:46	0:20;0:37	0:44	0:37
21	23	0	9	0:9;0:13;0:14;0:18;0:19;0:26	0:15;0:30;0:39	0:9	0:12;0:17;0:25;0:36
21	23	0	10	0:18;0:35;0:40;0:46	0:20;0:37	0:16	0:5
21	23	0	11	0:14	0:7	0:29	0:22
21	23	0	12	0:14;0:19	0:9;0:17	0:36	0:4
21	23	0	13		0:43	0:9;0:39	0:46
21	23	0	14	0:25	0:14;0:19;0:24;0:25	0:2;0:4;0:6;0:7;0:9;0:11;0:12;0:17;0:22;0:30;0:32;0:34;0:35;0:39;0:46	0:14;0:19;0:25;0:26;0:27
21	23	0	15		0:30		0:9
21	23	0	16	0:10	0:23;0:38	0:42	0:5
21	23	0	17	0:1;0:14;0:17;0:18;0:46	0:2;0:9;0:39;0:45	0:17;0:43;0:46	0:12;0:36;0:39
21	23	0	18		0:35	0:8;0:9;0:10;0:17;0:37;0:39	0:0;0:35
21	23	0	19		0:14;0:19;0:28	0:2;0:4;0:9;0:12;0:34	0:1;0:14;0:19
21	23	0	20	0:35;0:40;0:46	0:5	0:23	0:8;0:10;0:37
21	23	0	21	0:34			0:45
21	23	0	22	0:14;0:26	0:6;0:11;0:32	0:24	0:25;0:40
21	23	0	23	0:20	0:5	0:48	0:16;0:38;0:44
21	23	0	24	0:22	0:29		0:14;0:25;0:33
21	23	0	25	0:25	0:9;0:14;0:22;0:24;0:25	0:14;0:25	0:7;0:14;0:25;0:27;0:30
21	23	0	26		0:14	0:4;0:9;0:22;0:42	
21	23	0	27	0:7	0:14;0:25;0:33		0:29
21	23	0	28				0:19
21	23	0	29	0:6;0:11;0:32	0:27		0:24
21	23	0	30	0:14;0:30;0:35;0:43;0:46	0:25;0:39	0:30	0:9;0:15
21	23	0	31	0:38	0:3;0:31;0:48		0:3;0:31;0:42
21	23	1	0				
21	23	0	32	0:14	0:7	0:29	0:22
21	23	0	33	0:5;0:40	0:24;0:42	0:40	0:27;0:48
21	23	0	34	0:14;0:19		0:21	0:2
21	23	0	35	0:14	0:5;0:18;0:41;0:46	0:8;0:10;0:20;0:30;0:37;0:39	0:5;0:18;0:46
21	23	0	36	0:12	0:9;0:17		0:47
21	23	0	37	0:0;0:18;0:35;0:41	0:8;0:20;0:37	0:38	0:8;0:10;0:37
21	23	0	38	0:37	0:23;0:38;0:44	0:31	0:16;0:38;0:44
21	23	0	39	0:0;0:13;0:14;0:18;0:35;0:39;0:41	0:2;0:17;0:39;0:45	0:39	0:9;0:17;0:30;0:39
21	23	0	40	0:33	0:22;0:40	0:5;0:10;0:20;0:33	0:7;0:40
21	23	0	41		0:0	0:8;0:37;0:39	0:35
21	23	0	42	0:16;0:26	0:31;0:48		0:33
21	23	0	43	0:17		0:30	0:13
21	23	0	44	0:8	0:23;0:38	0:3	0:38
21	23	0	45	0:2	0:21		0:17;0:39
21	23	0	46	0:14;0:17	0:13;0:35	0:8;0:10;0:17;0:20;0:30	0:0;0:35
21	23	0	47	0:4	0:36		
21	23	0	48	0:23	0:33		0:3;0:31;0:42
21	25	0	0	0:0;0:1;0:2;0:3;0:4;0:7;0:13	0:0;0:3;0:4;0:15	0:0;0:3;0:4;0:12;0:13	0:0;0:1;0:3;0:4;0:9;0:10;0:14;0:17
21	25	1	0	1:3	1:16	1:2	1:18
21	25	0	1	0:5;0:8;0:9;0:12;0:14;0:17	0:0;0:3;0:4;0:10;0:13;0:15;0:16	0:0;0:3;0:4;0:10;0:12;0:13;0:14;0:15;0:16	0:2;0:6;0:8;0:11
21	25	0	2		0:1;0:2;0:3;0:6;0:7;0:11	0:0;0:3;0:4;0:10;0:12;0:13;0:15;0:16	0:2;0:4;0:6;0:8;0:11;0:13
21	25	2	0		2:1;2:5	2:3;2:4	
21	25	0	3	0:0;0:1;0:2;0:3;0:4;0:6;0:7;0:9;0:10;0:11;0:13;0:16	0:0;0:3;0:4;0:10;0:13;0:16	0:0;0:3;0:4;0:5;0:10;0:13;0:16	0:0;0:1;0:2;0:3;0:4;0:5;0:9;0:10;0:12;0:13;0:16
21	25	0	4	0:0;0:1;0:2;0:3;0:4;0:6;0:7;0:8;0:10;0:11;0:13;0:15;0:16	0:0;0:2;0:3;0:4;0:6;0:7;0:10;0:11;0:13;0:15;0:16	0:0;0:3;0:4;0:5;0:10;0:12;0:13;0:15;0:16	0:0;0:1;0:3;0:4;0:5;0:7;0:10;0:11;0:12;0:13;0:14;0:15;0:16;0:17
21	25	1	1	1:18	1:18	1:6	1:11
21	25	0	5	0:3;0:4;0:5;0:8;0:9;0:12;0:14;0:17	0:3;0:4;0:10;0:13	0:1;0:5;0:9;0:12	
21	25	1	2	1:0	1:5		1:19
21	25	1	3		1:15;1:18	1:0;1:8;1:19	
21	25	0	6		0:1;0:2;0:6;0:11;0:15	0:3;0:4;0:10;0:13;0:15;0:16	0:2;0:4;0:6;0:7;0:8;0:11;0:16
21	25	1	4		1:19		1:8;1:19
21	25	1	5	1:16	1:17	1:10	1:2
21	25	1	6	1:1	1:19		1:12
21	25	0	7		0:4;0:6;0:7	0:0;0:3;0:4	0:2;0:4;0:7;0:8;0:11
21	25	2	1		2:1;2:2;2:5	2:2;2:3	2:0;2:1;2:2;2:3;2:5
21	25	1	7		1:14	1:17	1:15
21	25	1	8	1:3;1:8;1:10;1:18;1:19	1:4;1:18;1:19	1:8;1:19	
21	25	2	2	2:1;2:2;2:3;2:4;2:5	2:1;2:2;2:3	2:2;2:3;2:4	2:1;2:2;2:3;2:4;2:5
21	25	1	9	1:12		1:19	1:13
21	25	1	10	1:5	1:13	1:8	
21	25	0	8		0:1;0:2;0:6;0:7;0:11	0:1;0:4;0:5;0:12;0:14;0:17	
21	25	1	11	1:14	1:1	1:12	1:17
21	25	0	9	0:5;0:9;0:12;0:17	0:0;0:3;0:10;0:16	0:1;0:3;0:5;0:9;0:12;0:17	
21	25	1	12	1:11	1:6	1:9	1:17
21	25	0	10	0:1;0:2;0:3;0:4;0:6;0:10;0:11;0:13;0:15;0:16	0:0;0:3;0:4;0:10;0:13	0:3;0:4;0:10;0:13;0:14;0:15	0:1;0:3;0:4;0:5;0:9;0:10;0:13;0:16;0:17
21	25	0	11		0:1;0:2;0:4;0:6;0:7;0:11	0:3;0:4;0:10;0:13;0:15	0:2;0:4;0:6;0:8;0:11
21	25	2	3	2:0;2:1;2:2;2:3;2:5	2:1;2:2;2:3	2:2;2:3	2:2;2:3;2:4;2:5
21	25	0	12	0:0;0:1;0:2;0:4;0:5;0:8;0:9;0:17	0:3;0:4;0:13;0:16	0:1;0:5;0:9;0:15;0:17	
21	25	1	13	1:17	1:9	1:19	1:10
21	25	1	14		1:18	1:11	1:7
21	25	0	13	0:0;0:1;0:2;0:3;0:4;0:6;0:10;0:11;0:13;0:16	0:2;0:3;0:4;0:10;0:13;0:15;0:16	0:0;0:3;0:4;0:10;0:13;0:14;0:15;0:16;0:17	0:1;0:3;0:4;0:5;0:10;0:12;0:13;0:14;0:15;0:16;0:17
21	25	1	15		1:7	1:16	1:3
21	25	1	16	1:15	1:17	1:5	1:0
21	25	0	14	0:1;0:8;0:10;0:13	0:0;0:4;0:13;0:15	0:1;0:5;0:17	
21	25	0	15	0:1;0:2;0:4;0:6;0:10;0:11;0:12;0:13;0:15	0:4;0:13;0:15;0:16	0:4;0:10;0:15	0:0;0:1;0:4;0:6;0:13;0:14;0:15;0:16
21	25	1	17	1:7;1:17	1:11;1:12	1:13;1:17	1:5;1:16
21	25	2	4	2:0;2:2;2:4	2:2;2:3	2:2;2:4	
21	25	2	5		2:1;2:2;2:3;2:5	2:2;2:3	2:0;2:1;2:5
21	25	0	16	0:1;0:2;0:3;0:4;0:6;0:13;0:16	0:3;0:4;0:6;0:10;0:13;0:15;0:16	0:3;0:4;0:10;0:13;0:16	0:1;0:3;0:4;0:9;0:12;0:13;0:15;0:16;0:17
21	25	0	17	0:8;0:9;0:12;0:13;0:14	0:0;0:4;0:10;0:13;0:16	0:1;0:5;0:9;0:12	
21	25	1	18		1:0;1:18;1:19	1:1;1:8;1:19	1:1;1:3;1:8;1:14;1:18;1:19
21	25	1	19	1:3;1:8;1:9;1:13;1:18;1:19	1:2;1:4;1:18;1:19	1:8;1:19	1:4;1:6;1:8;1:18;1:19
21	26	0	0	0:0	0:1;0:2	0:0;0:3	
21	26	0	1	0:1		0:1	0:0;0:2
21	26	0	2	0:2	0:1;0:2	0:2	0:0;0:2;0:3
21	26	1	0				
21	26	0	3	0:0	0:2		
21	27	0	0	0:4	0:1		
21	27	0	1	0:2	0:5		0:0
21	27	0	2		0:3	0:1	0:4
21	27	0	3			0:5	0:2
21	27	0	4		0:2	0:0	
21	27	0	5	0:3			0:1
21	34	0	0				
21	35	0	0				
21	36	0	0		0:0;0:1		0:0;0:1
21	36	0	1		0:0;0:1		0:0;0:1
21	47	0	0	0:2;0:4;0:5		0:1	
21	47	0	1	0:0;0:2;0:5	0:5		0:2
21	47	0	2	0:3;0:4	0:1	0:0;0:1	0:4
21	47	0	3			0:2;0:5	
21	47	0	4	0:4	0:2;0:4	0:0;0:2;0:4;0:5	0:4;0:5
21	47	0	5	0:3;0:4	0:4	0:0;0:1	0:1
22	1	0	0	0:0;0:1;0:4;0:14;0:18	0:0;0:4;0:10;0:14	0:0;0:10;0:16	0:0;0:1;0:5;0:16
22	1	0	1	0:8	0:0	0:0;0:17	0:4
22	1	0	2	0:3;0:5	0:16		
22	1	0	3	0:5		0:2;0:13	
22	1	0	4	0:10	0:1	0:0;0:11;0:17	0:0;0:5;0:17
22	1	0	5		0:0;0:4	0:2;0:3;0:6	
22	1	0	6	0:5	0:11	0:15	0:12
22	1	0	7		0:9		0:18
22	1	0	8	0:17	0:10;0:17	0:1	
22	1	0	9			0:14	0:7;0:18
22	1	0	10	0:0		0:4	0:0;0:8
22	1	0	11	0:4;0:15			0:6
22	1	0	12		0:6	0:17	
22	1	0	13	0:3			
22	1	0	14	0:9		0:0	0:0
22	1	0	15	0:6		0:11	0:17
22	1	0	16	0:0	0:0		0:2
22	1	0	17	0:1;0:4;0:12	0:4;0:15;0:17	0:8	0:8;0:17
22	1	0	18		0:7;0:9	0:0	
22	2	0	0	0:0	0:0	0:0	0:0
22	6	0	0			0:6	
22	6	0	1		0:3;0:8	0:9	0:4
22	6	1	0				
22	6	0	2	0:9;0:10	0:7	0:5;0:9	0:6;0:8
22	6	0	3		0:6		0:1;0:7
22	6	2	0			2:1	
22	6	0	4		0:1		0:7
22	6	0	5	0:2;0:10		0:10	0:8
22	6	0	6	0:0	0:2		0:3
22	6	0	7		0:3;0:4		0:2
22	6	2	1	2:0			
22	6	0	8	0:9	0:2;0:5	0:10	0:1
22	6	0	9	0:1;0:2		0:2;0:8	
22	6	0	10	0:5;0:8		0:2;0:5	
22	7	0	0	0:0;0:1;0:2	0:0;0:2	0:0	0:0;0:1;0:3
22	7	0	1		0:0	0:0	
22	7	0	2			0:0	0:0
22	7	0	3		0:0;0:3		0:3
22	9	0	0	0:6;0:9;0:17;0:19;0:20	0:4;0:5;0:6;0:10;0:11;0:12	0:4;0:5;0:9;0:12;0:13;0:19	0:6;0:11;0:15;0:17
22	9	0	1	0:5;0:17	0:16	0:10;0:13;0:18	0:20
22	9	0	2	0:2;0:4;0:5;0:6;0:11;0:12;0:15;0:17;0:19;0:20	0:2;0:4;0:5;0:6;0:7;0:8;0:9;0:12;0:15;0:19;0:20	0:2;0:4;0:5;0:6;0:8;0:12;0:15;0:17;0:19;0:20	0:2;0:3;0:4;0:5;0:6;0:8;0:9;0:10;0:12;0:13;0:17;0:19
22	9	0	3	0:17	0:2;0:11;0:20	0:5;0:11	
22	9	0	4	0:0;0:2;0:4;0:5;0:6;0:8;0:9;0:10;0:11;0:12;0:15;0:17;0:20	0:2;0:4;0:5;0:6;0:9;0:10;0:13;0:15;0:17;0:19	0:2;0:4;0:5;0:6;0:7;0:11;0:20	0:0;0:2;0:4;0:5;0:6;0:8;0:12;0:13;0:16;0:17;0:19;0:20
22	9	0	5	0:0;0:2;0:3;0:4;0:5;0:6;0:9;0:11;0:12;0:15;0:17;0:18;0:19	0:2;0:4;0:5;0:6;0:8;0:9;0:11;0:12;0:15;0:17;0:19;0:20	0:1;0:2;0:4;0:5;0:6;0:10;0:12;0:13;0:15;0:17;0:19;0:20	0:0;0:2;0:4;0:5;0:6;0:8;0:10;0:11;0:12;0:13;0:14;0:15;0:17;0:20
22	9	0	6	0:2;0:4;0:5;0:6;0:8;0:9;0:11;0:12;0:13;0:15;0:17	0:0;0:2;0:4;0:5;0:6;0:11;0:12;0:13;0:15;0:19	0:0;0:2;0:4;0:5;0:6;0:7;0:9;0:10;0:11;0:12;0:19;0:20	0:0;0:2;0:4;0:5;0:6;0:8;0:10;0:12;0:13;0:15;0:17;0:19;0:20
22	9	0	7	0:4;0:6;0:10;0:11;0:17		0:12;0:17;0:19	0:2;0:10;0:11;0:12
22	9	0	8	0:2;0:8;0:10;0:14;0:16;0:20	0:2;0:4;0:5;0:6;0:10;0:12;0:14;0:17;0:20	0:4;0:6;0:8;0:10;0:11;0:12;0:13;0:14;0:16;0:17;0:20	0:2;0:5;0:11;0:15;0:20
22	9	0	9	0:0;0:6;0:9;0:11;0:12;0:17;0:18;0:19;0:20	0:2;0:12;0:15;0:17;0:19	0:0;0:4;0:5;0:6;0:9;0:12;0:13;0:15;0:17;0:19	0:2;0:4;0:5;0:10;0:11;0:12;0:13;0:19
22	9	0	10	0:1;0:5;0:6;0:8;0:11;0:12;0:13;0:17;0:18;0:19	0:2;0:5;0:6;0:7;0:9;0:11;0:12;0:14;0:15;0:16;0:17;0:19;0:20	0:4;0:7;0:8;0:11;0:13;0:14;0:17;0:19	0:0;0:4;0:8;0:11;0:14;0:17;0:19
22	9	0	11	0:3;0:4;0:6;0:8;0:10;0:11;0:15;0:17;0:20	0:0;0:5;0:7;0:8;0:9;0:10;0:11;0:12;0:13;0:17;0:20	0:2;0:4;0:5;0:6;0:7;0:9;0:10;0:11;0:15;0:17;0:19;0:20	0:0;0:3;0:5;0:6;0:10;0:11;0:12;0:15;0:17;0:20
22	9	0	12	0:0;0:2;0:5;0:6;0:7;0:8;0:9;0:12;0:15;0:17;0:19;0:20	0:2;0:4;0:5;0:6;0:7;0:9;0:11;0:12;0:14;0:17;0:19	0:2;0:4;0:5;0:6;0:9;0:10;0:12;0:14;0:16;0:17;0:20	0:0;0:2;0:5;0:6;0:8;0:9;0:10;0:11;0:12;0:13;0:15;0:16;0:17;0:20
22	9	0	13	0:0;0:1;0:5;0:8;0:9;0:10;0:13;0:17	0:2;0:4;0:5;0:6;0:9;0:12;0:15;0:17;0:18;0:20	0:6;0:10;0:13;0:14;0:16;0:17;0:19	0:4;0:6;0:11;0:14;0:20
22	9	0	14	0:8;0:10;0:12;0:13;0:14;0:16	0:5;0:10;0:13;0:14	0:8;0:14;0:17	0:8;0:10;0:12;0:14;0:18;0:19;0:20
22	9	0	15	0:2;0:5;0:9;0:11;0:15;0:17;0:19	0:0;0:5;0:6;0:8;0:11;0:12;0:17	0:2;0:4;0:5;0:6;0:11;0:12;0:15;0:19;0:20	0:2;0:4;0:5;0:6;0:9;0:10;0:13;0:19
22	9	0	16	0:8;0:12;0:13;0:18	0:4;0:12	0:8;0:14	0:1;0:10
22	9	0	17	0:2;0:5;0:7;0:8;0:9;0:10;0:11;0:12;0:13;0:14;0:17;0:19	0:0;0:2;0:4;0:5;0:6;0:10;0:11;0:12;0:17;0:19;0:20	0:0;0:1;0:2;0:3;0:4;0:5;0:6;0:7;0:9;0:10;0:11;0:12;0:13;0:15;0:17;0:18;0:19	0:4;0:5;0:8;0:9;0:10;0:11;0:12;0:13;0:15;0:17;0:19;0:20
22	9	0	18	0:1;0:17	0:14;0:18	0:5;0:9;0:10;0:16	0:13;0:18;0:19
22	9	0	19	0:0;0:2;0:5;0:6;0:7;0:9;0:10;0:11;0:13;0:15;0:17;0:19;0:20	0:2;0:4;0:6;0:9;0:10;0:14;0:15;0:17;0:18;0:19;0:20	0:0;0:2;0:5;0:9;0:10;0:12;0:15;0:17;0:19	0:2;0:4;0:5;0:6;0:9;0:10;0:12;0:17;0:19;0:20
22	9	0	20	0:2;0:4;0:5;0:6;0:8;0:11;0:12;0:15;0:20	0:1;0:4;0:5;0:6;0:8;0:11;0:12;0:13;0:14;0:17;0:19;0:20	0:0;0:2;0:4;0:8;0:9;0:11;0:12;0:19;0:20	0:2;0:3;0:5;0:8;0:10;0:11;0:13;0:17;0:19;0:20
22	10	0	0		0:2		0:1
22	10	0	1	0:1;0:2;0:3;0:4	0:0;0:1;0:2;0:5	0:1;0:3;0:4;0:5	0:1;0:3;0:5
22	10	0	2			0:1	0:0;0:1
22	10	0	3	0:1;0:3	0:1	0:1;0:3	
22	10	0	4	0:1		0:1	
22	10	0	5	0:1	0:1;0:5		0:1;0:5
22	13	0	0	0:0	0:0;0:1;0:2	0:0;0:1;0:2	0:0;0:2;0:3
22	13	0	1	0:0;0:1		0:1	0:0
22	13	0	2	0:0	0:0		0:0
22	13	0	3		0:0		
22	16	0	0				
22	17	0	0				
22	17	1	0				
22	18	0	0				
22	20	0	0				
22	28	0	0				
22	38	0	0	0:5		0:4	0:7
22	38	0	1	0:2			
22	38	0	2	0:3	0:7	0:1	
22	38	0	3		0:6	0:2	
22	38	1	0				
22	38	0	4	0:0			
22	38	0	5			0:0	0:6
22	38	0	6		0:5	0:7	0:3
22	38	0	7	0:6	0:0		0:2
22	42	0	0		0:2		0:1;0:2
22	42	1	0			1:1	
22	42	0	1		0:0		
22	42	1	1	1:0			
22	42	0	2		0:0		0:0
22	49	0	0			0:4	0:5
22	49	1	0	1:2	1:7	1:1	
22	49	0	1	0:3	0:7	0:6	
22	49	1	1	1:0			
22	49	1	2		1:3	1:0	
22	49	0	2	0:4			
22	49	0	3		0:5	0:1	
22	49	1	3		1:5	1:7	1:2
22	49	1	4	1:5		1:6	1:7
22	49	0	4	0:0		0:2	0:7
22	49	0	5		0:0	0:7	0:3
22	49	1	5			1:4	1:3
22	49	0	6	0:1			
22	49	1	6	1:4			
22	49	0	7	0:5	0:4		0:1
22	49	1	7	1:3	1:4		1:0
22	51	0	0				0:1
22	51	1	0				1:1
22	51	2	0			2:1	
22	51	2	1	2:0			
22	51	0	1		0:0		
22	51	1	1		1:0		1:2
22	51	1	2		1:1		
23	1	0	0	0:1			
23	1	1	0	1:0		1:0;1:1	
23	1	0	1	0:2		0:0	
23	1	2	0		2:1		
23	1	0	2			0:1	
23	1	1	1	1:0			
23	1	2	1				2:0
23	2	0	0	0:0	0:0;0:1	0:0	0:0;0:1
23	2	0	1		0:0;0:2		0:0;0:2
23	2	0	2		0:1		0:1
23	8	0	0	0:0;0:2;0:5		0:0;0:9;0:10	0:2;0:4
23	8	0	1		0:1;0:2;0:8		0:1;0:8
23	8	0	2	0:2;0:3;0:4;0:6;0:8;0:10	0:0;0:2;0:8;0:10	0:0;0:2	0:1;0:2;0:6
23	8	0	3			0:2;0:10	0:8
23	8	0	4	0:4;0:6	0:0	0:2;0:4	
23	8	0	5			0:0	0:6
23	8	0	6		0:2;0:5	0:2;0:4	
23	8	0	7			0:10	
23	8	0	8		0:1;0:3;0:8;0:10	0:2	0:1;0:2;0:8
23	8	0	9	0:0			
23	8	0	10	0:0;0:3;0:7		0:2	0:2;0:8
23	23	0	0	0:12;0:34	0:15		0:15;0:41
23	23	0	1	0:1;0:5;0:24;0:37		0:1;0:13;0:18;0:37	
23	23	0	2	0:3;0:18	0:23;0:29		0:23
23	23	0	3	0:23	0:18;0:19;0:38	0:2;0:27;0:32	
23	23	0	4	0:35	0:6		0:6
23	23	0	5	0:5;0:23;0:38	0:27	0:1;0:5;0:13;0:23;0:40	0:6;0:9;0:26;0:29
23	23	0	6	0:26	0:4;0:5;0:33	0:28	0:4;0:14;0:16
23	23	0	7	0:14	0:31		
23	23	0	8	0:21	0:18	0:35	0:32
23	23	0	9	0:18;0:19;0:26	0:5;0:23	0:15	0:27
23	23	1	0				
23	23	0	10	0:18	0:17	0:18;0:33	0:26;0:32
23	23	0	11		0:30	0:34	0:36
23	23	0	12	0:30		0:0;0:15	0:34
23	23	0	13	0:1;0:5		0:17	0:18;0:24
23	23	0	14	0:32	0:6;0:33;0:35	0:7	0:23
23	23	0	15	0:9;0:12;0:34	0:0;0:23		0:0;0:41
23	23	0	16	0:17	0:6	0:22	0:33
23	23	0	17	0:13;0:18	0:23;0:26	0:16;0:18	0:10
23	23	0	18	0:1;0:10;0:17;0:22;0:32	0:13;0:18;0:38	0:2;0:9;0:10;0:17;0:26;0:29;0:32;0:35	0:3;0:8;0:18;0:24;0:25;0:40
23	23	0	19		0:21	0:9	0:3
23	23	0	20		0:21		
23	23	0	21	0:23		0:8;0:23	0:19;0:20;0:25
23	23	0	22	0:16;0:29	0:28	0:18	0:31
23	23	0	23	0:5;0:21;0:23;0:38;0:40	0:2;0:14;0:27;0:32;0:41	0:3;0:5;0:21;0:23;0:40	0:2;0:9;0:15;0:17;0:29;0:32
23	23	0	24		0:13;0:18	0:1	
23	23	0	25		0:18;0:21	0:32	
23	23	0	26	0:18	0:5;0:10;0:35	0:6;0:9	0:17;0:32;0:35
23	23	0	27	0:3;0:32	0:9	0:41	0:5;0:23
23	23	0	28	0:6			0:22
23	23	0	29	0:18	0:5;0:23;0:29	0:22	0:2;0:29
23	23	0	30			0:12	0:11
23	23	0	31	0:33	0:22		0:7
23	23	0	32	0:3;0:18;0:25	0:8;0:10;0:23;0:26	0:14;0:18;0:27	0:23
23	23	0	33	0:10	0:16	0:31	0:6;0:14
23	23	0	34	0:11	0:12	0:0;0:15	0:39
23	23	0	35	0:8;0:18	0:26	0:4	0:14;0:26
23	23	0	36		0:11	0:39	
23	23	0	37	0:1;0:37		0:1;0:37	
23	23	0	38			0:5;0:23	0:3;0:18
23	23	0	39	0:36	0:34	0:41	
23	23	0	40	0:5;0:23	0:18	0:23	
23	23	0	41	0:27;0:39	0:0;0:15		0:23
23	25	0	0		0:7	0:8;0:14	
23	25	0	1	0:1;0:5;0:6;0:16	0:2;0:4;0:5;0:10;0:16;0:18	0:1;0:5;0:8	
23	25	0	2		0:7;0:8;0:10	0:5;0:14	0:1;0:5;0:6;0:7;0:8;0:15;0:16
23	25	0	3	0:13;0:14	0:11	0:18	0:17;0:18
23	25	0	4		0:8	0:5	0:1;0:5;0:8
23	25	1	0		1:7	1:4;1:5;1:6	1:5;1:7;1:8
23	25	0	5	0:1;0:2;0:4;0:5;0:7;0:8;0:13;0:16;0:17;0:18	0:2;0:4;0:5;0:16;0:18	0:1;0:5	0:1;0:5;0:6;0:8;0:9;0:13;0:16
23	25	1	1		1:8	1:4	
23	25	0	6		0:2;0:5;0:16	0:1;0:8	
23	25	0	7		0:2;0:16	0:5;0:9	0:0;0:2
23	25	1	2		1:3		1:3;1:5
23	25	1	3	1:4	1:2;1:5		1:2
23	25	1	4	1:0;1:1;1:4;1:5;1:8	1:5;1:6	1:3;1:4	
23	25	1	5	1:0;1:5;1:6;1:7	1:0;1:2;1:5;1:6	1:4;1:5	1:3;1:4;1:5;1:6
23	25	0	8	0:0;0:1;0:6	0:2;0:4;0:5	0:5	0:2;0:4
23	25	0	9	0:7	0:5	0:13	0:14
23	25	0	10	0:16	0:14	0:18	0:1;0:2
23	25	0	11	0:14;0:18	0:13;0:17	0:13	0:3
23	25	0	12	0:12;0:17	0:18	0:12;0:17	0:13
23	25	0	13	0:9;0:11;0:15;0:18	0:5;0:12;0:14	0:3;0:5;0:18	0:11;0:17;0:18
23	25	1	6	1:0;1:7;1:8	1:5	1:5	1:4;1:5
23	25	1	7		1:0;1:8	1:5;1:6	1:0
23	25	1	8		1:0	1:4;1:6	1:1;1:7
23	25	0	14	0:0;0:2	0:9;0:18	0:3;0:11	0:10;0:13
23	25	0	15		0:2	0:13	
23	25	0	16		0:2;0:5;0:16	0:1;0:5;0:10	0:1;0:5;0:6;0:7;0:16
23	25	0	17	0:12;0:17	0:3;0:13	0:5;0:12;0:17	0:11;0:18
23	25	0	18	0:3;0:10;0:13	0:3;0:13;0:17	0:5;0:11;0:13	0:1;0:5;0:12;0:14
23	26	0	0	0:1			
23	26	1	0				
23	26	2	0	2:0		2:0	2:1;2:2
23	26	3	0	3:0;3:1	3:0	3:0	3:0;3:1
23	26	3	1		3:0	3:0	
23	26	2	1	2:1	2:0;2:1	2:1	2:1;2:2
23	26	0	1	0:1		0:0;0:1	
23	26	2	2	2:2	2:0;2:1	2:2	
23	27	0	0				
23	34	0	0				
23	35	0	0				
23	36	0	0				
23	36	1	0				
23	47	0	0	0:1			0:3
23	47	0	1	0:6		0:0	0:5
23	47	0	2	0:5;0:7;0:9	0:4;0:7	0:4;0:8	0:4;0:7;0:8;0:9
23	47	0	3	0:5	0:0		
23	47	0	4	0:2	0:2	0:5	0:2
23	47	0	5	0:4	0:1;0:9	0:2;0:3;0:9	
23	47	0	6			0:1	
23	47	0	7		0:2	0:2	0:2;0:8
23	47	0	8	0:2	0:2;0:7		
23	47	0	9	0:5	0:2	0:2	0:5
24	1	0	0	0:25	0:7		0:30
24	1	0	1	0:28;0:30	0:29;0:46	0:36;0:42	0:30
24	1	0	2	0:30	0:30	0:38	0:30
24	1	0	3		0:30	0:30	0:36
24	1	0	4	0:25	0:34	0:47	0:30
24	1	0	5	0:22;0:25	0:16	0:7;0:16	0:25
24	1	0	6	0:30			0:30
24	1	0	7	0:5;0:33	0:30	0:30	0:0
24	1	0	8		0:9;0:30	0:46	0:28;0:35
24	1	0	9	0:30	0:30		0:8
24	1	0	10	0:30	0:20	0:30	
24	1	0	11	0:30			
24	1	0	12		0:36	0:17	
24	1	0	13	0:20;0:36	0:30	0:30	0:17;0:44
24	1	0	14	0:29	0:45		0:42
24	1	0	15		0:30	0:30	
24	1	0	16	0:5;0:37;0:43		0:30	0:5;0:31
24	1	0	17	0:12	0:13	0:30	
24	1	1	0				
24	1	0	18	0:44	0:30		
24	1	0	19	0:30	0:22;0:30	0:25	
24	1	0	20	0:30		0:13;0:27;0:35	0:10;0:38;0:46
24	1	0	21	0:30	0:41		0:30
24	1	0	22	0:32	0:43	0:5	0:19
24	1	0	23		0:30		
24	1	0	24				0:30
24	1	0	25	0:19	0:5;0:40	0:0;0:4;0:5	
24	1	0	26	0:46	0:27		0:42
24	1	0	27	0:20		0:28	0:26
24	1	2	0				
24	1	0	28	0:27	0:8	0:1;0:30	0:30
24	1	0	29	0:30	0:36	0:14	0:1
24	1	0	30	0:3;0:7;0:10;0:13;0:15;0:16;0:17;0:28;0:30;0:34;0:39;0:42;0:45	0:0;0:1;0:2;0:4;0:6;0:21;0:24;0:28;0:30;0:32;0:35;0:39;0:42	0:1;0:2;0:6;0:9;0:10;0:11;0:19;0:20;0:21;0:29;0:30;0:32;0:37;0:40;0:41	0:2;0:3;0:7;0:8;0:9;0:13;0:15;0:18;0:19;0:23;0:30;0:40;0:43;0:47
24	1	0	31		0:16		
24	1	0	32	0:30	0:40	0:22	0:30
24	1	0	33			0:7	
24	1	0	34	0:40		0:30	0:4
24	1	0	35	0:20	0:8		0:30
24	1	0	36	0:1;0:36;0:46	0:3;0:36;0:46	0:13;0:36;0:45;0:46	0:12;0:29;0:36;0:46
24	1	0	37	0:30	0:40	0:16	0:41
24	1	0	38	0:2	0:20	0:44	
24	1	0	39			0:30	0:30
24	1	0	40	0:30	0:30	0:34;0:43	0:25;0:32;0:37
24	1	0	41	0:30	0:37		0:21
24	1	0	42	0:1	0:14;0:26	0:30	0:30
24	1	0	43	0:40	0:30	0:16	0:22
24	1	0	44	0:38	0:13	0:18	
24	1	0	45	0:36		0:30	0:14
24	1	0	46	0:8;0:36;0:46	0:20;0:36;0:46	0:26;0:36;0:46	0:1;0:36;0:46
24	1	0	47	0:4	0:30		
24	2	0	0				
24	2	1	0	1:1			
24	2	2	0		2:1		
24	2	2	1				2:0
24	2	3	0				
24	2	1	1			1:0	
24	3	0	0	0:4			0:3
24	3	0	1	0:2;0:5	0:2;0:3	0:2	0:2
24	3	0	2	0:1;0:4	0:1	0:1;0:3	0:1
24	3	0	3	0:2	0:0		0:1;0:4
24	3	0	4		0:3	0:0;0:2	
24	3	1	0				
24	3	0	5			0:1	
24	4	0	0	0:14	0:40		
24	4	0	1		0:10	0:29	0:43
24	4	0	2	0:5	0:23		0:43
24	4	0	3	0:47	0:34	0:13	0:30
24	4	0	4	0:22	0:39;0:43	0:31;0:43	0:32;0:48
24	4	0	5	0:31	0:12	0:2	0:47
24	4	0	6	0:42	0:20;0:41;0:42	0:11;0:38	0:11
24	4	0	7	0:44	0:18;0:19	0:11	0:11
24	4	0	8	0:10;0:41	0:13		0:11;0:29;0:34
24	4	0	9		0:28	0:22	0:19
24	4	0	10	0:32	0:28;0:31	0:8;0:47	0:1;0:15
24	4	0	11	0:6;0:7;0:42	0:6;0:7;0:8;0:14;0:42	0:16	0:16
24	4	0	12	0:44	0:13	0:23	0:5
24	4	0	13	0:3;0:28;0:29;0:35;0:46			0:8;0:12;0:26;0:45
24	4	0	14	0:18	0:43	0:0	0:11
24	4	0	15	0:25	0:10	0:18	0:44
24	4	0	16	0:11	0:11;0:17		
24	4	0	17	0:33	0:35	0:26	0:16
24	4	0	18	0:15	0:47	0:14;0:30;0:41	0:7;0:28
24	4	0	19		0:9	0:41	0:7;0:42
24	4	1	0				
24	4	0	20		0:36	0:42	0:6;0:28
24	4	0	21	0:48	0:43	0:42	0:42
24	4	0	22	0:9	0:31	0:4	0:41
24	4	0	23	0:12			0:2
24	4	0	24	0:40		0:40	0:43
24	4	0	25		0:32	0:15	0:36
24	4	0	26	0:17	0:13		
24	4	0	27				0:28
24	4	0	28	0:39;0:42	0:18;0:20;0:27;0:40;0:41	0:13;0:31;0:34;0:43	0:9;0:10;0:41;0:43;0:47
24	4	0	29	0:1	0:8	0:13	0:44
24	4	0	30	0:18	0:3	0:45	0:31
24	4	0	31	0:4;0:28;0:43	0:30;0:40;0:44	0:5;0:39	0:10;0:22;0:41
24	4	0	32		0:4	0:10	0:25
24	4	0	33		0:37	0:17	
24	4	0	34	0:28	0:8		0:3
24	4	0	35			0:13	0:17
24	4	0	36		0:25	0:44	0:20
24	4	0	37				0:33
24	4	0	38	0:6	0:48	0:42	
24	4	0	39	0:31	0:45	0:28	0:4
24	4	0	40	0:24;0:43;0:45		0:24	0:0;0:28;0:31
24	4	0	41	0:18;0:19;0:44	0:22;0:28;0:31;0:46	0:8;0:48	0:6;0:28
24	4	0	42	0:20;0:21;0:38	0:19;0:21;0:44	0:6;0:11;0:28	0:6;0:11
24	4	0	43	0:4;0:28;0:47	0:1;0:2;0:24;0:28	0:31;0:40;0:44	0:4;0:14;0:21;0:44
24	4	0	44	0:36;0:43	0:15;0:29;0:43	0:7;0:12;0:41;0:47	0:31;0:42
24	4	0	45	0:30	0:13	0:40	0:39
24	4	0	46			0:13	0:41
24	4	0	47	0:10;0:44	0:5;0:28	0:3;0:43	0:18
24	4	0	48	0:41	0:4	0:21	0:38
24	11	0	0	0:30	0:12	0:35	0:40
24	11	0	1	0:1;0:33;0:38	0:1;0:11;0:22	0:1;0:26;0:29	0:1;0:38
24	11	0	2	0:8;0:19	0:32	0:28	
24	11	0	3			0:4	
24	11	0	4	0:3;0:14	0:16	0:7	0:7
24	11	0	5	0:14;0:25;0:41		0:14;0:19;0:24	
24	11	0	6	0:31;0:33;0:35;0:36	0:11;0:17;0:39	0:22;0:29;0:30;0:39	0:19;0:33;0:38;0:40
24	11	0	7	0:4;0:10;0:16;0:40;0:41	0:4;0:8;0:14;0:40;0:41	0:18	
24	11	0	8	0:16	0:27	0:2	0:7
24	11	0	9	0:24		0:14	0:10
24	11	0	10		0:9;0:14;0:16;0:18;0:27;0:33;0:36;0:37;0:38	0:7;0:13;0:19;0:20;0:33;0:38	0:16
24	11	0	11	0:12;0:14	0:16;0:41	0:22;0:40	0:1;0:6
24	11	0	12	0:14;0:39;0:41		0:11;0:14;0:32	0:0;0:22;0:33
24	11	0	13	0:10	0:32	0:32	
24	11	0	14	0:5;0:9;0:12;0:16;0:41		0:4;0:5;0:11;0:12;0:32	0:7;0:10;0:19;0:25;0:31;0:35;0:40
24	11	0	15		0:15;0:16;0:28		0:15;0:27
24	11	0	16		0:10;0:20	0:7;0:8;0:14;0:21;0:23;0:35	0:4;0:10;0:11;0:15;0:17;0:36
24	11	0	17	0:41	0:16	0:39	0:6
24	11	0	18	0:7	0:33	0:40	0:10
24	11	0	19	0:5;0:10;0:19;0:25;0:40	0:6;0:14;0:22;0:32;0:35;0:39;0:41	0:2;0:19;0:25;0:33	
24	11	0	20	0:10	0:39	0:34	0:16
24	11	0	21	0:16	0:41		0:39
24	11	0	22	0:6;0:11;0:38	0:12;0:23;0:30	0:26;0:31;0:40	0:1;0:19;0:40
24	11	0	23	0:16	0:34	0:29	0:22
24	11	0	24	0:5		0:9	
24	11	0	25	0:19;0:25	0:14;0:31;0:32;0:36;0:39	0:5;0:19;0:25;0:33	
24	11	0	26	0:1;0:22;0:38	0:26;0:29		0:26;0:29;0:39
24	11	0	27		0:15;0:28	0:32	0:8;0:10
24	11	0	28	0:2			0:15;0:27
24	11	0	29	0:1;0:6;0:23	0:26;0:32;0:40		0:26;0:39
24	11	0	30	0:6	0:39	0:0	0:22
24	11	0	31	0:22	0:14	0:6	0:25
24	11	0	32	0:12;0:13;0:14;0:27;0:34;0:39			0:2;0:13;0:19;0:25;0:29;0:34;0:39
24	11	0	33	0:10;0:19;0:25;0:40	0:6;0:12;0:35	0:1;0:6;0:39	0:10;0:18
24	11	0	34	0:20	0:32	0:32	0:23
24	11	0	35	0:0;0:16;0:36	0:14;0:35;0:38	0:6;0:39	0:19;0:33;0:35
24	11	0	36		0:16;0:41	0:6;0:35	0:10;0:25
24	11	0	37		0:38	0:40	0:10
24	11	0	38	0:10	0:1;0:6;0:39	0:1;0:22;0:26;0:39	0:10;0:35;0:37
24	11	0	39	0:6;0:17;0:33;0:35;0:38	0:21;0:26;0:29;0:32	0:12;0:32	0:6;0:19;0:20;0:25;0:30;0:38
24	11	0	40	0:11;0:18;0:22;0:37	0:0;0:6;0:14;0:22	0:7;0:19;0:33	0:7;0:29
24	11	0	41			0:5;0:7;0:12;0:14;0:17	0:7;0:11;0:19;0:21;0:36
24	15	0	0				
24	15	1	0				
24	15	2	0	2:0	2:0	2:0	2:0
24	15	3	0	3:0	3:0	3:0	3:0
24	16	0	0	0:0		0:0	
24	19	0	0				
24	20	0	0				
24	28	0	0				
24	40	0	0				
24	49	0	0		0:2	0:7	0:6
24	49	0	1	0:2		0:4	0:7
24	49	0	2			0:1	0:0
24	49	0	3	0:6	0:7	0:5	
24	49	0	4	0:1			
24	49	0	5	0:3			
24	49	0	6		0:0	0:3	
24	49	0	7	0:0	0:1		0:3
25	5	0	0	0:2;0:12;0:32;0:36;0:53	0:1;0:28	0:20;0:53	0:22;0:32;0:33
25	5	0	1	0:2;0:13;0:23;0:26;0:30;0:32;0:34;0:41	0:16;0:22;0:32;0:34;0:40;0:41;0:50	0:26	0:0;0:40
25	5	0	2	0:2;0:7;0:15;0:25;0:31;0:41;0:45	0:3;0:8;0:22;0:30;0:32;0:36;0:37;0:40	0:0;0:1;0:2;0:7;0:15;0:22;0:32;0:36;0:40	0:18;0:25;0:34;0:42;0:44;0:46
25	5	0	3	0:21;0:32;0:36	0:28		0:2;0:22;0:23;0:32
25	5	0	4		0:4;0:10;0:13;0:26;0:47	0:8;0:18;0:21;0:22;0:24;0:31;0:32;0:36;0:43;0:45;0:50	0:4;0:6;0:49;0:53
25	5	0	5	0:43	0:15;0:31	0:23;0:34	0:28;0:32
25	5	0	6		0:4;0:47	0:12;0:15;0:18;0:30;0:31;0:32;0:36;0:40;0:50	0:13;0:23;0:31;0:32;0:44;0:45;0:47
25	5	0	7	0:2;0:25	0:12;0:18;0:32	0:2;0:22;0:34	0:18;0:32
25	5	0	8	0:4;0:9;0:18;0:41	0:9;0:36;0:40;0:41	0:17;0:22;0:32;0:38;0:40	0:2;0:25;0:26;0:51
25	5	0	9	0:11;0:35;0:44	0:11;0:25	0:8;0:18;0:34;0:50	0:8;0:11;0:27;0:41
25	5	0	10	0:10;0:23;0:26;0:29;0:41;0:52	0:21;0:32;0:50	0:10;0:21;0:28;0:32	0:4
25	5	0	11		0:9;0:11;0:35	0:9;0:25;0:41	0:9;0:11;0:41
25	5	0	12	0:6;0:15;0:19;0:45	0:22;0:32;0:43	0:0;0:18;0:22;0:28	0:7;0:21;0:25
25	5	0	13		0:6;0:32;0:34;0:53	0:1;0:23;0:32;0:45	0:4;0:53
25	5	0	14	0:26;0:34	0:18;0:40	0:28;0:51	
25	5	0	15	0:2;0:6;0:45	0:30;0:49	0:2;0:12;0:31	0:5;0:25
25	5	0	16	0:32	0:21	0:43	0:1
25	5	0	17	0:8;0:21;0:23;0:31;0:41;0:46;0:47;0:50	0:24;0:27;0:44;0:48	0:25;0:27;0:41	0:21;0:23;0:26;0:28;0:38;0:43;0:47
25	5	0	18	0:4;0:6;0:9;0:12;0:21;0:25;0:41	0:2;0:7;0:22;0:36;0:41;0:43;0:50	0:8;0:24;0:28;0:34;0:37;0:40;0:46;0:51	0:7;0:14;0:25;0:28;0:34;0:45
25	5	0	19	0:48	0:32	0:12;0:45	0:35
25	5	0	20	0:0;0:40			0:22;0:28;0:32
25	5	0	21	0:4;0:10;0:32;0:47;0:53	0:12;0:17;0:21;0:31;0:45	0:3;0:17;0:18;0:24;0:34	0:10;0:16;0:21;0:23;0:28;0:32;0:47;0:50
25	5	0	22	0:2;0:4;0:7;0:8;0:12;0:25;0:34;0:47;0:49	0:0;0:3;0:20;0:22;0:30;0:34;0:40;0:53		0:1;0:2;0:12;0:18;0:22;0:28;0:32;0:51
25	5	0	23	0:5;0:13;0:26;0:32	0:3;0:6;0:17;0:21;0:32;0:34;0:41;0:43	0:1;0:10;0:17;0:28;0:32;0:42;0:51	0:51
25	5	0	24	0:4;0:18;0:21;0:41;0:45	0:27;0:44;0:45	0:27	0:17;0:39;0:43;0:46
25	5	0	25	0:11;0:17;0:27;0:35;0:44;0:48	0:2;0:8;0:12;0:15;0:18	0:2;0:7;0:18;0:22;0:40;0:44	0:9;0:41
25	5	0	26	0:1;0:28;0:51	0:8;0:17;0:32;0:34;0:42;0:43;0:53	0:1;0:10;0:14;0:23;0:28;0:32;0:44	0:4;0:49
25	5	0	27	0:17;0:24;0:27;0:39;0:44	0:9;0:27;0:35;0:39;0:44;0:48	0:25;0:27;0:35;0:41	0:17;0:24;0:27;0:41
25	5	0	28	0:10;0:12;0:14;0:18;0:23;0:26;0:34;0:41;0:46;0:50	0:5;0:17;0:18;0:20;0:21;0:22;0:32;0:33;0:40;0:41	0:26	0:0;0:3
25	5	0	29		0:32	0:10	
25	5	0	30	0:6;0:32;0:36;0:53		0:1;0:32;0:36	0:2;0:15;0:22;0:32;0:44
25	5	0	31	0:4;0:6;0:15;0:32;0:41;0:49	0:6;0:32;0:36;0:41;0:53	0:2;0:17;0:40;0:46	0:5;0:21;0:44;0:50
25	5	0	32	0:2;0:4;0:6;0:8;0:10;0:13;0:23;0:26;0:30;0:32;0:34;0:36;0:41;0:45;0:47;0:49;0:52;0:53	0:0;0:3;0:5;0:6;0:7;0:20;0:21;0:22;0:30;0:32;0:34;0:36;0:40;0:41;0:42;0:49;0:50;0:53	0:0;0:1;0:3;0:16;0:21;0:23;0:30;0:31;0:32;0:36;0:38;0:40;0:42;0:43;0:45	0:1;0:2;0:7;0:10;0:12;0:13;0:19;0:23;0:26;0:28;0:29;0:31;0:32;0:45;0:50;0:52
25	5	0	33	0:41;0:42;0:43	0:0;0:34		0:28;0:51
25	5	0	34	0:5;0:7;0:9;0:18;0:21;0:41;0:43;0:44	0:2;0:18;0:41;0:43;0:53	0:1;0:14;0:22;0:28;0:32	0:1;0:13;0:22;0:23;0:26;0:32;0:33;0:51
25	5	0	35	0:27	0:19;0:48	0:9;0:25;0:46;0:48	0:11;0:27
25	5	0	36	0:2;0:4;0:6;0:30;0:32;0:36;0:53		0:0;0:3;0:30;0:32;0:36;0:40;0:44;0:45	0:2;0:8;0:18;0:31;0:32;0:37;0:43;0:45;0:48
25	5	0	37	0:18	0:36	0:51	0:2
25	5	0	38	0:8;0:32	0:17;0:45	0:41;0:44	0:44
25	5	0	39	0:44	0:24	0:27	0:27
25	5	0	40	0:2;0:6;0:8;0:18;0:25;0:31;0:32;0:36;0:50;0:53	0:1;0:51	0:20	0:1;0:2;0:8;0:14;0:22;0:28;0:32;0:51
25	5	0	41	0:11;0:17;0:27;0:38;0:44	0:9;0:11;0:25;0:27;0:44	0:1;0:2;0:8;0:10;0:17;0:18;0:24;0:28;0:31;0:32;0:33;0:34;0:44	0:1;0:8;0:18;0:23;0:28;0:31;0:32;0:34;0:46
25	5	0	42	0:23;0:32	0:2;0:45	0:33;0:44	0:26;0:32
25	5	0	43	0:4;0:16;0:32;0:47	0:17;0:24;0:36;0:44;0:45	0:5;0:33;0:34;0:48	0:12;0:18;0:23;0:26;0:34;0:44
25	5	0	44	0:25;0:26;0:36;0:38;0:41;0:42;0:45;0:50;0:53	0:2;0:6;0:30;0:31;0:38;0:43;0:45;0:53	0:9;0:25;0:27;0:34;0:39;0:41;0:48	0:17;0:24;0:27;0:41;0:43
25	5	0	45	0:4;0:13;0:19;0:32;0:36;0:49;0:53	0:6;0:18;0:32;0:36;0:53	0:2;0:12;0:15;0:24;0:32;0:44	0:21;0:24;0:38;0:42;0:43;0:44;0:48
25	5	0	46	0:18;0:31;0:35	0:2;0:24;0:41	0:17;0:28	0:51
25	5	0	47		0:6;0:17;0:21;0:49;0:53	0:17;0:21;0:22;0:32;0:43	0:4;0:6;0:49
25	5	0	48	0:35;0:43;0:44	0:36;0:45	0:19;0:25	0:17;0:27;0:35
25	5	0	49		0:4;0:26;0:47	0:22;0:31;0:32;0:45	0:15;0:32;0:47;0:50
25	5	0	50	0:4;0:6;0:9	0:21;0:31;0:32;0:49	0:17;0:28;0:40;0:44;0:51	0:1;0:10;0:18;0:32
25	5	0	51	0:14;0:18;0:23;0:37;0:50	0:8;0:22;0:23;0:33;0:34;0:40;0:46	0:26	0:40
25	5	0	52		0:32	0:10;0:32	
25	5	0	53	0:0	0:4;0:13	0:0;0:21;0:30;0:32;0:36;0:40;0:44;0:45	0:13;0:22;0:26;0:31;0:32;0:34;0:44;0:45;0:47
25	6	0	0	0:14;0:28	0:8;0:25;0:28	0:5;0:21;0:27;0:28	0:6;0:11;0:16;0:20
25	6	0	1	0:3	0:18	0:23	
25	6	0	2	0:28		0:11	0:11
25	6	0	3			0:1	0:8
25	6	0	4	0:13	0:13;0:14	0:12;0:16	0:21
25	6	0	5	0:0;0:21	0:7	0:21	0:8;0:16
25	6	0	6		0:0	0:28	
25	6	1	0				
25	6	0	7	0:14;0:21;0:28	0:8;0:11;0:12;0:21;0:27	0:21;0:27	0:5;0:11;0:16
25	6	0	8	0:11;0:26	0:3;0:5	0:19;0:25;0:28	0:0;0:7;0:24;0:27
25	6	0	9	0:12			0:21
25	6	0	10	0:18	0:11	0:21	0:23
25	6	0	11	0:2	0:0;0:2;0:7	0:8;0:21	0:7;0:10;0:21
25	6	0	12	0:4;0:20	0:15;0:27	0:9;0:15;0:27	0:7;0:16
25	6	0	13	0:21;0:27	0:20;0:21	0:4;0:15;0:21	0:4;0:16
25	6	0	14	0:28		0:0;0:7	0:4;0:28
25	6	0	15	0:12;0:13	0:21;0:27	0:21;0:27	0:12;0:21
25	6	0	16	0:4;0:16;0:21;0:25;0:26	0:0;0:5;0:7;0:12;0:13;0:16;0:21	0:16;0:21	0:16;0:20;0:21
25	6	0	17	0:20			
25	6	0	18			0:10;0:22	0:1;0:21
25	6	0	19	0:8			0:27
25	6	0	20	0:28	0:0;0:16;0:21;0:27	0:12;0:17;0:27	0:13
25	6	0	21	0:0;0:5;0:7;0:10;0:11;0:13;0:15;0:16;0:21;0:25	0:4;0:9;0:11;0:15;0:16;0:18;0:21;0:27	0:5;0:7;0:13;0:16;0:21	0:7;0:13;0:15;0:16;0:20;0:21;0:25;0:27
25	6	0	22	0:18			
25	6	0	23	0:1	0:10		
25	6	0	24		0:8		
25	6	0	25	0:8;0:27	0:21;0:25	0:16;0:21	0:0;0:25
25	6	0	26			0:8;0:16	
25	6	0	27	0:0;0:7;0:12;0:15;0:20	0:8;0:19;0:21	0:13;0:25	0:7;0:12;0:15;0:20;0:21;0:28
25	6	2	0				
25	6	0	28	0:0;0:6;0:8	0:14;0:27	0:0;0:2;0:7;0:14;0:20	0:0
25	48	0	0	0:32	0:32	0:47	
25	48	0	1	0:32;0:33;0:47	0:33;0:54	0:32;0:54	0:42;0:47
25	48	0	2	0:21;0:35;0:44	0:11;0:20;0:24	0:23;0:24;0:45	0:11;0:21;0:40
25	48	0	3	0:32;0:33	0:27		0:32
25	48	0	4	0:32	0:21		
25	48	0	5	0:5;0:16;0:25	0:5;0:18;0:21;0:31;0:49	0:5;0:21	0:5;0:16;0:31
25	48	0	6	0:32		0:54	0:47
25	48	0	7	0:24;0:41	0:21;0:23	0:21	0:12;0:23;0:24
25	48	0	8	0:50	0:21	0:21	0:50
25	48	0	9	0:47	0:32	0:32	
25	48	0	10	0:34	0:25	0:26	0:32
25	48	0	11	0:21;0:43	0:2;0:21	0:24;0:41	0:2;0:24
25	48	0	12	0:20;0:24	0:7;0:24	0:21	0:23
25	48	0	13	0:33;0:47	0:32;0:33		
25	48	0	14		0:43	0:24	0:35
25	48	1	0				
25	48	0	15		0:30	0:50	0:50
25	48	0	16	0:25	0:5;0:16;0:25	0:5;0:31	0:16;0:26;0:49
25	48	0	17	0:27	0:33	0:47	
25	48	0	18	0:21	0:31	0:21;0:48	0:5;0:21
25	48	0	19	0:27	0:32		
25	48	0	20	0:21	0:20	0:12;0:24	0:2;0:20
25	48	0	21	0:5;0:7;0:8;0:12;0:18;0:21;0:22;0:23;0:31;0:35;0:37;0:38;0:39;0:49;0:54	0:2;0:18;0:21;0:23;0:26;0:27;0:31;0:43;0:44;0:45;0:46;0:49	0:2;0:11;0:18;0:20;0:21;0:22;0:25;0:34;0:35;0:42;0:43;0:44;0:46;0:49;0:53	0:4;0:5;0:7;0:8;0:11;0:21;0:22;0:25;0:30;0:31;0:34;0:35;0:37;0:41;0:44;0:46
25	48	0	22	0:21;0:25	0:21	0:21	0:26;0:31;0:49
25	48	0	23	0:2;0:24;0:45	0:7;0:12	0:21	0:7;0:21
25	48	0	24	0:2;0:11;0:14;0:20;0:24;0:45	0:7;0:11;0:24;0:41	0:7;0:12;0:23;0:24;0:41	0:2;0:12;0:24;0:39;0:45
25	48	0	25	0:21;0:51	0:21;0:49	0:5;0:16;0:22;0:31;0:49	0:10;0:16;0:49
25	48	0	26	0:10	0:16;0:22		0:21
25	48	0	27	0:46;0:47;0:50	0:32;0:34;0:35;0:40	0:17;0:19	0:3;0:21;0:29
25	48	0	28			0:32	0:47
25	48	0	29	0:32	0:27		0:40
25	48	0	30		0:21	0:50	0:15;0:50
25	48	0	31	0:16;0:25;0:49	0:5;0:21;0:22	0:21;0:32;0:49	0:5;0:18;0:21
25	48	0	32	0:1;0:9;0:28;0:31;0:32;0:33;0:36;0:46	0:3;0:10;0:32;0:33;0:34;0:36;0:50;0:52;0:54	0:0;0:1;0:3;0:4;0:6;0:29;0:32;0:38;0:40;0:51;0:54	0:0;0:9;0:13;0:19;0:27;0:32;0:43;0:47;0:51
25	48	0	33	0:34;0:52	0:35	0:1;0:3;0:13;0:32;0:40;0:50;0:52	0:1;0:13;0:17;0:32;0:36;0:50
25	48	0	34	0:21;0:34	0:21	0:10;0:33;0:34;0:36	0:27;0:32;0:42;0:47
25	48	0	35	0:21	0:14;0:21	0:2;0:21	0:27;0:33;0:50
25	48	0	36	0:34	0:33	0:32	0:32
25	48	0	37	0:50	0:21	0:21	0:38
25	48	0	38	0:32;0:50	0:37	0:21	
25	48	0	39	0:40	0:24	0:21	
25	48	0	40	0:32;0:33	0:2;0:29	0:39	0:27
25	48	0	41	0:11;0:24	0:21	0:7	0:24;0:45
25	48	0	42	0:21	0:1;0:34	0:47	
25	48	0	43	0:21	0:32;0:54	0:11	0:14;0:21
25	48	0	44	0:21	0:21	0:2	0:21;0:53
25	48	0	45	0:2	0:24;0:41	0:23;0:24	0:21
25	48	0	46	0:21;0:53	0:21	0:27;0:32	0:21
25	48	0	47	0:0;0:17;0:42	0:1;0:6;0:28;0:32;0:34	0:1;0:9;0:13;0:27;0:51	0:48
25	48	0	48	0:18	0:47		
25	48	0	49	0:21;0:25;0:31;0:49	0:16;0:22;0:25;0:53	0:21;0:31;0:49	0:5;0:21;0:25
25	48	0	50	0:15;0:30;0:33;0:50	0:8;0:15;0:30;0:33;0:35;0:50	0:8;0:27;0:37;0:38;0:50	0:32;0:50
25	48	0	51	0:32;0:47	0:32;0:54	0:25	
25	48	0	52	0:33		0:33	0:32
25	48	0	53	0:21	0:44	0:46	0:49
25	48	0	54	0:1;0:6;0:32		0:21	0:1;0:32;0:43;0:51
26	1	0	0	0:3			
26	1	1	0	1:2			
26	1	1	1	1:1		1:1;1:2	
26	1	0	1		0:2		0:2
26	1	0	2		0:1	0:5	0:1
26	1	1	2	1:1		1:0	
26	1	0	3	0:3;0:4	0:5	0:0;0:3	
26	1	0	4			0:3	
26	1	0	5	0:2;0:5		0:5	0:3
26	8	0	0		0:0;0:5	0:5	0:0;0:1
26	8	0	1		0:0;0:5	0:4;0:5	
26	8	0	2			0:5	0:5
26	8	0	3	0:5			0:5
26	8	0	4	0:1	0:5	0:5	
26	8	0	5	0:0;0:1;0:2;0:4;0:5;0:6;0:8	0:2;0:3;0:5	0:3;0:5	0:0;0:1;0:4;0:5;0:7;0:9
26	8	0	6			0:5	
26	8	0	7		0:5	0:9	
26	8	0	8			0:5	
26	8	0	9	0:7	0:5		
26	23	0	0	0:6;0:9			
26	23	0	1	0:20	0:20		
26	23	0	2	0:12	0:24	0:12	
26	23	0	3	0:12		0:12	0:5
26	23	0	4	0:5;0:11	0:4;0:12;0:21		0:4;0:9
26	23	0	5		0:3	0:4	0:11
26	23	0	6	0:8;0:11;0:18		0:0	
26	23	0	7	0:23		0:18	
26	23	0	8		0:19	0:6	
26	23	0	9	0:18;0:22;0:24	0:4;0:12	0:0	0:12;0:23
26	23	0	10			0:21	0:11
26	23	0	11	0:13;0:14;0:22	0:5;0:10;0:11;0:20	0:4;0:6;0:13;0:16;0:22	0:11;0:18;0:19;0:24;0:25
26	23	0	12	0:2;0:3;0:12;0:20;0:25	0:9	0:2;0:3;0:12	0:4;0:9;0:22
26	23	0	13	0:11	0:13	0:11	0:13;0:22
26	23	0	14	0:21		0:11	
26	23	0	15	0:25			0:25
26	23	0	16	0:11		0:17	
26	23	0	17	0:16		0:26	
26	23	0	18	0:7;0:22	0:11;0:20	0:6;0:9;0:22	0:20
26	23	0	19		0:11		0:8
26	23	0	20		0:18	0:1;0:12	0:1;0:11;0:18
26	23	0	21	0:10		0:14	0:4
26	23	0	22	0:11;0:18	0:12;0:13	0:9;0:11;0:18	
26	23	0	23	0:23	0:9	0:7;0:23	
26	23	0	24		0:11	0:9	0:2
26	23	0	25		0:11;0:15	0:12;0:15	
26	23	0	26	0:17			
26	25	0	0	0:1;0:2	0:4;0:14;0:17;0:18	0:18	0:4
26	25	0	1	0:1;0:2;0:4;0:5;0:16;0:17;0:18	0:7;0:17;0:18	0:0;0:1;0:18	
26	25	0	2		0:4;0:17;0:18	0:0;0:1;0:18	
26	25	0	3		0:4;0:17	0:18	0:4;0:5
26	25	0	4		0:0;0:3;0:7;0:18	0:1;0:18	0:0;0:2;0:3;0:11;0:17;0:18
26	25	0	5		0:3;0:18	0:1;0:18	
26	25	0	6	0:19	0:12	0:12	0:12
26	25	0	7	0:13	0:8;0:19	0:16	0:1;0:4
26	25	0	8	0:13	0:11	0:13	0:7
26	25	0	9		0:19	0:12	
26	25	0	10	0:19	0:16	0:16	0:16
26	25	0	11	0:13	0:4;0:18	0:12	0:8;0:19
26	25	0	12	0:6;0:9;0:11	0:6	0:13;0:18	0:6;0:13
26	25	0	13	0:8;0:12;0:13;0:16	0:12;0:13	0:7;0:8;0:11;0:13	0:13;0:16
26	25	0	14		0:18	0:18	0:0;0:18
26	25	0	15			0:16	0:19
26	25	0	16	0:7;0:10;0:15	0:10;0:13	0:1;0:13	0:10
26	25	0	17		0:4;0:17;0:18	0:1;0:18	0:0;0:1;0:2;0:3;0:17;0:18
26	25	0	18	0:0;0:1;0:2;0:3;0:4;0:5;0:12;0:14;0:17;0:18	0:4;0:14;0:17;0:18	0:1;0:18	0:0;0:1;0:2;0:4;0:5;0:11;0:14;0:17;0:18
26	25	0	19		0:11;0:15	0:6;0:10	0:7;0:9
26	26	0	0	0:0		0:0	0:1;0:2
26	26	1	0	1:0;1:1	1:0	1:0	1:0
26	26	0	1	0:1	0:0;0:2	0:1	
26	26	1	1			1:0	
26	26	2	0			2:1	
26	26	0	2	0:2	0:0	0:2	0:1
26	26	2	1	2:0;2:1	2:1	2:1	2:1
26	26	3	0				
26	27	0	0				
26	34	0	0				
26	35	0	0				
26	36	0	0				
26	36	1	0				
26	47	0	0	0:13	0:11	0:3	0:11
26	47	0	1	0:12	0:8		
26	47	0	2		0:2;0:4;0:6;0:10;0:14	0:4;0:14	0:2;0:4;0:6;0:14
26	47	0	3	0:0	0:8		0:8
26	47	0	4	0:2	0:2;0:4;0:6;0:11	0:11	0:2;0:4;0:6;0:11
26	47	0	5			0:13	
26	47	0	6		0:2;0:4	0:12	0:2;0:4
26	47	0	7	0:12			0:8
26	47	0	8	0:11	0:3;0:7;0:8;0:11		0:1;0:3;0:8;0:11
26	47	0	9		0:13	0:11	0:13
26	47	0	10			0:12	0:2
26	47	0	11	0:4;0:9	0:0;0:4;0:8;0:11;0:12	0:8	0:0;0:4;0:8;0:11;0:12
26	47	0	12	0:6;0:10	0:11;0:14	0:1;0:7	0:11;0:14
26	47	0	13	0:5	0:9	0:0	0:9
26	47	0	14	0:2	0:2;0:12		0:2;0:12
27	1	0	0	0:40	0:24		0:15
27	1	0	1		0:12;0:29;0:33	0:8;0:12;0:24;0:30	0:29;0:30;0:40
27	1	0	2	0:2;0:21;0:25;0:26;0:36	0:16;0:36;0:40	0:2;0:11;0:15;0:36	0:12
27	1	0	3	0:12	0:12		
27	1	0	4	0:12	0:24;0:36	0:7;0:36	0:14;0:22
27	1	0	5	0:14	0:36	0:9	0:12
27	1	0	6	0:6;0:8;0:29	0:6;0:12	0:6;0:8;0:12	0:6;0:8;0:31
27	1	0	7	0:4;0:22;0:24	0:26;0:40		0:11;0:35
27	1	0	8	0:1;0:6;0:30	0:6;0:8	0:6	0:8;0:27
27	1	0	9	0:5;0:14	0:26;0:36		0:12
27	1	0	10			0:11	0:37
27	1	0	11	0:2;0:10;0:19;0:24;0:25	0:7;0:31;0:35;0:37;0:40	0:12;0:13	0:12;0:31
27	1	0	12	0:1;0:6;0:11;0:12;0:15;0:20;0:29;0:30;0:31	0:2;0:5;0:9;0:11;0:12;0:14;0:30	0:3;0:4;0:12;0:14;0:37;0:38	0:1;0:3;0:6;0:12;0:13;0:28;0:29;0:31;0:33
27	1	0	13	0:11;0:31	0:12		0:24;0:36
27	1	0	14	0:12	0:4	0:5;0:9	0:12
27	1	0	15	0:2;0:26	0:0;0:32	0:12	
27	1	0	16	0:40	0:29	0:40	0:2
27	1	0	17		0:24;0:26		0:33
27	1	0	18		0:27	0:35	0:22
27	1	0	19	0:34;0:37;0:40	0:22;0:24;0:35	0:11;0:26;0:31	
27	1	0	20	0:26		0:12	
27	1	0	21	0:24	0:40	0:2	
27	1	0	22	0:29	0:4;0:18;0:27	0:7;0:35	0:19;0:25;0:26
27	1	0	23	0:40	0:25		
27	1	0	24	0:1	0:13;0:24;0:31;0:37	0:7;0:11;0:21;0:26;0:31;0:35;0:40	0:0;0:4;0:17;0:19;0:24
27	1	0	25	0:35	0:22;0:26;0:37	0:2;0:11	0:23
27	1	0	26	0:19;0:24;0:36;0:37;0:39	0:22;0:31;0:35;0:36	0:2;0:15;0:20;0:35;0:36	0:7;0:9;0:17;0:25;0:36
27	1	0	27		0:8	0:31;0:40	0:18;0:22
27	1	0	28	0:30	0:12		
27	1	0	29		0:1;0:12;0:29	0:6;0:12;0:22;0:37	0:1;0:16;0:29
27	1	0	30	0:1;0:30;0:33;0:38	0:1;0:30;0:33	0:8;0:12;0:28;0:30	0:12;0:30
27	1	0	31	0:19;0:24;0:27;0:36;0:37	0:6;0:11;0:12	0:12;0:13	0:11;0:24;0:26;0:35
27	1	0	32	0:36			0:15
27	1	0	33		0:12;0:17	0:30	0:1;0:30
27	1	0	34			0:19	
27	1	0	35	0:18;0:22;0:24;0:26	0:7;0:31;0:35;0:39	0:25	0:11;0:19;0:26;0:35
27	1	0	36	0:2;0:4;0:26;0:37	0:13;0:26	0:2;0:26;0:31;0:32;0:40	0:2;0:4;0:5;0:9;0:26
27	1	0	37	0:12;0:29	0:10	0:19;0:26;0:31;0:36;0:40	0:11;0:24;0:25
27	1	0	38	0:12		0:30	
27	1	0	39			0:26	0:35
27	1	0	40	0:16;0:24;0:27;0:36;0:37	0:1	0:0;0:16;0:19;0:23	0:2;0:7;0:11;0:21
27	2	0	0	0:14	0:10		0:10
27	2	0	1		0:7;0:16	0:7;0:16	0:9
27	2	0	2	0:4	0:7	0:12	
27	2	0	3	0:5			
27	2	0	4	0:7	0:5;0:12	0:2	0:6;0:16
27	2	0	5	0:7;0:10	0:13	0:3;0:15	0:4
27	2	0	6	0:15	0:4;0:10	0:10	0:14
27	2	0	7	0:1;0:7;0:8	0:12;0:15	0:4;0:5;0:7	0:1;0:2;0:10
27	2	0	8			0:7;0:10;0:16	
27	2	0	9		0:1		
27	2	0	10	0:6;0:8	0:0;0:7;0:15	0:5;0:15	0:0;0:6
27	2	0	11			0:16	
27	2	0	12	0:2;0:13;0:16	0:15	0:15;0:16	0:4;0:7;0:16
27	2	0	13		0:16	0:12	0:5
27	2	0	14	0:16	0:6	0:0	
27	2	0	15	0:5;0:10;0:12;0:16		0:6	0:7;0:10;0:12
27	2	0	16	0:1;0:8;0:11;0:12;0:16	0:4;0:12	0:12;0:14;0:15;0:16	0:1;0:13
27	3	0	0	0:0;0:3	0:0;0:1	0:0;0:1;0:3	0:0;0:3
27	3	0	1	0:0;0:3	0:2;0:3	0:3	0:0;0:2;0:3
27	3	0	2	0:2;0:3	0:1;0:2;0:3	0:2;0:3	0:1;0:2;0:3
27	3	0	3	0:0;0:1;0:2	0:0;0:1;0:2	0:0;0:1;0:2	0:1;0:2
27	4	0	0	0:49	0:58	0:62	0:62
27	4	0	1	0:22	0:49	0:62	
27	4	0	2	0:5	0:19		
27	4	0	3	0:45;0:57	0:9;0:53	0:53;0:54	0:34;0:57
27	4	0	4	0:51;0:59		0:38;0:39	0:6
27	4	0	5	0:9;0:35	0:13;0:30;0:70	0:2	
27	4	0	6	0:28	0:4		0:45
27	4	0	7			0:61	0:70
27	4	0	8			0:9	0:45
27	4	0	9	0:8;0:10;0:70	0:10;0:31;0:33	0:5;0:46	0:3;0:46
27	4	0	10		0:45	0:9	0:9
27	4	0	11	0:43	0:47	0:12	0:18
27	4	0	12	0:11;0:24;0:59;0:73	0:20;0:40;0:61	0:22	0:19;0:54
27	4	0	13	0:50	0:42;0:73	0:19;0:28;0:44	0:5;0:19;0:23
27	4	0	14		0:16	0:51	
27	4	0	15	0:52	0:24	0:54	0:19
27	4	0	16	0:52	0:73	0:19;0:24	0:14;0:52
27	4	0	17	0:38		0:45	0:45
27	4	0	18		0:11;0:60	0:54	
27	4	0	19	0:13;0:16;0:35;0:53;0:68	0:12;0:13;0:15;0:41;0:60		0:2;0:51;0:54
27	4	0	20	0:44;0:45	0:62		0:12;0:30
27	4	0	21	0:70	0:57	0:34	0:54
27	4	0	22	0:12		0:1	
27	4	0	23		0:13	0:59	
27	4	0	24	0:16		0:12	0:15
27	4	0	25		0:69	0:70	0:35
27	4	0	26	0:49	0:65	0:66	0:62
27	4	0	27	0:42	0:54	0:39	
27	4	0	28	0:13;0:37	0:35;0:59	0:6;0:54	
27	4	0	29	0:44		0:33	
27	4	0	30	0:33	0:20		0:5
27	4	0	31	0:37	0:72	0:59	0:9;0:37;0:44
27	4	0	32		0:45	0:71	
27	4	0	33	0:29;0:45	0:45;0:50	0:30;0:59	0:9;0:62
27	4	0	34	0:21;0:70	0:3		
27	4	0	35	0:42;0:56	0:25;0:49;0:50	0:5;0:19;0:62	0:28;0:40;0:44;0:54
27	4	0	36		0:71		
27	4	0	37	0:39	0:31;0:70	0:28;0:31	
27	4	0	38	0:4		0:17	
27	4	0	39	0:4;0:27;0:54	0:54	0:37	0:49;0:50
27	4	0	40	0:47	0:35	0:54	0:12
27	4	0	41	0:73			0:19
27	4	0	42	0:60	0:55	0:27;0:35	0:13;0:54;0:55
27	4	0	43		0:64	0:11	
27	4	0	44	0:13;0:62	0:31;0:35;0:59;0:67	0:20;0:29	0:59;0:72
27	4	0	45	0:17;0:69	0:6;0:8;0:17	0:3;0:20;0:33;0:48	0:10;0:32;0:33;0:70
27	4	0	46	0:9	0:9		0:54
27	4	0	47	0:64	0:56	0:40	0:11;0:70
27	4	0	48	0:45			0:71;0:73
27	4	0	49		0:39	0:0;0:26;0:66	0:1;0:35
27	4	0	50		0:39	0:13;0:61	0:33;0:35;0:73
27	4	0	51	0:14	0:19	0:4	
27	4	0	52	0:53	0:16	0:15;0:16	0:53
27	4	0	53	0:3	0:52;0:73	0:19;0:52;0:62	0:3
27	4	0	54	0:3;0:15;0:18;0:28;0:40;0:55;0:62	0:12;0:19;0:21;0:35;0:42;0:46;0:62	0:39	0:27;0:39
27	4	0	55		0:42	0:54	0:42
27	4	0	56			0:35	0:47
27	4	0	57		0:3	0:3	0:21
27	4	0	58			0:68	0:0
27	4	0	59	0:23;0:31;0:33;0:70	0:44;0:61	0:4;0:12;0:73	0:28;0:44
27	4	0	60			0:42	0:18;0:19
27	4	0	61	0:7;0:50;0:72			0:12;0:59;0:72
27	4	0	62	0:0;0:1;0:35;0:53	0:0;0:26;0:33;0:66;0:68;0:70	0:44;0:54	0:20;0:54
27	4	0	63	0:71			
27	4	0	64			0:47	0:43
27	4	0	65				0:26
27	4	0	66	0:26;0:49		0:67	0:62
27	4	0	67	0:66			0:44
27	4	0	68	0:58		0:19	0:62
27	4	0	69			0:45	0:25
27	4	0	70	0:25	0:7;0:45;0:47	0:9;0:21;0:34;0:59;0:72	0:5;0:37;0:62
27	4	0	71	0:32	0:48	0:63	0:36
27	4	0	72	0:70	0:44;0:61	0:61	0:31
27	4	0	73	0:59	0:48;0:50	0:12;0:41	0:13;0:16;0:53
27	6	0	0	0:3		0:1	0:2
27	6	1	0	1:1	1:9		1:3
27	6	0	1	0:0		0:4	0:6
27	6	0	2		0:0	0:6	
27	6	0	3			0:0	
27	6	1	1		1:7	1:0;1:4	1:6;1:8
27	6	0	4	0:1			0:5
27	6	0	5	0:6	0:4		
27	6	1	2		1:5		
27	6	0	6	0:2	0:1	0:5	
27	6	1	3	1:6;1:10	1:0		
27	6	1	4	1:1			
27	6	1	5		1:8		1:2
27	6	1	6	1:7	1:1	1:3	
27	6	1	7			1:6	1:1
27	6	1	8		1:1		1:5
27	6	1	9		1:11		1:0
27	6	1	10			1:3	
27	6	1	11				1:9
27	13	0	0		0:0;0:1		0:0
27	13	0	1				0:0
27	28	0	0				
27	39	0	0	0:2;0:8	0:4	0:3;0:5;0:6	0:3;0:4;0:6
27	39	0	1	0:2;0:6	0:1;0:2	0:3;0:5	0:1;0:3;0:8
27	39	0	2	0:2;0:5;0:7;0:8	0:2;0:4;0:7	0:0;0:1;0:2;0:3;0:8	0:1;0:2;0:3;0:5;0:6;0:8
27	39	0	3	0:0;0:1;0:2;0:7;0:8	0:0;0:1;0:2;0:6;0:7	0:5;0:7;0:8	0:4;0:5;0:7;0:8
27	39	0	4	0:4;0:7;0:8	0:0;0:3;0:6;0:7	0:4	0:0;0:2;0:8
27	39	0	5	0:0;0:1;0:3	0:2;0:3	0:2;0:7	0:7
27	39	0	6	0:0;0:8	0:0;0:2	0:1;0:7;0:8	0:3;0:4;0:8
27	39	0	7	0:3;0:5;0:6;0:8	0:3;0:5	0:2;0:3;0:4	0:2;0:3;0:4
27	39	0	8	0:2;0:3;0:6;0:8	0:1;0:2;0:3;0:4;0:6;0:8	0:0;0:2;0:3;0:4;0:6;0:7;0:8	0:8
27	49	0	0		0:3		0:1
27	49	0	1		0:0	0:4	
27	49	0	2	0:3			
27	49	0	3			0:2	0:0
27	49	0	4	0:1			
28	23	0	0	0:9;0:15			
28	23	1	0	1:3	1:8		
28	23	2	0			2:5	2:4
28	23	0	1	0:3;0:15		0:6;0:7;0:15	
28	23	0	2		0:4		0:12
28	23	2	1	2:7	2:2		2:3
28	23	2	2	2:5			2:1
28	23	0	3		0:8	0:1;0:15	
28	23	0	4		0:7		0:2
28	23	2	3	2:6	2:1		
28	23	0	5		0:16	0:18	
28	23	1	1	1:4		1:2	1:5
28	23	0	6	0:1;0:15		0:11;0:18	
28	23	2	4		2:0	2:7	2:8
28	23	2	5	2:0		2:2	2:7
28	23	0	7	0:1		0:18	0:4;0:10;0:12
28	23	1	2	1:1			1:8
28	23	0	8		0:16;0:17		0:3;0:13
28	23	1	3	1:7	1:5	1:0	
28	23	0	9			0:0;0:15	0:12;0:16
28	23	0	10		0:7;0:12	0:18	0:12;0:14;0:16
28	23	0	11	0:6;0:11;0:12;0:16	0:18	0:11	
28	23	0	12		0:2;0:7;0:9;0:10	0:11	0:10;0:14;0:16
28	23	0	13		0:8	0:15	
28	23	1	4			1:1	1:6
28	23	1	5	1:6	1:1	1:8	1:3
28	23	1	6		1:4	1:5	1:7
28	23	2	6	2:8	2:7	2:3	
28	23	0	14	0:15	0:10;0:12		
28	23	1	7		1:6	1:3	
28	23	0	15	0:1;0:3;0:9;0:13;0:15		0:0;0:1;0:6;0:14;0:15	
28	23	1	8	1:5	1:2		1:0
28	23	2	7	2:4	2:5	2:1	2:6
28	23	0	16		0:9;0:10;0:12;0:17	0:11;0:18	0:5;0:8;0:17
28	23	0	17		0:16	0:18	0:8;0:16
28	23	2	8		2:4	2:6	
28	23	0	18	0:5;0:6;0:7;0:10;0:16;0:17;0:18	0:18	0:18	0:11;0:18
28	25	0	0	0:4;0:6;0:14;0:15;0:17;0:24;0:29;0:31;0:57;0:65;0:66;0:87;0:89	0:16;0:41;0:55;0:78;0:85	0:3;0:16;0:24;0:55;0:67;0:78	0:12;0:19;0:24;0:47;0:52;0:55;0:72;0:84
28	25	0	1	0:27	0:74	0:59	0:49
28	25	0	2			0:79	
28	25	0	3	0:0;0:6;0:87	0:47;0:85		
28	25	0	4	0:44;0:48;0:67;0:70;0:76	0:14;0:15;0:32;0:76	0:0;0:20;0:52;0:59	0:5;0:18;0:45;0:59;0:68;0:78
28	25	0	5	0:5;0:8;0:12;0:16;0:18;0:19;0:52;0:55;0:61;0:84;0:86	0:4;0:17;0:22;0:24;0:25;0:38;0:52;0:55	0:5;0:24;0:61;0:84;0:89	
28	25	0	6		0:11;0:29;0:87	0:0;0:3;0:52;0:78;0:85	0:11;0:29;0:72;0:87
28	25	0	7		0:15;0:45	0:43;0:45	
28	25	0	8	0:15;0:23;0:24;0:33;0:56;0:65	0:16;0:24;0:25;0:57	0:5;0:16;0:17;0:24;0:66;0:78;0:85	0:31;0:77;0:78
28	25	0	9	0:82	0:46	0:37	0:28
28	25	0	10	0:15;0:19;0:89	0:24;0:59;0:78	0:57;0:78;0:84	0:65;0:66;0:87
28	25	0	11		0:6;0:33	0:24;0:47	0:6;0:87
28	25	0	12	0:31;0:49;0:51;0:75	0:0;0:52;0:67	0:5;0:31;0:45;0:51	
28	25	0	13	0:28	0:37	0:42	0:59
28	25	0	14		0:15;0:45;0:65	0:0;0:62;0:66;0:78	0:4;0:32
28	25	0	15		0:18;0:32;0:48	0:0;0:8;0:10;0:59;0:88	0:4;0:7;0:14;0:32;0:68
28	25	0	16	0:0;0:8;0:55	0:78	0:5;0:22;0:52	0:0;0:8;0:45;0:52
28	25	0	17	0:8;0:33;0:72;0:78	0:24;0:55	0:0;0:24	0:5;0:24;0:31
28	25	0	18	0:55;0:58;0:78;0:87;0:89	0:4;0:25;0:28	0:5;0:24;0:59	0:15;0:55;0:75;0:78;0:87
28	25	0	19		0:0;0:72;0:87	0:5;0:10;0:61;0:84;0:89	
28	25	0	20	0:4	0:36;0:40	0:26	0:81
28	25	0	21	0:30	0:39;0:54		
28	25	0	22	0:16;0:29;0:33	0:62;0:85	0:25;0:67;0:70	0:5;0:47
28	25	0	23	0:64;0:79	0:76	0:8;0:84	0:58
28	25	0	24	0:0;0:5;0:8;0:11;0:17;0:18;0:29;0:32;0:45;0:49;0:52;0:59;0:65;0:74;0:78	0:0;0:17;0:52;0:59;0:67	0:0;0:8;0:47;0:52;0:88	0:5;0:8;0:10;0:17;0:45;0:47;0:51;0:52;0:59
28	25	0	25	0:22;0:41;0:67		0:67;0:73	0:5;0:8;0:18;0:31
28	25	0	26	0:20	0:68	0:34	0:46
28	25	0	27	0:59	0:80	0:1	0:60
28	25	0	28	0:35;0:43	0:9	0:13	0:18
28	25	0	29		0:6;0:87	0:0;0:22;0:24;0:52;0:55;0:78	0:6;0:56;0:61;0:65;0:89
28	25	0	30	0:35	0:69	0:21	
28	25	0	31	0:12;0:47;0:51;0:77	0:8;0:17;0:25;0:55	0:0;0:12;0:51	
28	25	0	32		0:14;0:15	0:24;0:55;0:85	0:4;0:15;0:87
28	25	0	33		0:65;0:87	0:8;0:17;0:22	0:11
28	25	0	34	0:26	0:63	0:80	0:59
28	25	0	35		0:40;0:82	0:28;0:30	
28	25	0	36	0:76	0:76	0:68	0:20
28	25	0	37	0:9	0:59	0:60	0:13
28	25	0	38	0:52;0:78	0:78		0:5;0:52
28	25	0	39	0:53;0:69	0:52	0:52	0:21;0:74
28	25	0	40			0:68;0:69	0:20;0:35
28	25	0	41	0:67;0:76		0:25;0:44	0:0;0:51;0:84
28	25	0	42	0:13	0:60	0:86	0:52;0:85
28	25	0	43	0:7	0:82	0:28	0:58
28	25	0	44	0:41		0:4	0:55;0:77
28	25	0	45	0:7;0:12;0:77	0:4;0:16;0:24;0:59;0:65	0:24;0:55;0:82	0:7;0:14
28	25	0	46	0:81	0:26	0:59	0:9
28	25	0	47	0:11;0:24;0:56;0:87	0:0;0:22;0:24	0:31;0:51;0:75	0:3;0:88
28	25	0	48			0:4	0:15
28	25	0	49	0:60	0:1	0:12;0:24	0:86
28	25	0	50			0:64	
28	25	0	51	0:12;0:31;0:47;0:75	0:24;0:41;0:55;0:78	0:12;0:31;0:71;0:75;0:77	
28	25	0	52	0:4;0:6;0:16;0:24;0:29;0:39;0:57;0:59;0:65;0:78;0:83	0:0;0:16;0:24;0:38;0:42;0:57;0:65;0:66;0:70;0:78;0:87	0:5;0:24;0:38;0:55;0:57;0:78;0:84	0:5;0:12;0:24;0:39;0:55;0:57;0:84;0:89
28	25	0	53	0:63	0:57;0:62	0:39;0:54	0:80
28	25	0	54	0:53;0:69			0:21;0:74
28	25	0	55	0:0;0:29;0:32;0:45;0:52;0:55	0:0;0:18;0:44;0:52;0:70;0:78	0:5;0:16;0:18;0:55;0:78;0:85	0:0;0:5;0:17;0:31;0:51;0:78
28	25	0	56		0:29	0:8;0:47	0:72;0:87
28	25	0	57	0:10;0:52;0:59	0:52	0:0;0:52;0:78	0:8;0:52;0:53;0:61;0:78
28	25	0	58		0:23;0:43	0:18;0:77	
28	25	0	59	0:1;0:4;0:15;0:18;0:46	0:4;0:13;0:24;0:34;0:78	0:24;0:27;0:52;0:57;0:62;0:81	0:10;0:24;0:37;0:45;0:63
28	25	0	60	0:37	0:27	0:49	0:42
28	25	0	61	0:5;0:19	0:29;0:57;0:78	0:5	
28	25	0	62	0:14;0:59;0:87			0:22;0:53;0:85
28	25	0	63	0:68	0:59	0:53	0:34
28	25	0	64	0:50		0:23	
28	25	0	65		0:10;0:29	0:0;0:8;0:24;0:52	0:14;0:33;0:45;0:52;0:78
28	25	0	66	0:8;0:14	0:10;0:67	0:0	0:52
28	25	0	67	0:0;0:22;0:25;0:70		0:4;0:25;0:41;0:70	0:12;0:24;0:66;0:89
28	25	0	68	0:36;0:40	0:4;0:15	0:63	0:26
28	25	0	69	0:40		0:39;0:54	0:30
28	25	0	70	0:22;0:67;0:78		0:4;0:67;0:78	0:52;0:55;0:75
28	25	0	71	0:51			
28	25	0	72		0:0;0:6;0:56	0:17;0:78;0:84	0:19;0:83;0:84
28	25	0	73	0:25			
28	25	0	74	0:80	0:39;0:54	0:24	0:1
28	25	0	75	0:47;0:51	0:18;0:70	0:12;0:51	
28	25	0	76			0:4;0:36;0:41	0:4;0:23;0:36
28	25	0	77	0:51;0:58	0:8;0:44	0:31;0:45	
28	25	0	78	0:0;0:6;0:8;0:10;0:14;0:29;0:52;0:55;0:57;0:70;0:72	0:4;0:8;0:18;0:55;0:57;0:65;0:78;0:87	0:17;0:18;0:24;0:38;0:52;0:70;0:88	0:0;0:10;0:16;0:38;0:51;0:52;0:55;0:59;0:61;0:78
28	25	0	79	0:2		0:23	
28	25	0	80	0:34	0:53	0:74	0:27
28	25	0	81	0:59	0:20	0:46	0:82
28	25	0	82	0:45	0:81	0:9	0:35;0:43
28	25	0	83		0:72	0:52	
28	25	0	84	0:5;0:10;0:19;0:23;0:52;0:72	0:0;0:41;0:52;0:72;0:86	0:5;0:89	
28	25	0	85	0:6;0:8;0:32;0:55;0:87	0:42;0:62;0:85		0:0;0:3;0:22;0:85;0:88
28	25	0	86	0:42	0:49	0:5	0:84
28	25	0	87		0:6;0:10;0:11;0:18;0:32;0:56	0:0;0:3;0:18;0:47;0:62;0:85;0:88	0:6;0:19;0:29;0:33;0:52;0:78
28	25	0	88	0:15;0:24;0:78;0:87	0:47;0:85		
28	25	0	89	0:5;0:19;0:84	0:29;0:52;0:67	0:0;0:10;0:18	
28	26	0	0		0:0;0:1;0:2	0:1	0:0;0:1;0:3
28	26	1	0				
28	26	2	0			2:3	
28	26	3	0			3:1	
28	26	3	1	3:0;3:1	3:1	3:1	3:1
28	26	0	1	0:0	0:0;0:2		0:0;0:3
28	26	0	2	0:2;0:4		0:2;0:4	0:0;0:1;0:3
28	26	2	1			2:3	
28	26	0	3	0:3	0:0;0:1;0:2;0:4	0:3	
28	26	4	0			4:2	
28	26	4	1			4:2	
28	26	2	2			2:3	
28	26	4	2	4:0;4:1;4:2		4:2	
28	26	2	3	2:0;2:1;2:2;2:3		2:3	
28	26	0	4	0:2;0:4		0:2;0:4	0:3
28	27	0	0				
28	36	0	0				
28	36	1	0				
28	43	0	0	0:8;0:27;0:48	0:38	0:33	0:14;0:19
28	43	0	1	0:14;0:27;0:41;0:47		0:5	0:37;0:47
28	43	0	2	0:42	0:7	0:11	0:26
28	43	0	3	0:14	0:33		0:19
28	43	0	4	0:29		0:34	
28	43	0	5	0:1	0:47	0:39	
28	43	0	6	0:28			
28	43	0	7		0:8;0:27	0:14;0:19	0:2
28	43	0	8		0:8;0:27;0:47;0:48	0:0;0:17;0:27;0:38;0:41;0:47	0:7;0:8;0:27;0:49;0:51
28	43	0	9			0:27	
28	43	0	10			0:27	
28	43	0	11	0:2	0:14	0:19	0:25
28	43	0	12	0:17			0:22
28	43	0	13	0:16		0:52	
28	43	0	14	0:7;0:34	0:0	0:1;0:3	0:11
28	43	0	15	0:50		0:36	
28	43	0	16	0:40		0:13	
28	43	0	17	0:8		0:12	0:24
28	43	0	18		0:45	0:19	
28	43	0	19	0:7;0:11;0:18	0:0;0:3;0:44		0:46
28	43	0	20	0:34	0:42	0:26	
28	43	0	21	0:24		0:29	
28	43	0	22	0:24	0:12		0:31
28	43	0	23			0:40	
28	43	0	24	0:27;0:47;0:48	0:17;0:27;0:48	0:21;0:22;0:27	0:32;0:47
28	43	0	25	0:26	0:11	0:46	
28	43	0	26	0:20	0:2	0:25	
28	43	0	27	0:8;0:9;0:10;0:24;0:27;0:45;0:47;0:48;0:51	0:8;0:27;0:31;0:38;0:47;0:54	0:0;0:1;0:24;0:27;0:37;0:41	0:7;0:8;0:24;0:27;0:41;0:47;0:48
28	43	0	28	0:36		0:6	
28	43	0	29	0:21;0:39		0:4;0:34	
28	43	0	30	0:52		0:35	0:53
28	43	0	31	0:47	0:22		0:27
28	43	0	32	0:48	0:24		0:44
28	43	0	33	0:0			0:3
28	43	0	34	0:4;0:29;0:39	0:48	0:14;0:20	
28	43	0	35	0:30		0:50	0:36
28	43	0	36	0:15;0:40;0:53	0:35	0:28	0:54
28	43	0	37	0:27;0:38	0:1;0:38		
28	43	0	38	0:8;0:45;0:48	0:41	0:37	0:0;0:27;0:37;0:43;0:54
28	43	0	39	0:5		0:29;0:34	
28	43	0	40	0:23		0:16;0:36	
28	43	0	41	0:8;0:27;0:45	0:27;0:49;0:54	0:1	0:38
28	43	0	42			0:2	0:20
28	43	0	43	0:48	0:38		0:47
28	43	0	44	0:45	0:32		0:19
28	43	0	45		0:45;0:48;0:53	0:27;0:38;0:41;0:44;0:49;0:54	0:18;0:45;0:48
28	43	0	46	0:25	0:19		
28	43	0	47	0:8;0:48	0:1;0:24;0:27;0:43	0:1;0:24;0:27;0:31;0:49	0:5;0:8;0:27
28	43	0	48		0:27;0:45;0:48	0:0;0:24;0:27;0:32;0:38;0:43;0:47	0:8;0:24;0:34;0:45;0:48;0:51
28	43	0	49	0:45;0:47	0:8		0:41
28	43	0	50	0:35		0:15	
28	43	0	51		0:8;0:48	0:27	
28	43	0	52	0:13		0:30	
28	43	0	53		0:30	0:36	0:45
28	43	0	54	0:45	0:36;0:38		0:27;0:41
28	47	0	0	0:1;0:6;0:11;0:12	0:0;0:3;0:9;0:12	0:6;0:8	0:0;0:3;0:5;0:8;0:10;0:12
28	47	0	1		0:3	0:0	
28	47	0	2	0:5;0:9	0:5;0:12	0:3;0:5	0:4;0:12
28	47	0	3	0:2;0:10;0:12	0:0;0:5;0:11	0:8	0:0;0:1
28	47	0	4	0:6;0:12	0:2;0:8		0:5
28	47	0	5	0:2	0:0;0:4;0:9	0:2;0:9;0:12	0:2;0:3
28	47	1	0		1:0		1:0
28	47	0	6	0:0;0:9	0:7	0:0;0:4	0:12
28	47	0	7	0:9		0:11;0:12	0:6;0:9
28	47	0	8	0:0;0:3;0:9;0:12	0:0;0:9		0:4
28	47	0	9	0:5	0:7	0:2;0:6;0:7;0:8	0:0;0:5;0:8
28	47	0	10		0:0;0:12	0:3	
28	47	0	11	0:7		0:0	0:3
28	47	0	12	0:5;0:7	0:0;0:2;0:6	0:0;0:3;0:4;0:8	0:0;0:2;0:10
29	23	0	0	0:3			
29	23	0	1	0:7		0:5;0:10	
29	23	0	2		0:8;0:9		0:7
29	23	0	3			0:0	0:8
29	23	0	4			0:10	0:8
29	23	0	5	0:1;0:5;0:8	0:10	0:5	
29	23	0	6		0:8		
29	23	0	7		0:2	0:1	
29	23	0	8		0:3;0:4;0:9	0:5;0:10	0:2;0:6;0:9
29	23	0	9		0:8	0:10	0:2;0:8
29	23	0	10	0:1;0:4;0:8;0:9;0:10	0:10	0:10	0:5;0:10
29	25	0	0	0:3;0:13;0:14;0:20;0:27;0:58;0:64;0:65;0:84	0:15;0:38;0:57;0:74;0:82	0:2;0:15;0:20;0:57;0:66;0:74	0:10;0:17;0:20;0:45;0:52;0:57;0:79
29	25	0	1	0:24	0:71	0:59;0:78	0:49
29	25	0	2	0:0;0:84	0:45;0:82		
29	25	0	3	0:42;0:66;0:68	0:13;0:14;0:28	0:0;0:18;0:52;0:59	0:5;0:16;0:43;0:59;0:67;0:74
29	25	0	4		0:30;0:69	0:40	0:46
29	25	0	5	0:5;0:7;0:10;0:15;0:16;0:17;0:52;0:57;0:61;0:79;0:83	0:3;0:19;0:20;0:21;0:36;0:52;0:57	0:5;0:20;0:61;0:79	
29	25	0	6	0:58	0:20	0:20	0:15
29	25	0	7	0:14;0:20;0:31;0:64	0:15;0:20;0:21;0:58	0:5;0:15;0:20;0:65;0:74;0:82	0:27;0:70;0:74
29	25	0	8	0:77	0:44	0:35	0:25
29	25	0	9	0:14;0:17	0:20;0:59;0:74	0:58;0:74;0:79	0:64;0:65;0:84
29	25	0	10	0:27;0:49;0:50;0:73	0:0;0:52;0:66;0:78	0:5;0:27;0:43;0:50	
29	25	0	11	0:51	0:56		0:52
29	25	0	12	0:25	0:35	0:39	0:59;0:78
29	25	0	13		0:14;0:43;0:64	0:0;0:62;0:65;0:74	0:3;0:28;0:41
29	25	0	14		0:16;0:28;0:47	0:0;0:7;0:9;0:59	0:3;0:13;0:28;0:47;0:67
29	25	0	15	0:0;0:7;0:26;0:57	0:6;0:74	0:5;0:19;0:52	0:0;0:7;0:43;0:52
29	25	0	16	0:57;0:74;0:84	0:3;0:21;0:25	0:5;0:20;0:59	0:14;0:57;0:73;0:74;0:84
29	25	0	17		0:0;0:84	0:5;0:9;0:61;0:79	
29	25	0	18	0:3	0:37	0:23	0:76
29	25	0	19	0:15;0:31	0:62;0:82	0:21;0:66;0:68	0:5;0:45
29	25	0	20	0:0;0:5;0:6;0:7;0:16;0:28;0:43;0:49;0:52;0:59;0:64;0:71;0:74	0:0;0:52;0:59;0:66	0:0;0:7;0:32;0:45;0:52	0:5;0:6;0:7;0:9;0:43;0:45;0:50;0:52;0:59
29	25	0	21	0:19;0:38;0:66		0:66	0:5;0:7;0:16;0:27
29	25	0	22	0:52	0:52	0:61	
29	25	0	23	0:18	0:67	0:33	0:44
29	25	0	24	0:59	0:75	0:1	0:60
29	25	0	25	0:34	0:8	0:12	0:16;0:41
29	25	0	26	0:48		0:15	0:31
29	25	0	27	0:10;0:45;0:50	0:7;0:21;0:57	0:0;0:10;0:50	
29	25	0	28		0:13;0:14;0:41	0:20;0:57;0:82	0:3;0:14;0:84
29	25	0	29	0:30;0:69	0:31	0:70	0:40
29	25	0	30			0:29	0:4
29	25	0	31		0:26;0:64;0:84	0:7;0:19	0:29
29	25	0	32	0:20	0:57		
29	25	0	33	0:23	0:63	0:75	0:59
29	25	0	34		0:37;0:77	0:25	
29	25	0	35	0:8	0:59	0:60	0:12
29	25	0	36	0:52;0:74	0:74		0:5;0:52
29	25	0	37			0:67	0:18;0:34
29	25	0	38	0:66		0:21;0:42	0:0;0:50;0:79
29	25	0	39	0:12	0:60	0:83	0:52;0:82
29	25	0	40	0:4	0:29	0:56	0:51;0:81
29	25	0	41		0:13;0:25	0:52;0:78	0:28
29	25	0	42	0:38		0:3	0:57
29	25	0	43	0:10;0:72	0:3;0:15;0:20;0:59;0:64	0:20;0:57;0:77	0:13
29	25	0	44	0:76	0:23	0:59	0:8
29	25	0	45	0:20;0:84	0:0;0:19;0:20	0:27;0:50;0:73	0:2
29	25	0	46		0:4	0:51;0:81	
29	25	0	47		0:14	0:74	0:14
29	25	0	48			0:26	
29	25	0	49	0:60	0:1	0:10;0:20	0:83
29	25	0	50	0:10;0:27;0:45;0:73	0:20;0:38;0:57;0:74	0:10;0:27;0:73	
29	25	0	51	0:46	0:40	0:11	0:64
29	25	0	52	0:3;0:15;0:20;0:41;0:58;0:59;0:64;0:74	0:0;0:11;0:15;0:20;0:36;0:39;0:58;0:64;0:65;0:68;0:74;0:84	0:5;0:20;0:22;0:36;0:57;0:58;0:74;0:79	0:5;0:10;0:20;0:22;0:57;0:58;0:79
29	25	0	53	0:63	0:58;0:62	0:54	0:75
29	25	0	54	0:53			0:71
29	25	0	55	0:81	0:56		
29	25	0	56	0:40	0:70		0:11;0:55
29	25	0	57	0:0;0:28;0:43;0:52;0:57;0:78	0:0;0:16;0:42;0:52;0:68;0:74;0:78	0:5;0:15;0:16;0:57;0:74;0:82	0:0;0:5;0:27;0:32;0:50;0:74
29	25	0	58	0:9;0:52;0:59	0:52	0:0;0:6;0:52;0:74	0:7;0:52;0:53;0:61;0:74
29	25	0	59	0:1;0:3;0:14;0:16;0:44	0:3;0:12;0:20;0:33;0:74	0:20;0:24;0:52;0:58;0:62;0:76	0:9;0:20;0:35;0:43;0:63
29	25	0	60	0:35	0:24	0:49	0:39
29	25	0	61	0:5;0:17;0:22	0:58;0:74	0:5	
29	25	0	62	0:13;0:59;0:84	0:80		0:19;0:53;0:82
29	25	0	63	0:67	0:59	0:53	0:33
29	25	0	64		0:9;0:51	0:0;0:7;0:20;0:52	0:13;0:31;0:43;0:52;0:74
29	25	0	65	0:7;0:13	0:9;0:66	0:0	0:52
29	25	0	66	0:0;0:19;0:21;0:68		0:3;0:21;0:38;0:68	0:10;0:20;0:65
29	25	0	67	0:37	0:3;0:14	0:63	0:23
29	25	0	68	0:19;0:66;0:74		0:3;0:66;0:74	0:52;0:57;0:73
29	25	0	69			0:29	0:4
29	25	0	70	0:29	0:7		0:56
29	25	0	71	0:75	0:54	0:20;0:85	0:1
29	25	0	72			0:43	
29	25	0	73	0:45;0:50	0:16;0:68	0:10;0:50	
29	25	0	74	0:0;0:7;0:9;0:13;0:47;0:52;0:57;0:58;0:68;0:85	0:3;0:7;0:16;0:57;0:58;0:64;0:74;0:84	0:16;0:20;0:36;0:52;0:68;0:80	0:0;0:9;0:15;0:36;0:50;0:52;0:57;0:59;0:61;0:74
29	25	0	75	0:33	0:53	0:71	0:24
29	25	0	76	0:59	0:18	0:44	0:77
29	25	0	77	0:43	0:76	0:8	0:34
29	25	0	78	0:1;0:41	0:12;0:85	0:57;0:82	0:10;0:57
29	25	0	79	0:5;0:9;0:17;0:52	0:0;0:38;0:52;0:83	0:5	
29	25	0	80	0:74	0:82		0:62
29	25	0	81	0:46	0:40	0:55	
29	25	0	82	0:7;0:28;0:57;0:78;0:84	0:39;0:62;0:82		0:0;0:2;0:19;0:80;0:82
29	25	0	83	0:39	0:49	0:5	0:79
29	25	0	84		0:9;0:16;0:28	0:0;0:2;0:16;0:45;0:62;0:82	0:17;0:31;0:52;0:74
29	25	0	85	0:71		0:74	0:78
29	26	0	0			0:5	
29	26	0	1	0:1;0:2;0:4	0:1;0:2;0:4	0:1	0:1
29	26	1	0	1:0;1:1;1:2	1:0	1:0	1:0;1:1;1:2
29	26	2	0	2:0;2:2		2:0;2:2	2:1
29	26	0	2	0:3	0:3	0:1	0:1
29	26	1	1		1:0	1:0	
29	26	0	3			0:2;0:5	0:2
29	26	2	1	2:1	2:0;2:2	2:1	
29	26	0	4			0:1	0:1
29	26	1	2		1:0	1:0;1:3	
29	26	0	5	0:0;0:3;0:5		0:5	
29	26	1	3	1:2;1:3		1:3	
29	26	2	2	2:0;2:2		2:0;2:2	2:1
29	43	0	0	0:71	0:20	0:112	
29	43	0	1	0:7		0:65	
29	43	0	2	0:22;0:56;0:101	0:76		0:47
29	43	0	3	0:113	0:52		0:64
29	43	0	4	0:11	0:60	0:82	0:91
29	43	0	5	0:50;0:56;0:84;0:93		0:14	0:93
29	43	0	6		0:58	0:39	0:95
29	43	0	7	0:111		0:1	0:47
29	43	0	8	0:46		0:115	
29	43	0	9	0:44	0:27	0:78	0:66
29	43	0	10	0:96	0:30	0:65;0:71	0:112
29	43	0	11	0:16	0:38	0:4	0:30
29	43	0	12	0:77	0:121	0:62	
29	43	0	13		0:33	0:76;0:118	0:22;0:32
29	43	0	14	0:5;0:27;0:66;0:99;0:105	0:43;0:78;0:93	0:79	0:60;0:78;0:86
29	43	0	15	0:61	0:31	0:89	0:101
29	43	0	16	0:95	0:39	0:11	0:68
29	43	0	17		0:37	0:57	0:69
29	43	0	18	0:115		0:34	0:22
29	43	0	19			0:31	0:61
29	43	0	20		0:22;0:56	0:47	0:0
29	43	0	21	0:102	0:70	0:59	0:28
29	43	0	22		0:13;0:18;0:22;0:56;0:93;0:101	0:2;0:36;0:56;0:76;0:84;0:93	0:20;0:22;0:33;0:56;0:116
29	43	0	23	0:107	0:26		
29	43	0	24		0:72	0:96	0:49
29	43	0	25	0:41		0:74	
29	43	0	26	0:106			0:23
29	43	0	27	0:51	0:45	0:14	0:9
29	43	0	28	0:88	0:21	0:56	0:110
29	43	0	29	0:75	0:81	0:106	0:48
29	43	0	30	0:68	0:11	0:91	0:10
29	43	0	31	0:19	0:99	0:86	0:15
29	43	0	32		0:13	0:56	
29	43	0	33		0:22	0:76;0:84	0:13
29	43	0	34	0:18			0:36
29	43	0	35	0:56	0:114	0:56	
29	43	0	36	0:22	0:34		0:84
29	43	0	37			0:120	0:17
29	43	0	38	0:39	0:66	0:60	0:11
29	43	0	39	0:6	0:119	0:38	0:16
29	43	0	40	0:114			0:56
29	43	0	41	0:81;0:100		0:25	
29	43	0	42	0:87	0:75	0:48	0:83
29	43	0	43	0:63	0:77		0:14
29	43	0	44	0:80	0:51	0:9	0:119
29	43	0	45	0:83	0:48	0:93	0:27
29	43	0	46	0:74		0:8	
29	43	0	47	0:20	0:2;0:7		0:112
29	43	0	48	0:42	0:29	0:107	0:45
29	43	0	49		0:24	0:70	0:102
29	43	0	50	0:65		0:5	
29	43	0	51	0:108	0:83	0:27	0:44
29	43	0	52	0:67;0:69	0:57;0:73		0:3;0:81
29	43	0	53		0:113	0:64	0:90
29	43	0	54		0:104	0:75	0:87
29	43	0	55			0:98	0:97
29	43	0	56	0:22;0:28;0:32;0:35;0:56;0:93;0:101;0:116	0:22;0:40;0:56;0:76;0:88;0:89;0:93;0:118	0:2;0:5;0:35;0:56;0:84;0:88;0:121	0:20;0:22;0:56;0:77;0:84;0:93;0:101
29	43	0	57	0:17	0:120		0:52
29	43	0	58		0:80	0:119	0:6
29	43	0	59	0:21	0:112		
29	43	0	60	0:38	0:14		0:4
29	43	0	61		0:19	0:15	
29	43	0	62	0:12	0:117		
29	43	0	63	0:97	0:98	0:43	0:105
29	43	0	64	0:53	0:3	0:73	0:67
29	43	0	65	0:1;0:10	0:91	0:50	
29	43	0	66	0:119	0:9	0:14	0:38
29	43	0	67	0:90	0:64	0:52	0:92
29	43	0	68	0:72	0:16	0:30	0:96
29	43	0	69		0:17	0:52	0:113
29	43	0	70	0:49	0:96	0:112	0:21
29	43	0	71	0:10;0:79	0:101	0:0	
29	43	0	72		0:95	0:68	0:24
29	43	0	73	0:64			0:52;0:74
29	43	0	74	0:25;0:81	0:73	0:46	0:106;0:118
29	43	0	75	0:54	0:92	0:29	0:42
29	43	0	76	0:13;0:22;0:33;0:101	0:84		0:2;0:56;0:118
29	43	0	77	0:98	0:56	0:12	0:43
29	43	0	78	0:9;0:103	0:14	0:100	0:14
29	43	0	79	0:14		0:71	
29	43	0	80		0:108	0:44	0:58
29	43	0	81	0:92	0:52	0:41;0:74	0:29
29	43	0	82	0:4			0:109
29	43	0	83	0:85	0:42	0:45	0:51
29	43	0	84	0:22;0:33;0:56	0:36;0:56;0:118	0:5	0:76
29	43	0	85		0:87	0:83	0:108
29	43	0	86	0:31	0:14		0:89
29	43	0	87		0:54	0:42	0:85
29	43	0	88	0:56	0:94;0:102	0:28;0:102	0:56;0:94
29	43	0	89	0:15	0:86	0:114	0:56
29	43	0	90		0:53	0:67	0:104
29	43	0	91	0:30	0:4	0:109	0:65
29	43	0	92	0:104	0:67	0:81	0:75
29	43	0	93	0:22;0:45;0:101	0:5;0:56;0:107	0:5;0:56	0:14;0:22;0:56
29	43	0	94		0:88	0:110	0:88
29	43	0	95		0:6	0:16	0:72
29	43	0	96	0:24	0:68	0:10	0:70
29	43	0	97		0:55	0:63	
29	43	0	98	0:55	0:116	0:77	0:63
29	43	0	99			0:14	0:31
29	43	0	100	0:78		0:41	
29	43	0	101		0:15;0:56;0:101	0:2;0:56;0:76;0:93	0:22;0:71;0:101;0:116
29	43	0	102	0:88	0:49;0:110	0:21	0:88
29	43	0	103			0:78	
29	43	0	104		0:90	0:92	0:54
29	43	0	105		0:63	0:14	
29	43	0	106	0:29	0:74	0:26	0:107
29	43	0	107	0:48	0:106	0:23	0:93
29	43	0	108		0:85	0:51	0:80
29	43	0	109	0:91	0:82		
29	43	0	110	0:94	0:28		0:102
29	43	0	111			0:7	
29	43	0	112	0:0;0:70	0:10;0:47		0:59
29	43	0	113		0:69	0:3	0:53
29	43	0	114	0:89		0:40	0:35
29	43	0	115	0:8		0:18	
29	43	0	116		0:22;0:101	0:56	0:98
29	43	0	117	0:121			0:62
29	43	0	118	0:13	0:74;0:76		0:56;0:84
29	43	0	119	0:58	0:44	0:66	0:39
29	43	0	120	0:37			0:57
29	43	0	121	0:56		0:117	0:12
29	47	0	0	0:2;0:8;0:13	0:0;0:4;0:11;0:13	0:8;0:10	0:0;0:4;0:7;0:10;0:12;0:13
29	47	0	1			0:4	0:11
29	47	0	2		0:4	0:0	
29	47	0	3	0:7;0:11	0:7;0:13	0:4;0:7	0:5;0:13
29	47	0	4	0:1;0:3;0:12;0:13	0:0;0:7	0:10	0:0;0:2
29	47	0	5	0:8;0:13	0:3;0:10	0:6	0:7
29	47	0	6	0:5			0:11
29	47	0	7	0:3	0:0;0:5;0:11	0:3;0:11;0:13	0:3;0:4
29	47	0	8	0:0;0:11	0:9	0:0;0:5	0:13
29	47	0	9	0:11		0:13	0:8;0:11
29	47	0	10	0:0;0:4;0:11;0:13	0:0;0:11		0:5
29	47	0	11	0:7	0:1;0:6;0:9	0:3;0:8;0:9;0:10	0:0;0:7;0:10
29	47	0	12		0:0;0:13	0:4	
29	47	0	13	0:7;0:9	0:0;0:3;0:8	0:0;0:4;0:5;0:10	0:0;0:3;0:12
30	1	0	0		0:2;0:10	0:12;0:16	0:19
30	1	0	1	0:6;0:16	0:7;0:16;0:19		0:12;0:16
30	1	0	2	0:16	0:10	0:8	0:0
30	1	0	3	0:13		0:16	
30	1	0	4			0:13	
30	1	0	5	0:10	0:8;0:16;0:18	0:16;0:18	0:8
30	1	0	6	0:13;0:16;0:18	0:11	0:1;0:9;0:16;0:18	0:14;0:16
30	1	0	7	0:9;0:11	0:9;0:17	0:16;0:18	0:1;0:16;0:18
30	1	0	8	0:2;0:10	0:5	0:15	0:5;0:12;0:18
30	1	0	9	0:6;0:13	0:13;0:16	0:7;0:17	0:7;0:11;0:17
30	1	0	10	0:13	0:13;0:16;0:18	0:5;0:8	0:0;0:2
30	1	0	11	0:13;0:16	0:9;0:11	0:7	0:6;0:11;0:17
30	1	0	12	0:0;0:16	0:1;0:8;0:19		0:16
30	1	0	13	0:4;0:13;0:16;0:18	0:13;0:16;0:18	0:3;0:6;0:9;0:10;0:11;0:13;0:14;0:16;0:18	0:9;0:10;0:13;0:14;0:16;0:18;0:19
30	1	0	14	0:13	0:6;0:13;0:18		
30	1	0	15	0:8	0:16		
30	1	0	16	0:0;0:3;0:5;0:6;0:7;0:13;0:16;0:18	0:1;0:6;0:7;0:12;0:13;0:16;0:18	0:1;0:2;0:6;0:11;0:12;0:13;0:16;0:18	0:1;0:5;0:9;0:10;0:13;0:15;0:16;0:18
30	1	0	17	0:9	0:9;0:11		0:7
30	1	0	18	0:5;0:6;0:7;0:13;0:16;0:18	0:7;0:8;0:13;0:16;0:18	0:6;0:13;0:16;0:18	0:5;0:10;0:13;0:14;0:16;0:18
30	1	0	19		0:0;0:13		0:1;0:12
30	2	0	0		0:2;0:3		0:2;0:3
30	2	0	1	0:2;0:3	0:2	0:2	0:2
30	2	0	2	0:1;0:2;0:3	0:0;0:1;0:2;0:3	0:1;0:2;0:3	0:0;0:1;0:2;0:3
30	2	0	3	0:2;0:3	0:0;0:2;0:3	0:1;0:2;0:3	0:0;0:2;0:3
30	4	0	0	0:5;0:7;0:8;0:34;0:43;0:57	0:16;0:32;0:43;0:56;0:59	0:1;0:59	0:18;0:44;0:59
30	4	0	1	0:0;0:11;0:16;0:18;0:44	0:43;0:59	0:18;0:44	0:47
30	4	0	2	0:24;0:27;0:29;0:34;0:57	0:9;0:31;0:34	0:6;0:10;0:15;0:37	0:14;0:35;0:57
30	4	0	3	0:3;0:14;0:49	0:45;0:49	0:3;0:14;0:36	0:9;0:30;0:48
30	4	0	4	0:20;0:34	0:30	0:57	0:6
30	4	0	5	0:9;0:37;0:48;0:51	0:6;0:14;0:24;0:25;0:36	0:0;0:11;0:20;0:31;0:34;0:46;0:49	0:11;0:21;0:28;0:49;0:56
30	4	0	6	0:2;0:49	0:4;0:16;0:34	0:24	0:5;0:14;0:48
30	4	0	7	0:44	0:9;0:31;0:37;0:42;0:48;0:50	0:0;0:21;0:31	0:26;0:44;0:59
30	4	0	8	0:11	0:20;0:35;0:56	0:0;0:42	
30	4	0	9	0:9;0:37	0:3;0:13;0:14;0:15;0:29;0:36;0:54	0:5;0:9;0:16;0:30;0:52;0:57	0:2;0:7;0:11;0:17;0:49
30	4	0	10	0:2;0:28;0:52	0:20;0:34;0:48;0:51	0:20;0:21;0:39	0:12;0:38
30	4	0	11	0:5;0:24;0:27;0:34;0:37	0:5;0:9;0:34;0:37;0:48;0:57	0:1;0:8;0:18	0:18
30	4	0	12	0:25;0:26;0:45	0:10;0:14;0:21;0:24	0:34	0:34
30	4	0	13	0:24;0:36	0:35;0:52	0:20;0:22	0:9;0:14
30	4	0	14	0:3;0:14;0:25;0:30;0:33;0:36;0:49;0:53	0:2;0:6;0:13;0:14;0:15;0:25;0:45;0:47;0:49;0:54;0:58	0:3;0:14;0:15;0:19;0:22;0:25;0:36;0:37;0:47	0:5;0:9;0:12;0:14;0:25;0:30;0:37;0:48;0:55;0:57
30	4	0	15	0:2;0:14;0:30;0:36;0:54;0:59	0:41	0:58	0:9;0:14;0:25;0:30;0:41;0:48
30	4	0	16	0:9;0:37;0:48	0:22;0:47	0:1;0:44	0:0;0:6
30	4	0	17	0:20;0:38	0:9;0:39;0:46	0:43	0:34
30	4	0	18	0:1;0:11;0:59	0:0;0:11;0:27;0:44	0:1;0:35;0:44;0:54;0:59	0:36;0:59
30	4	0	19	0:14	0:20	0:20;0:43	0:31;0:34
30	4	0	20	0:5;0:10;0:13;0:19;0:29;0:31;0:43;0:57	0:37;0:38;0:52	0:4;0:17;0:34;0:60	0:8;0:10;0:19;0:24;0:31
30	4	0	21	0:7;0:10	0:5;0:48	0:51;0:53	0:12;0:37
30	4	0	22	0:13;0:14	0:24		0:16
30	4	0	23	0:25		0:47	0:37
30	4	0	24	0:6;0:25	0:20;0:37;0:57	0:2;0:11;0:13	0:5;0:12;0:22;0:30
30	4	0	25	0:14;0:28;0:30	0:14;0:15;0:36	0:12;0:14;0:23;0:24;0:37	0:5;0:14;0:30;0:48;0:52
30	4	0	26		0:7	0:12;0:37	0:46
30	4	0	27		0:40;0:42;0:48	0:2;0:11;0:28;0:48;0:49	0:18;0:36
30	4	0	28	0:27	0:5;0:48	0:10;0:25;0:37;0:45	0:37;0:45;0:50
30	4	0	29	0:54	0:46;0:48;0:50	0:2;0:20;0:51	0:9;0:52;0:57
30	4	0	30	0:9;0:37;0:48;0:50;0:51	0:3;0:14;0:15;0:24;0:25;0:36	0:14;0:15;0:25;0:37	0:4;0:37;0:48;0:51
30	4	0	31	0:5;0:7;0:34;0:40;0:43	0:19;0:20;0:34;0:52;0:55	0:20;0:43;0:49;0:60	0:2;0:7;0:49;0:53
30	4	0	32	0:35		0:52	0:0;0:40
30	4	0	33			0:14;0:36;0:37	0:45;0:50;0:52
30	4	0	34	0:5;0:12;0:20;0:46;0:57	0:12;0:17;0:19;0:37;0:51;0:60	0:0;0:2;0:4;0:11;0:31;0:49	0:2;0:6;0:10;0:11;0:31;0:43;0:49
30	4	0	35	0:18	0:2	0:32;0:38	0:8;0:13
30	4	0	36	0:3;0:14;0:33;0:54;0:58	0:18;0:27	0:13;0:14;0:15;0:45	0:5;0:9;0:25;0:30;0:37;0:48
30	4	0	37	0:2;0:14;0:25;0:26;0:28;0:30;0:33;0:52	0:14;0:21;0:23;0:28;0:30;0:36;0:49	0:5;0:9;0:11;0:16;0:30;0:48;0:57	0:7;0:11;0:20;0:24;0:34;0:60
30	4	0	38	0:35	0:10	0:17	0:20
30	4	0	39	0:10	0:60		0:17
30	4	0	40		0:32	0:31	0:27
30	4	0	41	0:48	0:15;0:47		0:15
30	4	0	42	0:8	0:49	0:55	0:7;0:27
30	4	0	43	0:17;0:19;0:31;0:43	0:34;0:48;0:57	0:0;0:20;0:31;0:43	0:0;0:1;0:49
30	4	0	44	0:1;0:16;0:18	0:0;0:7	0:1;0:7	0:18;0:54
30	4	0	45	0:28;0:36;0:58	0:28;0:33;0:49	0:12	0:3;0:14
30	4	0	46	0:5	0:26	0:34	0:17;0:29;0:56
30	4	0	47	0:14;0:23;0:49;0:59	0:1		0:14;0:16;0:41
30	4	0	48	0:27;0:37;0:48;0:50;0:55	0:3;0:6;0:14;0:15;0:25;0:30;0:36;0:49;0:58	0:5;0:16;0:30;0:41;0:48	0:7;0:10;0:11;0:21;0:27;0:28;0:29;0:43;0:60
30	4	0	49	0:5;0:27;0:31;0:34;0:56	0:5;0:9;0:31;0:34;0:43	0:3;0:6;0:14;0:47	0:3;0:14;0:37;0:42;0:45;0:48
30	4	0	50		0:28;0:33	0:30;0:48	0:7;0:29
30	4	0	51	0:21;0:29	0:30	0:5;0:30;0:57	0:10;0:34
30	4	0	52	0:9;0:32	0:25;0:29;0:33	0:10;0:37	0:13;0:20;0:31
30	4	0	53	0:21	0:31	0:14	
30	4	0	54	0:18;0:59	0:44	0:15;0:29;0:36	0:9;0:14
30	4	0	55	0:42	0:14	0:48	0:31
30	4	0	56		0:5;0:46	0:49	0:0;0:8
30	4	0	57	0:4;0:9;0:37;0:51;0:60	0:2;0:14;0:29	0:0;0:2;0:20;0:34	0:11;0:24;0:43;0:60
30	4	0	58	0:15;0:59		0:36;0:45	0:14;0:48
30	4	0	59	0:0;0:18	0:0;0:7;0:18	0:15;0:18;0:47;0:54;0:58	0:0;0:1
30	4	0	60	0:20;0:31	0:37;0:48;0:57	0:57	0:34;0:39
30	11	0	0		0:5		0:2
30	11	0	1		0:3	0:6	
30	11	1	0			1:1	
30	11	0	2		0:0	0:6	
30	11	0	3		0:4		0:1
30	11	0	4		0:6		0:3
30	11	0	5				0:0
30	11	1	1	1:0			
30	11	0	6	0:1;0:2			0:4
30	15	0	0	0:0	0:0	0:0	0:0
31	1	0	0	0:6	0:15	0:13	0:9
31	1	0	1	0:13	0:13	0:14	0:6
31	1	0	2	0:5;0:6;0:14;0:17	0:6;0:17	0:5;0:10;0:13	0:10
31	1	0	3		0:6		
31	1	0	4	0:6	0:6;0:9	0:13	0:10
31	1	0	5	0:2	0:6;0:8	0:2;0:6	0:6;0:13;0:17
31	1	0	6	0:5;0:6;0:7;0:8;0:14;0:16;0:17	0:1;0:5;0:6;0:7;0:9;0:12;0:14;0:17	0:0;0:2;0:4;0:6;0:9;0:10;0:11;0:12;0:15	0:2;0:3;0:4;0:5;0:6;0:11;0:13
31	1	0	7		0:13	0:6	0:6
31	1	0	8		0:16	0:6	0:5
31	1	0	9	0:6;0:14	0:0;0:10;0:13	0:10;0:13	0:4;0:6;0:13
31	1	0	10	0:2;0:6;0:9;0:12;0:13;0:15	0:2;0:4;0:10;0:13		0:9;0:10;0:12;0:13
31	1	0	11	0:6	0:6	0:13	0:15
31	1	0	12	0:6;0:12	0:10;0:13	0:10;0:12	0:6
31	1	0	13	0:0;0:2;0:4;0:9;0:11;0:13	0:5;0:6;0:9;0:10;0:13	0:1;0:10;0:13;0:14	0:1;0:7;0:9;0:10;0:12;0:13;0:17
31	1	0	14	0:1;0:13		0:2;0:6;0:9	0:6
31	1	0	15	0:6	0:11	0:10	0:0
31	1	0	16			0:6	0:8
31	1	0	17		0:5;0:13	0:2;0:6	0:2;0:6
31	2	0	0	0:0;0:3		0:0	0:1;0:3
31	2	0	1	0:2	0:0	0:3	
31	2	0	2	0:2	0:3	0:1;0:2	
31	2	0	3	0:1	0:0	0:0	0:2
31	4	0	0	0:7;0:30;0:37;0:42	0:0;0:7;0:9;0:24;0:30	0:15;0:18;0:32;0:37;0:40	0:0;0:2;0:15;0:37
31	4	0	1	0:4;0:12;0:21;0:25;0:29;0:33;0:38	0:32	0:4;0:11	0:8;0:21;0:25;0:36
31	4	0	2	0:7;0:23;0:26;0:30;0:37;0:42	0:0;0:7;0:9;0:17;0:24;0:30;0:31;0:42	0:12;0:14;0:15;0:18;0:20;0:32;0:34;0:37;0:40	0:12;0:14;0:15;0:18;0:28;0:32;0:40
31	4	0	3		0:18;0:28	0:23	0:10
31	4	0	4	0:1	0:10	0:1;0:9;0:13;0:17;0:22;0:25;0:39;0:42	0:9;0:17;0:25;0:42
31	4	0	5	0:15		0:17	0:42
31	4	0	6	0:20;0:23;0:30	0:21;0:39	0:26;0:35;0:36	0:10;0:18;0:32
31	4	0	7	0:7;0:26;0:37;0:42	0:7;0:17;0:26;0:31;0:42	0:0;0:2;0:7;0:23;0:30	0:0;0:2;0:7;0:23;0:30;0:37
31	4	0	8	0:9;0:24	0:1;0:22	0:11	0:32;0:41
31	4	0	9	0:4;0:13	0:4;0:12	0:8	0:0;0:2;0:15
31	4	0	10	0:32	0:3;0:6;0:18;0:20;0:37;0:42	0:14;0:18;0:28;0:32;0:37	0:4;0:27
31	4	0	11	0:1;0:8;0:32;0:40	0:14;0:32;0:34	0:27	
31	4	0	12	0:2;0:18;0:20;0:39	0:2;0:18;0:20;0:31;0:41	0:1;0:25;0:38	0:9;0:25;0:38;0:42
31	4	0	13	0:4;0:13;0:25	0:32	0:9;0:13;0:22	0:26;0:31;0:38;0:42
31	4	0	14	0:2;0:10;0:14;0:18;0:20;0:32	0:2;0:18;0:20;0:23;0:24;0:35	0:14;0:18;0:20;0:32;0:34	0:11
31	4	0	15	0:0;0:2;0:23;0:30	0:0;0:2;0:9	0:5;0:27	0:32;0:40
31	4	0	16		0:18	0:41	0:20
31	4	0	17	0:4;0:5;0:25;0:38	0:4;0:22;0:29	0:21;0:24;0:26;0:31	0:2;0:7;0:20;0:23;0:30
31	4	0	18	0:0;0:2;0:10;0:14;0:18;0:20;0:39	0:2;0:6;0:18;0:20;0:23;0:30;0:37	0:12;0:14;0:18;0:20;0:32;0:37;0:40	0:3;0:10;0:12;0:14;0:16;0:18;0:20;0:32;0:34;0:40
31	4	0	19		0:42	0:37	
31	4	0	20	0:2;0:14;0:18;0:20	0:16;0:17;0:18;0:26;0:31;0:37	0:6;0:12;0:14;0:18;0:20;0:23;0:32;0:37	0:10;0:12;0:14;0:18;0:32;0:39
31	4	0	21	0:17	0:1;0:38	0:1;0:25;0:38	0:6
31	4	0	22	0:4;0:13		0:27	0:8;0:17
31	4	0	23	0:3;0:7;0:20;0:26;0:30;0:42	0:7;0:17;0:42	0:2;0:6;0:15;0:30	0:14;0:18;0:39
31	4	0	24	0:17	0:25;0:39	0:8;0:31	0:0;0:2;0:14
31	4	0	25	0:4;0:12;0:21;0:25;0:38	0:1;0:4;0:12;0:25;0:33;0:39	0:1;0:13;0:17;0:25;0:38;0:39;0:42	0:24;0:25;0:26;0:31;0:38;0:42
31	4	0	26	0:6;0:17	0:13;0:25;0:39	0:2;0:7;0:23;0:30	0:7;0:20;0:30;0:37
31	4	0	27	0:11;0:15;0:22;0:32	0:10;0:32;0:34;0:36	0:42	
31	4	0	28	0:10	0:2;0:37		0:3
31	4	0	29	0:33		0:1	0:17
31	4	0	30	0:7;0:23;0:26;0:37;0:42	0:7;0:17;0:26;0:31;0:42	0:0;0:2;0:6;0:15;0:23	0:0;0:2;0:18
31	4	0	31	0:17;0:24;0:35	0:13;0:25;0:38	0:42	0:2;0:7;0:12;0:20;0:30;0:37
31	4	0	32	0:0;0:2;0:10;0:14;0:18;0:20;0:34;0:39	0:2;0:6;0:8;0:15;0:18;0:20;0:32;0:37;0:40	0:10;0:11;0:14;0:27	0:1;0:11;0:13;0:27;0:32;0:36
31	4	0	33	0:33		0:1;0:29;0:33	0:25;0:42
31	4	0	34	0:2;0:14;0:34	0:18	0:32;0:34	0:11;0:27
31	4	0	35	0:6	0:38	0:31	0:14;0:37
31	4	0	36	0:6	0:1;0:32		0:27
31	4	0	37	0:0;0:2;0:10;0:18;0:19;0:20;0:39	0:0;0:7;0:26;0:31;0:35;0:37;0:42	0:0;0:2;0:7;0:30	0:10;0:18;0:20;0:28;0:32;0:37;0:39
31	4	0	38	0:12;0:21;0:25;0:38	0:12;0:13;0:25;0:38;0:39	0:1;0:17;0:25;0:38;0:39	0:21;0:31;0:35;0:38;0:42
31	4	0	39	0:4;0:25;0:38	0:20;0:23;0:37;0:42	0:12;0:18;0:32;0:37	0:6;0:24;0:25;0:26;0:38
31	4	0	40	0:0;0:2;0:18	0:2;0:15;0:18	0:11	0:32;0:41
31	4	0	41	0:16	0:8;0:40		0:12
31	4	0	42	0:4;0:25;0:27;0:31	0:4;0:5;0:12;0:13;0:25;0:33;0:38	0:0;0:2;0:7;0:23;0:30	0:2;0:7;0:10;0:19;0:23;0:30;0:37;0:39
31	18	0	0				
32	1	0	0	0:0;0:6;0:11	0:0;0:11;0:17;0:23	0:0;0:3;0:7;0:14;0:20	0:0;0:1;0:6;0:7
32	1	0	1	0:13	0:0;0:11;0:17	0:10	0:10
32	1	0	2	0:4;0:16			0:10;0:17
32	1	0	3	0:0		0:7	
32	1	0	4		0:8;0:22	0:2	0:10;0:13
32	1	0	5		0:10	0:19	0:18
32	1	0	6	0:7;0:15;0:21	0:0;0:11;0:14;0:17	0:0;0:7;0:14;0:17	0:11;0:13
32	1	0	7	0:0;0:3;0:6;0:11	0:0;0:14;0:17	0:6;0:10	0:10;0:17
32	1	0	8		0:8;0:12	0:10	0:4;0:8;0:22
32	1	0	9	0:10	0:22	0:22	
32	1	0	10	0:1;0:7;0:8;0:10	0:1;0:2;0:4;0:7;0:10;0:16;0:18;0:20	0:9;0:10	0:5;0:10;0:11;0:15;0:19
32	1	0	11	0:13;0:19	0:6;0:10;0:18	0:0;0:7;0:17;0:20;0:23	0:0;0:1;0:6
32	1	0	12				0:8
32	1	0	13	0:22	0:4;0:6	0:1;0:11	
32	1	0	14	0:0;0:6	0:14;0:17		0:6;0:7;0:14;0:20
32	1	0	15	0:22	0:10	0:6	0:22
32	1	0	16		0:17	0:2	0:10
32	1	0	17	0:6;0:11	0:2;0:7		0:0;0:1;0:6;0:7;0:14;0:16;0:20
32	1	0	18		0:5	0:21	0:10;0:11
32	1	0	19	0:5	0:10	0:11	0:21
32	1	0	20	0:0;0:11	0:14;0:17		0:10
32	1	0	21	0:18	0:19	0:6	
32	1	0	22	0:9;0:22	0:8;0:15;0:22	0:13;0:15;0:22	0:4;0:9;0:22
32	1	0	23	0:11			0:0
32	2	0	0	0:2;0:4;0:7;0:8	0:7;0:8	0:8	0:2
32	2	0	1	0:2;0:3;0:4;0:7;0:8	0:2;0:7;0:8	0:2;0:4	0:7
32	2	0	2	0:1;0:4;0:7	0:0	0:0;0:1;0:3;0:4;0:6;0:7;0:8	0:1;0:6
32	2	0	3	0:2;0:5;0:7	0:7	0:1;0:7	0:8
32	2	0	4	0:1;0:2	0:7;0:8	0:0;0:1;0:2	0:7;0:8
32	2	0	5	0:7	0:6	0:3	
32	2	0	6	0:2;0:7;0:8	0:2;0:7	0:7	0:5;0:7
32	2	0	7	0:2;0:3;0:6;0:7;0:8	0:1;0:4;0:6;0:7;0:8	0:0;0:1;0:2;0:3;0:5;0:6;0:7;0:8	0:0;0:1;0:3;0:4;0:6;0:7;0:8
32	2	0	8	0:0;0:2;0:7;0:8	0:3;0:4;0:7;0:8	0:0;0:1;0:6;0:7;0:8	0:0;0:1;0:4;0:7;0:8
32	4	0	0	0:6;0:7	0:14;0:25	0:7;0:9	0:20
32	4	0	1	0:10;0:21	0:5;0:20	0:23	
32	4	0	2	0:15		0:11	0:3;0:14
32	4	0	3	0:3;0:13;0:15;0:18	0:2;0:3;0:5;0:18;0:19;0:20;0:23;0:24	0:3;0:5;0:15;0:20	0:3;0:13;0:21
32	4	0	4	0:22	0:6;0:21	0:25	
32	4	0	5	0:3;0:13;0:15;0:23;0:25	0:16		0:1;0:3;0:13;0:14;0:16;0:21
32	4	0	6	0:21	0:19;0:20	0:0	0:4
32	4	0	7	0:0;0:11;0:22;0:25	0:12	0:0;0:23;0:25	0:15;0:25
32	4	0	8		0:23	0:21	
32	4	0	9	0:0;0:25	0:23	0:13	
32	4	0	10		0:13;0:25	0:1;0:14;0:21	0:18
32	4	0	11	0:2;0:21		0:7	
32	4	0	12		0:17;0:21	0:21	0:7;0:15
32	4	0	13	0:9;0:21	0:3;0:5;0:15;0:19	0:3;0:5	0:10;0:21
32	4	0	14	0:10	0:2;0:5;0:20		0:0;0:19
32	4	0	15	0:3;0:23	0:7;0:12	0:2;0:3;0:5	0:13;0:21
32	4	0	16	0:21	0:5;0:20		0:5
32	4	0	17		0:18		0:12
32	4	0	18		0:10	0:3	0:3;0:17;0:21
32	4	0	19		0:14	0:25	0:3;0:6;0:13
32	4	0	20	0:3;0:25	0:0		0:1;0:3;0:6;0:14;0:16
32	4	0	21	0:8;0:10;0:12;0:21	0:3;0:5;0:13;0:15;0:18	0:1;0:6;0:11;0:13;0:16;0:21	0:4;0:12;0:22
32	4	0	22		0:21	0:4;0:7	
32	4	0	23	0:1;0:7;0:25		0:5;0:15	0:3;0:8;0:9
32	4	0	24				0:3
32	4	0	25	0:4;0:7;0:19	0:7	0:5;0:7;0:9;0:20;0:23	0:0;0:10
32	16	0	0				
32	17	0	0				
32	19	0	0				
32	49	0	0	0:5	0:2	0:3	0:4
32	49	0	1	0:2			0:3
32	49	0	2	0:7	0:4	0:1	0:0
32	49	0	3	0:0	0:1		
32	49	0	4	0:6	0:0		0:2
32	49	0	5		0:7	0:0	0:6
32	49	0	6		0:5	0:4	0:7
32	49	0	7		0:6	0:2	0:5
33	12	0	0	0:7	0:3		
33	12	0	1	0:8		0:3	
33	12	0	2			0:5	0:9
33	12	0	3	0:1;0:6	0:4	0:4	0:0;0:6
33	12	0	4	0:3			0:3
33	12	0	5	0:2			0:8
33	12	0	6		0:3	0:3	0:7
33	12	0	7		0:6	0:0	
33	12	0	8	0:8;0:9	0:5	0:1;0:8	
33	12	0	9		0:2	0:8	
33	23	0	0			0:3	0:11
33	23	0	1	0:4;0:9;0:10	0:1;0:8		0:1;0:3
33	23	0	2	0:8		0:3	
33	23	0	3	0:0;0:2;0:4;0:10	0:1;0:8	0:5	0:8
33	23	0	4	0:8	0:4;0:9;0:10	0:1;0:3	0:4;0:6;0:10
33	23	0	5	0:3			0:8
33	23	0	6	0:8	0:4;0:10	0:8	
33	23	0	7	0:8		0:8	0:9
33	23	0	8	0:6;0:7;0:8;0:11	0:3;0:5	0:2;0:4;0:6;0:7;0:8	0:1;0:3
33	23	0	9		0:7;0:9;0:10;0:11	0:1	0:4;0:9
33	23	0	10		0:4;0:10	0:1;0:3	0:4;0:6;0:9;0:10
33	23	0	11		0:0	0:8	0:9
33	25	0	0	0:0;0:1;0:3;0:6;0:9	0:0;0:4;0:6;0:9	0:0;0:1;0:9	0:0;0:1;0:3;0:4;0:9
33	25	0	1	0:0;0:1;0:3;0:4;0:6;0:8;0:9	0:0;0:4;0:6;0:9;0:10	0:0;0:1;0:3;0:9	
33	25	0	2	0:7			0:5
33	25	0	3	0:1;0:5;0:8	0:0;0:4;0:9;0:10	0:0;0:1;0:9	0:4;0:10
33	25	0	4		0:0;0:3;0:9	0:1;0:9	0:0;0:1;0:3;0:9
33	25	0	5	0:5;0:11	0:2;0:7	0:3;0:5	
33	25	0	6		0:6;0:9;0:10	0:0;0:1;0:9	0:0;0:1;0:6;0:8;0:9
33	25	0	7	0:7		0:2;0:7;0:9	0:5;0:11
33	25	0	8		0:6	0:1;0:3	
33	25	0	9	0:0;0:1;0:3;0:4;0:6;0:7;0:9;0:10	0:0;0:4;0:6;0:9	0:0;0:1;0:9	0:0;0:1;0:3;0:4;0:6;0:9
33	25	0	10		0:3	0:9	0:1;0:3;0:6
33	25	0	11		0:7	0:5	
33	26	0	0				
33	26	1	0	1:0		1:0	1:1
33	26	1	1	1:1	1:0	1:1	
33	34	0	0				
33	47	0	0	0:1			
33	47	0	1	0:2		0:0	
33	47	1	0			1:1	
33	47	1	1	1:0			
33	47	0	2			0:1	
34	23	0	0		0:9;0:18	0:13	0:8;0:15
34	23	1	0	1:15	1:1	1:13	
34	23	1	1	1:1	1:19;1:20	1:1;1:8	1:0;1:13;1:15
34	23	1	2			1:13	1:18
34	23	1	3	1:6	1:27	1:34	1:13;1:32
34	23	2	0	2:1		2:2	
34	23	0	1			0:7	0:18
34	23	3	0	3:10			3:6
34	23	0	2	0:2	0:14;0:17	0:2;0:10	0:3;0:7;0:19
34	23	1	4	1:22	1:10	1:36	
34	23	0	3	0:19	0:2	0:7	
34	23	1	5	1:6	1:18;1:30	1:23	1:12;1:31
34	23	0	4	0:5;0:11			
34	23	1	6		1:6	1:3;1:5;1:10;1:11;1:19;1:27	1:6;1:22
34	23	1	7	1:16		1:14	
34	23	1	8	1:1		1:33	
34	23	1	9	1:11			1:28
34	23	0	5	0:10		0:4	
34	23	3	1		3:1	3:2;3:10;3:11;3:12	3:1;3:4
34	23	1	10	1:6	1:11;1:13	1:28	1:4
34	23	0	6	0:9	0:17	0:9	0:13
34	23	3	2	3:1	3:10	3:6	3:8
34	23	1	11	1:6		1:9	1:10
34	23	0	7	0:1;0:3;0:7	0:2	0:7	0:18
34	23	1	12		1:5	1:24	1:19
34	23	0	8		0:0	0:12	0:14
34	23	1	13	1:0;1:2;1:13;1:14;1:35	1:1;1:3;1:34	1:13;1:33;1:35	1:10;1:18;1:28
34	23	1	14	1:7		1:13	
34	23	1	15		1:1	1:0	
34	23	1	16			1:7	
34	23	1	17	1:27			1:34
34	23	1	18	1:18	1:2;1:13	1:18;1:21	1:5;1:23
34	23	1	19	1:6;1:22	1:12;1:31	1:20	1:1;1:30
34	23	0	9	0:6	0:14	0:6	0:0
34	23	3	3	3:11	3:7		3:5
34	23	1	20	1:19	1:24		1:1;1:26
34	23	1	21	1:18		1:35	
34	23	1	22		1:6	1:4;1:19;1:32	
34	23	1	23	1:5	1:18;1:26		1:24
34	23	2	1			2:0	
34	23	1	24	1:12;1:31	1:23		1:20
34	23	1	25	1:25;1:33;1:35		1:25	
34	23	3	4		3:1	3:8;3:9	
34	23	3	5	3:9	3:3		
34	23	3	6	3:2	3:0		3:13
34	23	3	7	3:12			3:3
34	23	1	26	1:30	1:20	1:30	1:23
34	23	0	10	0:2		0:5	
34	23	0	11	0:16		0:4	
34	23	0	12	0:8;0:15	0:13		0:17
34	23	0	13	0:0	0:6;0:18		0:12
34	23	0	14		0:8;0:15	0:17	0:2;0:9
34	23	1	27	1:6		1:17	1:3
34	23	3	8	3:4	3:2	3:13	
34	23	1	28	1:10	1:9;1:13		1:36
34	23	2	2	2:0			
34	23	1	29	1:32	1:34		
34	23	1	30	1:26	1:19;1:30	1:26	1:5;1:30
34	23	1	31		1:5	1:24	1:19
34	23	3	9	3:4	3:11	3:5	
34	23	1	32	1:22	1:3	1:29	
34	23	0	15		0:0	0:12	0:14
34	23	0	16	0:18		0:11	
34	23	0	17	0:14	0:12		0:2;0:6
34	23	1	33	1:8;1:13		1:25	
34	23	3	10	3:1		3:0	3:2
34	23	3	11	3:1	3:12	3:3	3:9
34	23	3	12	3:1		3:7	3:11
34	23	3	13	3:8	3:6		
34	23	1	34	1:3	1:17		1:13;1:29
34	23	1	35	1:13;1:21		1:13;1:25	
34	23	0	18	0:18	0:1;0:7	0:16;0:18	0:0;0:13
34	23	1	36	1:4	1:28		
34	23	0	19		0:2	0:3	
34	25	0	0	0:1;0:5	0:2;0:4		
34	25	1	0			1:3	1:1
34	25	0	1		0:4	0:0	
34	25	2	0	2:0	2:1;2:6	2:0	2:5
34	25	2	1	2:1;2:2;2:6	2:4;2:6	2:1	2:0;2:4;2:6
34	25	3	0	3:0	3:3	3:0	3:5
34	25	1	1		1:0;1:3	1:3	1:4;1:5
34	25	0	2	0:2;0:3;0:4;0:5	0:2;0:4	0:2	0:0;0:2;0:4
34	25	3	1		3:6	3:4;3:7	
34	25	3	2		3:7		3:4;3:7
34	25	0	3			0:2	0:4
34	25	0	4		0:2;0:3;0:4	0:2	0:0;0:1;0:2;0:4
34	25	3	3	3:3	3:6;3:7	3:3	3:0
34	25	2	2			2:1;2:3	
34	25	0	5			0:0;0:2	
34	25	3	4	3:1;3:4;3:6;3:7	3:2;3:5;3:6;3:7	3:4;3:7	
34	25	1	2			1:3;1:5	
34	25	1	3	1:0;1:1;1:2	1:3		1:1;1:3;1:5
34	25	2	3	2:2;2:3;2:6	2:4;2:7	2:3	
34	25	2	4		2:1		2:1;2:3
34	25	2	5	2:5	2:0	2:5	2:7
34	25	1	4		1:1	1:5	
34	25	1	5	1:2;1:4	1:1;1:3		
34	25	3	5	3:5	3:0	3:5	3:4;3:6
34	25	2	6		2:1;2:6;2:7	2:1;2:3	2:0;2:1;2:6
34	25	3	6		3:5;3:6;3:7	3:4;3:7	3:1;3:3;3:4;3:6;3:7
34	25	2	7	2:7	2:5	2:7	2:3;2:6
34	25	3	7	3:1;3:4;3:6;3:7	3:2;3:6;3:7	3:4;3:7	3:2;3:3;3:4;3:6;3:7
34	26	0	0	0:0	0:1;0:2	0:0	
34	26	1	0				1:2
34	26	0	1	0:1		0:1	0:0;0:2
34	26	1	1		1:2		
34	26	0	2	0:2	0:1;0:2	0:2	0:0;0:2
34	26	1	2		1:0		1:1
34	34	0	0				
34	34	1	0				
34	36	0	0		0:0		0:0
34	36	1	0				
34	47	0	0			0:2	
34	47	0	1	0:2			
34	47	1	0	1:2	1:2		
34	47	1	1			1:2	
34	47	0	2	0:0		0:1	
34	47	1	2	1:1		1:0	1:0
35	1	0	0	0:0;0:2;0:4;0:8;0:13;0:19;0:23	0:0;0:2;0:7;0:13;0:19;0:23	0:0;0:2;0:7;0:9	0:0;0:2;0:4;0:8;0:9;0:19
35	1	0	1	0:1;0:3;0:7;0:9;0:12;0:14;0:18;0:20;0:22;0:25;0:30	0:1;0:8;0:9;0:10;0:12;0:22;0:25	0:1;0:4;0:8;0:11;0:12;0:16;0:18;0:25;0:30	0:1;0:5;0:11;0:12;0:15;0:20;0:22;0:23;0:25;0:27;0:30
35	1	0	2	0:0;0:2;0:13;0:19	0:0;0:2;0:4;0:7;0:13	0:0;0:2;0:7;0:9;0:23	0:0;0:2;0:9
35	1	0	3	0:10	0:24;0:30	0:1;0:30	0:16
35	1	0	4	0:1;0:25	0:0;0:13;0:19	0:0;0:9;0:23	0:2;0:8;0:19
35	1	0	5	0:26;0:29	0:1;0:30	0:30	0:24
35	1	0	6	0:10	0:16;0:26	0:24;0:26	0:12;0:13
35	1	0	7	0:0;0:2;0:8;0:13;0:19;0:23	0:9;0:25;0:30	0:1;0:25;0:30	0:0;0:2;0:8;0:9
35	1	0	8	0:1;0:9;0:18;0:20;0:25;0:30	0:0;0:4;0:7;0:13;0:19;0:23	0:0;0:7;0:9	0:1;0:11;0:13
35	1	0	9	0:0;0:2;0:4;0:8;0:13	0:0;0:2;0:7	0:1;0:8;0:12	0:1;0:7;0:12;0:30
35	1	0	10	0:12;0:25	0:16;0:26;0:28;0:29	0:3;0:6;0:28;0:29	0:1;0:25;0:30
35	1	0	11	0:1;0:15;0:18	0:1;0:8;0:14;0:18;0:25	0:20;0:26;0:27	0:16;0:26;0:29
35	1	0	12	0:1;0:9;0:12;0:24;0:25;0:30	0:1;0:6;0:9;0:12;0:18;0:22;0:25	0:1;0:10;0:12;0:18;0:25;0:30	0:1;0:12;0:13;0:18;0:20;0:22;0:25
35	1	0	13	0:14;0:18	0:6;0:8;0:12;0:18;0:25;0:30	0:0;0:2;0:7;0:9	0:0;0:2;0:4;0:8;0:19
35	1	1	0				
35	1	0	14		0:15	0:1;0:13;0:21	0:11;0:18
35	1	0	15	0:30	0:1;0:18;0:30	0:11;0:19;0:30	0:14
35	1	0	16	0:1;0:18;0:25	0:3;0:11;0:16;0:28	0:24;0:26;0:27	0:6;0:10;0:16;0:29
35	1	0	17	0:25	0:18;0:25		
35	1	0	18	0:1;0:12;0:18;0:22;0:25;0:30	0:12;0:14;0:18;0:25;0:30	0:1;0:8;0:11;0:13;0:16;0:18;0:21;0:22;0:25;0:30	0:11;0:12;0:13;0:15;0:17;0:18;0:22;0:25;0:30
35	1	0	19	0:15	0:0;0:4;0:13	0:0;0:2;0:7	0:0;0:4;0:8
35	1	0	20	0:11;0:26;0:27;0:29	0:1;0:12;0:25	0:1;0:8	0:26;0:29
35	1	0	21	0:14;0:18			
35	1	0	22	0:18;0:22;0:25;0:30	0:1;0:12;0:18;0:22	0:1;0:18;0:22;0:25;0:30	0:1;0:12;0:22;0:25;0:30
35	1	0	23	0:2;0:4	0:1	0:0;0:7	0:0;0:8
35	1	0	24	0:6;0:16;0:26;0:28;0:29	0:5	0:12;0:25	0:3;0:25;0:30
35	1	0	25	0:1;0:7;0:12;0:18;0:22;0:24;0:25;0:30	0:1;0:10;0:12;0:18;0:22;0:24;0:25;0:30	0:1;0:4;0:8;0:10;0:12;0:16;0:17;0:18;0:22;0:25;0:30	0:1;0:7;0:11;0:12;0:13;0:17;0:18;0:20;0:25;0:30
35	1	2	0				
35	1	0	26	0:6;0:11;0:16;0:26;0:27;0:29	0:11;0:20;0:26;0:27;0:29	0:5;0:20;0:24;0:26;0:27;0:29	0:6;0:10;0:26;0:28;0:29
35	1	0	27	0:11;0:16;0:26;0:27	0:1	0:20;0:26;0:27	0:26
35	1	0	28	0:10	0:26;0:29	0:24;0:29	0:10;0:16
35	1	0	29	0:10;0:26;0:28;0:29	0:11;0:16;0:20;0:26;0:29	0:5;0:20;0:24;0:26;0:29	0:10;0:26;0:28;0:29
35	1	0	30	0:1;0:3;0:5;0:7;0:12;0:15;0:18;0:22;0:25;0:30	0:1;0:9;0:10;0:18;0:22;0:24;0:25;0:30	0:1;0:8;0:12;0:15;0:18;0:22;0:25;0:30	0:3;0:5;0:7;0:13;0:15;0:18;0:25;0:30
35	2	0	0	0:3;0:6;0:11;0:12	0:11;0:12	0:12	0:3
35	2	0	1	0:3;0:5;0:6;0:11;0:12	0:2;0:3;0:11;0:12	0:3;0:6	0:4;0:11
35	2	0	2	0:11	0:4;0:7		0:1
35	2	0	3	0:1;0:6;0:7;0:11	0:0	0:0;0:1;0:5;0:6;0:10;0:11;0:12	0:1;0:10
35	2	0	4	0:11;0:12	0:1;0:6;0:11		0:2;0:7
35	2	0	5	0:3;0:9;0:11	0:8;0:11	0:1;0:11	0:12
35	2	0	6	0:1;0:3	0:11;0:12	0:0;0:1;0:3	0:4;0:11;0:12
35	2	0	7	0:12	0:4;0:11	0:3	0:2
35	2	0	8	0:8;0:10		0:8;0:12	0:5
35	2	0	9	0:11	0:10	0:5	
35	2	0	10	0:3;0:11;0:12	0:3;0:11	0:8;0:11	0:9;0:11
35	2	0	11	0:3;0:5;0:10;0:11;0:12	0:1;0:6;0:10;0:11;0:12	0:0;0:1;0:2;0:3;0:4;0:5;0:9;0:10;0:11;0:12	0:0;0:1;0:4;0:5;0:6;0:7;0:10;0:11;0:12
35	2	0	12	0:0;0:3;0:8;0:11;0:12	0:5;0:6;0:11;0:12	0:0;0:1;0:4;0:7;0:10;0:11;0:12	0:0;0:1;0:6;0:11;0:12
35	6	0	0	0:5	0:3		0:5
35	6	1	0				
35	6	0	1	0:4	0:2		
35	6	2	0	2:3		2:1	
35	6	2	1	2:0			
35	6	0	2		0:5		0:1
35	6	0	3				0:0
35	6	0	4	0:4		0:1;0:4;0:7	0:5;0:7
35	6	2	2			2:3	
35	6	0	5	0:7	0:0;0:4	0:0	0:2
35	6	0	6			0:7	
35	6	2	3	2:2		2:0	
35	6	3	0				
35	6	0	7	0:4;0:6	0:4	0:5	
35	7	0	0		0:3;0:10	0:2;0:5	
35	7	0	1		0:2	0:11	
35	7	0	2	0:0	0:6	0:7	0:1
35	7	0	3			0:4	0:0
35	7	0	4	0:3			0:5
35	7	0	5	0:0	0:4		
35	7	1	0				
35	7	0	6			0:9	0:2
35	7	0	7	0:2	0:9		0:11
35	7	0	8	0:11			
35	7	0	9	0:6			0:7
35	7	0	10				0:0
35	7	0	11	0:1	0:7	0:8	
35	16	0	0				
35	16	1	0				
35	18	0	0		0:0		0:0
35	19	0	0				
35	20	0	0				
35	28	0	0				
35	49	0	0	0:2			
35	49	0	1			0:2	0:6
35	49	0	2	0:1		0:0	0:4
35	49	0	3	0:7			
35	49	0	4	0:6	0:2		0:7
35	49	0	5		0:6	0:7	
35	49	0	6		0:1	0:4	0:5
35	49	0	7	0:5	0:4	0:3	
36	1	0	0	0:0;0:2;0:11;0:19;0:30	0:0;0:2;0:3;0:19;0:30	0:0;0:2	0:0;0:2;0:11;0:30
36	1	0	1	0:1;0:7;0:9;0:17;0:22;0:28;0:29;0:31;0:32;0:37;0:43	0:1;0:7;0:11;0:15;0:17;0:29;0:32;0:35;0:37	0:1;0:7;0:9;0:11;0:16;0:17;0:24;0:28;0:29;0:35;0:37;0:43	0:1;0:4;0:7;0:9;0:16;0:17;0:23;0:29;0:31;0:32;0:37;0:41;0:43;0:44
36	1	0	2	0:0;0:2;0:19;0:30	0:0;0:2;0:19	0:0;0:2	0:0;0:2
36	1	0	3	0:7;0:37	0:15;0:28	0:19;0:37;0:43	0:0;0:30
36	1	0	4	0:38	0:1;0:6;0:43	0:7;0:43	0:44
36	1	0	5	0:15	0:24;0:27;0:38	0:38	0:7;0:17;0:19
36	1	0	6	0:25	0:8	0:35	0:4
36	1	0	7	0:1;0:4;0:7;0:9;0:13;0:28;0:29;0:31;0:32;0:36;0:43;0:44	0:1;0:5;0:7;0:9;0:12;0:14;0:20;0:22;0:29;0:32;0:35;0:37	0:1;0:3;0:7;0:9;0:11;0:15;0:16;0:20;0:28;0:29;0:34;0:35;0:37	0:1;0:7;0:16;0:21;0:23;0:29;0:31;0:32;0:41
36	1	0	8	0:31	0:10	0:33	0:6
36	1	0	9	0:1;0:7;0:9;0:13;0:17;0:28;0:29;0:32;0:42	0:1;0:9;0:15;0:17;0:28;0:29;0:43	0:1;0:7;0:9;0:16;0:17;0:28;0:35;0:37;0:43	0:7;0:9;0:10;0:28;0:32;0:43
36	1	0	10	0:29	0:9;0:17;0:37	0:16	0:8
36	1	0	11	0:1;0:7;0:28;0:31;0:37;0:42;0:43	0:0;0:19;0:30	0:0	0:1;0:16;0:19
36	1	0	12	0:35	0:38;0:41	0:13	0:7;0:29
36	1	0	13	0:12;0:24;0:38;0:39	0:21;0:38;0:44	0:7;0:9;0:16;0:17;0:29;0:37	0:20;0:27
36	1	0	14	0:29	0:42	0:39	0:7;0:32
36	1	0	15	0:7;0:17;0:37	0:24;0:38;0:39	0:5;0:27	0:1;0:3;0:9;0:37;0:43
36	1	0	16	0:1;0:7;0:9;0:10;0:13;0:23;0:28;0:29;0:36	0:1;0:7;0:11;0:22;0:28;0:37	0:21;0:25;0:31;0:38;0:39;0:41;0:44	0:24;0:38;0:39
36	1	0	17	0:1;0:9;0:13;0:17;0:37;0:43	0:1;0:5;0:17;0:28;0:29;0:32;0:37	0:1;0:9;0:15;0:17;0:28;0:29;0:37;0:43	0:1;0:9;0:10;0:17;0:19;0:28;0:29;0:31;0:32;0:37;0:40
36	1	0	18	0:35	0:40	0:42	0:29
36	1	0	19	0:3;0:22;0:28;0:29	0:5;0:11;0:17;0:26;0:28;0:37;0:43	0:0;0:2	0:0;0:2;0:11;0:30
36	1	0	20	0:7	0:13	0:39	0:7
36	1	0	21	0:16;0:38	0:7	0:32	0:13
36	1	0	22		0:23	0:1;0:19	0:7;0:16;0:28
36	1	0	23	0:43	0:1;0:7;0:28;0:43	0:16;0:30;0:43	0:22
36	1	0	24	0:1;0:28;0:29;0:37;0:42	0:16;0:24;0:34	0:13;0:38;0:41	0:5;0:15;0:24;0:35;0:39
36	1	0	25	0:16;0:38	0:31	0:6;0:37	0:38
36	1	0	26			0:29;0:43	0:19;0:43
36	1	0	27	0:15	0:13;0:31	0:40;0:41	0:5;0:35
36	1	0	28	0:1;0:7;0:9;0:17;0:28;0:29;0:32;0:37;0:43	0:9;0:17;0:22;0:28;0:29;0:37;0:43	0:1;0:7;0:9;0:11;0:16;0:19;0:24;0:28;0:29;0:32;0:37;0:43	0:3;0:9;0:16;0:17;0:19;0:23;0:28;0:29;0:32;0:37;0:43
36	1	0	29	0:1;0:7;0:13;0:17;0:26;0:28;0:29;0:37;0:43	0:1;0:7;0:12;0:17;0:18;0:28;0:29;0:37;0:43	0:1;0:7;0:9;0:10;0:14;0:16;0:19;0:24;0:28;0:29;0:43	0:1;0:7;0:9;0:17;0:28;0:29;0:37
36	1	0	30	0:23	0:0;0:3;0:19	0:0;0:2	0:0;0:11
36	1	0	31	0:16;0:38;0:41	0:1;0:7;0:17;0:37	0:1;0:7;0:8;0:11	0:25;0:27;0:38
36	1	0	32	0:21;0:28;0:32;0:37;0:43	0:1;0:7;0:9;0:14;0:17;0:28;0:32;0:35;0:42	0:1;0:7;0:9;0:28;0:32;0:37;0:43	0:1;0:7;0:17;0:32;0:37;0:43
36	1	0	33	0:8			0:35
36	1	0	34	0:7	0:38	0:38	0:24
36	1	0	35	0:1;0:6;0:7;0:9	0:24;0:27;0:33	0:12;0:18;0:42	0:1;0:7;0:32;0:37
36	1	0	36	0:40	0:43	0:7;0:16;0:37	0:42
36	1	0	37	0:1;0:3;0:7;0:9;0:13;0:17;0:25;0:28;0:32;0:36;0:37;0:42;0:43	0:1;0:15;0:17;0:28;0:29;0:32;0:35;0:37;0:42;0:43	0:1;0:3;0:11;0:15;0:17;0:24;0:28;0:29;0:32;0:37;0:43	0:1;0:7;0:10;0:16;0:17;0:19;0:28;0:29;0:31;0:37;0:43
36	1	0	38	0:5;0:16;0:24;0:34;0:38;0:39;0:41	0:16;0:25;0:31;0:38;0:41	0:4;0:13;0:21;0:25;0:31;0:38;0:41;0:44	0:5;0:12;0:13;0:15;0:34;0:38
36	1	0	39	0:14;0:16;0:20	0:16;0:24	0:13;0:38	0:15
36	1	0	40	0:27	0:17	0:36	0:18
36	1	0	41	0:16;0:24;0:27;0:38;0:41	0:1;0:7	0:31;0:38;0:41	0:12;0:38
36	1	0	42	0:18;0:35	0:36	0:9;0:11;0:24;0:37;0:43	0:14;0:32;0:37
36	1	0	43	0:1;0:3;0:4;0:9;0:17;0:23;0:26;0:28;0:29;0:32;0:37;0:42;0:43	0:1;0:9;0:15;0:26;0:28;0:32;0:37;0:43	0:1;0:7;0:11;0:17;0:23;0:28;0:29;0:32;0:37;0:43	0:4;0:9;0:19;0:23;0:28;0:29;0:36;0:37;0:43
36	1	0	44	0:16;0:38	0:1;0:4	0:7	0:13
36	2	0	0	0:2;0:4;0:7;0:8	0:7;0:8	0:8	0:2
36	2	0	1	0:2;0:3;0:4;0:7;0:8	0:2;0:7;0:8	0:2;0:4	0:7
36	2	0	2	0:1;0:4;0:7	0:0	0:0;0:1;0:3;0:4;0:6;0:7;0:8	0:1;0:6
36	2	0	3	0:2;0:7	0:5;0:7	0:1;0:7	0:8
36	2	0	4	0:1;0:2	0:7;0:8	0:0;0:1;0:2	0:7;0:8
36	2	0	5	0:5;0:6		0:5;0:8	0:3
36	2	0	6	0:2;0:7;0:8	0:2;0:7	0:5;0:7	0:7
36	2	0	7	0:2;0:3;0:6;0:7;0:8	0:1;0:4;0:6;0:7;0:8	0:0;0:1;0:2;0:3;0:6;0:7;0:8	0:0;0:1;0:3;0:4;0:6;0:7;0:8
36	2	0	8	0:0;0:2;0:5;0:7;0:8	0:3;0:4;0:7;0:8	0:0;0:1;0:6;0:7;0:8	0:0;0:1;0:4;0:7;0:8
36	6	0	0		0:1	0:2	
36	6	1	0				
36	6	2	0				
36	6	3	0				
36	6	4	0	4:2		4:3	
36	6	4	1	4:3			
36	6	5	0		5:1		
36	6	0	1				0:0
36	6	6	0		6:2		
36	6	4	2			4:0	
36	6	6	1	6:2		6:3	
36	6	5	1				5:0
36	6	7	0				
36	6	6	2			6:1	6:0
36	6	4	3	4:0		4:1	
36	6	6	3	6:1			6:4
36	6	8	0				
36	6	9	0				
36	6	6	4		6:3		
36	6	0	2	0:0			
36	14	0	0	0:0;0:1;0:2;0:3	0:0;0:2;0:3	0:0;0:2	0:0
36	14	0	1	0:1	0:1	0:0;0:1	0:1
36	14	0	2	0:0;0:2	0:2	0:0;0:2	0:0;0:2;0:3
36	14	0	3		0:2	0:0	0:0
37	23	0	0		0:21	0:5;0:24	0:25
37	23	0	1	0:1;0:6	0:5;0:13;0:23;0:24	0:1	0:5;0:13;0:16;0:23;0:24;0:27
37	23	0	2	0:6	0:19;0:27	0:16	0:19
37	23	0	3	0:6	0:4	0:17	0:9
37	23	0	4	0:6;0:26	0:11;0:18	0:14	0:3;0:20
37	23	0	5	0:0;0:6;0:12	0:1	0:13	0:1;0:8
37	23	0	6	0:8;0:11;0:18	0:6;0:26	0:1;0:2;0:3;0:4;0:5;0:9;0:19;0:20;0:23;0:27	0:6;0:12
37	23	0	7	0:18	0:11	0:18	0:14
37	23	0	8	0:8;0:15;0:25	0:5;0:13;0:24	0:6;0:8;0:15;0:25	0:11
37	23	0	9	0:6;0:12	0:3;0:20	0:10	0:11
37	23	0	10	0:9	0:17		0:11
37	23	0	11	0:11	0:8;0:9;0:10;0:11;0:15;0:25	0:6;0:11	0:4;0:7;0:11;0:14;0:18;0:22
37	23	0	12		0:6	0:5;0:9;0:23	
37	23	0	13	0:5	0:1		0:1;0:8
37	23	0	14	0:4	0:7;0:11		0:17
37	23	0	15	0:8		0:8	0:11
37	23	0	16	0:2;0:19;0:21;0:26;0:27	0:1;0:16;0:18		0:16;0:24
37	23	0	17	0:3;0:20	0:14		0:10
37	23	0	18	0:7;0:18;0:22	0:11	0:6;0:7;0:18	0:4;0:16
37	23	0	19	0:6	0:2;0:19;0:27	0:16	0:2;0:19;0:23
37	23	0	20	0:6	0:4	0:17	0:9
37	23	0	21		0:21;0:26	0:16	0:0;0:21
37	23	0	22		0:11	0:18	0:26
37	23	0	23	0:6;0:12	0:1;0:19;0:27	0:24	0:1
37	23	0	24	0:0;0:23	0:1;0:16		0:1;0:8
37	23	0	25	0:8	0:0	0:8	0:11
37	23	0	26		0:22	0:4;0:16	0:6;0:21
37	23	0	27	0:6	0:1	0:16	0:2;0:19;0:23
37	25	0	0	0:19	0:1	0:6	0:23
37	25	0	1	0:7;0:15;0:16	0:7;0:17	0:7;0:15	0:0;0:7;0:24
37	25	0	2	0:2;0:3;0:5;0:6;0:7;0:10;0:12;0:17;0:19;0:23	0:2;0:6;0:7;0:21	0:2;0:6;0:7;0:17;0:18;0:19	0:2;0:3;0:6;0:7;0:14;0:15;0:20;0:25
37	25	0	3	0:8;0:13;0:14;0:18;0:20;0:25	0:2;0:6;0:7;0:15;0:19;0:21;0:24	0:2;0:6;0:7;0:15;0:18;0:19;0:20;0:21;0:24	0:4;0:5;0:9;0:11;0:13;0:16
37	25	0	4		0:3	0:19	0:6;0:15
37	25	0	5		0:3;0:5;0:6;0:9;0:12;0:16	0:2;0:6;0:7;0:15;0:18;0:19;0:21;0:24	0:5;0:7;0:9;0:13;0:16;0:19
37	25	1	0		1:1;1:5	1:3;1:4	
37	25	0	6	0:0;0:2;0:3;0:5;0:6;0:7;0:9;0:12;0:14;0:15;0:16;0:19;0:24	0:2;0:4;0:6;0:7;0:15;0:19;0:24	0:2;0:6;0:7;0:8;0:15;0:19;0:23;0:24	0:2;0:3;0:5;0:6;0:7;0:8;0:14;0:15;0:18;0:19;0:24
37	25	0	7	0:1;0:2;0:3;0:5;0:6;0:7;0:9;0:11;0:12;0:13;0:15;0:16;0:19;0:21;0:22;0:24	0:1;0:2;0:5;0:6;0:7;0:9;0:12;0:15;0:16;0:19;0:21;0:23;0:24	0:1;0:2;0:6;0:7;0:8;0:15;0:18;0:19;0:21;0:23;0:24	0:1;0:2;0:3;0:6;0:7;0:8;0:12;0:15;0:16;0:18;0:19;0:20;0:21;0:23;0:24;0:25
37	25	0	8	0:6;0:7;0:8;0:13;0:14;0:18;0:20;0:25	0:6;0:7;0:15;0:19	0:3;0:8;0:14;0:18	
37	25	0	9		0:3;0:5;0:9;0:16;0:21;0:22	0:6;0:7;0:15;0:19;0:21;0:24	0:5;0:7;0:9;0:12;0:13;0:16;0:24
37	25	0	10			0:2	0:22
37	25	0	11		0:3	0:7;0:14	0:12;0:15;0:19
37	25	0	12		0:7;0:9;0:11;0:12	0:2;0:6;0:7;0:17	0:5;0:7;0:12;0:13;0:16
37	25	1	1		1:1;1:2;1:5	1:2;1:3	1:0;1:1;1:2;1:3;1:5
37	25	1	2	1:1;1:2;1:3;1:4;1:5	1:1;1:2;1:3	1:2;1:3;1:4	1:1;1:2;1:3;1:4;1:5
37	25	0	13		0:3;0:5;0:9;0:12;0:16	0:3;0:7;0:8;0:18;0:20;0:25	
37	25	0	14	0:8;0:11;0:14;0:18;0:25	0:2;0:6;0:15;0:24	0:3;0:6;0:8;0:14;0:18;0:25	
37	25	0	15	0:1;0:3;0:5;0:6;0:7;0:9;0:15;0:16;0:19;0:21;0:23;0:24	0:2;0:4;0:6;0:7;0:11;0:15;0:19	0:1;0:6;0:7;0:15;0:19;0:20;0:21	0:3;0:6;0:7;0:8;0:14;0:15;0:19;0:24;0:25
37	25	0	16		0:3;0:5;0:7;0:9;0:12;0:16	0:1;0:6;0:7;0:15;0:19;0:21	0:5;0:7;0:9;0:13;0:16
37	25	0	17	0:2;0:12	0:19	0:2	0:1
37	25	1	3	1:0;1:1;1:2;1:3;1:5	1:1;1:2;1:3	1:2;1:3	1:2;1:3;1:4;1:5
37	25	0	18	0:2;0:3;0:5;0:7;0:8;0:13;0:14;0:25	0:6;0:7;0:19;0:24	0:3;0:8;0:14;0:21;0:25	
37	25	0	19	0:2;0:3;0:4;0:5;0:6;0:7;0:9;0:15;0:16;0:19;0:24	0:5;0:6;0:7;0:11;0:15;0:19;0:21;0:23;0:24	0:0;0:2;0:6;0:7;0:15;0:19;0:20;0:21;0:24;0:25	0:3;0:6;0:7;0:8;0:15;0:17;0:18;0:19;0:20;0:21;0:24;0:25
37	25	0	20	0:3;0:13;0:15;0:19	0:2;0:7;0:19;0:21	0:3;0:8;0:25	
37	25	0	21	0:3;0:5;0:7;0:9;0:15;0:16;0:18;0:19;0:21	0:7;0:19;0:21;0:24	0:7;0:15;0:21;0:23	0:2;0:3;0:7;0:9;0:19;0:20;0:21;0:24
37	25	1	4	1:0;1:2;1:4	1:2;1:3	1:2;1:4	
37	25	1	5		1:1;1:2;1:3;1:5	1:2;1:3	1:0;1:1;1:5
37	25	0	22		0:10	0:7	0:9
37	25	0	23	0:6;0:7;0:21	0:0;0:7;0:24	0:2;0:15	0:7;0:19
37	25	0	24	0:3;0:5;0:6;0:7;0:9;0:19;0:24	0:1;0:6;0:7;0:9;0:15;0:19;0:21;0:24	0:6;0:7;0:15;0:19;0:24	0:3;0:6;0:7;0:14;0:18;0:19;0:21;0:23;0:24;0:25
37	25	0	25	0:13;0:14;0:18;0:19;0:20	0:2;0:7;0:15;0:19;0:24	0:3;0:8;0:14;0:18	
37	26	0	0	0:0	0:1;0:2	0:0	
37	26	0	1	0:1		0:1	0:0;0:2
37	26	0	2	0:2	0:1;0:2	0:2	0:0;0:2
37	27	0	0		0:3	0:2	
37	27	0	1	0:3			0:2
37	27	0	2	0:0	0:1		
37	27	0	3			0:1	0:0
37	34	0	0				
37	47	0	0	0:1			
37	47	0	1	0:2		0:0	
37	47	0	2	0:2	0:2	0:1;0:2	0:2
38	1	0	0	0:0;0:5	0:1;0:2;0:4	0:0	
38	1	0	1	0:2	0:3		0:0
38	1	0	2	0:4		0:1	0:0
38	1	0	3				0:1
38	1	0	4	0:6		0:2	0:0
38	1	0	5		0:6	0:0	
38	1	0	6			0:4	0:5
38	10	0	0	0:0	0:0	0:0	0:0
38	23	0	0	0:12;0:14	0:15	0:6;0:14	
38	23	0	1		0:1;0:2	0:20;0:21	0:1;0:4;0:9;0:11;0:16
38	23	1	0				
38	23	0	2	0:7;0:11;0:15;0:17	0:7	0:16;0:20;0:21	0:1;0:3;0:16
38	23	0	3		0:2	0:16	
38	23	0	4	0:15;0:17	0:1;0:16;0:18	0:16;0:20;0:21	0:6;0:20;0:21
38	23	0	5		0:20		
38	23	0	6	0:0	0:4	0:16	
38	23	0	7	0:8	0:9	0:2	0:2
38	23	0	8	0:13;0:19		0:7;0:13	0:15
38	23	0	9		0:1	0:21	0:7
38	23	0	10	0:16			
38	23	0	11	0:15	0:1;0:16	0:2;0:15;0:17	
38	23	0	12		0:15	0:0	
38	23	0	13	0:8		0:8	0:15
38	23	0	14	0:0	0:15	0:0	
38	23	0	15	0:11;0:15;0:17;0:18	0:8;0:13;0:19;0:21;0:23	0:2;0:4;0:11;0:15;0:16;0:17	0:0;0:12;0:14;0:20
38	23	0	16	0:2;0:3;0:4;0:6;0:15;0:16;0:18	0:1;0:2;0:16	0:10;0:16;0:20;0:21	0:4;0:11;0:16
38	23	0	17	0:11;0:15;0:17		0:2;0:4;0:15;0:17	0:21
38	23	0	18			0:15;0:16	0:4
38	23	0	19			0:8	0:15
38	23	0	20	0:1;0:2;0:4;0:16	0:4;0:15;0:20		0:5;0:20;0:21
38	23	0	21	0:1;0:2;0:4;0:9;0:16	0:4;0:17;0:20		0:15
38	23	0	22				0:23
38	23	0	23		0:22		0:15
38	25	0	0	0:15	0:3	0:8	0:7
38	25	0	1	0:1;0:13	0:7	0:1;0:10	0:2
38	25	0	2	0:2;0:3	0:1;0:2	0:2;0:14	0:2;0:8
38	25	0	3		0:13	0:2	0:0
38	25	0	4	0:4;0:5;0:6;0:7;0:11;0:12	0:6;0:7;0:8;0:11	0:4;0:7;0:11	
38	25	0	5		0:5;0:6;0:7;0:11	0:4;0:7;0:11	0:5;0:6;0:7;0:11;0:12
38	25	0	6		0:5;0:6;0:7;0:11	0:4;0:7;0:11	0:4;0:5;0:6;0:7;0:11;0:12
38	25	0	7	0:4;0:5;0:6;0:7;0:11;0:12	0:0;0:5;0:6;0:7;0:11	0:4;0:7;0:11	0:1;0:4;0:5;0:6;0:7;0:11;0:12;0:13
38	25	0	8	0:0;0:8	0:2	0:8;0:9	0:4
38	25	0	9	0:8	0:14		
38	25	0	10	0:1			0:14
38	25	0	11	0:4;0:5;0:6;0:7;0:11;0:12	0:5;0:6;0:7;0:11	0:4;0:7;0:11	0:4;0:5;0:6;0:7;0:11
38	25	0	12		0:5;0:6;0:7	0:4;0:7;0:11	
38	25	0	13	0:15	0:7	0:1	0:3
38	25	0	14	0:2	0:10		0:9
38	25	0	15			0:0;0:13	
38	26	0	0				0:1;0:2
38	26	1	0				
38	26	2	0	2:0	2:0	2:0	2:0
38	26	0	1		0:0;0:2		
38	26	0	2		0:0		0:1
38	34	0	0				
38	34	1	0				
38	34	2	0				
38	35	0	0				
38	47	0	0	0:1	0:1		0:1
38	47	0	1		0:0	0:0	0:0
39	1	0	0	0:11	0:16	0:17;0:20	0:22
39	1	0	1	0:1;0:7;0:11;0:16;0:21	0:1;0:9;0:11;0:13;0:16	0:1;0:10;0:11;0:12;0:13;0:16;0:21;0:22	0:1;0:10;0:11;0:16;0:21
39	1	0	2	0:5;0:8;0:16	0:7;0:16		0:11;0:13;0:16
39	1	0	3	0:17;0:19;0:22	0:4;0:8	0:16	0:15;0:18
39	1	0	4	0:17;0:22	0:17	0:18	0:3;0:15
39	1	0	5	0:16;0:21	0:12;0:20	0:2;0:10;0:16;0:21	0:11;0:16
39	1	0	6	0:12;0:17;0:20;0:22	0:14;0:17	0:10;0:11;0:16	0:7;0:8
39	1	0	7	0:10;0:12;0:14;0:17;0:20	0:6;0:10;0:17;0:20	0:1;0:9;0:16;0:21	0:2;0:16;0:21
39	1	0	8	0:10;0:17;0:22	0:6;0:10;0:17	0:2;0:21	0:3;0:15;0:18
39	1	0	9	0:7;0:11;0:16	0:12;0:17;0:19;0:20;0:22	0:19;0:20	0:1;0:16;0:21
39	1	0	10	0:1;0:5;0:6	0:1;0:16	0:7;0:8;0:17	0:7;0:8;0:12;0:17;0:20
39	1	0	11	0:1;0:6;0:11;0:15;0:16;0:21	0:1;0:2;0:5;0:11;0:16	0:0;0:1;0:9;0:11;0:16;0:21	0:1;0:11;0:16
39	1	0	12	0:1;0:16;0:18	0:10;0:12;0:19;0:22	0:6;0:7;0:14;0:15;0:17	0:5;0:9;0:12;0:20
39	1	0	13	0:1;0:16	0:2		0:1;0:16
39	1	0	14	0:12;0:17;0:20	0:17	0:7;0:15	0:6
39	1	0	15	0:12;0:14;0:17;0:19;0:20	0:3;0:4;0:8	0:11;0:16	0:16;0:21
39	1	0	16	0:1;0:3;0:5;0:6;0:7;0:11;0:15;0:16;0:18;0:21	0:1;0:2;0:5;0:7;0:9;0:11;0:13;0:15;0:16;0:18;0:21	0:1;0:2;0:5;0:9;0:11;0:12;0:13;0:16;0:21;0:22	0:0;0:1;0:2;0:10;0:11;0:16;0:21
39	1	0	17	0:0;0:10;0:12;0:17;0:20;0:22	0:10;0:17;0:20;0:22	0:3;0:4;0:6;0:7;0:8;0:14;0:15;0:17;0:20	0:4;0:6;0:7;0:8;0:9;0:14;0:17;0:19;0:20
39	1	0	18	0:4	0:3;0:8	0:12;0:16;0:21	0:16
39	1	0	19	0:9	0:17;0:20;0:22	0:3;0:15;0:20	0:9;0:12
39	1	0	20	0:0;0:9;0:17;0:19;0:20;0:22	0:10;0:12;0:17;0:20;0:22	0:6;0:7;0:14;0:15;0:17;0:20	0:5;0:7;0:9;0:17;0:19;0:20
39	1	0	21	0:1;0:5;0:7;0:8;0:11;0:16;0:18;0:21	0:1;0:7;0:9;0:15;0:16;0:21	0:1;0:5;0:11;0:16;0:21	0:16;0:21
39	1	0	22	0:1;0:16	0:0	0:3;0:4;0:6;0:8;0:17;0:20	0:9;0:12;0:17;0:19;0:20
39	2	0	0	0:1;0:2	0:1;0:2		0:1
39	2	0	1	0:1;0:2	0:0;0:1;0:2	0:0;0:1;0:2	0:0;0:1;0:2
39	2	0	2	0:1;0:2	0:1;0:2	0:0;0:1;0:2	0:0;0:1;0:2
39	3	0	0	0:0;0:3	0:0;0:1	0:0;0:1;0:3	0:0;0:3
39	3	0	1	0:0;0:3	0:2;0:3	0:2;0:3	0:0;0:3
39	3	0	2	0:1;0:3		0:3	0:1;0:3
39	3	0	3	0:0;0:1;0:2	0:0;0:1;0:2	0:0;0:1;0:2	0:1
39	4	0	0	0:15;0:17;0:19;0:22	0:3;0:22	0:5;0:25	0:9;0:10
39	4	0	1	0:6;0:22	0:22	0:20	0:17;0:32
39	4	0	2	0:2;0:10;0:30	0:30	0:2;0:10	0:20;0:29
39	4	0	3	0:10;0:16	0:10;0:15;0:16	0:22	0:0;0:30
39	4	0	4	0:9;0:25;0:29	0:5;0:10;0:15;0:16;0:27	0:22;0:23;0:30	0:18;0:30;0:32
39	4	0	5	0:0;0:30	0:12;0:22;0:32	0:9;0:15	0:4;0:10;0:29
39	4	0	6		0:21;0:33	0:1;0:32	
39	4	0	7	0:16	0:19		0:22
39	4	0	8	0:16	0:10;0:15	0:22	0:22;0:31
39	4	0	9	0:5	0:0;0:30	0:4;0:29	0:23
39	4	0	10	0:2;0:10;0:16;0:20;0:26;0:30	0:0;0:5;0:10;0:16;0:26;0:27;0:28;0:30	0:2;0:3;0:10;0:16;0:25;0:28;0:31	0:3;0:4;0:8;0:10;0:16;0:20;0:21;0:25;0:29;0:34
39	4	0	11	0:15;0:26	0:13	0:22	0:17;0:18;0:22
39	4	0	12	0:25;0:29;0:34	0:27;0:28		0:5
39	4	0	13	0:31			0:11
39	4	0	14		0:18;0:20	0:18;0:21;0:24;0:29	0:26
39	4	0	15	0:5;0:16;0:26	0:25;0:31	0:0;0:11;0:33	0:3;0:4;0:8;0:20
39	4	0	16	0:10;0:18;0:20;0:26	0:10;0:23;0:26	0:3;0:7;0:8;0:10;0:15;0:25	0:3;0:4;0:10;0:20;0:21;0:24;0:29
39	4	0	17		0:1;0:11;0:24;0:29;0:32	0:0;0:18;0:29;0:30;0:32	
39	4	0	18	0:14;0:17	0:4;0:11;0:29;0:31	0:16;0:25	0:14;0:25
39	4	0	19	0:23	0:29	0:0	0:7
39	4	0	20	0:1;0:25;0:29	0:2;0:10;0:15;0:16;0:23;0:27	0:10;0:16;0:25	0:14;0:25;0:29;0:33
39	4	0	21	0:14	0:10;0:16;0:26	0:22	0:6;0:22;0:31
39	4	0	22	0:3;0:4;0:8;0:11;0:21;0:31	0:7;0:8;0:11;0:21;0:25;0:33;0:34	0:0;0:1;0:23;0:30;0:32	0:0;0:1;0:5;0:27;0:30;0:32
39	4	0	23	0:4;0:22	0:9	0:19	0:16;0:20
39	4	0	24	0:14;0:33	0:16		0:17;0:32
39	4	0	25	0:0;0:10;0:16;0:18;0:20;0:26	0:10;0:18;0:20;0:26;0:30	0:4;0:12;0:20;0:29	0:15;0:22;0:32
39	4	0	26		0:14	0:10;0:11;0:15;0:16;0:25;0:35	0:10;0:16;0:21;0:25;0:29
39	4	0	27	0:30	0:22;0:32		0:4;0:10;0:12;0:20
39	4	0	28	0:10;0:30			0:10;0:12
39	4	0	29	0:9;0:14;0:17;0:25;0:29;0:34	0:2;0:5;0:10;0:16;0:20;0:26;0:30	0:4;0:12;0:20;0:29	0:17;0:18;0:19;0:32
39	4	0	30	0:4;0:17;0:22;0:32	0:3;0:4;0:22;0:35	0:2;0:5;0:10;0:27;0:28	0:2;0:9;0:10;0:25;0:29;0:34
39	4	0	31	0:10	0:8;0:21	0:13;0:22	0:15;0:18
39	4	0	32	0:6;0:17;0:22;0:32	0:1;0:4;0:22;0:24;0:25;0:29;0:32	0:30;0:32;0:33	0:5;0:17;0:27;0:32
39	4	0	33	0:15;0:32	0:20	0:24	0:6;0:22
39	4	0	34		0:10;0:30	0:12;0:29	0:22
39	4	0	35	0:26			0:30
39	11	0	0		0:0;0:1		0:0;0:2
39	11	0	1			0:2	0:0
39	11	0	2	0:1	0:0		
40	23	0	0	0:18	0:13	0:3	
40	23	0	1		0:14	0:19	
40	23	0	2	0:15;0:19	0:17		0:6
40	23	1	0	1:0	1:2	1:0	
40	23	0	3	0:0			
40	23	0	4	0:5	0:8	0:11	
40	23	2	0		2:1		
40	23	0	5	0:6;0:17	0:5;0:15;0:18	0:4;0:6;0:8;0:17	0:5;0:12;0:18;0:19
40	23	0	6	0:5	0:2;0:6	0:5	0:6;0:17
40	23	0	7	0:8			0:11
40	23	0	8	0:5		0:7	0:4
40	23	0	9	0:18		0:10	0:13
40	23	1	1	1:1	1:2	1:1	
40	23	0	10	0:9			
40	23	0	11	0:4	0:7		
40	23	2	1			2:2	2:0
40	23	0	12	0:17	0:5;0:15	0:17	0:15
40	23	0	13	0:16	0:9		0:0
40	23	1	2	1:2		1:2	1:0;1:1
40	23	0	14				0:1
40	23	0	15		0:12	0:2	0:5;0:12
40	23	2	2	2:1			
40	23	0	16		0:18	0:13	0:18
40	23	0	17	0:5;0:12	0:6	0:5;0:12	0:2
40	23	0	18		0:5;0:16	0:0;0:9	0:5;0:16
40	23	0	19	0:1	0:5	0:2	
40	25	0	0	0:1;0:2	0:4;0:8;0:9	0:9	0:4;0:6
40	25	0	1	0:1;0:2;0:4;0:8;0:9	0:8;0:9	0:0;0:1;0:9	
40	25	0	2		0:4;0:8;0:9	0:0;0:1;0:9	
40	25	0	3		0:4;0:8	0:9	0:4;0:6
40	25	0	4		0:0;0:3;0:9	0:1;0:9	0:0;0:2;0:3;0:8;0:9
40	25	0	5			0:7;0:9	0:7
40	25	0	6		0:0;0:3		0:8;0:9
40	25	0	7	0:5;0:7	0:5;0:7	0:7	0:7;0:10
40	25	0	8		0:4;0:6;0:8;0:9	0:1;0:9	0:0;0:1;0:2;0:3;0:8;0:9
40	25	0	9	0:0;0:1;0:2;0:3;0:4;0:5;0:8;0:9	0:4;0:6;0:8;0:9	0:1;0:9	0:0;0:1;0:2;0:4;0:8;0:9
40	25	0	10		0:7		
40	26	0	0	0:0		0:0;0:3	0:2;0:4
40	26	0	1	0:2	0:5		
40	26	0	2	0:2	0:0;0:4	0:1;0:2	
40	26	0	3	0:0			0:5
40	26	0	4	0:4	0:0	0:4;0:5	0:2
40	26	0	5	0:4	0:3		0:1
40	27	0	0				0:2
40	27	0	1		0:2		
40	27	0	2		0:0		0:1
40	34	0	0				
40	36	0	0				
40	47	0	0		0:0;0:1	0:1	0:0;0:1
40	47	1	0	1:1			
40	47	0	1	0:0	0:0;0:1;0:3	0:3	0:0;0:1;0:3
40	47	1	1	1:2		1:0	
40	47	1	2			1:1	
40	47	0	2	0:3	0:2;0:3		0:2;0:3
40	47	0	3	0:1	0:1;0:2;0:3	0:2	0:1;0:2;0:3
40	50	0	0				
41	1	0	0		0:15;0:18	0:18	
41	1	0	1	0:16	0:18	0:18	0:15
41	1	0	2	0:13;0:18		0:3;0:8;0:18	0:12;0:14;0:17
41	1	0	3	0:2		0:18	0:18
41	1	0	4	0:16	0:9;0:16	0:8	0:5;0:7
41	1	0	5	0:8;0:16	0:4;0:8;0:16	0:18	0:18
41	1	0	6		0:18	0:11	0:16
41	1	0	7	0:8;0:16;0:17	0:4;0:8;0:10;0:16	0:18	0:9;0:15
41	1	0	8	0:2;0:4;0:13	0:13	0:5;0:7;0:9;0:12;0:16	0:5;0:7;0:16
41	1	0	9	0:8;0:16	0:7		0:4
41	1	0	10		0:18	0:18	0:7
41	1	0	11	0:6			0:16
41	1	0	12	0:8;0:16	0:2;0:15		0:18
41	1	0	13	0:13;0:18	0:13;0:18	0:2;0:8;0:13;0:14;0:18	0:8;0:13;0:14;0:18
41	1	0	14	0:13	0:2;0:13;0:18		
41	1	0	15	0:16	0:1;0:7		0:0;0:12;0:18
41	1	0	16	0:8;0:16;0:17	0:6;0:8;0:11;0:16;0:17	0:1;0:4;0:5;0:7;0:9;0:12;0:15;0:16	0:4;0:5;0:7;0:16
41	1	0	17		0:2	0:7;0:16	0:16
41	1	0	18	0:0;0:1;0:2;0:3;0:5;0:7;0:10;0:13;0:18	0:3;0:5;0:12;0:13;0:15;0:18	0:2;0:13;0:18	0:0;0:1;0:6;0:10;0:13;0:14;0:18
41	2	0	0	0:1;0:6;0:7	0:6;0:7	0:7	0:1
41	2	0	1	0:6	0:0	0:0;0:2;0:5;0:6;0:7	0:5
41	2	0	2	0:1;0:4;0:6	0:3;0:6	0:6	0:7
41	2	0	3	0:3;0:5		0:3;0:7	0:2
41	2	0	4	0:6	0:5	0:2	
41	2	0	5	0:1;0:6;0:7	0:1;0:6	0:3;0:6	0:4;0:6
41	2	0	6	0:1;0:2;0:5;0:6;0:7	0:5;0:6;0:7	0:0;0:1;0:2;0:4;0:5;0:6;0:7	0:0;0:2;0:5;0:6;0:7
41	2	0	7	0:0;0:1;0:3;0:6;0:7	0:2;0:6;0:7	0:0;0:5;0:6;0:7	0:0;0:6;0:7
41	3	0	0	0:0;0:3	0:0	0:0;0:3	0:0;0:3
41	3	0	1		0:3		
41	3	0	2	0:3		0:3	0:3
41	3	0	3	0:0;0:2	0:0;0:2	0:0;0:2	0:1
41	4	0	0	0:28;0:32;0:46;0:47	0:5;0:13;0:47;0:48	0:1;0:48	0:34;0:43;0:48
41	4	0	1	0:0;0:8;0:13;0:34	0:5;0:32;0:47;0:48	0:34	
41	4	0	2	0:10;0:19;0:44	0:10;0:19	0:20;0:28	0:14;0:46
41	4	0	3	0:18;0:39	0:10;0:33;0:45	0:26;0:44	0:12;0:15;0:16;0:24
41	4	0	4			0:10;0:29	0:18
41	4	0	5	0:28	0:13;0:28;0:32;0:39		0:0;0:1;0:8;0:35
41	4	0	6	0:23;0:44	0:16;0:28;0:39	0:16	0:9
41	4	0	7	0:14	0:47	0:32	0:16;0:28
41	4	0	8	0:22;0:28;0:30;0:46;0:47	0:5;0:28;0:30;0:39;0:47	0:1	
41	4	0	9	0:19;0:37	0:6;0:10	0:28;0:36	0:28;0:36;0:41
41	4	0	10	0:4;0:10;0:19;0:29;0:33	0:10;0:11;0:19;0:27;0:33;0:35;0:37;0:45	0:2;0:10;0:11;0:15;0:17;0:19;0:29;0:30;0:41	0:2;0:3;0:9;0:10;0:19;0:26;0:30;0:39
41	4	0	11	0:10;0:29;0:45;0:48	0:31	0:43	0:10;0:19;0:31;0:39
41	4	0	12	0:33;0:48	0:3	0:28	0:15;0:22;0:23;0:28
41	4	0	13	0:25;0:30;0:39	0:17;0:35	0:1;0:34	0:0;0:5
41	4	0	14	0:16	0:2;0:24	0:7;0:38	0:36
41	4	0	15	0:10	0:3;0:12;0:16	0:16	0:24;0:28
41	4	0	16	0:6;0:15;0:24;0:47	0:3;0:7;0:25;0:30;0:44	0:14;0:20;0:28;0:49	0:6;0:15;0:24;0:47
41	4	0	17	0:10	0:35		0:13;0:42
41	4	0	18		0:4;0:23;0:40;0:48	0:3;0:23;0:26;0:39;0:46	0:33;0:34
41	4	0	19	0:10;0:23;0:33	0:10;0:11;0:27;0:29;0:33	0:2;0:9;0:10;0:30	0:2;0:10;0:26;0:39;0:44
41	4	0	20	0:2;0:16;0:20	0:36;0:41	0:20;0:28	0:38;0:46
41	4	0	21	0:30;0:39	0:43		
41	4	0	22		0:12;0:39;0:40;0:47	0:8;0:23;0:39;0:47	0:29
41	4	0	23	0:18;0:22	0:12;0:39;0:41	0:6;0:19;0:30;0:37	0:18;0:30;0:37
41	4	0	24	0:28;0:38;0:47	0:3;0:15;0:16;0:28;0:44;0:47	0:16;0:25;0:47;0:49	0:14;0:46;0:47
41	4	0	25	0:24;0:47		0:13	0:16;0:32
41	4	0	26	0:3;0:18	0:10;0:19;0:33	0:28;0:49	0:28;0:41
41	4	0	27			0:29	0:10;0:19
41	4	0	28	0:2;0:9;0:12;0:16;0:20;0:26;0:36;0:41	0:7;0:9;0:12;0:15;0:26;0:30;0:36;0:49	0:0;0:5;0:8;0:24;0:46;0:47	0:5;0:6;0:8;0:24;0:35;0:46;0:47
41	4	0	29	0:4;0:10;0:27;0:45	0:22	0:10;0:11;0:37	0:19;0:30;0:39;0:46
41	4	0	30	0:10;0:19;0:23;0:33;0:44	0:10;0:23;0:29;0:33	0:8;0:13;0:21;0:39	0:8;0:16;0:28;0:47;0:49
41	4	0	31	0:39;0:46	0:11;0:42		0:11
41	4	0	32	0:7	0:25	0:0	0:1;0:5
41	4	0	33		0:18	0:10;0:12;0:19;0:30	0:3;0:10;0:19;0:26;0:30;0:39;0:44
41	4	0	34	0:1;0:13	0:0;0:18;0:46	0:1	0:45
41	4	0	35		0:5;0:28;0:47	0:43;0:48	0:10;0:13;0:17
41	4	0	36	0:9	0:9;0:14	0:28	0:20;0:28
41	4	0	37	0:23;0:29	0:23	0:9	0:10
41	4	0	38	0:14	0:20	0:24	
41	4	0	39	0:18;0:22;0:30;0:39	0:10;0:11;0:19;0:29;0:33	0:3;0:13;0:21;0:31;0:39	0:5;0:6;0:8;0:22;0:23;0:47;0:49
41	4	0	40			0:41	0:18;0:22
41	4	0	41	0:10;0:40	0:9;0:26	0:28	0:20;0:23
41	4	0	42		0:17		0:31
41	4	0	43	0:11;0:35	0:0		0:21
41	4	0	44	0:3	0:19;0:33	0:2;0:6;0:30	0:16;0:24
41	4	0	45	0:48	0:34	0:11;0:29	0:3;0:10
41	4	0	46	0:18;0:28;0:46;0:47	0:2;0:20;0:24;0:28;0:29	0:0;0:8;0:31;0:46;0:47	0:34
41	4	0	47	0:22;0:24;0:28;0:46;0:47	0:16;0:24;0:28;0:30;0:39;0:47;0:49	0:0;0:8;0:16;0:24;0:25;0:46;0:47;0:49	0:0;0:1;0:7;0:8;0:22;0:24;0:35;0:47
41	4	0	48	0:0;0:35	0:0	0:11;0:12;0:45	0:0;0:1;0:18
41	4	0	49	0:16;0:24;0:26;0:47	0:30;0:39		0:28;0:47
41	6	0	0				
41	6	1	0				
41	7	0	0		0:5;0:6;0:7	0:1;0:2	
41	7	0	1	0:0;0:3;0:8	0:3;0:4		0:4
41	7	0	2	0:0	0:5		
41	7	0	3	0:6		0:1	0:1
41	7	0	4		0:1		0:1
41	7	0	5				0:0;0:2;0:8
41	7	0	6			0:3	0:0
41	7	0	7				0:0
41	7	0	8		0:5	0:1	
41	16	0	0				
41	23	0	0	0:1;0:13	0:17;0:23		0:17
41	23	0	1	0:7;0:17	0:13;0:14;0:28	0:0;0:21;0:25	
41	23	0	2	0:27	0:3		0:3
41	23	0	3	0:20	0:2;0:26	0:22	0:2;0:9;0:11
41	23	0	4	0:9	0:24		
41	23	0	5	0:13;0:14;0:20	0:17	0:10	0:21
41	23	0	6	0:13	0:12	0:13;0:26	0:20;0:25
41	23	1	0	1:4			1:5
41	23	0	7	0:13;0:26	0:16	0:1	0:17
41	23	0	8		0:13	0:21	0:29
41	23	1	1		1:4	1:5	1:2
41	23	0	9	0:25	0:3;0:26;0:27	0:4	0:17
41	23	1	2		1:1	1:3	
41	23	1	3	1:2	1:5		
41	23	0	10	0:5	0:17		0:30
41	23	0	11	0:12	0:3	0:16	0:26
41	23	0	12	0:13	0:17;0:20	0:11;0:13	0:6
41	23	0	13	0:6;0:12;0:16;0:25	0:13;0:28	0:0;0:5;0:6;0:7;0:12;0:20;0:23;0:25;0:27	0:1;0:8;0:13;0:18;0:19;0:29
41	23	0	14		0:15	0:5	0:1
41	23	0	15	0:17		0:17	0:14;0:19
41	23	0	16	0:11;0:23	0:22	0:13	0:7;0:24
41	23	0	17	0:15;0:17;0:28;0:29	0:0;0:7;0:9;0:21;0:25;0:30	0:1;0:15;0:17;0:29	0:0;0:5;0:10;0:12;0:23;0:25
41	23	0	18		0:13		
41	23	0	19		0:13;0:15	0:25	
41	23	0	20	0:13	0:6;0:27	0:3;0:5	0:12;0:25;0:27
41	23	0	21	0:1;0:8;0:25	0:5	0:30	0:17
41	23	0	22	0:3			0:16
41	23	0	23	0:13	0:17;0:23	0:16	0:0;0:23
41	23	0	24	0:26	0:16		0:4
41	23	0	25	0:1;0:13;0:19	0:6;0:17;0:20	0:9;0:13;0:21	0:17
41	23	0	26	0:6	0:11	0:7;0:24	0:3;0:9
41	23	1	4			1:0	1:1
41	23	0	27	0:13	0:20	0:2	0:9;0:20
41	23	0	28			0:17	0:1;0:13
41	23	1	5	1:1	1:0		1:3
41	23	0	29	0:17	0:8;0:13	0:17	
41	23	0	30	0:21	0:10		0:17
41	25	0	0	0:0;0:6;0:7;0:12	0:1;0:4;0:6;0:12;0:15	0:0;0:6;0:9	
41	25	0	1		0:8;0:9;0:14	0:6	0:0;0:3;0:6;0:7;0:8;0:9;0:12
41	25	1	0		1:1	1:4	1:3;1:4
41	25	0	2		0:8	0:6	0:6
41	25	0	3	0:3	0:1;0:6	0:3;0:11	0:10
41	25	0	4		0:9	0:6	0:0;0:6;0:9
41	25	2	0		2:3	2:1;2:2	2:1;2:3
41	25	1	1	1:3;1:5	1:4;1:6	1:4	1:0;1:6
41	25	0	5	0:5;0:14	0:10	0:5;0:15	0:6
41	25	1	2		1:2;1:6	1:4	1:2;1:5
41	25	0	6	0:0;0:1;0:2;0:4;0:6;0:8;0:9;0:11;0:12;0:13;0:15	0:1;0:2;0:4;0:5;0:6;0:12;0:15	0:0;0:6	0:0;0:3;0:6;0:7;0:9;0:11;0:12
41	25	3	0				
41	25	0	7		0:1;0:6;0:12	0:0;0:9	
41	25	0	8		0:1;0:12	0:6	0:1;0:2
41	25	1	3	1:3;1:4	1:0;1:4	1:1;1:3	
41	25	2	1	2:0;2:1;2:2;2:3	2:0;2:1;2:2	2:1	2:1;2:2
41	25	1	4	1:0;1:1;1:2;1:4;1:6	1:0;1:4;1:6	1:3;1:4	1:1;1:3;1:4
41	25	0	9	0:0;0:7	0:1;0:4;0:6	0:6	0:1;0:4
41	25	1	5		1:2	1:1	
41	25	0	10	0:10;0:13	0:3;0:15	0:10;0:13	0:5;0:11;0:14
41	25	0	11	0:3;0:15	0:6;0:10	0:6;0:15	0:13;0:15
41	25	2	2	2:0;2:3	2:1	2:1	2:1
41	25	2	3		2:0	2:1;2:2	2:0
41	25	0	12		0:1;0:6;0:12	0:0;0:6	0:0;0:6;0:7;0:8;0:12
41	25	0	13	0:10;0:13	0:11	0:6;0:10;0:13	0:15
41	25	0	14		0:10	0:5	0:1
41	25	1	6		1:1	1:4	1:1;1:2;1:4
41	25	0	15	0:5;0:11	0:11;0:13	0:6;0:11	0:0;0:6;0:10
41	26	0	0	0:0		0:0	0:1;0:2
41	26	1	0	1:0	1:0	1:0	1:0
41	26	0	1	0:1	0:0;0:1	0:1	0:1;0:2
41	26	2	0	2:0		2:0	
41	26	0	2	0:2	0:0;0:1	0:2	
41	27	0	0				0:1
41	27	0	1		0:0		
41	28	0	0				
41	34	0	0				
41	38	0	0				
41	38	1	0				
41	47	0	0	0:3;0:6	0:2	0:2	0:2;0:6
41	47	0	1	0:3		0:5	
41	47	0	2	0:0	0:0	0:3	0:0
41	47	0	3	0:2	0:6	0:0;0:1;0:4;0:6	
41	47	0	4	0:3			
41	47	0	5	0:1			
41	47	0	6	0:3	0:0	0:0	0:3
41	49	0	0		0:5	0:3	
41	49	0	1	0:2		0:7	0:4
41	49	0	2			0:1	0:5
41	49	0	3	0:0	0:4	0:6	
41	49	0	4	0:5	0:1		0:3
41	49	0	5		0:2	0:4	0:0
41	49	0	6	0:3			
41	49	0	7	0:1			
42	23	0	0	0:10;0:28	0:12		0:12;0:34
42	23	0	1	0:2;0:15	0:20;0:24	0:26	0:17;0:20
42	23	0	2	0:11;0:20	0:15	0:1;0:22;0:27	
42	23	0	3	0:3;0:20	0:22	0:3;0:20	0:5;0:21;0:24
42	23	0	4	0:15	0:29	0:8	0:24
42	23	0	5	0:15;0:21	0:3;0:20	0:12	0:22
42	23	0	6	0:13;0:18	0:14;0:30	0:18;0:30	0:11
42	23	0	7		0:25	0:28	0:31
42	23	0	8	0:4			
42	23	0	9		0:15	0:33	0:14
42	23	0	10	0:25		0:0;0:12	0:28
42	23	0	11	0:15	0:6;0:19	0:2	0:20;0:33
42	23	0	12	0:5;0:10;0:28	0:0;0:20		0:0;0:34
42	23	0	13		0:14	0:6	0:15
42	23	0	14	0:14;0:30	0:9;0:16;0:30;0:33	0:14;0:30	0:6;0:13;0:18;0:30
42	23	0	15	0:19;0:27	0:13;0:15	0:1;0:4;0:5;0:11;0:17;0:21;0:24;0:27;0:29	0:2;0:9;0:15
42	23	0	16	0:33		0:30;0:33	0:14;0:30
42	23	0	17	0:15	0:1	0:23	0:29
42	23	0	18	0:6	0:14;0:30	0:6;0:30	
42	23	0	19	0:24		0:15	0:11
42	23	0	20	0:3;0:20	0:1;0:11;0:22;0:27;0:34	0:2;0:3;0:20	0:1;0:5;0:12;0:24;0:27
42	23	0	21	0:15	0:3	0:5	0:27
42	23	0	22	0:2;0:27	0:5	0:34	0:3;0:20
42	23	0	23	0:17			
42	23	0	24	0:15	0:3;0:4;0:20;0:24	0:19	0:1;0:24
42	23	0	25			0:10	0:7
42	23	0	26	0:1			
42	23	0	27	0:2;0:15	0:20;0:21	0:15;0:22	0:20
42	23	0	28	0:7	0:10	0:0;0:12	0:32
42	23	0	29	0:15	0:17		0:4
42	23	0	30	0:6;0:14;0:16;0:18;0:30;0:33	0:14;0:16;0:30;0:33	0:14;0:30	0:6;0:14;0:18;0:30
42	23	0	31		0:7	0:32	
42	23	0	32	0:31	0:28	0:34	
42	23	0	33	0:9;0:16	0:11	0:16;0:30	0:14;0:30
42	23	0	34	0:22;0:32	0:0;0:12		0:20
42	25	0	0		0:8	0:15	
42	25	1	0				
42	25	0	1	0:1;0:6;0:7;0:16	0:2;0:6;0:11;0:16;0:19	0:1;0:6	
42	25	0	2		0:8;0:11	0:6;0:15	0:1;0:4;0:6;0:7;0:8;0:16
42	25	2	0				
42	25	3	0			3:1;3:2	3:1;3:2
42	25	0	3	0:14;0:15	0:12	0:19	0:17;0:19
42	25	0	4	0:4	0:2;0:6;0:9	0:4;0:14	0:13
42	25	0	5	0:5	0:13	0:5;0:19	0:6;0:18
42	25	0	6	0:1;0:2;0:6;0:8;0:14;0:16;0:17;0:19	0:2;0:5;0:6;0:16;0:19	0:1;0:6	0:1;0:4;0:6;0:7;0:10;0:14;0:16
42	25	3	1	3:0;3:1;3:3	3:0;3:1	3:1;3:2	3:1;3:2;3:3
42	25	0	7		0:2;0:6;0:16	0:1	
42	25	3	2	3:0;3:1;3:3	3:0;3:1		
42	25	0	8		0:2;0:16	0:6;0:10	0:0;0:2
42	25	0	9	0:9		0:9	0:4;0:14
42	25	0	10	0:8	0:6	0:14	0:15
42	25	0	11	0:16	0:15	0:19	0:1;0:2
42	25	3	3		3:1	3:1;3:2	
42	25	0	12	0:15;0:19	0:14;0:17	0:14	0:3
42	25	0	13	0:13;0:17	0:4;0:19	0:13;0:17	0:5;0:14
42	25	0	14	0:4;0:10;0:12;0:19	0:6;0:9;0:13;0:15	0:3;0:6;0:19	0:12;0:17;0:19
42	25	0	15	0:0;0:2	0:10;0:19	0:3;0:12	0:11;0:14
42	25	0	16		0:2;0:6;0:16	0:1;0:6;0:11	0:1;0:6;0:7;0:8;0:16
42	25	0	17	0:13;0:17	0:3;0:14	0:6;0:13;0:17	0:12;0:19
42	25	0	18	0:18	0:5;0:19	0:18	
42	25	0	19	0:3;0:5;0:11;0:14	0:3;0:14;0:17	0:6;0:12;0:14	0:1;0:6;0:13;0:15;0:18
42	26	0	0				
42	26	1	0	1:0		1:0	1:1;1:2
42	26	1	1	1:1	1:0;1:1	1:1	1:1;1:2
42	26	1	2	1:2	1:0;1:1	1:2	
42	35	0	0				
42	36	0	0				
42	47	0	0	0:3;0:4	0:2;0:4	0:2;0:5;0:7	0:2;0:4;0:7
42	47	0	1		0:6	0:6	
42	47	0	2	0:0	0:0	0:3	0:0
42	47	0	3	0:2		0:0	
42	47	0	4		0:0;0:5	0:0;0:6	0:0;0:7
42	47	0	5	0:0;0:6			0:4;0:6
42	47	0	6	0:1;0:4	0:5	0:5	0:1
42	47	0	7	0:0	0:0;0:4		
42	50	0	0	0:8	0:9		0:11
42	50	0	1	0:7	0:11		
42	50	0	2	0:6	0:11		
42	50	0	3			0:5	
42	50	0	4			0:10	
42	50	0	5	0:3			0:9
42	50	0	6			0:2	
42	50	0	7			0:1	
42	50	0	8			0:0	
42	50	0	9		0:5;0:10		0:0
42	50	0	10	0:4			0:9
42	50	0	11		0:0		0:1;0:2
43	8	0	0				0:1
43	8	0	1		0:0;0:1;0:3		0:1;0:3
43	8	0	2		0:3		
43	8	0	3		0:1;0:3		0:1;0:2;0:3
43	12	0	0		0:3		
43	12	0	1				0:4
43	12	0	2			0:6	0:3
43	12	0	3	0:3;0:8	0:2;0:3;0:8	0:3;0:7	0:0;0:3;0:8
43	12	0	4	0:4;0:7	0:1;0:4	0:4;0:5	0:4;0:8
43	12	0	5	0:4		0:8	
43	12	0	6	0:2;0:6		0:6	
43	12	0	7	0:3		0:4	
43	12	0	8	0:5	0:3;0:4	0:3	0:3
43	23	0	0		0:4	0:2	
43	23	0	1	0:4	0:1;0:12	0:6;0:7	0:1;0:2
43	23	0	2	0:0;0:4;0:5	0:1;0:12	0:8	0:3;0:12
43	23	0	3	0:9;0:11	0:2	0:11	
43	23	0	4	0:12	0:4	0:1;0:2	0:0;0:4;0:5;0:9
43	23	0	5		0:4;0:10	0:2	
43	23	0	6	0:1	0:6;0:7		0:6;0:7
43	23	0	7	0:1	0:6;0:7		0:6;0:7;0:8
43	23	0	8	0:2	0:7		0:11;0:12
43	23	0	9		0:4	0:3;0:12	
43	23	0	10	0:12		0:12	0:5
43	23	0	11	0:3	0:8	0:3	
43	23	0	12	0:9;0:10;0:12	0:2;0:8	0:4;0:10;0:12	0:1;0:2
43	25	0	0	0:0;0:1;0:2;0:5;0:8;0:9	0:0;0:5;0:9	0:0;0:1;0:9	0:0;0:1;0:2;0:9
43	25	0	1	0:0;0:1;0:2;0:5;0:7;0:9	0:0;0:5;0:9	0:0;0:1;0:2;0:9	
43	25	0	2	0:1;0:4;0:7	0:0;0:9	0:0;0:1;0:9	0:3
43	25	0	3		0:2;0:5	0:9	0:5;0:9
43	25	0	4	0:4	0:6	0:2;0:4	
43	25	0	5		0:3;0:5;0:8;0:9	0:0;0:1;0:9	0:0;0:1;0:3;0:5;0:7;0:8;0:9
43	25	0	6	0:6		0:6;0:9	0:4
43	25	0	7		0:5	0:1;0:2	
43	25	0	8		0:5;0:8	0:0;0:9	0:5;0:8
43	25	0	9	0:0;0:1;0:2;0:3;0:5;0:6;0:8;0:9	0:0;0:3;0:5;0:9	0:0;0:1;0:9	0:0;0:1;0:2;0:5;0:9
43	26	0	0	0:0		0:0	
43	29	0	0				
43	29	1	0				
43	47	0	0	0:1			
43	47	0	1	0:2		0:0	
43	47	1	0	1:3			
43	47	1	1			1:2;1:3	
43	47	1	2	1:1			
43	47	1	3	1:1		1:0	
43	47	0	2			0:1	
44	1	0	0		0:5	0:3	0:4
44	1	0	1		0:7		0:3
44	1	0	2	0:4		0:8	
44	1	0	3	0:0;0:3;0:4	0:1;0:3	0:3;0:6	0:3;0:5;0:7
44	1	1	0		1:1		
44	1	0	4	0:6	0:0	0:2;0:3	
44	1	1	1				1:0
44	1	0	5		0:3		0:0
44	1	0	6	0:3		0:4	
44	1	0	7		0:3		0:1
44	1	0	8	0:2			
44	2	0	0	0:1	0:1		0:1
44	2	0	1		0:0;0:1	0:0	0:0;0:1
44	7	0	0				0:4
44	7	0	1	0:1;0:2;0:3;0:4;0:10;0:11	0:3;0:4;0:10;0:12	0:1;0:4;0:7;0:8;0:10	
44	7	0	2		0:2;0:4;0:14	0:1;0:4;0:7;0:10	0:2;0:3;0:4;0:14
44	7	0	3		0:2;0:3;0:4;0:5;0:7;0:10;0:11;0:14	0:1;0:4;0:7;0:9;0:10;0:12	0:1;0:3;0:4;0:6;0:11;0:14
44	7	0	4	0:1;0:2;0:3;0:4;0:6;0:7;0:8;0:10	0:0;0:2;0:3;0:4;0:7;0:10	0:1;0:4;0:7;0:8;0:10;0:12	0:1;0:2;0:3;0:4;0:8;0:9;0:10;0:12
44	7	0	5	0:13		0:12	0:3
44	7	0	6	0:6;0:9	0:3;0:7;0:10	0:4;0:6	
44	7	0	7	0:1;0:2;0:3;0:4;0:7;0:10		0:4;0:7;0:10	0:3;0:4;0:6
44	7	0	8	0:1;0:4;0:10	0:4	0:4	
44	7	0	9	0:3;0:10	0:4;0:10	0:6	
44	7	0	10	0:1;0:2;0:3;0:4;0:7;0:10	0:4;0:12;0:14	0:1;0:4;0:7;0:8;0:9;0:10	0:1;0:3;0:4;0:6;0:9;0:11;0:12
44	7	0	11		0:3;0:10;0:14	0:1;0:12	0:3;0:12
44	7	0	12	0:3;0:4;0:5;0:11	0:4;0:10;0:11;0:12		0:1;0:10;0:12
44	7	0	13			0:5	
44	7	0	14		0:2;0:3;0:14		0:2;0:3;0:10;0:11;0:14
44	17	0	0				
44	19	0	0				
44	20	0	0				
44	21	0	0				
44	26	0	0		0:0		0:0
44	29	0	0		0:4		0:1;0:4
44	29	0	1	0:3	0:0	0:3	
44	29	1	0	1:1			
44	29	0	2		0:5		0:5
44	29	0	3	0:1;0:3		0:1;0:3	
44	29	2	0		2:0		2:0;2:1;2:3
44	29	0	4		0:0		0:0;0:5
44	29	2	1		2:0;2:2		
44	29	0	5		0:2;0:4		0:2
44	29	2	2	2:3			2:1
44	29	1	1			1:0	
44	29	2	3		2:0	2:2	
44	30	0	0		0:1		0:3
44	30	0	1		0:2;0:3		0:0
44	30	0	2				0:1
44	30	0	3		0:0;0:3		0:1;0:3
44	31	0	0				
44	49	0	0	0:16			0:14
44	49	0	1		0:18		0:9
44	49	0	2	0:15			0:14
44	49	0	3			0:11	0:22
44	49	1	0		1:1	1:3	
44	49	0	4	0:22	0:11		0:19
44	49	0	5	0:17			
44	49	0	6	0:7	0:14		
44	49	0	7		0:10	0:6	
44	49	0	8	0:13			0:20
44	49	0	9		0:1	0:23	
44	49	0	10		0:15;0:16	0:14	0:7;0:21
44	49	0	11	0:3			0:4
44	49	0	12		0:17;0:21		0:13;0:16
44	49	2	0		2:4		2:3
44	49	2	1	2:3			
44	49	0	13		0:12	0:8	0:18
44	49	0	14	0:10	0:0;0:2		0:6;0:19
44	49	0	15			0:2	0:10
44	49	1	1		1:2		1:0
44	49	0	16		0:12	0:0	0:10
44	49	2	2	2:4			
44	49	0	17			0:5	0:12
44	49	1	2			1:4	1:1
44	49	0	18		0:13	0:20	0:1
44	49	2	3		2:0	2:1	
44	49	0	19	0:21	0:4;0:14		
44	49	0	20	0:18	0:8		
44	49	0	21		0:10;0:22	0:19	0:12
44	49	0	22		0:3	0:4	0:21
44	49	0	23	0:9			
44	49	2	4			2:2	2:0
44	49	1	3	1:0			
44	49	1	4	1:2			
45	1	0	0		0:5;0:15	0:4;0:20;0:22;0:26	0:12;0:28
45	1	0	1	0:20;0:25;0:28	0:2;0:8	0:16	0:19;0:24
45	1	0	2	0:20;0:28	0:20	0:24	0:1;0:19
45	1	0	3	0:15;0:27	0:9;0:26	0:11;0:27	0:14;0:22
45	1	0	4	0:0;0:11;0:20	0:9;0:11;0:20	0:15	0:6;0:20
45	1	0	5	0:5;0:6;0:8;0:9;0:15;0:16;0:24	0:5;0:7;0:10;0:15;0:27	0:5;0:9;0:11;0:18;0:27;0:28	0:0;0:5;0:16;0:27
45	1	0	6	0:20;0:26;0:28	0:4;0:9;0:20	0:5;0:11;0:15	0:7;0:8
45	1	0	7	0:11;0:20;0:26	0:6;0:9;0:11;0:20;0:26	0:10;0:16;0:27	0:5;0:15;0:16;0:27
45	1	0	8	0:11;0:20;0:22;0:28	0:6;0:11;0:20	0:5;0:16;0:27	0:1;0:19;0:24
45	1	0	9	0:5	0:9;0:17;0:21	0:5;0:18	0:3;0:4;0:6;0:7;0:9;0:26
45	1	0	10	0:7	0:20;0:25;0:26;0:28	0:25;0:26	0:5;0:27
45	1	0	11	0:3;0:5;0:6;0:13;0:15		0:4;0:7;0:8;0:14;0:20;0:23	0:4;0:7;0:8;0:20;0:26
45	1	0	12		0:0	0:20;0:26	0:28
45	1	0	13	0:27	0:27	0:11;0:27	
45	1	0	14	0:11;0:20;0:26	0:3;0:19		0:15;0:27
45	1	0	15	0:4;0:6;0:15;0:27	0:7;0:14;0:15;0:27	0:3;0:5;0:11;0:15;0:27	0:0;0:5;0:15;0:21
45	1	0	16	0:1;0:7;0:8;0:16;0:27	0:5;0:7;0:16;0:18;0:24	0:5;0:16;0:27	0:16;0:27
45	1	0	17				0:9
45	1	0	18	0:5;0:9	0:25;0:26	0:24	0:16
45	1	0	19	0:20;0:25;0:26	0:1;0:2;0:8		0:14;0:27
45	1	0	20	0:0;0:11;0:12;0:20;0:22;0:23;0:26;0:28	0:4;0:11;0:20;0:22;0:23;0:26;0:28	0:1;0:2;0:4;0:6;0:7;0:8;0:14;0:19;0:20;0:23;0:26	0:2;0:4;0:6;0:7;0:8;0:10;0:20;0:25;0:26
45	1	0	21	0:27	0:15	0:25	0:9
45	1	0	22	0:0;0:26	0:3	0:8;0:20;0:26	0:20;0:25;0:26
45	1	0	23	0:11;0:20;0:23		0:20;0:23	0:20
45	1	0	24	0:2;0:18	0:1;0:8	0:5;0:27	0:16
45	1	0	25	0:10;0:21	0:20;0:22;0:26;0:28	0:1;0:19;0:26	0:10;0:18
45	1	0	26	0:0;0:10;0:12;0:20;0:22;0:25;0:26;0:28	0:9;0:11;0:20;0:22;0:26;0:28	0:6;0:7;0:14;0:19;0:20;0:22;0:26	0:3;0:7;0:10;0:18;0:20;0:25;0:26
45	1	0	27	0:3;0:5;0:7;0:8;0:13;0:15;0:16;0:24;0:27	0:5;0:7;0:10;0:14;0:16;0:19;0:27	0:3;0:13;0:15;0:16;0:21;0:27	0:5;0:13;0:15;0:27
45	1	0	28	0:5	0:0;0:12	0:1;0:2;0:6;0:8;0:20;0:26	0:10;0:20;0:25;0:26
45	2	0	0	0:2;0:3;0:5;0:6	0:5;0:6	0:6	0:2
45	2	0	1	0:2;0:3;0:5;0:6	0:2;0:5;0:6	0:2;0:3	0:5
45	2	0	2	0:1;0:3;0:4;0:5	0:0	0:0;0:1;0:3;0:5;0:6	0:1
45	2	0	3	0:1;0:2	0:5;0:6	0:0;0:1;0:2	0:5;0:6
45	2	0	4	0:6	0:5	0:2	
45	2	0	5	0:2;0:5;0:6	0:1;0:3;0:5;0:6	0:0;0:1;0:2;0:5;0:6	0:0;0:1;0:3;0:4;0:5;0:6
45	2	0	6	0:0;0:2;0:5;0:6	0:3;0:5;0:6	0:0;0:1;0:4;0:5;0:6	0:0;0:1;0:3;0:5;0:6
45	3	0	0	0:0;0:2	0:0	0:0;0:2	0:0;0:2
45	3	0	1	0:1;0:2	0:1;0:2	0:1;0:2	0:1;0:2
45	3	0	2	0:0;0:1	0:0;0:1	0:0;0:1	0:1
45	4	0	0	0:8;0:9;0:14;0:15	0:9;0:15	0:1	0:6;0:10;0:13
45	4	0	1	0:0;0:3;0:6;0:10	0:5;0:9;0:15	0:6;0:10	
45	4	0	2	0:4	0:11	0:5	0:3
45	4	0	3	0:8;0:14;0:15	0:2;0:8;0:15	0:1;0:6	0:6
45	4	0	4	0:7	0:12	0:2	0:14
45	4	0	5	0:2	0:13		0:1
45	4	0	6	0:1;0:3	0:0;0:3;0:10;0:14	0:1;0:10	
45	4	0	7	0:8;0:9;0:15	0:8;0:15	0:4;0:9;0:12;0:15	0:12;0:14;0:15
45	4	0	8			0:0;0:3;0:7;0:12;0:14;0:15	0:3;0:7;0:9;0:11;0:12;0:14;0:15
45	4	0	9	0:7;0:9;0:15	0:8	0:0;0:7;0:9	0:0;0:1;0:12;0:15
45	4	0	10	0:1;0:6	0:0;0:14	0:1	0:6
45	4	0	11	0:12	0:8;0:15	0:13	0:2
45	4	0	12	0:7;0:8;0:15	0:7;0:8;0:9	0:11	0:4
45	4	0	13	0:11	0:0		0:5
45	4	0	14	0:8;0:14;0:15	0:4;0:7;0:8	0:0;0:3;0:14;0:15	0:6;0:10
45	4	0	15	0:7;0:8;0:14;0:15	0:7;0:8;0:9;0:15	0:0;0:3;0:7;0:9;0:12;0:14;0:15	0:0;0:1;0:3;0:7;0:11;0:15
45	6	0	0				
45	6	1	0				
45	6	2	0				
45	39	0	0	0:0	0:0	0:0;0:3	0:0
45	39	0	1	0:3	0:2		0:2
45	39	0	2	0:4	0:1	0:7	0:1
45	39	0	3	0:0;0:7	0:3;0:4	0:1;0:5	0:3;0:7
45	39	0	4			0:2	0:3
45	39	0	5	0:3			0:7
45	39	0	6	0:7			
45	39	0	7	0:2;0:7	0:3;0:5;0:7	0:3;0:6;0:7	0:7
46	23	0	0	0:9	0:7	0:37	0:12
46	23	0	1	0:2;0:3;0:26	0:42		
46	23	0	2	0:42	0:5;0:6	0:1;0:12	
46	23	0	3	0:11;0:17;0:42	0:6;0:17	0:1	
46	23	0	4	0:31		0:41	0:8;0:34
46	23	0	5	0:27;0:43;0:44	0:5	0:23	0:2;0:5;0:8;0:14
46	23	0	6	0:27;0:42;0:43		0:16;0:42	0:2;0:3;0:18
46	23	0	7		0:10;0:21		0:0;0:23
46	23	0	8	0:13;0:37	0:4;0:5;0:25	0:15;0:24;0:42	
46	23	0	9	0:16		0:0	0:12;0:32
46	23	0	10	0:32	0:22	0:27	0:7
46	23	0	11	0:11;0:19;0:42	0:24;0:31;0:34	0:3;0:11;0:13	0:33
46	23	0	12	0:2;0:12	0:0;0:9;0:16	0:12	
46	23	0	13	0:11;0:13;0:19	0:31	0:8;0:13	
46	23	0	14	0:37;0:38	0:5;0:18;0:19;0:25	0:21;0:33	
46	23	0	15	0:8		0:35	0:40
46	23	0	16	0:6	0:39	0:9	0:12
46	23	0	17	0:31;0:42		0:3;0:42	0:3
46	23	0	18	0:44	0:6		0:14
46	23	0	19		0:39	0:11;0:13	0:14
46	23	0	20	0:40	0:35	0:26	
46	23	0	21	0:14	0:23		0:7
46	23	0	22	0:22;0:25		0:22	0:10;0:24;0:32
46	23	0	23	0:5	0:7		0:21
46	23	0	24	0:8	0:22	0:32	0:11
46	23	0	25	0:42		0:22	0:8;0:14
46	23	0	26	0:20	0:30	0:1	
46	23	0	27	0:10	0:29	0:5;0:6	0:44
46	23	0	28	0:42		0:40;0:42	
46	23	0	29		0:38		0:27
46	23	0	30	0:35			0:26
46	23	0	31	0:31;0:34;0:39	0:41	0:4;0:17;0:31	0:11;0:13
46	23	0	32	0:24	0:9;0:22	0:10	
46	23	0	33	0:14	0:11		
46	23	0	34		0:4	0:31	0:11
46	23	0	35	0:15		0:30	0:20
46	23	0	36		0:37		0:43
46	23	0	37	0:0	0:43;0:44	0:8;0:14	0:36
46	23	0	38		0:42	0:14	0:29
46	23	0	39	0:42		0:31	0:16;0:19
46	23	0	40	0:28	0:15	0:20	
46	23	0	41	0:4			0:31;0:42
46	23	0	42	0:6;0:8;0:17;0:28;0:42	0:41;0:43	0:2;0:3;0:6;0:11;0:17;0:25;0:28;0:39;0:42	0:1;0:38
46	23	0	43		0:36	0:5;0:6	0:37;0:42
46	23	0	44		0:27	0:5;0:18	0:37
46	25	0	0	0:0;0:2;0:6;0:8;0:11;0:12;0:15	0:6;0:8;0:12	0:0;0:5;0:6;0:12	
46	25	0	1		0:5	0:6;0:12	0:12
46	25	0	2		0:8	0:0;0:6;0:12	0:7;0:8;0:15
46	25	0	3	0:3;0:4;0:7;0:9;0:10;0:13;0:14	0:6;0:7;0:9;0:13;0:14	0:3;0:9;0:10	
46	25	0	4		0:7;0:9;0:14	0:3;0:9;0:10	
46	25	0	5	0:0;0:15	0:6	0:6;0:12	0:1;0:13
46	25	0	6	0:0;0:1;0:2;0:5;0:6;0:8;0:12	0:6;0:8;0:9;0:12;0:13	0:0;0:6;0:12	0:0;0:3;0:5;0:6;0:8;0:9;0:12
46	25	0	7		0:2;0:7;0:9;0:14	0:3;0:9	0:3;0:4;0:7;0:8;0:9;0:14
46	25	0	8		0:2;0:6;0:7;0:8;0:12	0:0;0:6;0:12	0:0;0:2;0:6;0:8;0:12;0:15
46	25	0	9	0:3;0:4;0:7;0:9;0:10;0:12;0:13;0:14	0:6;0:7;0:9;0:13;0:14	0:3;0:9;0:12	0:3;0:4;0:6;0:7;0:9;0:10;0:12
46	25	0	10	0:3;0:4	0:9;0:14	0:3;0:9	0:13;0:14
46	25	0	11		0:12	0:0	
46	25	0	12	0:0;0:1;0:2;0:5;0:6;0:8;0:9;0:12	0:1;0:6;0:8;0:9;0:12	0:0;0:6;0:9;0:12	0:0;0:6;0:8;0:11;0:12;0:15
46	25	0	13		0:5;0:10;0:13	0:3;0:9	0:3;0:6;0:9;0:13
46	25	0	14		0:7;0:10	0:3;0:9	0:3;0:4;0:7;0:9;0:10
46	25	0	15		0:2;0:8;0:12	0:0;0:5	
46	26	0	0	0:0	0:1;0:2	0:0	
46	26	0	1	0:1	0:1;0:2	0:1	0:0;0:1
46	26	0	2	0:2		0:2	0:0;0:1
46	26	1	0	1:0		1:0	
46	26	2	0	2:0		2:0	
46	34	0	0		0:0		0:0
46	47	0	0	0:4			
46	47	0	1	0:1;0:4	0:1	0:1;0:2	0:1
46	47	0	2	0:1;0:4			
46	47	0	3	0:3;0:4		0:3	
46	47	0	4			0:0;0:1;0:2;0:3	
47	23	0	0	0:35		0:10	
47	23	0	1	0:10			
47	23	0	2	0:25	0:8;0:35		0:3
47	23	0	3	0:12	0:2;0:25		0:8;0:35
47	23	0	4	0:14	0:4;0:32;0:35		0:4;0:26;0:35
47	23	0	5	0:19	0:22		0:11
47	23	0	6	0:17;0:19	0:36	0:12	0:20;0:35
47	23	0	7	0:35		0:35	0:14;0:17
47	23	0	8	0:34	0:3		0:2
47	23	0	9	0:31	0:16;0:17	0:35	
47	23	0	10	0:0		0:1	0:19;0:23;0:28;0:29
47	23	0	11	0:28	0:5	0:13;0:14;0:15	
47	23	0	12	0:6	0:25;0:36	0:3	0:34;0:35
47	23	0	13	0:11;0:27	0:14	0:26	
47	23	0	14	0:11;0:15;0:21;0:27;0:35	0:7;0:14;0:18	0:4	0:13;0:14;0:16
47	23	0	15	0:11	0:19	0:14	0:21
47	23	0	16		0:14	0:26	0:9;0:32
47	23	0	17	0:35	0:7;0:17;0:18	0:6;0:19;0:20;0:23;0:24;0:29;0:36	0:9;0:17;0:30;0:32
47	23	0	18	0:35	0:29	0:32;0:35	0:14;0:17
47	23	0	19	0:17;0:19;0:29;0:30	0:10;0:33	0:5;0:6;0:19	0:15;0:28
47	23	0	20	0:17	0:6	0:34	0:36
47	23	0	21		0:15	0:14	0:27
47	23	0	22	0:33			0:5
47	23	0	23	0:17	0:10;0:35	0:33	0:29
47	23	0	24	0:17	0:29	0:28	0:35
47	23	0	25	0:36	0:34	0:2	0:3;0:12
47	23	0	26	0:13;0:16	0:4		0:35
47	23	0	27		0:21	0:13;0:14	
47	23	0	28	0:24	0:10;0:19;0:29	0:11	
47	23	0	29	0:17;0:30	0:10;0:23;0:35	0:19;0:30	0:18;0:24;0:28;0:35
47	23	0	30	0:29	0:17	0:19;0:29;0:36	0:35
47	23	0	31			0:9	
47	23	0	32	0:18;0:35	0:16;0:17	0:35	0:4
47	23	0	33	0:23	0:33	0:22	0:19;0:33
47	23	0	34	0:20	0:12	0:8	0:25
47	23	0	35	0:7;0:9;0:18;0:32;0:35	0:3;0:4;0:6;0:12;0:24;0:26;0:29;0:30	0:0;0:7;0:14;0:17;0:18;0:32;0:35	0:2;0:4;0:23;0:29
47	23	0	36	0:17;0:30	0:20	0:25	0:6;0:12
47	25	0	0	0:0;0:1;0:2;0:5;0:9;0:12;0:15	0:5;0:9;0:12	0:0;0:2;0:5;0:12	
47	25	0	1		0:9	0:0;0:5;0:12	0:6;0:9;0:15
47	25	0	2	0:0;0:2;0:5;0:9;0:10;0:12;0:15	0:5;0:9;0:12	0:0;0:2;0:3;0:10;0:12	
47	25	0	3	0:2;0:3;0:4;0:6;0:7;0:10;0:11;0:13;0:14	0:5;0:6;0:10;0:13;0:14	0:3;0:8;0:10;0:11	
47	25	0	4		0:6;0:10;0:14	0:3;0:10;0:11	
47	25	0	5	0:0;0:1;0:5;0:9;0:12	0:5;0:9;0:10;0:12;0:13	0:0;0:2;0:5;0:12	0:0;0:2;0:3;0:5;0:9;0:10;0:12
47	25	0	6		0:1;0:6;0:10;0:14	0:3;0:10	0:3;0:4;0:6;0:7;0:9;0:10;0:14
47	25	0	7		0:6;0:11	0:3;0:10	
47	25	0	8	0:3	0:10;0:13	0:10	0:13
47	25	0	9		0:1;0:5;0:6;0:9;0:12	0:0;0:2;0:5;0:12	0:0;0:1;0:2;0:5;0:9;0:12;0:15
47	25	0	10	0:2;0:3;0:4;0:6;0:7;0:8;0:10;0:11;0:12;0:13;0:14	0:5;0:6;0:10;0:13;0:14	0:2;0:3;0:10;0:12	0:3;0:4;0:5;0:6;0:8;0:10;0:11;0:12
47	25	0	11	0:3;0:4	0:10;0:14	0:3;0:10	0:7;0:13;0:14
47	25	0	12	0:0;0:1;0:2;0:5;0:9;0:10;0:12	0:5;0:9;0:10;0:12	0:0;0:2;0:5;0:10;0:12	0:0;0:2;0:5;0:9;0:12;0:15
47	25	0	13		0:8;0:11;0:13	0:3;0:10	0:3;0:5;0:8;0:10;0:13
47	25	0	14		0:6;0:11	0:3;0:10	0:3;0:4;0:6;0:10;0:11
47	25	0	15		0:1;0:9;0:12	0:0;0:2	
47	26	0	0	0:0	0:1;0:2	0:0	
47	26	0	1	0:1	0:1;0:2	0:1	0:0;0:1
47	26	0	2	0:2		0:2	0:0;0:1
47	26	1	0	1:0		1:0	
47	26	2	0	2:0		2:0	
47	34	0	0		0:0		0:0
47	47	0	0	0:0;0:4	0:0	0:0;0:1;0:2;0:5	0:0
47	47	0	1	0:0;0:3			
47	47	0	2	0:0;0:4			
47	47	0	3	0:3;0:4		0:1;0:3	
47	47	0	4			0:0;0:2;0:3;0:5	
47	47	0	5	0:0;0:4			
47	49	0	0	0:0	0:0	0:0	0:0
48	23	0	0	0:14;0:18	0:21	0:31	
48	23	0	1	0:56	0:8	0:23	0:29
48	23	0	2	0:46;0:52	0:3;0:43	0:57	
48	23	0	3	0:57		0:20	0:2
48	23	0	4	0:16	0:4;0:59		0:4;0:39
48	23	0	5	0:28	0:23;0:42	0:13	0:59
48	23	0	6	0:18;0:21	0:26;0:63		0:25
48	23	0	7		0:38;0:46		0:16;0:18
48	23	0	8	0:54	0:26		0:1;0:30
48	23	0	9		0:18		0:11;0:33
48	23	0	10	0:20		0:57	0:38
48	23	0	11	0:50	0:9	0:52	0:14;0:58
48	23	0	12	0:50	0:46	0:47	0:37;0:62
48	23	0	13	0:5;0:42;0:44	0:16	0:39	
48	23	0	14		0:11;0:37;0:40;0:62	0:0	
48	23	0	15	0:15;0:52	0:46;0:51;0:53	0:15;0:21;0:48	0:25;0:59
48	23	0	16	0:17;0:42	0:7;0:16	0:4	0:13;0:16
48	23	0	17	0:45	0:21;0:23;0:44;0:46	0:16	
48	23	0	18		0:7;0:18	0:0;0:6;0:21;0:25;0:26;0:30;0:35;0:52;0:54;0:56;0:61;0:63	0:9;0:18;0:55
48	23	0	19	0:41		0:44	0:45
48	23	0	20	0:3		0:10	0:57
48	23	0	21	0:15;0:18;0:21;0:37;0:43;0:52;0:55;0:62	0:23;0:34;0:47;0:54	0:6;0:21;0:41	0:0;0:17;0:57
48	23	0	22	0:50	0:60	0:36	
48	23	0	23	0:1		0:42	0:5;0:17;0:21;0:28;0:33
48	23	0	24		0:24;0:60	0:47	0:24;0:43
48	23	0	25	0:18;0:47;0:62	0:6;0:15		0:41;0:63
48	23	0	26	0:18;0:54	0:30		0:6;0:8;0:52
48	23	0	27	0:57	0:62	0:34	0:33
48	23	0	28	0:29	0:23	0:5	
48	23	0	29	0:54	0:1	0:28	0:63
48	23	0	30	0:18;0:54	0:8;0:52		0:26
48	23	0	31	0:0	0:41	0:45	
48	23	0	32		0:53	0:33	
48	23	0	33	0:32;0:49	0:9;0:23;0:27;0:34;0:53;0:59	0:60	0:50
48	23	0	34	0:27;0:62	0:34;0:47;0:54	0:63	0:21;0:33;0:34
48	23	0	35	0:18;0:38	0:57	0:49	0:52
48	23	0	36	0:22	0:50	0:58	
48	23	0	37		0:12	0:21	0:14
48	23	0	38	0:57	0:10;0:40	0:35;0:52	0:7
48	23	0	39	0:13	0:4		0:59
48	23	0	40			0:56	0:14;0:38;0:57;0:62
48	23	0	41	0:21;0:55	0:25	0:19	0:31
48	23	0	42	0:23		0:13;0:16	0:5
48	23	0	43		0:24	0:21	0:2
48	23	0	44	0:19	0:59	0:13;0:62	0:17
48	23	0	45	0:31	0:19	0:17	
48	23	0	46	0:48;0:51	0:57	0:2	0:7;0:12;0:15;0:17;0:47;0:59
48	23	0	47	0:12;0:24;0:47	0:46;0:47;0:50	0:25;0:47	0:21;0:34;0:47
48	23	0	48	0:15;0:52		0:46	0:50
48	23	0	49	0:35;0:53	0:57;0:59	0:33	
48	23	0	50	0:50;0:58;0:60	0:33;0:48;0:52	0:11;0:12;0:22;0:50	0:36;0:47
48	23	0	51			0:46	0:15
48	23	0	52	0:11;0:18;0:38;0:55	0:26;0:35;0:57;0:61	0:2;0:15;0:21;0:48;0:55;0:60	0:30;0:50;0:59
48	23	0	53	0:53;0:61	0:59;0:63	0:49;0:53	0:15;0:32;0:33
48	23	0	54	0:18;0:62	0:54;0:56	0:8;0:26;0:29;0:30	0:21;0:34;0:54
48	23	0	55	0:52	0:18	0:21;0:41;0:52;0:61;0:63	
48	23	0	56	0:18;0:40		0:1	0:54
48	23	0	57	0:2;0:10;0:57	0:20;0:21;0:40	0:3;0:27;0:38;0:57	0:35;0:46;0:49;0:52
48	23	0	58	0:36	0:11	0:50	
48	23	0	59	0:59	0:5;0:15;0:39;0:46;0:52	0:59	0:4;0:33;0:44;0:49;0:53;0:61
48	23	0	60	0:33;0:52		0:50	0:22;0:24
48	23	0	61	0:18;0:55	0:59;0:61	0:53	0:52;0:61
48	23	0	62	0:44	0:12;0:40;0:62	0:21;0:25;0:34;0:54;0:63	0:14;0:27;0:62
48	23	0	63	0:18;0:34;0:55;0:62	0:25;0:29		0:6;0:53
48	25	0	0	0:0;0:1;0:2;0:5;0:8;0:11;0:14	0:5;0:8;0:11	0:0;0:2;0:5;0:11	
48	25	0	1		0:8	0:0;0:5;0:11	0:6;0:8;0:14
48	25	0	2	0:0;0:2;0:5;0:8;0:9;0:11;0:14	0:5;0:8;0:11	0:0;0:2;0:3;0:9;0:11	
48	25	0	3	0:2;0:3;0:4;0:6;0:9;0:10;0:12;0:13	0:5;0:6;0:9;0:12;0:13	0:3;0:7;0:9;0:10	
48	25	0	4		0:6;0:9;0:13	0:3;0:9;0:10	
48	25	0	5	0:0;0:1;0:5;0:8;0:11	0:5;0:8;0:9;0:11;0:12	0:0;0:2;0:5;0:11	0:0;0:2;0:3;0:5;0:8;0:9;0:11
48	25	0	6		0:1;0:6;0:9;0:13	0:3;0:9	0:3;0:4;0:6;0:8;0:9;0:13
48	25	0	7	0:3	0:9;0:12	0:9	0:12
48	25	0	8		0:1;0:5;0:6;0:8;0:11	0:0;0:2;0:5;0:11	0:0;0:1;0:2;0:5;0:8;0:11;0:14
48	25	0	9	0:2;0:3;0:4;0:6;0:7;0:9;0:10;0:11;0:12;0:13	0:5;0:6;0:9;0:12;0:13	0:2;0:3;0:9;0:11	0:3;0:4;0:5;0:6;0:7;0:9;0:10;0:11
48	25	0	10	0:3;0:4	0:9;0:13	0:3;0:9	0:12;0:13
48	25	0	11	0:0;0:1;0:2;0:5;0:8;0:9;0:11	0:5;0:8;0:9;0:11	0:0;0:2;0:5;0:9;0:11	0:0;0:2;0:5;0:8;0:11;0:14
48	25	0	12		0:7;0:10;0:12	0:3;0:9	0:3;0:5;0:7;0:9;0:12
48	25	0	13		0:6;0:10	0:3;0:9	0:3;0:4;0:6;0:9;0:10
48	25	0	14		0:1;0:8;0:11	0:0;0:2	
48	26	0	0	0:0		0:0	
48	26	1	0	1:0		1:0	
48	34	0	0		0:0		0:0
48	36	0	0				
48	36	1	0				
48	47	0	0	0:0;0:3	0:0	0:0;0:1	0:0
48	47	0	1	0:0;0:3			
48	47	0	2	0:2;0:3		0:2	
48	47	0	3			0:0;0:1;0:2	
48	49	0	0	0:0	0:0	0:0	0:0
49	23	0	0		0:13	0:4	
49	23	0	1	0:62		0:6	0:2
49	23	0	2	0:47;0:55	0:1	0:62	0:33;0:70
49	23	0	3	0:23;0:70	0:8;0:19;0:23	0:71	0:5
49	23	0	4	0:0;0:13	0:31;0:48		0:67
49	23	0	5	0:19	0:3;0:5;0:61;0:64;0:70;0:75		0:5;0:45;0:70;0:71
49	23	0	6	0:1		0:9	0:62
49	23	0	7	0:48	0:37		
49	23	0	8	0:70;0:72	0:44;0:47	0:64;0:70	0:3;0:19;0:21
49	23	0	9	0:6		0:62	0:44
49	23	0	10	0:57	0:20;0:21	0:38;0:70	0:12;0:40
49	23	0	11	0:42	0:25	0:17	
49	23	0	12	0:53	0:10;0:70	0:55	0:73
49	23	0	13	0:53	0:35;0:47	0:4;0:48	0:0
49	23	0	14	0:14;0:55	0:39;0:46;0:47;0:56;0:76	0:14;0:35	0:16;0:25;0:26
49	23	0	15	0:67	0:47	0:33	0:29
49	23	0	16	0:25;0:67	0:14;0:47		0:17;0:76
49	23	0	17	0:11	0:16		
49	23	0	18	0:29;0:66	0:33	0:57	0:68
49	23	0	19	0:57;0:70;0:72	0:8;0:19;0:23;0:38	0:5	0:3;0:19;0:20;0:32;0:64
49	23	0	20	0:72	0:19	0:45	0:10;0:61
49	23	0	21	0:70	0:8;0:21;0:23	0:26;0:30;0:36;0:55;0:58;0:69;0:74	0:10;0:21;0:60;0:61
49	23	0	22	0:28	0:29		0:27
49	23	0	23	0:70	0:55	0:3;0:61;0:70	0:3;0:19;0:21
49	23	0	24		0:56	0:51	
49	23	0	25	0:36	0:14	0:16	0:11;0:39
49	23	0	26	0:21;0:48	0:14;0:49	0:67	0:74
49	23	0	27	0:67	0:22	0:33	0:66
49	23	0	28	0:49	0:43	0:22	0:67
49	23	0	29	0:43	0:15	0:18	0:22
49	23	0	30	0:21;0:58	0:36	0:39	0:55
49	23	0	31	0:62	0:50	0:41	0:4;0:40;0:63
49	23	0	32	0:57	0:19	0:45	
49	23	0	33	0:15;0:27	0:2	0:72	0:18
49	23	0	34	0:46		0:62	0:35
49	23	0	35	0:14;0:55	0:34;0:70	0:47	0:13;0:67
49	23	0	36	0:21;0:58	0:55	0:25	0:30;0:42
49	23	0	37	0:41			0:7
49	23	0	38	0:10;0:70	0:45	0:75	0:19
49	23	0	39	0:30	0:25	0:76	0:14
49	23	0	40	0:52;0:63	0:10;0:31;0:41;0:56;0:66	0:68	0:53;0:70
49	23	0	41	0:31	0:41;0:48;0:58	0:37;0:74	0:40;0:41
49	23	0	42	0:60	0:36	0:11	
49	23	0	43	0:74	0:67	0:29;0:66	0:28;0:52
49	23	0	44	0:62	0:9	0:55	0:8;0:70
49	23	0	45	0:20;0:32	0:5;0:75		0:38;0:70
49	23	0	46			0:34	0:14
49	23	0	47	0:35	0:62;0:70	0:2	0:8;0:13;0:14;0:15;0:16;0:48
49	23	0	48	0:13;0:48	0:47;0:48;0:53	0:7;0:26;0:48	0:4;0:41;0:48
49	23	0	49		0:74	0:28	0:26
49	23	0	50			0:58	0:31
49	23	0	51	0:24	0:52	0:53	
49	23	0	52	0:56	0:43;0:57;0:62	0:40	0:51
49	23	0	53	0:51;0:53;0:68;0:73	0:40;0:55;0:57;0:70	0:12;0:13;0:53;0:59	0:48;0:54
49	23	0	54	0:59	0:53	0:73	
49	23	0	55	0:12;0:21;0:44;0:60	0:30;0:62;0:69;0:70	0:2;0:14;0:35;0:60;0:63;0:68	0:23;0:36;0:53;0:70
49	23	0	56	0:56;0:69	0:74	0:52;0:56	0:14;0:24;0:40
49	23	0	57	0:18	0:72	0:10;0:19;0:32	0:52;0:53
49	23	0	58	0:21;0:50	0:58	0:30;0:36	0:41;0:58
49	23	0	59	0:53	0:68	0:54	
49	23	0	60	0:55	0:21	0:42;0:55;0:69;0:74	0:70
49	23	0	61	0:23;0:70	0:20;0:21;0:65	0:70	0:5
49	23	0	62	0:2;0:9;0:34;0:62	0:6	0:1;0:31;0:44;0:62	0:47;0:52;0:55;0:70;0:72
49	23	0	63	0:55	0:31	0:40	0:70
49	23	0	64	0:8;0:70	0:19	0:71	0:5
49	23	0	65			0:75	0:61
49	23	0	66	0:43	0:27	0:18	0:40
49	23	0	67	0:26	0:4;0:28;0:35	0:15;0:16;0:27	0:43
49	23	0	68	0:40;0:55	0:18;0:70	0:53	0:59
49	23	0	69	0:21;0:60	0:69	0:56	0:55;0:69
49	23	0	70	0:8;0:10;0:23;0:61;0:70	0:2;0:5;0:40;0:44;0:45;0:55;0:60;0:62;0:63;0:72;0:75	0:3;0:8;0:19;0:21;0:23;0:38;0:61;0:64;0:70	0:5;0:12;0:35;0:47;0:53;0:55;0:68;0:71
49	23	0	71	0:3;0:64	0:5;0:70		
49	23	0	72	0:33	0:62	0:8;0:19;0:20	0:57;0:70
49	23	0	73	0:54	0:12	0:53	
49	23	0	74	0:21;0:41;0:60	0:26	0:43	0:49;0:56
49	23	0	75	0:38;0:65			0:5;0:45;0:70
49	23	0	76	0:39	0:16		0:14
49	25	0	0	0:8;0:11	0:11	0:11	
49	25	0	1	0:1;0:3;0:7;0:10;0:12;0:15	0:7;0:10;0:12	0:1;0:3;0:6;0:7;0:12	
49	25	0	2		0:6	0:7	0:3
49	25	0	3	0:1;0:3;0:7;0:10;0:11;0:12;0:15	0:2;0:7;0:10;0:12	0:1;0:3;0:4;0:6;0:11;0:12	
49	25	0	4	0:3;0:4;0:5;0:8;0:11;0:13	0:7;0:8;0:11;0:13	0:4;0:9;0:11	
49	25	0	5		0:8;0:11	0:4;0:11	
49	25	0	6	0:1;0:3;0:15	0:7	0:7;0:12	0:2;0:13
49	25	0	7	0:1;0:2;0:6;0:7;0:10;0:12	0:7;0:10;0:11;0:12;0:13	0:1;0:3;0:7;0:12	0:1;0:3;0:4;0:6;0:7;0:10;0:11;0:12
49	25	0	8		0:8;0:11	0:0;0:4;0:11	0:4;0:5;0:8;0:10;0:11
49	25	0	9	0:4	0:11;0:13	0:11	0:13
49	25	0	10		0:7;0:8;0:10;0:12	0:1;0:3;0:7;0:12	0:1;0:3;0:7;0:10;0:12;0:15
49	25	0	11	0:0;0:3;0:4;0:5;0:8;0:9;0:11;0:12;0:13;0:14	0:7;0:8;0:11;0:13;0:14	0:0;0:3;0:4;0:11;0:12	0:0;0:4;0:5;0:7;0:8;0:9;0:11;0:12;0:14
49	25	0	12	0:1;0:3;0:6;0:7;0:10;0:11;0:12	0:7;0:10;0:11;0:12	0:1;0:3;0:7;0:11;0:12	0:1;0:3;0:7;0:10;0:12;0:15
49	25	0	13		0:6;0:9;0:13	0:4;0:11	0:4;0:7;0:9;0:11;0:13
49	25	0	14	0:14	0:11;0:14	0:11;0:14	0:11;0:14
49	25	0	15		0:10;0:12	0:1;0:3;0:6	
49	26	0	0	0:0	0:1;0:2	0:0	
49	26	0	1	0:1	0:1;0:2	0:1	0:0;0:1
49	26	0	2	0:2		0:2	0:0;0:1
49	26	1	0	1:0		1:0	
49	34	0	0		0:0		0:0
49	47	0	0	0:0;0:1	0:0	0:0;0:2	0:0
49	47	0	1			0:0;0:2	
49	47	0	2	0:0;0:1			
49	49	0	0	0:0	0:0	0:0	0:0
50	23	0	0	0:47	0:51	0:31	0:25
50	23	0	1	0:19	0:6	0:13	0:11
50	23	0	2	0:45	0:12	0:39	0:51
50	23	0	3	0:4;0:5	0:48		
50	23	0	4	0:46;0:48		0:3	
50	23	0	5	0:14;0:20;0:48	0:17;0:20	0:3;0:49	0:10
50	23	0	6	0:19;0:23;0:27	0:38;0:45;0:46	0:51	0:1;0:46;0:47
50	23	0	7	0:47		0:39	0:25
50	23	0	8	0:35		0:9	0:37;0:44
50	23	0	9	0:8;0:52			0:46;0:48
50	23	0	10	0:17	0:5;0:10;0:44;0:46;0:48		0:10;0:30;0:48;0:49
50	23	0	11	0:19	0:1	0:12	0:45
50	23	0	12	0:11	0:13	0:51	0:2
50	23	0	13	0:1	0:22;0:28;0:51	0:15;0:17;0:29	0:12
50	23	0	14	0:14;0:21;0:46;0:48	0:24;0:35;0:37	0:5;0:14;0:16	
50	23	0	15	0:13	0:17	0:30	
50	23	0	16	0:14;0:16;0:21	0:27;0:28;0:35	0:16;0:19;0:46	
50	23	0	17	0:13;0:39;0:48;0:50	0:17;0:20;0:21	0:10	0:5;0:15;0:17;0:18;0:37
50	23	0	18	0:50	0:17	0:30	0:44
50	23	0	19	0:16;0:35;0:48	0:19;0:20;0:27	0:1;0:6;0:11;0:38;0:45;0:47	0:19;0:23;0:41;0:44
50	23	0	20	0:35;0:46;0:48	0:32;0:38	0:5;0:44;0:46;0:48	0:5;0:17;0:19
50	23	0	21		0:24;0:40	0:14;0:16	0:17
50	23	0	22	0:38;0:51	0:48	0:33	0:13;0:29;0:46
50	23	0	23	0:34	0:19;0:35	0:6	
50	23	0	24			0:28	0:14;0:21
50	23	0	25	0:47	0:0;0:7		0:32;0:43
50	23	0	26	0:36	0:46		0:48
50	23	0	27	0:28		0:6	0:16;0:19
50	23	0	28	0:24;0:28		0:27;0:28	0:13;0:16
50	23	0	29	0:13	0:22		0:51
50	23	0	30	0:15;0:18	0:10		0:46;0:48
50	23	0	31	0:0	0:36		
50	23	0	32	0:38	0:25		0:20;0:48;0:51
50	23	0	33	0:22	0:48		0:46
50	23	0	34	0:34;0:42	0:35	0:23;0:34	
50	23	0	35	0:35;0:37;0:40		0:8;0:19;0:20;0:35;0:46	0:14;0:16;0:23;0:34
50	23	0	36	0:51	0:39;0:46	0:26	0:31
50	23	0	37		0:8;0:17	0:35	0:14;0:42
50	23	0	38	0:19;0:41	0:47;0:48	0:22;0:32;0:41;0:43	0:6;0:20;0:46;0:48
50	23	0	39	0:2;0:7	0:50;0:51	0:17	0:36
50	23	0	40	0:46;0:48		0:35	0:21;0:42
50	23	0	41	0:38	0:19	0:38;0:47	0:48
50	23	0	42		0:37;0:40	0:34	
50	23	0	43	0:38	0:25	0:50	
50	23	0	44	0:20;0:46;0:48	0:8;0:18;0:19	0:46;0:48	0:10
50	23	0	45	0:19	0:11	0:2	0:6
50	23	0	46	0:16;0:20;0:35;0:44;0:46;0:48	0:6;0:9;0:22;0:30;0:33;0:38;0:51	0:4;0:14;0:20;0:40;0:44;0:46;0:48;0:52	0:6;0:10;0:26;0:36;0:47;0:49;0:51
50	23	0	47	0:19;0:41	0:6;0:46;0:47	0:0;0:7;0:25	0:38;0:47
50	23	0	48	0:20;0:44;0:46;0:48	0:9;0:10;0:26;0:30;0:32;0:38;0:41;0:50	0:4;0:5;0:14;0:17;0:19;0:20;0:40;0:44;0:46;0:48	0:3;0:10;0:22;0:33;0:38;0:49
50	23	0	49	0:5	0:10;0:46;0:48		
50	23	0	50	0:43		0:17;0:18	0:39;0:48
50	23	0	51	0:6;0:12	0:2;0:29;0:32;0:46	0:22;0:36	0:0;0:13;0:39;0:46
50	23	0	52	0:46		0:9	
50	25	0	0	0:0;0:5;0:6;0:7;0:8	0:5;0:7	0:0;0:1;0:6;0:7	
50	25	0	1	0:0;0:1;0:2;0:3;0:6	0:3;0:6	0:1;0:4;0:6	
50	25	0	2		0:3;0:6	0:1;0:6	
50	25	0	3		0:3;0:6	0:1;0:6	0:1;0:2;0:3;0:5;0:6
50	25	0	4	0:1	0:6	0:6	
50	25	0	5		0:3;0:5;0:7	0:0;0:7	0:0;0:5;0:7;0:8
50	25	0	6	0:0;0:1;0:2;0:3;0:4;0:6;0:7	0:3;0:6	0:0;0:1;0:6;0:7	0:1;0:2;0:3;0:4;0:6;0:7
50	25	0	7	0:0;0:5;0:6;0:7	0:5;0:6;0:7	0:0;0:6;0:7	0:0;0:5;0:7;0:8
50	25	0	8		0:5;0:7	0:0	
50	26	0	0				
50	26	1	0	1:0	1:1;1:2	1:0	
50	26	1	1	1:1	1:1;1:2	1:1	1:0;1:1
50	26	1	2	1:2		1:2	1:0;1:1
50	26	2	0	2:0		2:0	
50	26	3	0	3:0		3:0	
50	33	0	0				
50	36	0	0				
50	36	1	0				
50	47	0	0	0:5			
50	47	0	1	0:1;0:5	0:1	0:1;0:2;0:3;0:4	0:1
50	47	0	2	0:1			
50	47	0	3	0:1			
50	47	0	4	0:1;0:5			
50	47	0	5			0:0;0:1;0:4	
50	49	0	0	0:0	0:0	0:0	0:0
51	23	0	0	0:7;0:20	0:4;0:7;0:12	0:21	0:2
51	23	0	1	0:14			0:18;0:20
51	23	0	2	0:4	0:0;0:2;0:9;0:17;0:18;0:20;0:22		0:2;0:9;0:10;0:20;0:21
51	23	0	3		0:5;0:6;0:14	0:20	
51	23	0	4	0:20	0:4;0:7;0:12;0:14	0:2	0:0;0:4;0:5
51	23	0	5		0:4;0:14	0:10	0:3;0:12;0:17
51	23	0	6	0:20	0:6;0:7	0:15;0:19	0:3;0:6;0:16;0:17
51	23	0	7	0:18;0:20	0:13;0:15	0:0;0:17;0:18;0:20	0:0;0:4;0:6
51	23	0	8	0:9			
51	23	0	9	0:11;0:17;0:20	0:2;0:10	0:8	0:2
51	23	0	10	0:5	0:2;0:22		0:9;0:18;0:20
51	23	0	11	0:20		0:9;0:20	
51	23	0	12		0:5;0:14	0:18;0:20	0:0;0:4
51	23	0	13	0:15			0:7;0:20
51	23	0	14	0:20		0:1;0:22	0:3;0:4;0:5;0:12
51	23	0	15	0:6;0:16	0:19;0:20	0:13;0:16	0:7;0:18;0:20
51	23	0	16	0:15	0:6	0:15;0:19	0:20
51	23	0	17	0:7;0:18;0:20	0:5;0:6	0:9;0:18;0:20	0:2
51	23	0	18	0:7;0:12;0:17;0:18;0:20	0:1;0:10;0:15	0:7;0:17;0:18;0:20	0:2;0:19;0:21
51	23	0	19	0:6;0:16	0:18;0:19		0:15;0:19
51	23	0	20	0:3;0:7;0:11;0:12;0:17;0:18;0:20	0:1;0:2;0:10;0:13;0:15;0:16;0:22	0:0;0:4;0:6;0:7;0:9;0:11;0:14;0:17;0:18;0:20	0:2;0:15;0:21
51	23	0	21	0:0	0:2;0:18;0:20		
51	23	0	22	0:14			0:2;0:10;0:20
51	24	0	0	0:1			
51	24	1	0			1:1	
51	24	1	1	1:0			
51	24	2	0				
51	24	0	1			0:0	
51	25	0	0	0:0;0:1;0:2;0:3;0:4;0:5;0:6	0:2;0:4;0:6	0:0;0:4;0:5	
51	25	0	1		0:2;0:4;0:6	0:0;0:4;0:5	
51	25	0	2		0:2;0:4;0:6	0:0;0:4	0:0;0:1;0:2;0:3;0:4;0:6
51	25	0	3		0:2;0:5	0:0;0:4	
51	25	0	4	0:0;0:1;0:2;0:3;0:4;0:5;0:6	0:2;0:4;0:6	0:0;0:4	0:0;0:1;0:2;0:4;0:5
51	25	0	5	0:0;0:1	0:4;0:6	0:0;0:4	0:3;0:6
51	25	0	6		0:2;0:5	0:0;0:4	0:0;0:1;0:2;0:4;0:5
51	26	0	0	0:0	0:1;0:2	0:0	
51	26	0	1	0:1	0:1;0:2	0:1	0:0;0:1
51	26	0	2	0:2		0:2	0:0;0:1
51	33	0	0				
51	36	0	0				
51	36	1	0				
51	47	0	0	0:0;0:2	0:0	0:0;0:3	0:0
51	47	0	1	0:1;0:2		0:1	
51	47	0	2			0:0;0:1;0:3	
51	47	0	3	0:0;0:2			
51	49	0	0	0:0	0:0	0:0	0:0
52	23	0	0	0:43	0:18	0:3	0:62
52	23	0	1	0:27;0:72	0:6;0:19	0:73	0:2
52	23	0	2	0:19	0:1;0:2;0:28;0:70;0:72;0:78		0:2;0:48;0:72;0:73
52	23	0	3	0:0	0:31	0:15	0:4;0:70
52	23	0	4	0:43;0:62	0:3;0:31	0:7	0:49;0:59
52	23	0	5	0:23	0:60	0:27	0:8
52	23	0	6	0:30;0:47;0:72	0:46;0:53	0:28;0:72	0:1;0:19;0:23
52	23	0	7	0:4;0:63	0:22;0:23;0:58	0:21;0:28;0:72	0:11;0:42
52	23	0	8	0:50	0:5;0:27	0:18;0:31	0:29;0:43;0:44;0:60;0:67
52	23	0	9	0:60	0:18;0:30;0:34;0:36;0:54;0:61;0:74	0:15;0:19;0:20;0:47	0:27;0:66
52	23	0	10	0:17		0:30	0:69
52	23	0	11		0:7;0:72	0:56	0:16
52	23	0	12		0:13;0:34;0:76	0:14;0:67	
52	23	0	13	0:30	0:13;0:14;0:38;0:50;0:55;0:76	0:29;0:43;0:68	0:12;0:13;0:16;0:33;0:45;0:76
52	23	0	14	0:12	0:36;0:53;0:55	0:54	0:13;0:76
52	23	0	15	0:3;0:9;0:52	0:19	0:48	
52	23	0	16		0:11;0:13;0:50;0:57;0:76	0:60	
52	23	0	17	0:71	0:53	0:10	0:39
52	23	0	18	0:8	0:66	0:31	0:0;0:9;0:29;0:40;0:59;0:67
52	23	0	19	0:9;0:20;0:35;0:63;0:72	0:6;0:19;0:58	0:2	0:1;0:15;0:19;0:22
52	23	0	20	0:9	0:29;0:31;0:52;0:53	0:19;0:47	0:35
52	23	0	21	0:7;0:70			0:23;0:64
52	23	0	22	0:31	0:19;0:58	0:48	0:7
52	23	0	23	0:72	0:6;0:21;0:23	0:5;0:29;0:32;0:44	0:7;0:23;0:65
52	23	0	24	0:51	0:71	0:39;0:52	
52	23	0	25	0:43	0:41	0:26	0:34
52	23	0	26	0:25	0:45		0:55
52	23	0	27	0:5	0:9;0:60	0:1;0:58;0:66	0:8;0:31
52	23	0	28	0:6;0:7;0:28	0:48	0:28;0:64;0:72	0:2
52	23	0	29	0:13;0:23;0:29;0:65;0:76;0:79	0:8;0:18;0:31;0:43;0:54;0:68;0:74	0:29;0:30;0:34;0:51	0:20;0:60;0:67
52	23	0	30	0:10;0:29	0:34;0:36	0:6;0:13	0:9;0:52
52	23	0	31	0:8;0:18	0:27;0:35	0:22;0:63	0:3;0:4;0:20;0:29;0:42
52	23	0	32	0:23;0:54;0:76		0:71	0:51
52	23	0	33	0:38;0:67	0:13;0:76	0:43;0:68;0:74	0:42;0:45
52	23	0	34	0:29	0:25	0:55	0:9;0:12;0:30
52	23	0	35	0:66	0:20	0:19;0:75	0:31
52	23	0	36	0:56;0:74	0:72	0:53	0:9;0:14;0:30;0:47;0:70;0:71
52	23	0	37	0:43;0:68	0:62	0:49	
52	23	0	38	0:63		0:33	0:13;0:41;0:76
52	23	0	39	0:24	0:17	0:69	
52	23	0	40		0:18	0:42	
52	23	0	41	0:54	0:38	0:45	0:25
52	23	0	42	0:40;0:59	0:7;0:31;0:33;0:43;0:70		0:72
52	23	0	43	0:13;0:33;0:76	0:8;0:43;0:54	0:0;0:4;0:25;0:37;0:62	0:29;0:42;0:43;0:74
52	23	0	44	0:23;0:46	0:8;0:67;0:72	0:59;0:68	
52	23	0	45	0:41	0:13;0:33;0:77		0:26
52	23	0	46	0:67	0:50	0:44	0:6;0:72
52	23	0	47	0:9;0:20	0:36	0:6	0:74;0:75
52	23	0	48	0:15;0:22	0:2;0:78		0:28;0:70;0:72
52	23	0	49	0:37	0:4;0:59		
52	23	0	50			0:8	0:13;0:16;0:46;0:67;0:76;0:79
52	23	0	51	0:29;0:65	0:32	0:24	
52	23	0	52	0:24;0:69	0:30;0:70	0:15;0:76	0:20
52	23	0	53	0:36;0:61	0:67;0:72		0:6;0:14;0:17;0:20;0:54;0:70
52	23	0	54	0:14;0:54;0:57	0:53;0:54	0:32;0:41;0:54	0:9;0:29;0:43;0:54;0:60
52	23	0	55	0:34	0:26		0:13;0:14
52	23	0	56	0:11		0:36	0:60
52	23	0	57			0:54	0:16
52	23	0	58	0:27;0:72		0:78	0:7;0:19;0:22
52	23	0	59	0:44;0:74	0:4;0:18;0:63;0:67;0:70	0:42	0:49
52	23	0	60	0:16	0:8;0:29;0:54;0:56	0:9	0:5;0:27
52	23	0	61			0:53	0:9;0:71
52	23	0	62	0:43	0:0	0:4	0:37
52	23	0	63	0:31	0:74;0:75	0:7;0:19;0:38	0:59
52	23	0	64	0:28	0:21		
52	23	0	65		0:23	0:29;0:51	0:72
52	23	0	66	0:27	0:9	0:35	0:18
52	23	0	67	0:12;0:67	0:8;0:18;0:29;0:50	0:33;0:46;0:67	0:44;0:53;0:59;0:72
52	23	0	68	0:13;0:33;0:44;0:76;0:77	0:68	0:37	0:29;0:68
52	23	0	69	0:39	0:10	0:52	
52	23	0	70	0:70;0:72	0:3;0:36;0:48;0:53;0:74	0:21;0:70;0:72	0:2;0:42;0:52;0:59;0:73;0:74
52	23	0	71	0:32	0:36;0:61	0:17	0:24
52	23	0	72	0:6;0:7;0:28;0:70;0:72	0:2;0:42;0:46;0:48;0:65;0:67;0:78	0:1;0:6;0:19;0:23;0:58;0:70;0:72	0:2;0:11;0:36;0:44;0:53;0:73
52	23	0	73	0:1	0:2;0:70;0:72		
52	23	0	74	0:33	0:43;0:47;0:70	0:36;0:59	0:9;0:29;0:63;0:70
52	23	0	75	0:35	0:47		0:63
52	23	0	76	0:52	0:13;0:14;0:38;0:50;0:76	0:29;0:32;0:43;0:68	0:12;0:13;0:16;0:33;0:76
52	23	0	77			0:68	0:45
52	23	0	78	0:58			0:2;0:48;0:72
52	23	0	79		0:50	0:29	
52	25	0	0		0:3	0:4	0:3
52	25	0	1	0:1;0:2;0:3;0:4;0:5;0:7	0:3;0:4;0:7	0:1;0:4;0:5	
52	25	0	2		0:3;0:4;0:7	0:1;0:4;0:5	
52	25	0	3		0:0;0:3;0:4;0:7	0:1;0:4	0:0;0:1;0:2;0:3;0:4;0:7;0:8
52	25	0	4	0:0;0:1;0:2;0:3;0:4;0:5;0:6;0:7;0:8	0:3;0:4;0:6;0:7	0:1;0:4	0:1;0:2;0:3;0:4;0:5;0:6
52	25	0	5	0:1;0:2;0:8	0:4;0:7	0:1;0:4	0:7
52	25	0	6	0:6	0:4;0:6;0:7	0:4;0:6	0:4;0:6;0:7
52	25	0	7		0:3;0:5;0:6	0:1;0:4	0:1;0:2;0:3;0:4;0:5;0:6
52	25	0	8		0:3	0:4;0:5	
52	26	0	0	0:0	0:1;0:2	0:0	
52	26	0	1	0:1	0:1;0:2	0:1	0:0;0:1
52	26	0	2	0:2		0:2	0:0;0:1
52	26	1	0	1:0		1:0	
52	26	2	0	2:0		2:0	
52	47	0	0	0:0;0:3	0:0	0:0;0:1	0:0
52	47	0	1	0:0			
52	47	0	2	0:2;0:3		0:2	
52	47	0	3			0:0;0:2	
52	49	0	0	0:0	0:0	0:0	0:0
53	23	0	0	0:1;0:14;0:57	0:13;0:21;0:27;0:58	0:15;0:33;0:48	0:7;0:58;0:62
53	23	0	1	0:48	0:9	0:0;0:15;0:33	0:26;0:58
53	23	0	2	0:54	0:3	0:58	
53	23	0	3	0:58	0:48	0:26	0:2
53	23	0	4		0:46	0:54	0:18
53	23	0	5	0:7;0:16;0:40	0:33;0:43;0:47		0:45;0:61
53	23	0	6	0:13	0:41		0:16;0:48
53	23	0	7	0:16;0:33;0:62	0:0;0:20;0:53	0:5	0:23;0:31
53	23	0	8	0:28	0:30;0:45		0:22;0:47
53	23	0	9	0:46		0:21;0:30	0:1;0:27;0:51;0:54;0:58
53	23	0	10	0:26	0:15	0:58	0:44
53	23	0	11	0:51	0:19;0:21;0:28;0:34;0:43;0:50	0:22	
53	23	0	12	0:52		0:35;0:54	0:18;0:60
53	23	0	13	0:33;0:62	0:41;0:63	0:6	0:0;0:20;0:61
53	23	0	14		0:34;0:62	0:0;0:16;0:58	
53	23	0	15	0:0;0:1	0:30	0:18;0:46	0:10
53	23	0	16	0:14;0:20;0:32;0:43;0:52	0:6;0:49	0:5;0:7	0:40;0:62
53	23	0	17	0:22	0:27;0:39;0:46		
53	23	0	18	0:15	0:4;0:12;0:39;0:40;0:43;0:46;0:50;0:62	0:51	
53	23	0	19	0:19;0:54	0:21	0:19;0:27	0:11;0:31
53	23	0	20	0:32;0:36;0:43	0:13;0:38;0:52;0:62	0:16;0:43	0:7;0:27;0:51
53	23	0	21	0:9		0:30	0:0;0:11;0:19;0:27;0:28;0:58
53	23	0	22	0:11	0:8;0:27;0:30;0:55	0:17	
53	23	0	23	0:62	0:7	0:45	0:28
53	23	0	24		0:37	0:25	0:34
53	23	0	25	0:24	0:42		0:49
53	23	0	26	0:3	0:1	0:10	0:58
53	23	0	27	0:19;0:27;0:40;0:54;0:62	0:9;0:20;0:21;0:30;0:39;0:56;0:59	0:27;0:34	0:0;0:17;0:22;0:43;0:51;0:58
53	23	0	28	0:62	0:21;0:23	0:8	0:11;0:53
53	23	0	29	0:52	0:36	0:38	0:43
53	23	0	30	0:9;0:21		0:39	0:8;0:15;0:22;0:27
53	23	0	31	0:62	0:7;0:19	0:61	0:63
53	23	0	32	0:43	0:52	0:16;0:20	
53	23	0	33	0:0;0:1;0:36;0:48;0:58	0:62	0:7;0:13;0:59	0:5;0:42
53	23	0	34	0:27	0:24	0:49	0:11;0:14
53	23	0	35	0:12		0:43	0:50
53	23	0	36			0:20;0:33;0:52	0:29;0:37;0:62
53	23	0	37		0:36	0:42	0:24
53	23	0	38	0:29	0:52	0:60	0:20
53	23	0	39	0:30			0:17;0:18;0:27
53	23	0	40	0:43	0:16	0:5;0:27	0:18
53	23	0	41	0:63	0:61		0:6;0:13
53	23	0	42	0:37	0:33		0:25
53	23	0	43	0:20;0:35;0:43	0:27;0:29;0:52	0:16;0:20;0:32;0:40;0:43;0:55	0:5;0:11;0:18;0:50
53	23	0	44	0:58	0:10;0:46	0:54;0:57	
53	23	0	45	0:23	0:5		0:8
53	23	0	46	0:15;0:55		0:9	0:4;0:17;0:18;0:44;0:48;0:58;0:62
53	23	0	47	0:53	0:8		0:5
53	23	0	48	0:0;0:48;0:57	0:6;0:46;0:58	0:1;0:33;0:48;0:62	0:3;0:58;0:59
53	23	0	49	0:34	0:25		0:16
53	23	0	50	0:50;0:60	0:35;0:43	0:50	0:11;0:18;0:51
53	23	0	51	0:18	0:9;0:20;0:27;0:50;0:54	0:11	
53	23	0	52	0:36;0:52;0:60	0:54	0:12;0:16;0:29;0:52	0:20;0:32;0:38;0:43;0:59
53	23	0	53	0:62	0:28	0:47	0:7
53	23	0	54	0:4;0:12;0:44	0:9;0:58	0:2;0:19;0:27	0:51;0:52
53	23	0	55	0:43		0:46	0:22
53	23	0	56	0:62	0:56		0:27;0:56
53	23	0	57	0:44	0:58	0:0;0:48	
53	23	0	58	0:2;0:10;0:14;0:58	0:0;0:1;0:9;0:21;0:26;0:27;0:46;0:48	0:3;0:33;0:44;0:58	0:0;0:48;0:54;0:57
53	23	0	59	0:33;0:62	0:48;0:52;0:59		0:27;0:59
53	23	0	60	0:38	0:12	0:50;0:52	
53	23	0	61	0:31	0:5;0:13		0:41
53	23	0	62	0:48	0:0;0:16;0:36;0:46;0:62	0:7;0:13;0:23;0:27;0:28;0:31;0:53;0:56;0:59;0:63	0:14;0:18;0:20;0:33;0:62
53	23	0	63	0:62	0:31	0:41	0:13
53	25	0	0		0:9	0:2;0:10;0:16	0:2;0:16
53	25	0	1		0:11	0:14	0:11
53	25	0	2	0:0;0:2;0:10;0:14;0:16;0:18;0:19	0:0;0:10;0:16	0:2;0:4;0:9;0:14;0:16	
53	25	0	3		0:5	0:4;0:14	0:7;0:13
53	25	0	4	0:2;0:3;0:4;0:8;0:11;0:12;0:14;0:17	0:10;0:11;0:14;0:17	0:4;0:14	
53	25	0	5		0:7;0:11;0:14;0:17	0:14	0:3
53	25	0	6		0:15	0:16	0:19
53	25	0	7		0:3	0:14	0:5;0:11;0:14;0:17
53	25	0	8		0:11;0:14;0:17	0:4;0:14	
53	25	0	9	0:2;0:18	0:10	0:10;0:16	0:0
53	25	0	10	0:0;0:9;0:10;0:15;0:16	0:10;0:14;0:16	0:2;0:10;0:16	0:2;0:4;0:9;0:10;0:14;0:16
53	25	0	11		0:1;0:7;0:11;0:14;0:17	0:4;0:14	0:1;0:4;0:5;0:8;0:11;0:12;0:14;0:17
53	25	0	12		0:11	0:4;0:14	
53	25	0	13		0:3		
53	25	0	14	0:1;0:2;0:3;0:4;0:5;0:7;0:8;0:11;0:12;0:14;0:16;0:17	0:7;0:10;0:11;0:14;0:17	0:2;0:4;0:14;0:16	0:4;0:5;0:8;0:10;0:11;0:14;0:16
53	25	0	15			0:10	0:6
53	25	0	16	0:0;0:2;0:6;0:9;0:10;0:14;0:16	0:0;0:10;0:14;0:16	0:2;0:10;0:14;0:16	0:2;0:10;0:16;0:18
53	25	0	17		0:7;0:11	0:4;0:14	0:4;0:5;0:8;0:11;0:14
53	25	0	18		0:16	0:2;0:9	
53	25	0	19		0:6	0:2	
53	26	0	0	0:0	0:1;0:2	0:0;0:3	
53	26	0	1	0:1	0:1;0:2	0:1	0:0;0:1;0:3
53	26	0	2	0:2		0:2	0:0;0:1
53	26	1	0	1:0		1:0	
53	26	0	3	0:0	0:1		
53	26	2	0	2:0		2:0	
53	36	0	0				
53	36	1	0				
53	47	0	0	0:0;0:1	0:0	0:0	0:0
53	47	0	1			0:0	
53	49	0	0	0:0	0:0	0:0	0:0
54	1	0	0	0:10	0:3;0:23	0:10;0:21	0:12;0:30
54	1	0	1	0:12	0:16;0:21	0:28	
54	1	0	2	0:5	0:20	0:15	0:30
54	1	0	3		0:3;0:4;0:10;0:14;0:16;0:17;0:23;0:30	0:4;0:7;0:14;0:16;0:21;0:23;0:26;0:30	0:0;0:3;0:8;0:10;0:21;0:23
54	1	0	4	0:3;0:4;0:8;0:27;0:30	0:4;0:10;0:17;0:23;0:27	0:4;0:12;0:23	0:3;0:4;0:14;0:18;0:28
54	1	0	5	0:21;0:28	0:9;0:26	0:2;0:13;0:27	0:14;0:23;0:28
54	1	0	6		0:10;0:17	0:10	0:10;0:17
54	1	0	7	0:3;0:8;0:14;0:17;0:22;0:23	0:7;0:17;0:23;0:27		0:7;0:23;0:28
54	1	0	8	0:22;0:23;0:27	0:3;0:17;0:27	0:4;0:7;0:23	
54	1	0	9	0:9	0:9;0:13;0:26	0:9;0:13;0:22;0:27	0:5;0:9;0:27
54	1	0	10	0:0;0:6;0:10;0:14;0:16;0:17;0:28;0:30	0:3;0:6;0:10;0:15;0:17;0:30	0:0;0:10;0:12;0:14	0:3;0:4;0:6;0:10
54	1	0	11	0:13	0:29		0:13
54	1	0	12	0:4;0:10;0:14;0:15;0:17;0:21;0:23;0:25	0:0;0:14;0:17;0:21;0:23	0:1;0:28	
54	1	0	13	0:5;0:9	0:11;0:13;0:19	0:11;0:20;0:22;0:27;0:29	0:9;0:13;0:27
54	1	0	14	0:3;0:10;0:14;0:16;0:23;0:24;0:28	0:4;0:5;0:14;0:23	0:7;0:10;0:12;0:14;0:25	0:3;0:12;0:14;0:23;0:26;0:30
54	1	0	15	0:2		0:12	0:10
54	1	0	16	0:3;0:17;0:23	0:16;0:17	0:10;0:14;0:23	0:1;0:3;0:16;0:21;0:26
54	1	0	17		0:6	0:7;0:10;0:12;0:16;0:23;0:30	0:3;0:4;0:6;0:7;0:8;0:10;0:12;0:16;0:23;0:30
54	1	0	18	0:19	0:4		0:29
54	1	0	19		0:30	0:18	0:13
54	1	0	20	0:13;0:26	0:23	0:23	0:2;0:22
54	1	0	21	0:0;0:3	0:3;0:16;0:21	0:5;0:12;0:26	0:1;0:12;0:21
54	1	0	22	0:9;0:13;0:26	0:20;0:25	0:7;0:8	0:27
54	1	0	23	0:3;0:4;0:8;0:16;0:17;0:20;0:23;0:27;0:28	0:3;0:5;0:7;0:14;0:17;0:23;0:24;0:27	0:7;0:8;0:12;0:14;0:16;0:23;0:26;0:30	0:0;0:3;0:4;0:7;0:12;0:14;0:20;0:23;0:25;0:28
54	1	0	24			0:14	0:23
54	1	0	25	0:14	0:23	0:12	0:22
54	1	0	26	0:3;0:21;0:23	0:14;0:16	0:20;0:22	0:5;0:9
54	1	0	27	0:5;0:9;0:13	0:9;0:13;0:22	0:4;0:8;0:23	0:4;0:7;0:8;0:23
54	1	0	28	0:1;0:12	0:4;0:5;0:7;0:23	0:5;0:10;0:14;0:23;0:30	
54	1	0	29	0:13	0:18		0:11
54	1	0	30	0:3;0:17;0:23;0:28	0:0;0:2;0:14;0:17	0:4;0:10	0:3;0:10;0:19
54	2	0	0	0:1	0:2	0:1	
54	2	0	1	0:0		0:0	0:2
54	2	0	2		0:1		0:0
54	6	0	0		0:1		
54	6	0	1				0:0
54	23	0	0	0:0;0:1;0:7	0:0;0:12;0:19	0:0	0:0;0:3;0:5;0:13
54	23	0	1		0:1;0:9;0:15;0:21	0:0;0:3;0:5;0:7;0:11;0:20;0:22	0:1;0:4;0:8;0:12
54	23	0	2	0:2;0:8;0:9;0:19	0:10;0:22	0:2;0:17;0:19	
54	23	0	3	0:1;0:3;0:12;0:14	0:0	0:3	0:19
54	23	0	4		0:1;0:9;0:21	0:5;0:13;0:18	
54	23	0	5	0:1;0:4;0:5;0:12;0:18	0:0;0:14	0:5	0:19;0:21
54	23	0	6				0:8
54	23	1	0				
54	23	0	7	0:1	0:7	0:0	0:7;0:14;0:18
54	23	0	8		0:1;0:6;0:15;0:21	0:2;0:15;0:19;0:21	
54	23	0	9	0:10		0:2;0:12;0:16;0:19	0:1;0:4;0:12;0:16;0:17
54	23	0	10	0:21;0:22		0:9	0:2;0:22
54	23	0	11	0:1	0:20		
54	23	0	12	0:9;0:19	0:1;0:9;0:21	0:3;0:5;0:14	0:0;0:14;0:18
54	23	0	13	0:4	0:0		
54	23	0	14	0:12;0:17	0:7;0:12	0:3	0:5
54	23	0	15	0:8			0:1;0:8
54	23	0	16	0:9	0:9		
54	23	0	17	0:2	0:9	0:14	
54	23	0	18	0:4	0:7;0:12	0:5	0:19
54	23	0	19	0:2;0:8;0:9;0:19	0:3;0:5;0:18	0:2;0:12;0:19;0:21	0:0
54	23	0	20	0:1			0:11
54	23	0	21	0:8;0:19	0:5;0:22	0:10;0:22	0:1;0:4;0:8;0:12
54	23	0	22	0:1;0:21	0:10	0:10	0:2;0:21
54	24	0	0				
54	25	0	0	0:2;0:11	0:2;0:11;0:14	0:2;0:4;0:14	0:1;0:6;0:14
54	25	0	1	0:14	0:0;0:2;0:12	0:2;0:14	0:2;0:3;0:14
54	25	0	2	0:0;0:1;0:2;0:3;0:5;0:6;0:7;0:8;0:9;0:10;0:12;0:13;0:14	0:1;0:2;0:4;0:7;0:10;0:11;0:14	0:0;0:2;0:3;0:4;0:6;0:12;0:14	0:0;0:1;0:2;0:3;0:4;0:6;0:7;0:8;0:10;0:12;0:14
54	25	0	3	0:2;0:3;0:6;0:7;0:8;0:14	0:1;0:2;0:5;0:7;0:10;0:14	0:2;0:3;0:6;0:13;0:14	
54	25	0	4	0:0;0:2;0:7	0:2;0:10;0:13;0:14	0:12	0:2;0:9;0:11;0:13
54	25	0	5	0:8	0:14	0:2	0:3;0:8
54	25	0	6	0:2;0:3;0:6;0:7;0:8;0:14	0:0;0:2;0:7;0:11;0:14	0:2;0:3;0:6;0:14	
54	25	0	7		0:2;0:7;0:10;0:14	0:2;0:3;0:4;0:6;0:11;0:13;0:14	0:2;0:3;0:6;0:7;0:8;0:10;0:14
54	25	0	8		0:2;0:5;0:7;0:10;0:14	0:2;0:3;0:5;0:6;0:14	
54	25	0	9		0:4	0:2;0:14	0:10;0:14
54	25	0	10		0:2;0:7;0:9;0:14	0:2;0:13;0:14	0:2;0:3;0:4;0:7;0:8;0:12;0:14
54	25	0	11	0:7;0:14	0:4;0:12	0:0	0:0;0:2;0:6
54	25	0	12	0:2;0:4;0:14	0:2;0:10;0:14	0:2;0:14	0:1;0:11
54	25	0	13	0:3;0:7;0:10;0:14	0:4;0:14	0:2	0:4;0:14
54	25	0	14	0:0;0:1;0:2;0:3;0:6;0:7;0:8;0:9;0:10;0:12;0:14	0:0;0:1;0:2;0:7;0:9;0:10;0:13;0:14	0:1;0:2;0:3;0:6;0:11;0:12;0:13;0:14	0:0;0:2;0:3;0:4;0:5;0:6;0:7;0:8;0:10;0:12;0:13;0:14
54	26	0	0	0:0;0:1		0:0	
54	26	1	0	1:0		1:0	
54	26	2	0	2:0;2:1		2:0	
54	26	3	0	3:0		3:0	3:1;3:3
54	26	3	1	3:1	3:0;3:2;3:3	3:1	
54	26	2	1			2:0	
54	26	0	1			0:0	
54	26	3	2	3:3	3:2;3:3		3:1;3:2
54	26	3	3	3:3	3:0;3:3	3:2;3:3	3:1;3:2;3:3
54	47	0	0	0:1;0:3	0:0;0:3	0:2;0:4	0:0;0:3
54	47	0	1		0:3	0:0	0:3
54	47	0	2	0:0;0:2		0:2	
54	47	0	3		0:0;0:1;0:3	0:0	0:0;0:1;0:3
54	47	0	4	0:0			
55	1	0	0		0:17		0:23
55	1	0	1		0:22	0:11	0:23
55	1	0	2	0:13	0:16	0:27	
55	1	0	3		0:4;0:5	0:7;0:22	0:17
55	1	0	4		0:4;0:17;0:22	0:8;0:19;0:22;0:25	0:3;0:4;0:9;0:22
55	1	0	5	0:27	0:11;0:19;0:25	0:14;0:26	0:3;0:22;0:27
55	1	0	6		0:11	0:8;0:16	0:8;0:12;0:13
55	1	0	7	0:3	0:19	0:21	0:15
55	1	0	8	0:4;0:6;0:9;0:16;0:17;0:21;0:22	0:6;0:8;0:17;0:22;0:26	0:19	0:8;0:22;0:27
55	1	0	9	0:21;0:22;0:26	0:4;0:17;0:26	0:8;0:22	
55	1	0	10	0:22	0:14	0:26	
55	1	0	11	0:1;0:11;0:19;0:23	0:11;0:14;0:23;0:25	0:11;0:14;0:18;0:21;0:24;0:26	0:5;0:6;0:11;0:16;0:26
55	1	0	12		0:6		0:22
55	1	0	13	0:17;0:22;0:24	0:6;0:17;0:22	0:2;0:27	
55	1	0	14	0:5;0:11;0:19;0:23	0:14;0:23	0:20;0:21;0:26	0:10;0:11;0:14;0:26
55	1	0	15	0:17	0:7	0:26	0:27
55	1	0	16	0:6	0:11	0:8	0:2
55	1	0	17		0:3	0:8;0:13;0:15;0:22;0:23	0:0;0:4;0:8;0:9;0:13;0:22
55	1	0	18	0:11		0:22	0:22
55	1	0	19	0:4;0:8	0:19;0:23;0:25	0:11;0:14;0:26	0:5;0:7;0:19
55	1	0	20	0:14;0:25	0:22	0:22	0:21
55	1	0	21	0:7;0:11;0:14;0:25	0:20	0:8;0:9	0:26
55	1	0	22	0:3;0:4;0:9;0:17;0:18;0:20;0:22;0:26;0:27	0:4;0:5;0:8;0:12;0:17;0:18;0:22;0:26	0:8;0:9;0:10;0:13;0:22;0:23;0:25	0:1;0:4;0:8;0:13;0:20;0:22;0:23;0:27
55	1	0	23	0:17;0:22	0:0;0:1;0:22	0:11;0:14	0:11;0:14;0:19
55	1	0	24	0:11		0:13	
55	1	0	25	0:4;0:22		0:20;0:21	0:5;0:11;0:19
55	1	0	26	0:5;0:10;0:11;0:14;0:15;0:19	0:11;0:14;0:21	0:9;0:22	0:8;0:9;0:22
55	1	0	27	0:2;0:13	0:5;0:8;0:15;0:22	0:5;0:22	
55	23	0	0	0:0;0:14	0:6	0:0;0:13;0:14	
55	23	0	1	0:3	0:2		0:12;0:21
55	23	0	2	0:2;0:3;0:5	0:2;0:4;0:12;0:13;0:14;0:16;0:18;0:23	0:2	0:1;0:2;0:4;0:8
55	23	0	3	0:6;0:14;0:16	0:3;0:5;0:10;0:19;0:22	0:1;0:2;0:4;0:8;0:12;0:15;0:18	0:3;0:5;0:7;0:9;0:13
55	23	0	4	0:3	0:2;0:20		0:2;0:12
55	23	0	5		0:3	0:2	0:3
55	23	0	6	0:6;0:14	0:6;0:8	0:3;0:6	0:0;0:6;0:14
55	23	0	7	0:14	0:3;0:10;0:22	0:8;0:21	
55	23	0	8	0:3;0:7;0:8;0:13	0:2;0:15;0:16;0:18;0:23	0:8	0:6;0:16;0:22;0:23
55	23	0	9	0:14;0:16	0:3;0:19;0:22	0:16;0:19;0:22;0:23	
55	23	0	10	0:11		0:13;0:14;0:16	0:3;0:7;0:13
55	23	0	11	0:22;0:23		0:10	0:16
55	23	0	12	0:3;0:13	0:1;0:4		0:2
55	23	0	13	0:0;0:10;0:14;0:16	0:3;0:10;0:22	0:8;0:12	0:2
55	23	0	14	0:0;0:10;0:14;0:16	0:6	0:0;0:3;0:6;0:7;0:9;0:13;0:14	0:2
55	23	0	15	0:3	0:18		0:8
55	23	0	16	0:9;0:10;0:16	0:8;0:11;0:18	0:3;0:9;0:13;0:14;0:16;0:17;0:22	0:2;0:8
55	23	0	17	0:16	0:22	0:22;0:23	
55	23	0	18	0:3;0:19;0:22			0:2;0:8;0:15;0:16;0:23
55	23	0	19	0:9		0:18;0:20	0:3;0:9
55	23	0	20	0:19			0:4
55	23	0	21	0:7	0:1		
55	23	0	22	0:9;0:16;0:17	0:8	0:11;0:18	0:3;0:7;0:9;0:13;0:17
55	23	0	23	0:9;0:17	0:8;0:18	0:11	0:2;0:8
55	24	0	0				
55	25	0	0	0:2;0:13	0:2;0:13;0:16	0:2;0:5;0:16	0:1;0:16
55	25	0	1	0:16	0:0;0:2;0:11;0:14	0:2;0:16	0:2;0:3;0:16
55	25	0	2	0:0;0:1;0:2;0:3;0:4;0:6;0:7;0:8;0:9;0:10;0:11;0:12;0:14;0:15;0:16	0:1;0:2;0:5;0:8;0:12;0:13;0:16	0:0;0:2;0:3;0:5;0:14;0:16	0:0;0:1;0:2;0:3;0:4;0:5;0:6;0:8;0:9;0:12;0:14;0:16
55	25	0	3	0:2;0:3;0:4;0:8;0:9;0:16	0:1;0:2;0:7;0:8;0:11;0:12;0:16	0:2;0:3;0:4;0:6;0:15;0:16	
55	25	0	4	0:3;0:9	0:2;0:8;0:16	0:2;0:3;0:16	
55	25	0	5	0:0;0:2;0:8	0:2;0:12;0:15;0:16	0:14	0:2;0:10;0:13;0:15
55	25	0	6	0:3	0:2;0:11	0:2;0:16	0:11
55	25	0	7	0:9;0:11	0:16	0:2	0:3;0:9
55	25	0	8		0:2;0:8;0:12;0:16	0:2;0:3;0:5;0:13;0:15;0:16	0:2;0:3;0:4;0:8;0:9;0:12;0:16
55	25	0	9		0:2;0:7;0:8;0:12;0:16	0:2;0:3;0:4;0:7;0:16	
55	25	0	10		0:5	0:2;0:16	0:12;0:16
55	25	0	11		0:6	0:2;0:7	0:1;0:3;0:6;0:16
55	25	0	12		0:2;0:8;0:10;0:16	0:2;0:15;0:16	0:2;0:3;0:5;0:8;0:9;0:14;0:16
55	25	0	13	0:8;0:16	0:5;0:14	0:0	0:0;0:2
55	25	0	14	0:2;0:5;0:16	0:2;0:12;0:16	0:2;0:16	0:1;0:13
55	25	0	15	0:3;0:8;0:12;0:16	0:5;0:16	0:2	0:5;0:16
55	25	0	16	0:0;0:1;0:2;0:3;0:4;0:6;0:8;0:9;0:10;0:12;0:14;0:16	0:0;0:1;0:2;0:8;0:10;0:11;0:12;0:15;0:16	0:1;0:2;0:3;0:13;0:14;0:15;0:16	0:0;0:2;0:3;0:4;0:5;0:7;0:8;0:9;0:12;0:14;0:15;0:16
55	26	0	0			0:1	
55	26	0	1	0:0;0:1		0:1	
55	26	1	0	1:0		1:0	1:1;1:2
55	26	1	1	1:1	1:0;1:2	1:1	
55	26	1	2	1:2	1:0;1:2	1:2	1:1;1:2
55	34	0	0				
55	47	0	0	0:1	0:0;0:1		0:0;0:1
55	47	0	1		0:0;0:1	0:0	0:0;0:1
56	1	0	0	0:4	0:6		
56	1	0	1		0:2	0:8	0:3;0:7
56	1	0	2		0:2;0:3;0:5;0:6;0:7;0:8;0:9	0:5;0:6;0:8;0:9	0:1;0:2;0:3;0:8
56	1	0	3	0:3;0:5;0:6;0:7;0:9	0:1;0:2;0:3;0:7;0:9	0:3;0:4;0:5	0:2;0:3
56	1	0	4	0:3;0:5;0:7;0:8	0:5;0:7;0:8	0:0	
56	1	0	5	0:2;0:3;0:5;0:6;0:8	0:5;0:8	0:3;0:4;0:5	0:2;0:4;0:5;0:8;0:9
56	1	0	6	0:2;0:7;0:8	0:6;0:7	0:3;0:5;0:8	0:0;0:2;0:6
56	1	0	7		0:1	0:3;0:4;0:6;0:8;0:9	0:2;0:3;0:4;0:6;0:8;0:9
56	1	0	8	0:1;0:2;0:6;0:7;0:8	0:2;0:5;0:7;0:8	0:4;0:5;0:6;0:8;0:9	0:2;0:4;0:5;0:8
56	1	0	9	0:2;0:7;0:8	0:5;0:7	0:3	0:2;0:3
56	23	0	0	0:0;0:11;0:12;0:19		0:0;0:10;0:11	0:5
56	23	0	1	0:3;0:18;0:21			
56	23	0	2	0:2;0:3;0:15	0:2;0:10;0:11;0:17;0:19;0:21	0:2	0:2;0:5;0:7
56	23	0	3	0:11	0:3;0:12;0:15;0:20	0:1;0:2;0:5;0:7;0:17	0:3;0:6;0:10;0:13;0:15
56	23	0	4	0:11;0:19	0:9;0:12	0:5;0:7	
56	23	0	5	0:3;0:4;0:5;0:10;0:13;0:15	0:0;0:2;0:17	0:5	0:19
56	23	0	6	0:11	0:3;0:20	0:7	
56	23	0	7	0:3;0:4;0:6;0:7;0:10;0:13;0:15	0:2;0:17;0:21	0:7	0:18;0:19;0:20;0:21
56	23	0	8	0:11	0:13;0:20	0:19;0:21	0:15
56	23	0	9			0:10;0:19;0:21	0:4;0:15
56	23	0	10	0:0;0:9;0:11;0:12;0:19	0:3;0:12;0:15;0:20	0:5;0:7	0:2
56	23	0	11	0:0;0:11;0:12;0:19		0:0;0:3;0:4;0:6;0:8;0:10;0:11;0:12	0:2
56	23	0	12	0:11		0:0;0:10;0:11	0:3;0:4;0:10;0:13;0:15
56	23	0	13		0:3;0:12;0:15;0:20	0:5;0:7	0:8;0:14
56	23	0	14		0:13;0:15;0:20	0:16;0:18;0:19;0:20;0:21	
56	23	0	15		0:3;0:8;0:9;0:12;0:15;0:20	0:2;0:5;0:7	0:3;0:10;0:13;0:14;0:15
56	23	0	16	0:14;0:16		0:16;0:19	
56	23	0	17	0:3;0:20			0:2;0:5;0:7;0:21
56	23	0	18	0:14	0:7	0:1	
56	23	0	19	0:8;0:9;0:14;0:16;0:19	0:5;0:7	0:0;0:4;0:10;0:11;0:19;0:20;0:21	0:2
56	23	0	20	0:14;0:19	0:7	0:17	0:3;0:6;0:8;0:10;0:13;0:14;0:15
56	23	0	21	0:8;0:9;0:14;0:19	0:7;0:17	0:1	0:2;0:7
56	24	0	0				
56	24	1	0				
56	25	0	0	0:3;0:13	0:3;0:13;0:18	0:3;0:6;0:18	0:1;0:8;0:18
56	25	0	1	0:18	0:0;0:3;0:15;0:17	0:3;0:18	0:3;0:4;0:18
56	25	0	2		0:2;0:5;0:14	0:3;0:4;0:16;0:18	0:2;0:3;0:5;0:9;0:10;0:17;0:18
56	25	0	3	0:0;0:1;0:2;0:3;0:4;0:5;0:7;0:8;0:9;0:10;0:11;0:12;0:14;0:15;0:16;0:18	0:1;0:2;0:3;0:6;0:9;0:12;0:13;0:18	0:0;0:3;0:4;0:6;0:8;0:15;0:18	0:0;0:1;0:3;0:4;0:5;0:6;0:7;0:8;0:9;0:10;0:12;0:15;0:18
56	25	0	4	0:2;0:3;0:4;0:5;0:8;0:9;0:10;0:18	0:1;0:3;0:9;0:12;0:17;0:18	0:3;0:4;0:5;0:7;0:8;0:16;0:18	
56	25	0	5	0:4;0:8;0:10	0:2;0:3;0:9;0:18	0:3;0:4;0:18	0:2
56	25	0	6	0:0;0:3;0:9	0:3;0:12;0:16;0:18	0:15;0:19	0:3;0:11;0:13;0:16
56	25	0	7	0:4	0:3	0:3;0:18	0:17
56	25	0	8	0:3;0:4;0:8;0:9;0:10;0:18	0:0;0:3;0:9;0:13;0:18	0:3;0:4;0:5;0:8;0:18	
56	25	0	9		0:2;0:3;0:9;0:12;0:18	0:3;0:4;0:6;0:8;0:13;0:16;0:18	0:3;0:4;0:5;0:8;0:9;0:10;0:12;0:14;0:17;0:18
56	25	0	10		0:2;0:3;0:9;0:12;0:18	0:3;0:4;0:5;0:8;0:18	
56	25	0	11		0:6	0:3;0:18	0:12;0:18
56	25	0	12		0:3;0:9;0:11;0:18	0:3;0:16;0:18	0:3;0:4;0:6;0:9;0:10;0:15;0:18
56	25	0	13	0:9;0:18	0:6;0:15	0:0	0:0;0:3;0:8
56	25	0	14		0:9	0:3;0:15;0:18	0:2
56	25	0	15	0:3;0:6;0:14;0:18	0:3;0:12;0:18	0:3;0:18	0:1;0:13
56	25	0	16	0:2;0:4;0:9;0:12;0:18	0:6;0:18	0:3	0:6;0:18
56	25	0	17		0:2;0:7;0:9	0:18	0:1;0:4
56	25	0	18	0:0;0:1;0:2;0:3;0:4;0:5;0:7;0:8;0:9;0:10;0:11;0:12;0:14;0:15;0:17;0:18	0:0;0:1;0:2;0:3;0:9;0:11;0:12;0:16;0:18	0:1;0:3;0:4;0:8;0:13;0:15;0:16;0:18	0:0;0:3;0:4;0:5;0:6;0:8;0:9;0:10;0:12;0:15;0:16;0:18
56	25	0	19	0:6			
56	26	0	0				
56	26	1	0	1:0		1:0	
56	26	2	0	2:0		2:0	2:1;2:2
56	26	2	1	2:1	2:0;2:2	2:1	
56	26	2	2	2:2	2:0;2:2	2:2	2:1;2:2
56	27	0	0				
56	27	1	0				1:1
56	27	1	1		1:0		
56	36	0	0				
56	36	1	0				
56	47	0	0	0:1;0:3	0:0;0:2;0:3	0:2	0:0;0:2;0:3
56	47	0	1		0:2;0:3	0:0;0:2	0:2;0:3
56	47	0	2	0:0;0:1;0:3	0:0;0:1;0:2;0:3		0:0;0:1;0:2;0:3
56	47	0	3		0:0;0:1;0:2;0:3	0:0;0:2	0:0;0:1;0:2;0:3
57	23	0	0	0:0;0:14;0:15	0:5;0:21	0:0;0:5;0:13;0:14;0:23	0:6
57	23	0	1	0:4;0:25			
57	23	0	2	0:2;0:4;0:19	0:2;0:13;0:14;0:17;0:22;0:25	0:2	0:2;0:6;0:8
57	23	0	3	0:11;0:17	0:6	0:22	0:7;0:9;0:11;0:18
57	23	0	4	0:5;0:14;0:17;0:20;0:21	0:4;0:15;0:19;0:24	0:1;0:2;0:6;0:8;0:22	0:4;0:7;0:11;0:13;0:16;0:19;0:23
57	23	0	5	0:0;0:5;0:14;0:21	0:5;0:20;0:21;0:23	0:4;0:5;0:7;0:9;0:15;0:16;0:19;0:23	0:0;0:5;0:14;0:15
57	23	0	6	0:4;0:6;0:13;0:16;0:19	0:0;0:2;0:17;0:22	0:6	0:3;0:21
57	23	0	7	0:5;0:14	0:3;0:4;0:24	0:8	
57	23	0	8	0:4;0:7;0:8;0:13;0:16;0:19	0:2;0:17;0:22;0:25	0:8	0:17;0:20;0:21;0:24;0:25
57	23	0	9	0:5;0:14	0:3;0:16;0:24	0:17;0:25	0:19
57	23	0	10	0:17		0:13;0:17;0:25	0:19
57	23	0	11	0:14;0:17	0:3;0:4;0:16;0:24	0:3;0:17;0:21;0:24;0:25	
57	23	0	12	0:24;0:25			0:17
57	23	0	13	0:0;0:10;0:14;0:15;0:17	0:4;0:15;0:19;0:21;0:24	0:6;0:8	0:2
57	23	0	14	0:0;0:14;0:15;0:17	0:5;0:20;0:21;0:23	0:0;0:4;0:5;0:7;0:9;0:11;0:13;0:14;0:15;0:23	0:2
57	23	0	15	0:5;0:14	0:5;0:20;0:21	0:0;0:13;0:14	0:4;0:13;0:16;0:19
57	23	0	16	0:5	0:4;0:15;0:19;0:24	0:6;0:8	0:9;0:11;0:18;0:23
57	23	0	17	0:9;0:10;0:11;0:17	0:8;0:12;0:22	0:3;0:4;0:10;0:11;0:13;0:14;0:17;0:18;0:21;0:24	0:2;0:6;0:8
57	23	0	18	0:17	0:3;0:16;0:19;0:24	0:24;0:25	
57	23	0	19	0:5;0:20	0:4;0:9;0:10;0:15;0:19;0:24	0:2;0:6;0:8	0:4;0:13;0:16;0:18;0:19
57	23	0	20	0:20;0:21;0:23	0:8	0:4;0:19;0:20;0:23;0:24	0:5;0:14;0:15
57	23	0	21	0:11;0:17;0:21;0:23	0:6;0:8;0:22	0:4;0:5;0:20;0:21;0:23;0:24	0:0;0:5;0:13;0:14;0:15
57	23	0	22	0:3;0:4;0:24			0:2;0:6;0:8;0:17;0:21;0:25
57	23	0	23	0:0;0:5;0:14;0:20;0:21	0:4;0:16;0:24	0:20;0:21;0:24	0:5;0:14
57	23	0	24	0:11;0:17;0:18;0:20;0:21;0:23	0:8	0:12;0:22	0:4;0:7;0:9;0:11;0:13;0:16;0:18;0:19;0:23
57	23	0	25	0:9;0:10;0:11;0:18	0:8;0:22	0:1;0:12	0:2;0:8
57	24	0	0	0:1			
57	24	0	1			0:0;0:2	
57	24	1	0				
57	24	0	2	0:1			
57	25	0	0		0:0;0:3;0:7	0:1;0:2;0:8	0:0;0:1;0:3;0:5;0:6;0:8
57	25	0	1	0:0;0:1;0:2;0:3;0:4;0:5;0:6;0:7;0:8	0:0;0:1;0:5;0:8	0:1;0:2;0:4;0:8	0:1;0:2;0:3;0:4;0:5;0:6;0:8
57	25	0	2	0:0;0:1;0:2;0:3;0:4;0:5;0:6;0:8	0:1;0:5;0:8	0:1;0:2;0:3;0:4;0:8	
57	25	0	3	0:2;0:4;0:6	0:0;0:1;0:5;0:8	0:1;0:2;0:8	0:0
57	25	0	4	0:1;0:2;0:4;0:5;0:6;0:8	0:1;0:5;0:8	0:1;0:2;0:3;0:4;0:8	
57	25	0	5		0:0;0:1;0:5;0:8	0:1;0:2;0:4;0:8	0:1;0:2;0:3;0:4;0:5;0:6;0:7;0:8
57	25	0	6		0:0;0:1;0:5;0:8	0:1;0:2;0:3;0:4;0:8	
57	25	0	7		0:5	0:1;0:8	0:0
57	25	0	8	0:0;0:1;0:2;0:3;0:4;0:5;0:6;0:7;0:8	0:0;0:1;0:5;0:8	0:1;0:2;0:4;0:8	0:1;0:2;0:3;0:4;0:5;0:6;0:8
57	26	0	0				
57	26	1	0	1:0		1:0	1:1;1:2
57	26	1	1	1:1	1:0;1:2	1:1	
57	26	1	2	1:2	1:0;1:2	1:2	1:1;1:2
57	36	0	0				
57	36	1	0				
57	47	0	0	0:1	0:0;0:1		0:0;0:1
57	47	0	1		0:0;0:1	0:0	0:0;0:1
58	23	0	0		0:3;0:20;0:32	0:1;0:9	0:3;0:8;0:13
58	23	0	1	0:0;0:1;0:3	0:1;0:18;0:19;0:22;0:28;0:29;0:31;0:33	0:1	0:1;0:6;0:9;0:23;0:29
58	23	0	2	0:13;0:22;0:26	0:6	0:28	0:7;0:10;0:13
58	23	0	3	0:4;0:5;0:19;0:22;0:24	0:0;0:3;0:8;0:12;0:15;0:20;0:32	0:1;0:6;0:9;0:28	0:0;0:3;0:7;0:8;0:13;0:18;0:21;0:30
58	23	0	4	0:4;0:19;0:24	0:4;0:5;0:17;0:24;0:30	0:3;0:4;0:7;0:10;0:20;0:21;0:30	0:4;0:14;0:19;0:20
58	23	0	5	0:5;0:19	0:5;0:9	0:3;0:5;0:8;0:20	0:4;0:5;0:19
58	23	0	6	0:3;0:6;0:18;0:21	0:1;0:22;0:28;0:29	0:6	0:2;0:24;0:31
58	23	0	7	0:4;0:19	0:2;0:3;0:8;0:15;0:32	0:9	
58	23	0	8	0:5;0:19	0:0;0:3;0:15	0:23;0:29	0:3;0:7;0:13;0:21
58	23	0	9	0:0;0:3;0:7;0:9;0:18;0:21	0:1;0:22;0:28;0:33	0:9	0:5;0:22;0:24;0:31;0:32;0:33
58	23	0	10	0:4;0:19	0:2;0:21;0:32	0:22;0:31;0:33	0:12
58	23	0	11	0:13;0:22;0:31	0:23	0:19;0:22;0:32;0:33	
58	23	0	12		0:10	0:29	0:3
58	23	0	13	0:19;0:22	0:0;0:2;0:3;0:8;0:21;0:32	0:2;0:11;0:22;0:24;0:31;0:32;0:33	
58	23	0	14		0:4		0:21
58	23	0	15	0:16;0:24		0:18;0:19;0:22;0:26;0:31	0:3;0:7;0:8;0:18
58	23	0	16	0:32;0:33		0:15	0:22
58	23	0	17		0:21		0:4
58	23	0	18	0:15;0:19;0:20;0:22;0:31	0:3;0:15;0:20;0:24;0:32	0:6;0:9	0:1;0:29
58	23	0	19	0:11;0:15;0:19;0:20;0:22;0:31	0:4;0:5;0:24;0:30	0:3;0:4;0:5;0:7;0:8;0:10;0:13;0:18;0:19;0:20;0:30	0:1
58	23	0	20	0:4;0:5;0:19	0:4;0:24	0:18;0:19	0:0;0:3;0:18;0:21
58	23	0	21	0:4	0:3;0:8;0:14;0:20;0:32	0:6;0:9	0:10;0:13;0:17;0:30
58	23	0	22	0:10;0:11;0:13;0:15;0:22	0:9;0:16;0:28	0:2;0:3;0:11;0:13;0:18;0:19;0:22;0:24;0:25;0:32	0:1;0:6;0:9
58	23	0	23	0:8;0:27	0:1		0:11
58	23	0	24	0:13;0:22;0:24;0:30;0:31	0:6;0:9;0:28	0:3;0:4;0:15;0:24;0:30;0:32	0:4;0:18;0:19;0:20
58	23	0	25	0:22;0:25		0:25;0:31	
58	23	0	26	0:15;0:31		0:2;0:31	
58	23	0	27			0:23	
58	23	0	28	0:2;0:3;0:32			0:1;0:6;0:9;0:22;0:24;0:33
58	23	0	29	0:8;0:12	0:1;0:18		0:1;0:6
58	23	0	30	0:4;0:19;0:24	0:3;0:21;0:32	0:24;0:32	0:4;0:19
58	23	0	31	0:10;0:13;0:15;0:25;0:26;0:31	0:6;0:9	0:11;0:18;0:19;0:24;0:26;0:31;0:32;0:33	0:1
58	23	0	32	0:11;0:13;0:22;0:24;0:30;0:31	0:9	0:16;0:28	0:0;0:3;0:7;0:10;0:13;0:18;0:21;0:30
58	23	0	33	0:10;0:11;0:13;0:31	0:9;0:28	0:16	0:1;0:9
58	24	0	0	0:1			
58	24	0	1			0:0	
58	25	0	0		0:0;0:3;0:7	0:1;0:2;0:8	0:0;0:1;0:3;0:5;0:6;0:8
58	25	0	1	0:0;0:1;0:2;0:3;0:4;0:5;0:6;0:7;0:8	0:0;0:1;0:5;0:8	0:1;0:2;0:4;0:8	0:1;0:2;0:3;0:4;0:5;0:6;0:8
58	25	0	2	0:0;0:1;0:2;0:3;0:4;0:5;0:6;0:8	0:1;0:5;0:8	0:1;0:2;0:3;0:4;0:8	
58	25	0	3	0:2;0:4;0:6	0:0;0:1;0:5;0:8	0:1;0:2;0:8	0:0
58	25	0	4	0:1;0:2;0:4;0:5;0:6;0:8	0:1;0:5;0:8	0:1;0:2;0:3;0:4;0:8	
58	25	0	5		0:0;0:1;0:5;0:8	0:1;0:2;0:4;0:8	0:1;0:2;0:3;0:4;0:5;0:6;0:7;0:8
58	25	0	6		0:0;0:1;0:5;0:8	0:1;0:2;0:3;0:4;0:8	
58	25	0	7		0:5	0:1;0:8	0:0
58	25	0	8	0:0;0:1;0:2;0:3;0:4;0:5;0:6;0:7;0:8	0:0;0:1;0:5;0:8	0:1;0:2;0:4;0:8	0:1;0:2;0:3;0:4;0:5;0:6;0:8
58	26	0	0			0:1	
58	26	1	0				
58	26	0	1	0:0;0:1		0:1	
58	36	0	0				
58	36	1	0				
58	47	0	0	0:1;0:3	0:0;0:2;0:3	0:2	0:0;0:2;0:3
58	47	0	1		0:2;0:3	0:0;0:2	0:2;0:3
58	47	0	2	0:0;0:1;0:3	0:0;0:1;0:2;0:3		0:0;0:1;0:2;0:3
58	47	0	3		0:0;0:1;0:2;0:3	0:0;0:2	0:0;0:1;0:2;0:3
59	23	0	0	0:0;0:2;0:17	0:0;0:12;0:13;0:16;0:19;0:22	0:0	0:0;0:5;0:7
59	23	0	1	0:10;0:16	0:5	0:19	0:6;0:8;0:10
59	23	0	2	0:4;0:13;0:16;0:18	0:2;0:11;0:14;0:17;0:21	0:0;0:5;0:7;0:19	0:2;0:6;0:10;0:12;0:15;0:17;0:20
59	23	0	3	0:13	0:9;0:14	0:5;0:7	
59	23	0	4	0:4;0:13;0:18	0:4;0:7;0:18	0:2;0:4;0:14	0:4;0:13
59	23	0	5	0:2;0:3;0:5;0:12;0:15;0:17	0:0;0:16;0:19	0:5	0:1
59	23	0	6	0:13	0:1;0:2;0:11;0:21	0:7	
59	23	0	7	0:2;0:3;0:6;0:7;0:12;0:15;0:17	0:0;0:16;0:19;0:22	0:7	0:4;0:16;0:18;0:21;0:22
59	23	0	8	0:13	0:1;0:15;0:21	0:16;0:22	0:17
59	23	0	9	0:16		0:12;0:16;0:22	0:3;0:17
59	23	0	10	0:13;0:16	0:1;0:2;0:15;0:21	0:1;0:16;0:21;0:22	
59	23	0	11			0:12;0:13;0:16	0:2;0:6;0:12
59	23	0	12	0:9;0:11;0:13;0:14;0:16	0:2;0:11;0:14;0:17;0:21	0:5;0:7	0:0
59	23	0	13	0:11;0:13;0:14;0:16	0:4;0:18;0:20	0:2;0:3;0:4;0:6;0:8;0:10;0:12;0:13;0:14;0:20	0:0
59	23	0	14	0:4;0:13	0:18	0:12;0:13	0:2;0:3;0:12;0:15;0:17
59	23	0	15		0:2;0:14;0:17;0:21	0:5;0:7	0:8;0:10;0:20
59	23	0	16	0:8;0:9;0:10;0:11;0:16	0:7;0:19	0:1;0:2;0:9;0:10;0:12;0:13;0:16;0:21	0:0;0:5;0:7
59	23	0	17	0:18	0:2;0:8;0:9;0:14;0:17;0:21	0:0;0:5;0:7	0:2;0:12;0:15;0:17
59	23	0	18	0:18;0:20	0:7	0:2;0:4;0:17;0:18;0:20;0:21	0:4;0:13;0:14
59	23	0	19	0:1;0:2;0:21			0:0;0:5;0:7;0:16;0:22
59	23	0	20	0:13;0:18	0:2;0:15;0:21	0:18;0:21	0:13
59	23	0	21	0:10;0:16;0:18;0:20	0:7	0:19	0:2;0:6;0:8;0:10;0:12;0:15;0:17;0:20
59	23	0	22	0:8;0:9;0:10	0:7;0:19		0:0;0:7
59	24	0	0				
59	24	1	0				
59	25	0	0		0:10	0:18	0:17
59	25	0	1	0:1;0:2;0:3;0:7;0:13;0:16	0:1;0:3;0:13;0:16;0:19;0:20	0:1;0:8;0:13;0:16	0:1;0:3;0:7;0:8;0:13;0:16
59	25	0	2	0:2;0:4;0:5;0:10;0:11;0:12;0:20	0:2;0:10;0:20	0:1;0:2;0:4;0:20	0:2;0:4;0:5;0:10;0:11;0:18;0:20
59	25	0	3		0:1;0:13;0:16	0:1;0:16	0:1;0:13;0:16
59	25	0	4	0:2;0:4;0:10;0:11;0:20	0:2;0:10;0:12;0:20	0:2;0:4;0:5;0:20	
59	25	0	5	0:4	0:2;0:12	0:2;0:20	0:12
59	25	0	6		0:19	0:16	0:9;0:19;0:23
59	25	0	7	0:7;0:8;0:16;0:23	0:1;0:13;0:16	0:1;0:7;0:8;0:13;0:16	
59	25	0	8	0:1;0:7;0:8;0:16;0:23	0:1;0:9;0:13;0:16	0:7;0:8;0:16	
59	25	0	9		0:6;0:16	0:16	0:8;0:16;0:19
59	25	0	10		0:2;0:10;0:20;0:21	0:2;0:4;0:20	0:0;0:2;0:4;0:10;0:11;0:20
59	25	0	11		0:2;0:10;0:20	0:2;0:4;0:20	
59	25	0	12		0:5	0:2	0:4;0:5;0:20
59	25	0	13	0:1;0:7;0:13;0:16	0:1;0:3;0:13;0:16	0:1;0:13;0:16	0:1;0:3;0:7;0:8;0:13;0:16
59	25	0	14		0:17	0:15	
59	25	0	15	0:14	0:22		
59	25	0	16	0:1;0:3;0:6;0:7;0:8;0:9;0:13;0:16;0:19	0:1;0:3;0:9;0:13;0:16	0:1;0:7;0:8;0:13;0:16	0:1;0:3;0:7;0:8;0:9;0:13;0:16
59	25	0	17		0:0;0:21	0:22	0:14;0:21
59	25	0	18	0:0	0:2		0:22
59	25	0	19		0:6;0:9	0:16	0:1;0:6
59	25	0	20	0:2;0:4;0:5;0:10;0:11;0:20	0:2;0:10;0:12;0:20	0:2;0:4;0:20	0:1;0:2;0:4;0:10;0:11;0:20
59	25	0	21		0:17		0:10;0:17
59	25	0	22	0:17	0:18		0:15
59	25	0	23		0:6	0:7;0:8	
59	26	0	0			0:1	
59	26	1	0				
59	26	0	1	0:0;0:1		0:1	
59	26	2	0	2:0		2:0	
59	27	0	0				
59	34	0	0				
59	47	0	0	0:2	0:0;0:1;0:2	0:1	0:0;0:1;0:2
59	47	0	1	0:0;0:2	0:0;0:1;0:2		0:0;0:1;0:2
59	47	0	2		0:0;0:1;0:2	0:0;0:1	0:0;0:1;0:2
60	12	0	0	0:2;0:3;0:6	0:2;0:3;0:5;0:6	0:2;0:6	0:2;0:5;0:6
60	12	0	1		0:6		0:3;0:6
60	12	0	2	0:0;0:2;0:3;0:4;0:6	0:0;0:2;0:4;0:6	0:0;0:2;0:6	0:0;0:2;0:6
60	12	0	3		0:1;0:3;0:4	0:0;0:2;0:6	0:0;0:3;0:4
60	12	0	4		0:3	0:2;0:6	0:2;0:3
60	12	0	5		0:0;0:6		0:0;0:6
60	12	0	6	0:0;0:2;0:3;0:4;0:6	0:0;0:1;0:2;0:5;0:6	0:0;0:2;0:6	0:0;0:1;0:2;0:5;0:6
60	15	0	0				
60	15	1	0		1:0		1:0
60	23	0	0	0:0;0:11;0:12;0:20	0:2;0:17	0:0;0:2;0:10;0:11;0:18	
60	23	0	1	0:2;0:11;0:16;0:17	0:1;0:9;0:12;0:15;0:21	0:6	0:1;0:3;0:7;0:10;0:13;0:15;0:18
60	23	0	2	0:0;0:2;0:11;0:17	0:2;0:16;0:17;0:18	0:1;0:2;0:3;0:4;0:12;0:13;0:15;0:18	0:0;0:2;0:11;0:12
60	23	0	3	0:2;0:11	0:1;0:9;0:21	0:19	
60	23	0	4	0:2;0:11	0:13;0:21	0:20;0:22	0:15
60	23	0	5	0:6	0:5		0:5;0:8
60	23	0	6	0:1	0:6	0:5	0:6;0:14;0:19
60	23	0	7	0:11	0:1;0:13;0:21	0:17;0:20;0:21;0:22	
60	23	0	8	0:14;0:19	0:5		
60	23	0	9	0:17		0:10;0:11;0:20	0:1;0:3;0:10
60	23	0	10	0:0;0:9;0:11;0:12;0:20	0:1;0:9;0:12;0:15;0:17;0:21	0:14	0:14;0:19
60	23	0	11	0:0;0:9;0:11;0:12;0:20	0:2;0:16;0:17;0:18	0:0;0:1;0:2;0:3;0:4;0:7;0:10;0:11;0:12;0:18	
60	23	0	12	0:2;0:11	0:2;0:16;0:17	0:0;0:10;0:11	0:1;0:10;0:13;0:15
60	23	0	13	0:2	0:1;0:12;0:15;0:21		0:4;0:7;0:18
60	23	0	14	0:10	0:6;0:10	0:8	
60	23	0	15	0:2;0:16	0:1;0:4;0:12;0:15;0:21		0:1;0:10;0:13;0:15
60	23	0	16	0:16;0:17;0:18		0:1;0:15;0:16;0:18;0:21	0:2;0:11;0:12
60	23	0	17	0:7;0:17;0:18;0:20		0:1;0:2;0:9;0:16;0:17;0:18;0:21	0:0;0:2;0:10;0:11;0:12
60	23	0	18	0:0;0:2;0:11;0:16;0:17	0:1;0:13;0:21	0:16;0:17;0:21	0:2;0:11
60	23	0	19	0:3	0:6;0:10	0:8	0:20
60	23	0	20	0:4;0:7;0:9;0:20	0:19	0:0;0:10;0:11;0:17;0:20;0:21;0:22	
60	23	0	21	0:7;0:16;0:17;0:18;0:20			0:1;0:3;0:4;0:7;0:10;0:13;0:15;0:18
60	23	0	22	0:4;0:7;0:20			
60	24	0	0				
60	24	1	0				
60	25	0	0	0:0;0:1;0:2;0:3;0:4;0:5	0:0;0:3;0:5	0:0;0:1;0:2;0:5	0:0;0:1;0:2;0:3;0:4;0:5
60	25	0	1	0:0;0:1;0:2;0:3;0:4;0:5	0:0;0:3;0:5	0:0;0:1;0:2;0:5	
60	25	0	2	0:0;0:1;0:2;0:3;0:4;0:5	0:0;0:3;0:5	0:0;0:1;0:2;0:5	
60	25	0	3		0:0;0:3;0:5	0:0;0:1;0:2;0:5	0:0;0:1;0:2;0:3;0:4;0:5
60	25	0	4		0:0;0:3;0:5	0:0;0:1;0:2;0:5	
60	25	0	5	0:0;0:1;0:2;0:3;0:4;0:5	0:0;0:3;0:5	0:0;0:1;0:2;0:5	0:0;0:1;0:2;0:3;0:4;0:5
60	26	0	0				
60	26	1	0	1:0		1:0	
60	26	2	0	2:0;2:1		2:0	
60	26	3	0	3:0		3:0	3:1;3:2
60	26	3	1	3:1	3:0;3:2	3:1	
60	26	2	1			2:0	
60	26	3	2	3:2	3:0;3:2	3:2	3:1;3:2
60	36	0	0				
60	36	1	0				
60	47	0	0	0:2	0:0;0:1;0:2	0:1	0:0;0:1;0:2
60	47	0	1	0:0;0:2	0:0;0:1;0:2		0:0;0:1;0:2
60	47	0	2		0:0;0:1;0:2	0:0;0:1	0:0;0:1;0:2
61	12	0	0	0:1	0:0;0:12		0:0;0:12
61	12	0	1		0:1;0:3;0:8;0:12	0:0;0:2;0:12;0:13	0:1;0:4;0:5;0:8;0:12;0:13
61	12	0	2	0:1;0:2;0:3;0:4;0:5;0:6;0:7;0:12;0:13	0:12;0:13	0:2;0:10;0:12	
61	12	0	3		0:4;0:11	0:2;0:12	0:1;0:4;0:13
61	12	0	4		0:1;0:3;0:6	0:2;0:12;0:13	0:3
61	12	0	5		0:1;0:12	0:2	
61	12	0	6	0:9		0:2;0:13	0:4
61	12	0	7		0:12	0:2	
61	12	0	8		0:1	0:13	0:1
61	12	0	9			0:6	
61	12	0	10	0:2	0:12	0:11	
61	12	0	11	0:10	0:13	0:12	0:3
61	12	0	12	0:1;0:2;0:3;0:4;0:11;0:12;0:13	0:0;0:1;0:12;0:13	0:2;0:12;0:13	0:0;0:1;0:2;0:5;0:7;0:10;0:12;0:13
61	12	0	13	0:1;0:4;0:6;0:8;0:12;0:13	0:1;0:3;0:12;0:13	0:2;0:12;0:13	0:2;0:11;0:12;0:13
61	23	0	0	0:2;0:11			0:9
61	23	0	1		0:1;0:6		0:1;0:2;0:7
61	23	0	2		0:1;0:9	0:0;0:3;0:4;0:5;0:11	
61	23	0	3	0:2;0:11	0:8	0:13	
61	23	0	4	0:2;0:5			
61	23	0	5	0:2		0:4	
61	23	0	6			0:11;0:12	0:1;0:9
61	23	0	7		0:1	0:11	
61	23	0	8	0:9	0:11		0:3
61	23	0	9		0:0;0:6	0:8	0:2;0:12
61	23	0	10	0:12			
61	23	1	0				
61	23	0	11	0:2;0:6;0:7;0:11		0:0;0:3;0:11;0:12	0:8
61	23	0	12	0:6;0:11	0:9	0:10	
61	23	0	13	0:3			
61	25	0	0	0:0;0:1;0:2;0:3;0:4;0:5;0:6;0:7;0:9	0:0;0:3;0:5;0:7;0:8;0:9	0:0;0:1;0:4;0:7;0:9	0:0;0:1;0:2;0:3;0:4;0:5;0:6;0:7;0:9
61	25	0	1	0:0;0:1;0:2;0:4;0:5;0:6;0:7;0:9;0:10	0:0;0:5;0:9	0:0;0:1;0:2;0:4;0:9	
61	25	0	2	0:1;0:4;0:6	0:0;0:5;0:9	0:0;0:1;0:9	0:8
61	25	0	3		0:0;0:3;0:5	0:0;0:7	0:0;0:3;0:8;0:10
61	25	0	4	0:0;0:1;0:4;0:5;0:6;0:9;0:10	0:0;0:5;0:9	0:0;0:1;0:2;0:4;0:7;0:9	
61	25	0	5		0:0;0:5;0:8;0:9	0:0;0:1;0:4;0:9	0:0;0:1;0:2;0:3;0:4;0:5;0:6;0:9
61	25	0	6		0:0;0:5;0:9	0:0;0:1;0:2;0:4;0:9	
61	25	0	7	0:0;0:3;0:4;0:7;0:9	0:0;0:7;0:9	0:0;0:1;0:7;0:9	0:0;0:7;0:9
61	25	0	8		0:2;0:3		0:0;0:5
61	25	0	9	0:0;0:1;0:2;0:4;0:5;0:6;0:7;0:9;0:10	0:0;0:5;0:7;0:9	0:0;0:1;0:4;0:7;0:9	0:0;0:1;0:2;0:4;0:5;0:6;0:7;0:9
61	25	0	10		0:3	0:1;0:4;0:9	
61	26	0	0	0:0		0:0	
61	26	1	0	1:0;1:1		1:0	
61	26	2	0				
61	26	3	0		3:2		3:1
61	26	3	1		3:0;3:2		
61	26	3	2				3:0;3:1
61	26	1	1			1:0	
61	27	0	0				0:1
61	27	0	1		0:0		
61	36	0	0				
61	36	1	0				
61	47	0	0	0:2		0:1	
61	47	0	1	0:0;0:2			
61	47	0	2			0:0;0:1	
62	5	0	0	0:6;0:26;0:29;0:39	0:1;0:21	0:12;0:39	0:14;0:24
62	5	0	1	0:7;0:16;0:19;0:22;0:28	0:14;0:28;0:37	0:19	0:0
62	5	0	2	0:30	0:8;0:23	0:16	0:21
62	5	0	3		0:34	0:6;0:8;0:11;0:22;0:23;0:26;0:37	0:7;0:16;0:23;0:30;0:31;0:32;0:34
62	5	0	4	0:18	0:6;0:11	0:14	0:11
62	5	0	5	0:40	0:5;0:25	0:9;0:18;0:28	0:5;0:28
62	5	0	6	0:3;0:8;0:32	0:14	0:0;0:11;0:14;0:21	0:4;0:13;0:18
62	5	0	7		0:3;0:30;0:39	0:1;0:16;0:32	0:39
62	5	0	8	0:3;0:32	0:22;0:36	0:6;0:23	0:2;0:18
62	5	0	9	0:5;0:10;0:17;0:31;0:35	0:9;0:12;0:33		0:9;0:18;0:21;0:24;0:27;0:38
62	5	0	10	0:13;0:16;0:23;0:28;0:33;0:34;0:37	0:17;0:20;0:31;0:35;0:40	0:9;0:18;0:20;0:28;0:40	0:13;0:16;0:19;0:21;0:30;0:34
62	5	0	11	0:3;0:6;0:13;0:18;0:28	0:4;0:14;0:26;0:28;0:37	0:17;0:21;0:33;0:38	0:4;0:18;0:21;0:29;0:32
62	5	0	12	0:0			0:9;0:14;0:21
62	5	0	13	0:34;0:39	0:6;0:10;0:13;0:23;0:32	0:10;0:11;0:17	0:13;0:16;0:21;0:34;0:37
62	5	0	14	0:4;0:6;0:18;0:34;0:36	0:0;0:12;0:14;0:22;0:39		0:1;0:6;0:11;0:14;0:21;0:38
62	5	0	15	0:35	0:31	0:28	0:25;0:28
62	5	0	16	0:2;0:7;0:19	0:3;0:10;0:13;0:28	0:1;0:10;0:21;0:38	0:38
62	5	0	17	0:11;0:13;0:28;0:32	0:20;0:31;0:32	0:9;0:20	0:10;0:33
62	5	0	18	0:5;0:10;0:20;0:25;0:31;0:35	0:6;0:8;0:9;0:11	0:4;0:11;0:14;0:31	0:28
62	5	0	19	0:1;0:21;0:38	0:10;0:30;0:39	0:1;0:16;0:21;0:31	0:36
62	5	0	20	0:10;0:17;0:20;0:31	0:20;0:25;0:31;0:35	0:18;0:20;0:25;0:28	0:10;0:17;0:20;0:28;0:40
62	5	0	21	0:6;0:11;0:16;0:19;0:28;0:33;0:37	0:2;0:9;0:10;0:11;0:12;0:13;0:14;0:24;0:27;0:28	0:19	0:0
62	5	0	22	0:3;0:26;0:39		0:1;0:26	0:8;0:14;0:31
62	5	0	23	0:3;0:8;0:28;0:36	0:3;0:26;0:28;0:30;0:39	0:10;0:33	0:2;0:13;0:31;0:37
62	5	0	24	0:28	0:0;0:9		0:21;0:27;0:38
62	5	0	25	0:20	0:15;0:35	0:18;0:33;0:35	0:5;0:20
62	5	0	26	0:3;0:22;0:26;0:39		0:0;0:22;0:26;0:31;0:32	0:11;0:23;0:32;0:35
62	5	0	27	0:29	0:9;0:24		0:21
62	5	0	28	0:5;0:10;0:15;0:20;0:31	0:5;0:15;0:18;0:20;0:31	0:1;0:10;0:11;0:17;0:21;0:23;0:24;0:31	0:1;0:11;0:16;0:21;0:23;0:29;0:33
62	5	0	29	0:30;0:36	0:11;0:28	0:0;0:27	0:33
62	5	0	30		0:3;0:10;0:36	0:2;0:29;0:37	0:7;0:19;0:23
62	5	0	31	0:18;0:19;0:26;0:28;0:32;0:37;0:39	0:3;0:22;0:23;0:32;0:39	0:9;0:18;0:20;0:28;0:35	0:10;0:15;0:17;0:20;0:28
62	5	0	32	0:7;0:26;0:36;0:39	0:3;0:11;0:26;0:39	0:6;0:8;0:17;0:31	0:13;0:17;0:31;0:35
62	5	0	33	0:11;0:23;0:25	0:17;0:28;0:29	0:10;0:21	0:9;0:38
62	5	0	34		0:3;0:10;0:13;0:36;0:39	0:10;0:13;0:14	0:3;0:36
62	5	0	35	0:25;0:31	0:26;0:32	0:9;0:15;0:18	0:10;0:20;0:25
62	5	0	36		0:19;0:34	0:14;0:23;0:29;0:32	0:8;0:30;0:34;0:37
62	5	0	37	0:3;0:30	0:13;0:23;0:36	0:10;0:21;0:31;0:38	0:1;0:11
62	5	0	38	0:11;0:16;0:37	0:9;0:14;0:16;0:24;0:33	0:19	
62	5	0	39	0:0	0:7	0:0;0:13;0:22;0:26;0:31;0:32	0:7;0:14;0:19;0:23;0:31;0:32;0:34
62	5	0	40	0:10	0:20	0:5	0:10
62	23	0	0		0:5;0:13		0:2;0:7;0:10
62	23	0	1			0:2	0:11
62	23	0	2	0:1	0:0;0:2;0:9;0:13;0:16		0:2;0:14
62	23	0	3		0:18		
62	23	0	4	0:6			
62	23	0	5	0:6			0:0;0:17
62	23	0	6	0:6;0:7;0:8;0:9;0:10;0:12		0:4;0:5;0:6;0:10;0:12;0:14;0:18	
62	23	0	7		0:0;0:15	0:6	
62	23	0	8			0:6;0:10	
62	23	0	9			0:6;0:14	0:2;0:14
62	23	0	10	0:6;0:8	0:0;0:15	0:6	
62	23	0	11		0:1	0:14	0:14
62	23	0	12	0:6		0:6	
62	23	0	13				0:0;0:2
62	23	0	14	0:6;0:9;0:11;0:18	0:2;0:9;0:11		
62	23	0	15				0:7;0:10
62	23	0	16				0:2
62	23	0	17		0:5		
62	23	0	18	0:6		0:14	0:3
62	24	0	0				
62	25	0	0	0:6			
62	25	0	1	0:1;0:10;0:11	0:5;0:6;0:7;0:10	0:1;0:10	
62	25	0	2		0:6;0:10	0:6;0:10	
62	25	0	3			0:5;0:6;0:7	0:5;0:6
62	25	0	4		0:12	0:10	
62	25	0	5	0:3;0:7;0:10;0:11	0:3;0:7;0:10	0:6;0:7;0:10	0:1;0:6;0:10
62	25	0	6	0:2;0:3;0:5;0:7;0:8;0:10;0:11;0:12	0:3;0:5;0:7;0:10;0:12	0:0;0:7;0:10;0:11	0:1;0:2;0:7;0:10;0:11
62	25	0	7	0:3;0:5;0:6;0:9;0:10	0:6;0:7;0:10	0:5;0:6;0:10	0:1;0:5;0:6;0:7;0:10;0:11
62	25	0	8			0:6	
62	25	0	9		0:10	0:7	
62	25	0	10	0:1;0:2;0:4;0:5;0:6;0:7;0:10;0:11	0:5;0:6;0:7;0:10	0:1;0:5;0:6;0:7;0:10;0:11	0:1;0:2;0:5;0:6;0:7;0:9;0:10;0:11
62	25	0	11	0:6;0:10	0:6;0:7;0:10	0:1;0:5;0:6;0:10	
62	25	0	12			0:6	0:4;0:6
62	26	0	0				
62	48	0	0	0:11;0:24	0:24	0:34;0:35	0:32
62	48	0	1		0:24	0:24;0:42	
62	48	0	2		0:2;0:14	0:24	0:2;0:18
62	48	0	3	0:38	0:10	0:17	0:23
62	48	0	4	0:14	0:38	0:23	0:42
62	48	0	5	0:36	0:29		
62	48	0	6	0:24	0:27		0:13;0:24
62	48	0	7	0:7;0:16;0:19	0:7;0:14;0:23;0:38	0:7;0:14	0:7;0:15;0:23
62	48	0	8	0:34	0:24		
62	48	0	9	0:37	0:18		
62	48	0	10	0:41	0:24	0:22;0:35	0:3
62	48	0	11	0:39	0:18	0:0;0:24	0:41
62	48	0	12	0:33		0:24	0:18;0:25
62	48	0	13	0:24	0:6;0:28		
62	48	0	14	0:7;0:14;0:15;0:23;0:26;0:38;0:42	0:14;0:17;0:23;0:33;0:38	0:4;0:14;0:16;0:33;0:37;0:38;0:41	0:2;0:7;0:14;0:16;0:23;0:33;0:37
62	48	0	15	0:42	0:7	0:14	0:21
62	48	0	16	0:14;0:39	0:14;0:38	0:7;0:23;0:30;0:38	0:36;0:38
62	48	0	17	0:3;0:32	0:22;0:35		0:14
62	48	0	18	0:41	0:2;0:12;0:25		0:9;0:11;0:30
62	48	0	19	0:24	0:39	0:7	0:27;0:42
62	48	0	20	0:42	0:23		
62	48	0	21	0:24	0:15		0:28
62	48	0	22	0:10	0:26	0:23	0:17
62	48	0	23	0:4;0:16;0:22;0:38	0:3;0:7;0:14;0:32	0:14;0:24;0:38	0:7;0:14;0:20
62	48	0	24	0:1;0:2;0:11;0:12;0:23;0:24	0:6;0:24;0:36;0:37;0:40;0:42	0:0;0:6;0:13;0:19;0:21;0:24;0:26;0:27;0:28;0:39;0:42	0:0;0:1;0:8;0:10;0:24;0:34;0:39
62	48	0	25		0:12		0:18
62	48	0	26	0:24		0:14;0:32	0:22
62	48	0	27	0:24	0:19		0:6
62	48	0	28	0:24	0:21		0:13
62	48	0	29			0:37	0:5
62	48	0	30	0:16	0:18		
62	48	0	31			0:36	
62	48	0	32	0:26	0:0	0:17	0:23
62	48	0	33	0:14	0:14;0:35	0:12	0:14;0:41
62	48	0	34	0:0	0:24	0:8;0:39	
62	48	0	35	0:0;0:10			0:17;0:33
62	48	0	36	0:31;0:40	0:16	0:5	0:24
62	48	0	37	0:14;0:29	0:14	0:9;0:42	0:24
62	48	0	38	0:14;0:16;0:23;0:38	0:16;0:41	0:3;0:14;0:23;0:38	0:4;0:7;0:14;0:16
62	48	0	39	0:24;0:34	0:24;0:42	0:11;0:16	0:19
62	48	0	40			0:36	0:24
62	48	0	41	0:14	0:11;0:33	0:10;0:18	0:38
62	48	0	42	0:1;0:24;0:37	0:4;0:19	0:14;0:15;0:20	0:24;0:39
63	23	0	0	0:0;0:17	0:33	0:0;0:27	
63	23	0	1	0:24	0:33	0:17	0:10
63	23	0	2	0:26	0:15		
63	23	0	3	0:3;0:8	0:3;0:24;0:28;0:33	0:3	0:3;0:12;0:28
63	23	0	4	0:4;0:5;0:23;0:29		0:4;0:13;0:29	0:33;0:34
63	23	0	5	0:20	0:31	0:4;0:29	0:33
63	23	0	6			0:23	0:19
63	23	0	7	0:25			0:28
63	23	0	8		0:8;0:19;0:34	0:3;0:12;0:30	0:8;0:11;0:16;0:24
63	23	0	9		0:14	0:22	
63	23	0	10	0:27	0:1;0:30	0:18	
63	23	0	11		0:8;0:19;0:34	0:12;0:26	
63	23	0	12	0:8;0:11;0:12;0:24	0:3	0:12	0:33;0:34
63	23	0	13	0:4		0:31	0:20;0:30
63	23	0	14		0:25	0:28	0:9
63	23	0	15	0:30	0:15;0:31		0:2;0:15;0:18
63	23	0	16		0:8;0:34	0:33;0:34	0:32
63	23	0	17	0:1	0:33	0:0	0:18
63	23	0	18	0:10	0:15;0:17		
63	23	0	19		0:6	0:24;0:33	0:8;0:11;0:24
63	23	0	20	0:34	0:13	0:5	0:33
63	23	0	21	0:32	0:33	0:27	
63	23	0	22	0:9	0:28		
63	23	0	23	0:6		0:4	0:33
63	23	0	24	0:19;0:33	0:8;0:19;0:34	0:1;0:12;0:30	0:3;0:27;0:28
63	23	0	25			0:7	0:14
63	23	0	26	0:11	0:30	0:2	
63	23	0	27	0:0;0:21;0:27	0:24;0:33	0:10;0:27	
63	23	0	28	0:14	0:3;0:7;0:24		0:3;0:22
63	23	0	29	0:4;0:5;0:29		0:4;0:29	0:33
63	23	0	30	0:8;0:24;0:34	0:13;0:30	0:15	0:10;0:26;0:30
63	23	0	31	0:13			0:5;0:15
63	23	0	32		0:16	0:21	
63	23	0	33	0:16;0:19;0:33	0:4;0:5;0:12;0:20;0:23;0:29	0:24;0:33;0:34	0:0;0:1;0:3;0:17;0:21;0:27
63	23	0	34	0:16;0:33	0:4;0:12	0:20;0:30	0:8;0:11;0:16;0:24
63	25	0	0		0:27		0:19
63	25	0	1		0:1;0:4;0:13;0:26;0:36	0:8;0:11;0:18;0:47;0:54	0:1;0:6;0:8;0:13;0:15;0:19;0:24;0:25;0:47
63	25	0	2	0:36	0:41	0:37	0:47
63	25	0	3	0:3;0:8;0:15;0:32;0:40	0:3;0:32;0:40;0:47	0:3;0:20;0:32;0:40	0:3;0:15;0:20;0:32;0:40
63	25	0	4	0:20		0:40	0:1
63	25	0	5	0:44	0:52		0:46
63	25	0	6		0:1	0:10	0:50
63	25	0	7	0:41	0:17	0:49	0:50
63	25	0	8	0:1;0:8;0:11;0:13;0:24;0:25;0:26;0:31;0:47;0:49	0:1;0:8;0:18;0:22;0:24;0:31;0:33;0:37;0:47	0:3;0:8;0:11;0:47	0:8;0:10;0:11;0:13;0:14;0:24;0:25;0:30;0:31;0:35;0:45;0:47;0:49;0:51
63	25	0	9	0:22;0:55	0:48	0:47;0:48	0:23;0:47
63	25	0	10	0:6	0:8	0:17	0:41
63	25	0	11	0:1;0:8;0:11;0:13;0:24;0:25;0:34;0:47	0:8;0:24;0:31;0:46;0:47;0:48	0:8;0:11;0:13;0:47	
63	25	0	12	0:42	0:41	0:50	0:41
63	25	0	13	0:11;0:25;0:34	0:1;0:8;0:24;0:47	0:8;0:11;0:47	0:1;0:34
63	25	0	14	0:14;0:45	0:8;0:47	0:14;0:51	0:53
63	25	0	15	0:15;0:20;0:40;0:57	0:1;0:3;0:32;0:40	0:3;0:15;0:20;0:32;0:40	
63	25	0	16		0:28		0:38
63	25	0	17	0:10	0:47	0:35	0:7
63	25	0	18	0:1;0:19	0:26;0:40	0:26;0:47	0:8;0:47
63	25	0	19	0:32;0:40	0:0;0:1	0:18;0:27	0:26
63	25	0	20	0:3;0:15;0:20;0:40;0:57	0:3;0:26;0:32;0:40;0:54	0:4;0:15;0:20;0:27;0:40	
63	25	0	21	0:48	0:56	0:33	0:47
63	25	0	22	0:23	0:48	0:9	0:8
63	25	0	23	0:37	0:9	0:22	0:47
63	25	0	24		0:1;0:8;0:24;0:31;0:47;0:50	0:8;0:11;0:47;0:54	0:8;0:11;0:13;0:24;0:25;0:31;0:47
63	25	0	25		0:1;0:8;0:24;0:31;0:47	0:8;0:11;0:13;0:47	
63	25	0	26	0:18;0:32	0:19	0:8;0:47	0:1;0:18;0:20
63	25	0	27	0:19;0:20	0:47		0:0
63	25	0	28	0:43	0:31		0:16
63	25	0	29	0:48	0:48	0:44	0:48
63	25	0	30	0:35	0:8	0:49	0:48
63	25	0	31		0:8;0:24;0:47	0:8;0:47	0:8;0:11;0:24;0:25;0:28;0:47
63	25	0	32	0:3;0:15;0:32;0:40;0:54	0:3;0:32;0:40	0:3;0:19;0:26;0:32;0:40	0:3;0:15;0:20;0:32;0:40
63	25	0	33	0:21;0:33	0:53	0:33;0:48	0:8;0:47
63	25	0	34		0:13;0:38	0:11;0:13	
63	25	0	35	0:17	0:8	0:30	0:49
63	25	0	36		0:50	0:2	0:1
63	25	0	37	0:2	0:55	0:23	0:8
63	25	0	38	0:39	0:16		0:34
63	25	0	39			0:38	
63	25	0	40	0:3;0:4;0:15;0:20;0:32;0:40	0:3;0:32;0:40	0:3;0:15;0:19;0:20;0:32;0:40	0:3;0:15;0:18;0:20;0:32;0:40
63	25	0	41	0:50	0:10;0:12	0:7;0:55	0:2;0:12
63	25	0	42		0:50	0:12;0:56	0:50
63	25	0	43			0:28	
63	25	0	44	0:29;0:53	0:51;0:58	0:5;0:56	0:48
63	25	0	45	0:51;0:58	0:8	0:14	0:56
63	25	0	46	0:48	0:5		0:11
63	25	0	47	0:1;0:8;0:9;0:11;0:13;0:18;0:24;0:25;0:26;0:31;0:47	0:1;0:2;0:8;0:9;0:18;0:21;0:23;0:24;0:31;0:33;0:47;0:48	0:8;0:11;0:47	0:3;0:8;0:11;0:13;0:14;0:17;0:24;0:25;0:27;0:31;0:47;0:51;0:52
63	25	0	48	0:9;0:33;0:48;0:49;0:50	0:29;0:30;0:44;0:49	0:21;0:29;0:46;0:48;0:58	0:9;0:11;0:22;0:29;0:47
63	25	0	49	0:7;0:30	0:8;0:35	0:8;0:48	0:48;0:58
63	25	0	50	0:12	0:6;0:7;0:42	0:41;0:48	0:24;0:36;0:42;0:55
63	25	0	51	0:14	0:8;0:47	0:45;0:52	0:44
63	25	0	52	0:51	0:47		0:5
63	25	0	53	0:53;0:56	0:14	0:44;0:53	0:33
63	25	0	54	0:1;0:24		0:32	0:20
63	25	0	55	0:41	0:50	0:9	0:37
63	25	0	56	0:42;0:44	0:45	0:53	0:21
63	25	0	57			0:15;0:20	
63	25	0	58	0:48	0:49	0:45	0:44
63	26	0	0	0:1			0:4
63	26	0	1	0:1		0:0;0:1	0:2;0:5
63	26	0	2	0:2	0:1;0:4;0:5	0:2;0:3	
63	26	0	3	0:2	0:4		
63	26	0	4	0:5	0:0;0:4;0:5		0:2;0:3;0:4
63	26	0	5	0:5	0:1;0:5	0:4;0:5	0:2;0:4;0:5
63	36	0	0				
63	36	1	0				
63	47	0	0	0:2	0:0;0:1;0:2	0:1	0:0;0:1;0:2
63	47	0	1	0:0;0:2	0:0;0:1;0:2		0:0;0:1;0:2
63	47	0	2		0:0;0:1;0:2	0:0;0:1	0:0;0:1;0:2
64	1	0	0	0:16;0:40	0:22;0:40;0:67	0:2;0:5;0:16;0:32;0:39	0:2;0:5;0:15
64	1	0	1	0:49	0:63	0:11;0:42	0:49
64	1	0	2	0:0;0:2;0:5;0:24;0:30;0:43;0:44;0:56;0:63;0:64;0:68;0:71	0:0;0:2;0:5;0:6;0:16;0:43;0:53;0:56;0:64	0:2;0:5;0:15;0:16;0:32;0:39;0:40;0:58;0:78	0:2;0:5;0:11;0:24;0:32;0:40;0:44;0:56;0:78
64	1	0	3	0:37	0:22;0:55;0:67	0:19	0:77
64	1	0	4	0:4;0:8;0:12;0:16;0:20;0:21;0:22;0:26;0:29;0:32;0:37;0:54;0:55;0:59;0:60;0:67;0:76	0:4;0:10;0:21;0:24;0:29;0:32;0:37;0:40;0:55;0:60;0:67;0:70	0:4;0:21;0:22;0:24;0:35;0:37;0:50;0:54;0:55;0:62;0:67;0:76;0:77	0:4;0:10;0:21;0:22;0:29;0:35;0:37;0:49;0:55;0:59;0:60;0:64;0:67;0:74;0:76
64	1	0	5	0:0;0:2;0:5;0:30;0:43;0:56;0:68	0:0;0:2;0:5;0:16;0:43;0:68;0:71	0:2;0:5;0:12;0:16;0:32;0:40;0:58;0:64;0:71;0:78	0:2;0:5;0:11;0:30;0:32;0:40;0:44;0:58;0:78
64	1	0	6	0:20;0:21;0:67	0:54	0:43;0:67;0:76	0:2;0:56
64	1	0	7	0:23;0:31;0:48	0:22;0:54;0:67;0:76	0:25;0:74	0:13;0:27;0:41
64	1	0	8	0:69	0:66;0:76	0:4;0:76	0:14;0:50
64	1	0	9	0:54		0:67	
64	1	0	10	0:69	0:4;0:22	0:22	0:4;0:22
64	1	0	11	0:1;0:36	0:2;0:5	0:44;0:60	0:76
64	1	0	12	0:5;0:24	0:76	0:4;0:62;0:70	0:60
64	1	0	13	0:61	0:7;0:50	0:38;0:66	0:21;0:37;0:43
64	1	0	14	0:46;0:70	0:8;0:77	0:33	0:76
64	1	0	15	0:2	0:0	0:32	0:55
64	1	0	16	0:0;0:2;0:5;0:24;0:43;0:56;0:64;0:71	0:22;0:27;0:32;0:39;0:67;0:76	0:0;0:4;0:21;0:22;0:55;0:67;0:76	0:2;0:5;0:24;0:32;0:58
64	1	0	17	0:54;0:55;0:67;0:76	0:34;0:50;0:73	0:35;0:67;0:76	0:37;0:52;0:62;0:67
64	1	0	18	0:23	0:48	0:41	0:66
64	1	0	19	0:3;0:35	0:34;0:35	0:55	0:25
64	1	0	20	0:76	0:76	0:4;0:6	0:30;0:32
64	1	0	21	0:4;0:16;0:21;0:22;0:25;0:29;0:54;0:55;0:59;0:60;0:65;0:66;0:76	0:4;0:13;0:21;0:22;0:33;0:46;0:55;0:60;0:66;0:67	0:4;0:6;0:21;0:22;0:24;0:35;0:46;0:54;0:55;0:67	0:4;0:21;0:29;0:35;0:49;0:55;0:59;0:60;0:63;0:74
64	1	0	22	0:4;0:10;0:16;0:21;0:22;0:25;0:34;0:37;0:54;0:55;0:60;0:75	0:4;0:10;0:22;0:26;0:37;0:54;0:55;0:76	0:4;0:21;0:22;0:34;0:35;0:37;0:48;0:54;0:67;0:70;0:76;0:77	0:0;0:3;0:7;0:10;0:16;0:21;0:22;0:23;0:48;0:54;0:60;0:70;0:76
64	1	0	23	0:55	0:22;0:37;0:67	0:7;0:18;0:35	0:73;0:77
64	1	0	24	0:4;0:21;0:28;0:32;0:54;0:59;0:67;0:75;0:76	0:2;0:16;0:43;0:56;0:58;0:64	0:2;0:12;0:16;0:32;0:40;0:58	0:4;0:35;0:43;0:52
64	1	0	25	0:7;0:50;0:77	0:19;0:34	0:21;0:22;0:35;0:37;0:55;0:67	0:26;0:27;0:46
64	1	0	26	0:35;0:50	0:25;0:34;0:35;0:73	0:4;0:60;0:67;0:76	0:22;0:55;0:60;0:67;0:76
64	1	0	27	0:41	0:7;0:25	0:67	0:16;0:54
64	1	0	28	0:48	0:76	0:24;0:76	0:57
64	1	0	29	0:62;0:66	0:4;0:21;0:41;0:51;0:67	0:4;0:21;0:49;0:70	0:4;0:67
64	1	0	30	0:49;0:67;0:76	0:5;0:20;0:56;0:71	0:2;0:5;0:58	0:63
64	1	0	31	0:57;0:59	0:76	0:7	0:61
64	1	0	32	0:0;0:2;0:5;0:15;0:24;0:43;0:71	0:2;0:5;0:16;0:20;0:58	0:4;0:24;0:37;0:55	0:4;0:16;0:37;0:55;0:76
64	1	0	33	0:14;0:55	0:57;0:75	0:61	0:21;0:60
64	1	0	34	0:22;0:67	0:34;0:69	0:22;0:37	0:17;0:19;0:25;0:26;0:34
64	1	0	35	0:4;0:17;0:21;0:22;0:23;0:25;0:49;0:54;0:55;0:65	0:4;0:21;0:24;0:54;0:67	0:19;0:26;0:52;0:59;0:74	0:19;0:26;0:50
64	1	0	36	0:54	0:56	0:11	
64	1	0	37	0:4;0:22;0:25;0:32;0:34;0:37;0:66;0:67;0:76	0:4;0:13;0:17;0:32;0:37;0:54;0:55;0:60;0:67	0:3;0:4;0:22;0:37;0:54;0:55;0:67;0:76	0:4;0:22;0:23;0:37;0:43;0:54;0:55;0:59;0:60;0:62;0:67
64	1	0	38	0:13	0:74	0:47	
64	1	0	39	0:0;0:2			0:16
64	1	0	40	0:2;0:5;0:24;0:44	0:2;0:5;0:53;0:71	0:0;0:42	0:0;0:4;0:43
64	1	0	41	0:18	0:7	0:27;0:75	0:29;0:55
64	1	0	42	0:1;0:40;0:78	0:58;0:71;0:78	0:67	
64	1	0	43	0:6;0:52;0:54;0:55	0:13;0:24;0:37;0:40;0:51;0:54;0:67;0:76	0:2;0:5;0:16;0:32;0:71	0:2;0:5;0:24;0:56
64	1	0	44	0:11;0:78	0:2;0:5;0:71	0:2;0:40	0:76
64	1	0	45		0:48	0:75	
64	1	0	46	0:21	0:25;0:69	0:14	0:21
64	1	0	47	0:38	0:59		0:73
64	1	0	48	0:22	0:22;0:76	0:7;0:28;0:65	0:18;0:45;0:77
64	1	0	49	0:29;0:76	0:1;0:4;0:21;0:54;0:76	0:1;0:30;0:35;0:56;0:76	
64	1	0	50	0:4;0:54;0:55;0:67;0:75	0:8;0:35;0:50;0:77	0:25;0:26;0:66;0:74	0:13;0:17;0:50
64	1	0	51			0:55;0:76	0:29;0:43;0:76
64	1	0	52	0:35	0:17;0:24;0:66	0:43	0:55;0:67;0:76
64	1	0	53			0:68	0:2;0:40
64	1	0	54	0:4;0:21;0:22;0:37;0:54;0:55;0:60;0:67;0:76	0:22;0:27;0:37;0:54;0:55;0:67;0:70;0:76	0:4;0:9;0:17;0:21;0:22;0:24;0:35;0:36;0:43;0:50;0:54;0:55;0:60;0:62;0:67;0:76	0:6;0:7;0:22;0:35;0:37;0:43;0:49;0:54;0:55;0:60;0:62;0:67;0:76
64	1	0	55	0:4;0:16;0:19;0:21;0:25;0:32;0:37;0:51;0:54;0:55;0:58;0:67;0:76	0:4;0:15;0:21;0:26;0:32;0:37;0:41;0:52;0:54;0:55;0:67;0:72;0:76	0:4;0:17;0:21;0:22;0:23;0:33;0:35;0:43;0:50;0:54;0:55;0:73;0:76	0:3;0:4;0:21;0:22;0:37;0:54;0:55;0:67;0:69;0:71
64	1	0	56	0:49	0:2;0:6;0:43	0:2;0:5;0:16	0:2;0:24;0:30;0:36
64	1	0	57	0:77	0:28	0:31;0:67	0:33
64	1	0	58	0:2;0:5;0:24;0:30	0:5;0:16;0:58	0:55	0:24;0:32;0:42;0:58
64	1	0	59	0:35;0:74	0:4;0:21;0:37;0:67	0:4;0:21;0:24;0:31	0:47
64	1	0	60	0:11;0:26;0:54;0:60;0:67;0:76	0:4;0:12;0:21;0:22;0:26;0:33;0:37;0:54;0:60;0:75	0:4;0:21;0:22;0:54;0:60;0:67;0:76	0:4;0:21;0:37;0:60;0:62;0:67;0:76
64	1	0	61	0:33	0:31	0:13	
64	1	0	62	0:4;0:12;0:54	0:17;0:37;0:54;0:60;0:76	0:29	
64	1	0	63	0:76	0:21;0:30	0:2;0:64	0:1;0:68
64	1	0	64	0:5;0:63	0:4	0:2;0:16	0:2;0:24
64	1	0	65	0:48	0:76	0:21;0:35;0:67	0:75
64	1	0	66	0:13;0:50;0:73	0:18	0:21;0:29;0:37;0:67	0:8;0:21;0:52;0:67;0:76
64	1	0	67	0:4;0:6;0:9;0:16;0:17;0:21;0:22;0:25;0:26;0:27;0:37;0:42;0:54;0:57;0:60;0:65;0:66;0:67;0:75;0:76	0:4;0:17;0:26;0:29;0:37;0:52;0:54;0:55;0:60;0:66;0:67;0:75;0:76	0:4;0:6;0:17;0:24;0:30;0:34;0:37;0:50;0:54;0:55;0:60;0:67;0:70;0:76;0:77	0:0;0:3;0:4;0:7;0:16;0:21;0:23;0:29;0:35;0:37;0:43;0:54;0:55;0:59;0:67;0:71;0:76
64	1	0	68	0:53	0:63	0:2;0:5	0:5
64	1	0	69	0:76	0:55	0:8;0:10	0:34;0:46
64	1	0	70	0:12;0:22;0:29;0:67	0:22	0:14	0:4;0:54
64	1	0	71	0:5;0:43	0:55;0:67	0:2;0:16;0:32	0:5;0:30;0:40;0:42;0:44
64	1	0	72	0:76			0:55;0:76
64	1	0	73	0:55	0:23;0:47	0:66	0:17;0:26
64	1	0	74	0:7;0:35;0:50;0:74	0:4;0:21	0:59;0:74	0:38
64	1	0	75	0:41;0:45	0:65	0:22;0:24;0:50;0:67;0:76	0:33;0:60;0:67
64	1	0	76	0:4;0:6;0:8;0:16;0:17;0:22;0:26;0:28;0:37;0:49;0:51;0:54;0:55;0:60;0:67;0:75;0:76	0:4;0:11;0:14;0:22;0:26;0:32;0:44;0:51;0:52;0:54;0:60;0:66;0:67;0:72;0:76	0:4;0:17;0:20;0:21;0:24;0:30;0:37;0:49;0:54;0:55;0:60;0:63;0:67;0:69;0:72;0:76	0:7;0:8;0:12;0:16;0:20;0:22;0:28;0:31;0:43;0:48;0:49;0:54;0:55;0:62;0:65;0:67;0:76
64	1	0	77	0:4;0:22;0:67	0:3;0:23;0:48	0:25;0:57	0:14;0:50
64	1	0	78	0:2;0:5	0:2;0:5	0:42;0:44	0:42
64	2	0	0	0:3	0:0;0:1;0:2	0:2;0:15	0:0;0:9
64	2	0	1	0:5;0:8;0:15;0:17	0:15;0:17	0:17	0:0;0:5
64	2	0	2	0:0;0:5;0:7;0:8;0:15;0:17	0:4;0:5;0:15;0:17	0:5;0:8	0:0;0:6;0:15
64	2	0	3	0:6	0:8;0:17	0:0	
64	2	0	4	0:15	0:6;0:11	0:10	0:2
64	2	0	5	0:2;0:8;0:11;0:15	0:1	0:1;0:2;0:7;0:8;0:14;0:15;0:17	0:2;0:14
64	2	0	6	0:15;0:17	0:2;0:8;0:15	0:3	0:4;0:11
64	2	0	7	0:5;0:13;0:15	0:12;0:15	0:2;0:15	0:17
64	2	0	8	0:2;0:5	0:15;0:16;0:17	0:1;0:2;0:5	0:3;0:6;0:15;0:17
64	2	0	9		0:0	0:13	0:16
64	2	0	10	0:4;0:15		0:16	
64	2	0	11	0:17	0:6;0:15	0:5	0:4
64	2	0	12	0:12;0:14		0:12;0:17	0:7
64	2	0	13	0:9;0:15	0:14	0:7	
64	2	0	14	0:5;0:15;0:17	0:5;0:15	0:12;0:15	0:13;0:15
64	2	0	15	0:0;0:5;0:7;0:14;0:15;0:17	0:2;0:8;0:14;0:15;0:17	0:1;0:2;0:4;0:5;0:6;0:7;0:10;0:13;0:14;0:15;0:17	0:1;0:2;0:6;0:7;0:8;0:11;0:14;0:15;0:17
64	2	0	16	0:10	0:9		0:8
64	2	0	17	0:1;0:5;0:12;0:15;0:17	0:7;0:8;0:15;0:17	0:1;0:2;0:6;0:11;0:14;0:15;0:17	0:1;0:2;0:3;0:8;0:15;0:17
64	3	0	0	0:0;0:4	0:0;0:1	0:0;0:1;0:4	0:0;0:4
64	3	0	1	0:0;0:4	0:2;0:3;0:4	0:3;0:4	0:0;0:2;0:4
64	3	0	2	0:2;0:4	0:1;0:2;0:4	0:2;0:4	0:1;0:2;0:4
64	3	0	3	0:1;0:4		0:4	0:1;0:4
64	3	0	4	0:0;0:1;0:2;0:3	0:0;0:1;0:2;0:3	0:0;0:1;0:2;0:3	0:1;0:2
64	4	0	0	0:6;0:8;0:11;0:38;0:43;0:55;0:57;0:58	0:36;0:43;0:56;0:57;0:60	0:1;0:60	0:25;0:44;0:60
64	4	0	1	0:0;0:16;0:25;0:44	0:43;0:57;0:60	0:25;0:44	
64	4	0	2	0:29;0:30;0:32;0:38;0:58	0:12;0:30;0:33;0:38;0:48	0:13;0:23;0:54	0:20;0:21;0:34;0:39;0:54;0:58
64	4	0	3	0:11;0:38	0:38	0:14	0:57
64	4	0	4	0:27;0:38;0:57		0:15;0:58	0:19;0:42
64	4	0	5	0:18	0:25;0:37	0:26	0:25
64	4	0	6	0:12;0:20;0:50	0:21;0:29;0:40;0:45	0:0;0:16;0:27;0:33;0:38;0:49;0:51	0:16;0:35;0:51;0:55;0:56;0:57
64	4	0	7	0:15;0:28;0:50	0:21	0:12	0:27;0:33
64	4	0	8	0:44	0:12;0:33;0:50;0:57	0:0;0:33;0:57	0:44;0:60
64	4	0	9			0:21;0:40	0:28
64	4	0	10	0:21;0:25	0:13;0:29	0:12;0:50	0:32;0:38;0:46
64	4	0	11	0:16	0:27;0:39;0:56	0:0;0:3;0:55;0:57	
64	4	0	12	0:7;0:10;0:12;0:28;0:34	0:21;0:23;0:32;0:35;0:40	0:6;0:12;0:58	0:2;0:8;0:16;0:24;0:51;0:57
64	4	0	13	0:2	0:27;0:38;0:50	0:27;0:35	0:10;0:17;0:54
64	4	0	14	0:3	0:57	0:49	0:27;0:38
64	4	0	15	0:4;0:20	0:45	0:7	0:16;0:47
64	4	0	16	0:6;0:29;0:38;0:42;0:55;0:57	0:6;0:12;0:15;0:38;0:50;0:57;0:58	0:1;0:11;0:25	0:25
64	4	0	17		0:13;0:21;0:29	0:38;0:46	0:38;0:46
64	4	0	18		0:37	0:5;0:50	
64	4	0	19	0:29	0:4	0:47	0:27
64	4	0	20	0:33	0:2;0:51	0:6;0:15;0:50	0:55
64	4	0	21	0:9;0:21;0:40;0:51	0:2;0:21;0:23;0:45;0:51	0:10;0:21;0:23;0:40	0:6;0:7;0:12;0:17;0:21;0:50;0:58;0:59
64	4	0	22		0:46	0:24	0:27
64	4	0	23	0:2;0:21;0:40;0:60	0:41		0:12;0:21;0:41;0:50
64	4	0	24	0:22;0:27;0:46	0:12;0:47;0:49	0:43;0:57	0:38;0:55
64	4	0	25	0:1;0:16;0:26;0:52;0:60	0:0;0:5;0:16;0:44;0:55	0:1;0:10;0:39;0:44;0:60	0:5;0:40;0:60
64	4	0	26	0:5		0:25	0:37
64	4	0	27	0:6;0:13;0:32;0:33;0:43;0:57;0:58	0:7;0:14;0:19;0:22;0:34	0:4;0:24;0:30;0:38	0:11;0:13;0:29;0:33;0:42;0:57
64	4	0	28		0:9;0:60	0:7;0:12;0:50;0:55	0:44
64	4	0	29	0:54	0:27;0:58	0:2;0:16;0:19	0:6;0:10;0:17
64	4	0	30	0:27;0:30;0:49	0:46;0:49	0:2;0:30;0:38	0:2;0:42;0:47;0:55
64	4	0	31		0:33;0:57		0:36
64	4	0	32	0:35	0:10;0:49;0:50	0:2;0:27	0:12;0:58
64	4	0	33	0:6;0:8;0:38;0:43;0:47;0:57	0:7;0:27;0:38;0:57	0:20;0:27;0:34;0:43;0:51;0:57	0:2;0:8;0:31;0:51;0:55;0:57
64	4	0	34	0:33;0:57;0:58	0:2	0:12;0:59	0:27
64	4	0	35	0:13	0:6	0:32	0:12
64	4	0	36	0:39	0:31		0:0
64	4	0	37		0:26		0:5;0:18
64	4	0	38	0:6;0:17;0:27;0:30;0:46;0:49;0:58	0:10;0:14;0:17;0:24;0:46;0:59	0:0;0:2;0:3;0:4;0:16;0:33;0:51;0:53;0:55;0:57	0:2;0:3;0:13;0:16;0:33;0:43;0:45;0:51;0:55;0:57
64	4	0	39	0:25	0:2	0:36	0:11
64	4	0	40	0:9;0:21	0:25	0:21;0:23	0:6;0:12;0:50;0:55
64	4	0	41	0:50;0:55	0:23		0:23
64	4	0	42	0:42;0:52;0:55;0:56	0:4;0:27;0:30;0:57	0:16;0:42;0:55;0:57	
64	4	0	43	0:24;0:33;0:43;0:57	0:38;0:50;0:53;0:58	0:0;0:27;0:33;0:43	0:0;0:1;0:51;0:57
64	4	0	44	0:1;0:25;0:52	0:0;0:8;0:28;0:55	0:1;0:8	0:25
64	4	0	45	0:51	0:38;0:57	0:60	0:6;0:15;0:21
64	4	0	46	0:17;0:49	0:10;0:17	0:24;0:38;0:49	0:22;0:30;0:38;0:49
64	4	0	47	0:19	0:15;0:30	0:33	0:24
64	4	0	48		0:51	0:50	0:2
64	4	0	49	0:6;0:14;0:46	0:46	0:30;0:38;0:46	0:24;0:30;0:32;0:56
64	4	0	50	0:10;0:18;0:20;0:28;0:48;0:50;0:59	0:21;0:23;0:40;0:51;0:54	0:6;0:7;0:41;0:50	0:8;0:13;0:16;0:32;0:43;0:52;0:53;0:57
64	4	0	51	0:6;0:33;0:38;0:56;0:57	0:6;0:12;0:33;0:38;0:43	0:21;0:45	0:20;0:21;0:48;0:50;0:59
64	4	0	52		0:50;0:57	0:25;0:42;0:44	
64	4	0	53	0:38	0:50	0:56	0:43
64	4	0	54	0:2;0:54	0:2;0:13	0:29;0:54	0:50;0:59
64	4	0	55	0:11;0:28;0:38;0:42;0:55;0:57;0:58	0:6;0:20;0:24;0:30;0:33;0:38;0:40	0:0;0:16;0:41;0:42;0:55;0:57	0:25;0:44
64	4	0	56	0:53	0:6;0:49	0:42;0:51	0:0;0:11
64	4	0	57	0:8;0:11;0:24;0:33;0:38;0:42;0:55;0:57;0:58	0:3;0:6;0:12;0:27;0:33;0:38;0:43;0:50;0:57;0:58	0:0;0:4;0:16;0:27;0:33;0:34;0:43;0:51;0:55;0:57	0:0;0:1;0:8;0:14;0:16;0:31;0:33;0:42;0:45;0:52;0:57
64	4	0	58	0:4;0:12	0:2;0:21;0:32	0:0;0:2;0:27;0:34;0:38;0:55;0:57	0:16;0:29;0:43;0:57
64	4	0	59	0:34	0:21;0:51;0:54	0:50	0:38
64	4	0	60	0:0;0:25;0:45	0:0;0:8;0:25	0:23;0:25	0:0;0:1;0:28
64	6	0	0				
64	6	1	0				
64	6	2	0				
64	16	0	0				
64	38	0	0	0:1	0:5		0:3
64	38	0	1	0:8	0:7	0:0	0:4
64	38	0	2		0:6	0:7	0:8
64	38	0	3	0:4	0:0		0:5
64	38	0	4	0:6	0:1	0:3	0:7
64	38	0	5	0:7	0:3		0:0
64	38	0	6		0:8	0:4	0:2
64	38	0	7	0:2	0:4	0:5	0:1
64	38	0	8		0:2	0:1	0:6
64	39	0	0	0:0	0:0	0:0;0:3;0:4	0:0
64	39	0	1	0:3;0:4	0:2		0:2
64	39	0	2	0:5	0:1		0:1
64	39	0	3	0:0;0:4	0:3;0:5	0:1;0:6	0:3
64	39	0	4	0:0		0:1;0:3	
64	39	0	5			0:2	0:3
64	39	0	6	0:3			
65	1	0	0		0:5	0:12	0:21
65	1	0	1		0:21		
65	1	1	0				
65	1	0	2			0:3	
65	1	0	3	0:2;0:6;0:9;0:14;0:21;0:22;0:23	0:3;0:12;0:16;0:25		0:3;0:22
65	1	0	4	0:20		0:7	0:5
65	1	0	5	0:5;0:20;0:25	0:4;0:5;0:18;0:20	0:5;0:11;0:14;0:20	0:0;0:5;0:13;0:20;0:25
65	1	0	6	0:24	0:23	0:3	
65	1	0	7	0:4		0:17	0:14
65	1	0	8	0:14	0:17		
65	1	0	9		0:21	0:3	0:20
65	1	0	10	0:18			0:11
65	1	0	11	0:5	0:10		0:22
65	1	0	12	0:0;0:25	0:14		0:3
65	1	0	13	0:20;0:25	0:5;0:20	0:20	0:16
65	1	0	14	0:5	0:7;0:22	0:3;0:8	0:12
65	1	0	15			0:20;0:23	0:20;0:25
65	1	0	16	0:19	0:13		0:3
65	1	0	17	0:7			0:8
65	1	0	18			0:10	0:5
65	1	0	19		0:20	0:16	
65	1	0	20	0:5;0:13;0:15;0:20	0:5;0:9;0:15;0:20;0:22	0:4;0:5;0:13;0:20;0:22	0:5;0:13;0:19;0:20;0:25
65	1	0	21		0:0	0:3;0:25	0:1;0:9
65	1	0	22	0:20	0:3;0:11;0:23	0:3	0:14;0:20
65	1	0	23	0:15		0:3	0:6;0:22
65	1	0	24			0:6	
65	1	2	0		2:0		2:0
65	1	0	25	0:21	0:5;0:15;0:20	0:5;0:12;0:13	0:3
65	2	0	0				0:1
65	2	1	0				
65	2	0	1		0:0		
65	6	0	0		0:21		
65	6	0	1				0:9;0:30
65	6	0	2	0:5			0:6
65	6	0	3		0:5		
65	6	1	0			1:1	
65	6	0	4	0:5			
65	6	0	5			0:2;0:4	0:3;0:30
65	6	0	6	0:30	0:2	0:11	
65	6	0	7	0:26		0:22	
65	6	0	8	0:30			0:28
65	6	0	9	0:14;0:32	0:1;0:10;0:25	0:19;0:20;0:22	0:21
65	6	0	10		0:16;0:26	0:19	0:9;0:30
65	6	1	1	1:0		1:2	
65	6	2	0				
65	6	0	11	0:6		0:24	
65	6	0	12				0:17
65	6	0	13		0:28		
65	6	0	14			0:9	
65	6	0	15			0:21	0:18
65	6	0	16	0:17;0:29		0:29	0:10
65	6	0	17		0:12	0:16	
65	6	0	18		0:15		0:25
65	6	0	19	0:9;0:10;0:20	0:25	0:20;0:21	0:25
65	6	0	20	0:9;0:19		0:19	0:27
65	6	0	21	0:15;0:19	0:9;0:30	0:25	0:0
65	6	0	22	0:7;0:9		0:26	
65	6	0	23				0:25
65	6	0	24	0:11			
65	6	0	25	0:21;0:27	0:18;0:19;0:23;0:30	0:27	0:9;0:19;0:31
65	6	0	26	0:22;0:29		0:7	0:10
65	6	0	27	0:25	0:20	0:25	
65	6	0	28		0:8		0:13
65	6	0	29	0:16		0:16;0:26	
65	6	0	30		0:1;0:5;0:10	0:6;0:8	0:21;0:25
65	6	0	31		0:25		
65	6	0	32			0:9	
65	6	1	2	1:1			
65	7	0	0			0:14	0:14
65	7	0	1				0:14
65	7	0	2	0:10;0:12;0:14	0:4;0:5;0:14		
65	7	0	3	0:8			0:5
65	7	0	4	0:14	0:14	0:12	0:2
65	7	0	5	0:14	0:3;0:5;0:14		0:2;0:5;0:16;0:18
65	7	0	6				0:8
65	7	0	7		0:14		
65	7	0	8		0:6;0:8;0:9;0:14;0:15	0:3;0:9;0:12;0:14	0:8;0:10;0:14;0:15
65	7	0	9	0:8;0:9;0:14;0:16;0:17		0:9;0:11;0:14	0:8;0:10;0:12;0:13;0:14
65	7	0	10	0:13	0:8;0:9;0:11	0:2;0:12	
65	7	0	11	0:9			0:10
65	7	0	12	0:4;0:8;0:10;0:12	0:9;0:14	0:2;0:12;0:14;0:18	
65	7	0	13	0:14	0:9	0:10	
65	7	0	14	0:0;0:8;0:9;0:12;0:14	0:0;0:1;0:8;0:9;0:14	0:2;0:4;0:5;0:9;0:13;0:14;0:16	0:2;0:4;0:5;0:7;0:8;0:12;0:14
65	7	0	15		0:8		0:8
65	7	0	16	0:14	0:5	0:9	
65	7	0	17			0:9	
65	7	0	18	0:12	0:5		
65	14	0	0	0:2			0:1;0:2
65	14	0	1	0:8	0:0;0:2;0:7;0:8	0:2;0:8	0:7;0:8
65	14	0	2	0:1;0:2;0:3;0:6;0:7;0:8	0:0;0:2;0:7;0:8;0:10	0:0;0:2;0:8;0:9;0:10	0:1;0:2;0:4;0:8;0:9
65	14	0	3			0:2	0:6
65	14	0	4	0:9	0:2		
65	14	0	5		0:8		
65	14	0	6		0:3	0:2	
65	14	0	7	0:8	0:1;0:7;0:8;0:9	0:2	0:1;0:2;0:7
65	14	0	8	0:1;0:2;0:8	0:1;0:2;0:8	0:1;0:2;0:7;0:8;0:9	0:1;0:2;0:5;0:7;0:8
65	14	0	9	0:2;0:8	0:2	0:4	0:7
65	14	1	0				
65	14	2	0				
65	14	0	10	0:2			0:2
65	15	0	0				
65	15	1	0		1:0		1:0
65	16	0	0				
65	26	0	0		0:1		
65	26	0	1		0:1;0:2		0:0;0:1
65	26	0	2				0:1
65	28	0	0				
65	29	0	0	0:2;0:5	0:5;0:8		
65	29	0	1	0:2	0:5;0:9		
65	29	0	2	0:2;0:3;0:5;0:7		0:0;0:1;0:2;0:4;0:10	
65	29	0	3			0:2	
65	29	0	4	0:2;0:7			0:7;0:9
65	29	0	5			0:0;0:2;0:10	0:0;0:1;0:9
65	29	0	6	0:7			
65	29	0	7		0:4;0:9	0:2;0:4;0:6	
65	29	0	8				0:0;0:9
65	29	0	9		0:4;0:5;0:8;0:9		0:1;0:7;0:9
65	29	0	10	0:2;0:5			
65	38	0	0	0:6	0:2	0:1	0:5
65	38	1	0		1:0		1:0
65	38	0	1	0:0	0:8		0:4
65	38	0	2	0:3		0:8	0:0
65	38	0	3			0:2	0:6
65	38	0	4	0:5	0:1		
65	38	0	5	0:7	0:0	0:4	
65	38	0	6		0:3	0:0	0:7
65	38	0	7		0:6	0:5	
65	38	0	8	0:2			0:1
65	39	0	0				
65	49	0	0	0:4		0:6	0:7
65	49	0	1		0:4	0:7	0:5
65	49	0	2	0:5	0:7	0:3	
65	49	0	3	0:2			
65	49	0	4			0:0	0:1
65	49	0	5		0:1	0:2	
65	49	0	6	0:0			
65	49	0	7	0:1	0:0		0:2
66	1	0	0	0:43	0:6;0:35	0:35	
66	1	0	1	0:12;0:27		0:12	0:12
66	1	0	2	0:2;0:4;0:5;0:7;0:23;0:29;0:39;0:42;0:51	0:2;0:5;0:9;0:19;0:33;0:41;0:42;0:45;0:50	0:2;0:9;0:11;0:13;0:16;0:20;0:33;0:46;0:48	0:2;0:5;0:7;0:14;0:20;0:29;0:37;0:46;0:51
66	1	0	3	0:34	0:36		0:7
66	1	0	4		0:23	0:2	0:5
66	1	0	5	0:13;0:34	0:2;0:4;0:36;0:41;0:42	0:2;0:20;0:33;0:44;0:46	0:2;0:7;0:10
66	1	0	6		0:24	0:12	0:0
66	1	0	7	0:20;0:34;0:41	0:2;0:3;0:5;0:42	0:2;0:13;0:20;0:29	0:18;0:23;0:34
66	1	0	8	0:28	0:34	0:40	0:42
66	1	0	9	0:2	0:16	0:21	0:2
66	1	0	10	0:34	0:5	0:34	0:34
66	1	0	11	0:2	0:31	0:48	0:34
66	1	0	12	0:1;0:6;0:22;0:25;0:30	0:1;0:47	0:1;0:30	0:15;0:25;0:30;0:32;0:35;0:50
66	1	0	13	0:2;0:7	0:16;0:34;0:46	0:5;0:34	0:34
66	1	0	14		0:2	0:34	0:34
66	1	0	15		0:12		0:34
66	1	0	16	0:2	0:16;0:20;0:21;0:38	0:34;0:52	0:9;0:13;0:16
66	1	0	17	0:34	0:32		0:34
66	1	0	18	0:20;0:34	0:7;0:20;0:34	0:34	
66	1	0	19	0:40	0:22	0:50	0:2
66	1	0	20	0:2;0:5;0:7	0:2;0:33;0:41;0:48	0:7;0:18;0:34;0:41	0:16;0:18;0:34;0:43
66	1	0	21	0:9;0:34			0:16;0:34
66	1	0	22	0:34	0:22;0:27	0:12	0:19;0:22;0:47
66	1	0	23	0:34	0:7;0:34;0:45	0:2	0:4;0:31
66	1	0	24			0:47	0:6
66	1	0	25	0:38	0:12	0:12	
66	1	0	26			0:34	
66	1	0	27	0:28;0:34	0:34	0:1	0:22
66	1	0	28	0:34;0:53		0:8;0:27;0:34	0:34
66	1	0	29	0:7	0:2;0:39	0:2	0:34
66	1	0	30	0:12	0:12	0:12	
66	1	0	31	0:45	0:23	0:37	0:11
66	1	0	32		0:12		0:17
66	1	0	33	0:2;0:5	0:34;0:38	0:38	0:2;0:20
66	1	0	34	0:10;0:13;0:14;0:16;0:18;0:20;0:26;0:28;0:34;0:36;0:38;0:41;0:43;0:44;0:48;0:49	0:7;0:10;0:11;0:13;0:14;0:15;0:17;0:20;0:21;0:28;0:29;0:34;0:46	0:3;0:5;0:7;0:10;0:17;0:18;0:21;0:22;0:23;0:27;0:28;0:34;0:36;0:42;0:43;0:49;0:51	0:8;0:13;0:18;0:23;0:27;0:33;0:34;0:40;0:41;0:42;0:43;0:44;0:45;0:53
66	1	0	35	0:0	0:12		0:0
66	1	0	36	0:34	0:41;0:48	0:34	0:3;0:5
66	1	0	37	0:31	0:2		0:48
66	1	0	38	0:33;0:50		0:25;0:34	0:16;0:33
66	1	0	39	0:42	0:40	0:2	0:29
66	1	0	40	0:8	0:34	0:19	0:39
66	1	0	41	0:20;0:41	0:34	0:7;0:34;0:41	0:2;0:5;0:20;0:36
66	1	0	42	0:34	0:8;0:34	0:2;0:39	0:2;0:5;0:7
66	1	0	43	0:34;0:46	0:20;0:34	0:0;0:34	
66	1	0	44	0:5	0:34	0:34	0:48
66	1	0	45		0:34	0:31	0:2;0:23
66	1	0	46	0:2;0:5	0:2;0:48	0:43	0:13;0:34
66	1	0	47	0:24	0:22		0:12
66	1	0	48	0:2;0:11	0:37;0:44;0:48	0:34	0:20;0:36;0:46;0:48
66	1	0	49	0:34		0:34	
66	1	0	50	0:19	0:12	0:38	0:2
66	1	0	51	0:34	0:2	0:2	
66	1	0	52	0:16			
66	1	0	53		0:34	0:28	
66	2	0	0		0:1		
66	2	0	1	0:1		0:1	0:0
66	4	0	0		0:32	0:13	
66	4	0	1		0:11	0:5	0:30
66	4	0	2	0:4;0:13	0:26	0:9;0:17	0:12;0:45
66	4	0	3	0:13			0:23
66	4	0	4	0:11	0:26;0:47	0:2;0:50	0:20
66	4	0	5	0:1	0:13	0:23	0:36
66	4	0	6	0:13;0:25;0:31;0:36	0:9;0:23;0:26	0:9;0:17;0:26	0:11;0:19;0:25;0:42
66	4	0	7	0:12;0:16	0:13;0:42	0:23;0:24	0:36;0:44
66	4	0	8	0:38		0:31	0:36
66	4	0	9	0:2;0:6			0:6;0:13;0:14;0:43
66	4	0	10		0:42	0:27	
66	4	0	11	0:18;0:20;0:30	0:6;0:36	0:4;0:13;0:42;0:43	0:1;0:12;0:29
66	4	0	12	0:29	0:2;0:11;0:36	0:7;0:27;0:42	
66	4	0	13	0:0;0:11;0:19	0:9;0:26;0:47;0:48	0:2;0:3;0:6;0:50	0:5;0:7;0:20;0:29
66	4	0	14	0:45	0:9		0:29
66	4	1	0				
66	4	0	15	0:22	0:49	0:40	0:29
66	4	0	16	0:28;0:42	0:17;0:19;0:44	0:7;0:34	0:24;0:27
66	4	0	17	0:2;0:6	0:22;0:39		0:16;0:27
66	4	0	18		0:31	0:11	
66	4	0	19	0:41	0:6	0:13	0:16
66	4	0	20		0:4;0:13;0:25	0:11;0:45	
66	4	0	21		0:38	0:36	0:30
66	4	0	22	0:26		0:15;0:38	0:17;0:39
66	4	0	23	0:5;0:7	0:3;0:50	0:39	0:6;0:44
66	4	0	24	0:7	0:16	0:44	0:37
66	4	0	25		0:6	0:6	0:20
66	4	0	26	0:6;0:33;0:47		0:22	0:2;0:4;0:6;0:13
66	4	0	27	0:10;0:12	0:16;0:17		
66	4	0	28	0:37	0:44	0:16	
66	4	0	29	0:39	0:11;0:13;0:14;0:15	0:12;0:35	
66	4	0	30		0:1;0:21	0:11;0:36	
66	4	0	31	0:8	0:33	0:6	0:18;0:41
66	4	0	32			0:47	0:0
66	4	0	33			0:26	0:31
66	4	0	34	0:16;0:40			
66	4	0	35	0:29	0:40		
66	4	0	36	0:21;0:30	0:5;0:7;0:8	0:6;0:37;0:41	0:11;0:12
66	4	0	37	0:36	0:24	0:28	
66	4	0	38	0:22		0:8	0:21
66	4	0	39	0:23	0:22	0:29	0:17
66	4	0	40	0:15		0:34	0:35
66	4	0	41	0:36	0:31	0:19	0:42
66	4	0	42	0:11;0:12	0:6;0:41	0:16	0:7;0:10
66	4	0	43	0:11	0:9		
66	4	0	44	0:24;0:44	0:7;0:23	0:44	0:16;0:28
66	4	0	45	0:20	0:2	0:14	
66	4	0	46			0:47	
66	4	0	47	0:32;0:46		0:26	0:4;0:13
66	4	0	48				0:13
66	4	0	49				0:15
66	4	0	50	0:4;0:13			0:23
66	6	0	0		0:1	0:3	
66	6	0	1			0:2	0:0
66	6	0	2	0:1			0:3
66	6	0	3	0:0	0:2		
66	6	1	0				
66	16	0	0				
66	16	1	0				
67	1	0	0	0:0;0:5;0:8;0:12;0:14;0:15;0:16;0:17;0:25	0:0;0:5;0:8;0:12;0:15;0:17;0:22;0:25;0:27	0:0;0:5;0:11;0:12;0:14;0:15;0:19;0:22;0:25;0:31	0:0;0:3;0:4;0:5;0:8;0:11;0:12;0:15;0:16;0:17;0:25;0:29;0:32
67	1	0	1	0:26;0:31	0:10;0:23	0:5;0:17;0:25	0:24;0:32
67	1	0	2	0:9;0:28	0:14;0:25	0:7;0:26;0:29	0:26
67	1	0	3	0:26;0:30	0:0	0:5	0:21;0:24;0:32
67	1	0	4	0:27	0:0	0:30	0:22
67	1	0	5	0:0;0:1;0:3;0:5;0:7;0:8;0:10;0:14;0:15;0:16;0:17;0:23;0:24;0:32	0:0;0:5;0:6;0:15;0:17;0:22;0:24;0:25	0:0;0:5;0:11;0:14;0:15;0:22;0:25	0:0;0:5;0:8;0:11;0:15;0:16;0:17;0:29
67	1	0	6	0:22	0:26;0:29;0:30	0:7	0:5;0:15
67	1	0	7	0:2;0:6;0:26;0:30;0:31	0:18;0:26;0:32	0:5;0:11;0:12;0:15;0:25	0:10
67	1	0	8	0:19;0:24	0:0;0:5;0:25	0:0;0:5;0:27	0:0;0:25
67	1	0	9	0:16		0:2;0:13	0:26
67	1	0	10	0:11;0:26;0:31	0:7;0:11;0:26;0:32	0:5;0:17	0:1;0:21;0:24;0:32
67	1	0	11	0:0;0:5;0:7;0:14;0:15;0:23	0:0;0:5;0:14;0:25	0:10;0:16;0:26;0:29;0:32	0:10;0:26;0:30
67	1	0	12	0:0;0:7;0:12;0:24;0:25	0:0;0:12;0:14;0:15;0:17;0:25	0:0;0:12;0:14;0:15;0:25	0:0;0:12;0:14;0:15;0:16;0:17;0:19;0:25;0:28
67	1	0	13	0:9;0:21			0:26
67	1	0	14	0:0;0:5;0:12;0:14;0:15;0:17;0:25	0:12;0:14;0:15;0:25;0:27	0:0;0:5;0:11;0:14;0:15;0:17;0:19;0:25	0:2;0:11;0:12;0:14;0:15;0:17;0:19;0:25
67	1	0	15	0:0;0:5;0:7;0:12;0:14;0:15;0:25	0:0;0:5;0:6;0:12;0:14;0:15;0:25	0:0;0:5;0:11;0:14;0:15	0:0;0:5;0:12;0:14;0:15;0:25
67	1	0	16	0:11;0:26;0:29;0:30	0:0;0:5;0:12;0:25	0:0;0:5;0:9	0:26;0:30
67	1	0	17	0:1;0:10;0:14;0:17;0:25	0:0;0:5;0:12;0:14;0:17;0:22	0:0;0:5;0:14;0:17;0:25	0:0;0:5;0:12;0:17;0:19;0:25
67	1	0	18	0:26;0:30	0:26	0:24	0:7
67	1	0	19	0:0;0:14	0:12;0:14;0:17	0:8	
67	1	0	20		0:25		
67	1	0	21	0:26;0:30	0:3;0:10	0:13;0:23	0:26
67	1	0	22	0:0;0:5	0:4;0:30	0:6	0:0;0:5;0:17;0:25
67	1	0	23	0:21;0:28		0:5;0:11;0:25	0:1
67	1	0	24	0:18;0:26;0:30	0:1;0:3;0:10	0:5;0:8;0:12;0:25	0:5;0:25
67	1	0	25	0:0;0:1;0:5;0:7;0:12;0:14;0:17;0:23;0:24;0:25	0:0;0:8;0:12;0:14;0:15;0:17;0:22;0:24;0:25	0:0;0:12;0:14;0:15;0:17;0:25;0:27;0:31	0:0;0:2;0:5;0:8;0:11;0:12;0:14;0:15;0:16;0:20;0:25
67	1	0	26	0:2;0:11;0:26;0:29;0:30;0:31	0:2;0:9;0:11;0:13;0:16;0:21;0:26;0:29;0:30;0:31	0:1;0:3;0:7;0:10;0:16;0:18;0:21;0:24;0:26;0:29;0:30;0:32	0:6;0:7;0:10;0:18;0:26;0:30
67	1	0	27	0:8;0:25		0:4	0:0;0:14
67	1	0	28		0:12	0:2;0:23	0:30
67	1	0	29	0:2;0:11;0:26;0:29	0:0;0:5	0:16;0:26;0:29	0:6;0:26
67	1	0	30	0:4;0:26;0:30;0:31	0:11;0:16;0:26;0:28;0:30;0:31;0:32	0:3;0:7;0:16;0:18;0:21;0:24;0:26;0:30;0:32	0:6;0:22;0:26;0:30
67	1	0	31	0:0;0:25		0:1;0:7;0:10;0:26;0:30	0:26;0:30
67	1	0	32	0:11;0:26;0:30	0:0;0:1;0:3;0:10	0:5	0:7;0:10;0:30
67	2	0	0	0:3	0:0;0:1;0:2	0:2;0:13	0:0;0:8
67	2	0	1	0:5;0:7;0:13;0:15	0:13;0:15	0:15	0:0;0:5
67	2	0	2	0:0;0:5;0:7;0:13;0:15	0:4;0:5;0:13;0:15	0:5;0:7	0:0;0:6;0:13
67	2	0	3	0:6	0:7;0:15	0:0	0:11
67	2	0	4	0:13	0:6;0:10;0:11	0:9	0:2
67	2	0	5	0:2;0:7;0:10;0:13	0:1	0:1;0:2;0:7;0:13;0:15	0:2
67	2	0	6	0:13;0:15	0:2;0:7;0:13	0:3	0:4;0:10
67	2	0	7	0:2;0:5	0:13;0:14;0:15	0:1;0:2;0:5	0:3;0:6;0:13;0:15
67	2	0	8		0:0		0:14
67	2	0	9	0:4;0:13		0:11;0:14	
67	2	0	10	0:15	0:6;0:13	0:5	0:4
67	2	0	11	0:9	0:3		0:4
67	2	0	12	0:12		0:12;0:15	
67	2	0	13	0:0;0:5;0:13;0:15	0:2;0:7;0:13;0:15	0:1;0:2;0:4;0:5;0:6;0:9;0:13;0:15	0:1;0:2;0:6;0:7;0:10;0:13;0:15
67	2	0	14	0:9	0:8		0:7
67	2	0	15	0:1;0:5;0:12;0:13;0:15	0:7;0:13;0:15	0:1;0:2;0:6;0:10;0:13;0:15	0:1;0:2;0:3;0:7;0:13;0:15
67	3	0	0	0:0;0:1	0:0;0:1	0:0;0:1	0:0;0:1
67	3	0	1	0:0	0:0	0:0	0:0
67	4	0	0	0:5;0:8;0:11;0:33;0:37;0:49;0:50;0:51	0:50	0:1	0:19;0:40
67	4	0	1	0:0;0:14;0:19;0:40	0:37;0:50	0:19;0:40	
67	4	0	2	0:26;0:27;0:33;0:51	0:3;0:12;0:29;0:33;0:41	0:18;0:35	0:17;0:31;0:51
67	4	0	3	0:17;0:23;0:47	0:17;0:23	0:20;0:33	0:2;0:44;0:49
67	4	0	4	0:33;0:50	0:28	0:51	0:36
67	4	0	5	0:12;0:35;0:42;0:45	0:17;0:23;0:34	0:0;0:14;0:29;0:33;0:44	0:14;0:20;0:44;0:49;0:50
67	4	0	6	0:47	0:17	0:27	0:52
67	4	0	7	0:22;0:42	0:13;0:17;0:39;0:48	0:12;0:28;0:47	0:29
67	4	0	8	0:40	0:12;0:21;0:29;0:35;0:42;0:50	0:0;0:20;0:21;0:29;0:37;0:50	0:40
67	4	0	9	0:17		0:23	0:17
67	4	0	10	0:17;0:19;0:23	0:13;0:28;0:48	0:12;0:42	0:26;0:27;0:33
67	4	0	11	0:14	0:52	0:0;0:49;0:50	
67	4	0	12	0:7;0:10;0:12;0:22;0:31;0:35;0:52	0:13;0:15;0:17;0:18;0:27;0:34;0:48	0:5;0:12;0:25;0:28;0:30;0:47;0:51	0:2;0:8;0:14;0:38;0:44;0:50
67	4	0	13	0:28;0:48;0:53		0:18;0:34	0:7;0:10;0:12
67	4	0	14	0:5;0:26;0:30;0:33;0:35;0:36;0:38;0:49;0:50	0:5;0:12;0:30;0:33;0:35;0:42;0:50;0:51	0:1;0:11;0:19	0:19
67	4	0	15	0:34;0:43	0:47	0:25;0:52	0:12;0:17
67	4	0	16			0:42;0:47	0:43
67	4	0	17	0:17;0:23;0:28;0:34;0:39;0:44	0:2;0:9;0:15;0:17;0:18;0:23;0:32;0:39;0:44;0:48;0:53	0:3;0:9;0:10;0:17;0:18;0:23;0:34;0:35	0:3;0:5;0:6;0:7;0:12;0:17;0:23;0:28;0:35;0:42;0:51
67	4	0	18	0:2;0:13;0:17;0:28;0:34;0:48		0:53	0:12;0:17;0:23;0:28;0:42
67	4	0	19	0:1;0:14;0:25;0:46	0:0;0:14;0:26;0:40;0:49	0:1;0:10;0:40;0:48	0:34
67	4	0	20	0:3;0:8	0:5;0:42	0:45	0:35
67	4	0	21	0:8	0:30	0:41	0:8
67	4	0	22		0:28;0:43	0:7;0:12;0:38;0:42;0:49	0:39;0:40
67	4	0	23	0:9;0:17;0:28;0:39	0:17;0:18;0:32;0:34;0:39	0:3;0:10;0:17;0:35	0:3;0:5;0:17;0:28;0:42;0:47
67	4	0	24		0:29;0:50	0:30	
67	4	0	25	0:12;0:15;0:35;0:42		0:19	
67	4	0	26		0:10;0:42;0:43;0:50	0:2;0:14;0:38;0:42;0:44;0:50	0:19;0:34
67	4	0	27	0:6;0:48	0:10;0:42	0:2;0:45	0:12;0:47;0:51
67	4	0	28	0:7;0:12;0:35;0:42;0:45	0:17;0:18;0:23;0:34	0:13;0:17;0:18;0:23;0:35	0:4;0:10;0:22;0:31;0:35;0:42;0:45;0:52
67	4	0	29	0:5;0:8;0:33;0:50	0:7;0:33;0:47;0:50	0:31;0:44;0:50;0:54	0:2;0:8;0:24;0:44;0:49;0:50
67	4	0	30	0:12;0:24;0:35	0:31;0:35;0:45;0:52	0:14;0:44;0:50	0:14;0:21;0:46
67	4	0	31	0:29;0:50;0:51	0:2;0:28	0:12	0:30;0:37
67	4	0	32			0:34	0:17;0:23
67	4	0	33	0:3;0:5;0:51	0:10;0:35;0:45;0:52;0:54	0:0;0:2;0:4;0:14;0:29;0:38;0:44;0:49;0:50	0:2;0:14;0:29;0:38;0:44;0:49;0:50
67	4	0	34	0:13;0:17;0:32;0:48;0:53	0:19;0:26	0:15;0:17;0:18	0:5;0:12;0:23;0:28;0:35;0:42;0:49
67	4	0	35	0:2;0:17;0:23;0:28;0:39;0:47	0:17;0:20;0:28;0:34;0:39;0:44	0:5;0:12;0:14;0:25;0:28;0:30;0:42;0:51	0:8;0:14;0:30;0:33;0:38;0:50;0:54
67	4	0	36	0:36;0:46;0:49	0:4;0:45;0:50	0:14;0:36;0:49;0:50	
67	4	0	37	0:8	0:31;0:41	0:0	0:1
67	4	0	38	0:22;0:26;0:33;0:49	0:12;0:33;0:35;0:54	0:14;0:50	
67	4	0	39		0:22	0:17;0:23;0:35	0:7;0:17;0:23;0:35;0:42;0:47
67	4	0	40	0:1;0:19;0:46	0:0;0:8;0:22;0:49	0:1;0:8	0:19;0:48
67	4	0	41	0:21	0:44	0:42	0:2;0:37
67	4	0	42	0:10;0:16;0:22;0:26;0:35;0:41;0:42	0:17;0:18;0:23;0:28;0:34;0:39;0:44;0:53	0:5;0:7;0:25;0:28;0:42	0:8;0:14;0:20;0:26;0:27;0:46;0:50;0:54
67	4	0	43		0:16	0:15	0:22;0:26
67	4	0	44	0:5;0:26;0:29;0:30;0:33;0:50	0:3;0:5;0:12;0:29;0:33	0:17	0:17;0:35;0:41;0:42
67	4	0	45	0:20;0:27;0:50	0:28	0:5;0:28;0:51	0:30;0:33;0:36
67	4	0	46		0:30;0:42;0:50	0:19;0:36;0:40	
67	4	0	47	0:7;0:12;0:16	0:23;0:27;0:39	0:3;0:6;0:35	0:15;0:29
67	4	0	48	0:19	0:40	0:13;0:18;0:27;0:34	0:7;0:10;0:12;0:17
67	4	0	49	0:11;0:22;0:33;0:36;0:49;0:50;0:51	0:3;0:5;0:29;0:33;0:34	0:0;0:14;0:36;0:38;0:49;0:50	0:19;0:40
67	4	0	50	0:8;0:11;0:26;0:29;0:30;0:33;0:36;0:38;0:49;0:50;0:51	0:5;0:12;0:29;0:33;0:35;0:42;0:50;0:51;0:54	0:0;0:4;0:14;0:29;0:31;0:44;0:45;0:49;0:50;0:52;0:54	0:0;0:1;0:8;0:14;0:24;0:26;0:29;0:36;0:46;0:50
67	4	0	51	0:4;0:12;0:35;0:45;0:54	0:2;0:17;0:27	0:0;0:2;0:31;0:33;0:49;0:50	0:14;0:50;0:54
67	4	0	52	0:15;0:50	0:6;0:28	0:12	0:11;0:30;0:33
67	4	0	53	0:18		0:13;0:34	0:17;0:42
67	4	0	54	0:29;0:50	0:35;0:42;0:51	0:51	0:33;0:38;0:50
67	6	0	0			0:1	
67	6	1	0				
67	6	0	1	0:0			
67	10	0	0		0:3		0:3
67	10	0	1	0:3	0:2	0:3	0:2
67	10	0	2		0:1		0:1
67	10	0	3	0:1	0:0	0:1	0:0
67	14	0	0	0:8	0:10	0:10	0:7
67	14	0	1	0:10	0:7		
67	14	0	2	0:6;0:10	0:2;0:3;0:8;0:10		0:2;0:3;0:10
67	14	0	3	0:4;0:6;0:10	0:2;0:3;0:10		0:2;0:3;0:10
67	14	0	4		0:6	0:3;0:6	0:6
67	14	0	5	0:7;0:10		0:6;0:8;0:10	0:6;0:8;0:10
67	14	0	6	0:4;0:5;0:6;0:9;0:10	0:4;0:5;0:6;0:8;0:9;0:10	0:2;0:3;0:6;0:8;0:10	0:4;0:6;0:7;0:8;0:10
67	14	0	7	0:7;0:8;0:10	0:0;0:6;0:8	0:5;0:7;0:8;0:10	0:1;0:10
67	14	0	8	0:5;0:6;0:7;0:8;0:10	0:5;0:6;0:8	0:0;0:7;0:8;0:10	0:2;0:6;0:7;0:8;0:10
67	14	0	9		0:10	0:6	0:6
67	14	0	10	0:0;0:5;0:6;0:7;0:8;0:10	0:2;0:3;0:5;0:6;0:7;0:8;0:10	0:1;0:2;0:3;0:5;0:6;0:7;0:8;0:10	0:0;0:2;0:3;0:6;0:9;0:10
67	39	0	0	0:0	0:0	0:0;0:3;0:4	0:0
67	39	0	1	0:3;0:4	0:2		0:2
67	39	0	2	0:5	0:1	0:6	0:1
67	39	0	3	0:0;0:4;0:6	0:3;0:5	0:1	0:3;0:6
67	39	0	4	0:0		0:1;0:3	
67	39	0	5			0:2	0:3
67	39	0	6	0:2;0:6	0:3;0:6	0:3;0:6	0:6
68	1	0	0	0:25	0:7		0:30
68	1	0	1	0:28;0:30	0:29;0:46	0:36;0:42	0:30
68	1	0	2	0:30	0:30	0:38	0:30
68	1	0	3		0:30	0:30	0:36
68	1	0	4	0:25	0:34	0:47	0:30
68	1	0	5	0:22;0:25	0:16	0:7;0:16	0:25
68	1	0	6	0:30			0:30
68	1	0	7	0:5;0:33	0:30	0:30	0:0
68	1	0	8		0:9;0:30	0:46	0:28;0:35
68	1	0	9	0:30	0:30		0:8
68	1	0	10	0:30	0:20	0:30	
68	1	0	11	0:30			
68	1	0	12		0:36	0:17	
68	1	0	13	0:20;0:36	0:30	0:30	0:17;0:44
68	1	0	14	0:29	0:45		0:42
68	1	0	15		0:30	0:30	
68	1	0	16	0:5;0:37;0:43		0:30	0:5;0:31
68	1	0	17	0:12	0:13	0:30	
68	1	1	0				
68	1	0	18	0:44	0:30		
68	1	0	19	0:30	0:22;0:30	0:25	
68	1	0	20	0:30		0:13;0:27;0:35	0:10;0:38;0:46
68	1	0	21	0:30	0:41		0:30
68	1	0	22	0:32	0:43	0:5	0:19
68	1	0	23		0:30		
68	1	0	24				0:30
68	1	0	25	0:19	0:5;0:40	0:0;0:4;0:5	
68	1	0	26	0:46	0:27		0:42
68	1	0	27	0:20		0:28	0:26
68	1	2	0				
68	1	0	28	0:27	0:8	0:1;0:30	0:30
68	1	0	29	0:30	0:36	0:14	0:1
68	1	0	30	0:3;0:7;0:10;0:13;0:15;0:16;0:17;0:28;0:30;0:34;0:39;0:42;0:45	0:0;0:1;0:2;0:4;0:6;0:21;0:24;0:28;0:30;0:32;0:35;0:39;0:42	0:1;0:2;0:6;0:9;0:10;0:11;0:19;0:20;0:21;0:29;0:30;0:32;0:37;0:40;0:41	0:2;0:3;0:7;0:8;0:9;0:13;0:15;0:18;0:19;0:23;0:30;0:40;0:43;0:47
68	1	0	31		0:16		
68	1	0	32	0:30	0:40	0:22	0:30
68	1	0	33			0:7	
68	1	0	34	0:40		0:30	0:4
68	1	0	35	0:20	0:8		0:30
68	1	0	36	0:1;0:36;0:46	0:3;0:36;0:46	0:13;0:36;0:45;0:46	0:12;0:29;0:36;0:46
68	1	0	37	0:30	0:40	0:16	0:41
68	1	0	38	0:2	0:20	0:44	
68	1	0	39			0:30	0:30
68	1	0	40	0:30	0:30	0:34;0:43	0:25;0:32;0:37
68	1	0	41	0:30	0:37		0:21
68	1	0	42	0:1	0:14;0:26	0:30	0:30
68	1	0	43	0:40	0:30	0:16	0:22
68	1	0	44	0:38	0:13	0:18	
68	1	0	45	0:36		0:30	0:14
68	1	0	46	0:8;0:36;0:46	0:20;0:36;0:46	0:26;0:36;0:46	0:1;0:36;0:46
68	1	0	47	0:4	0:30		
68	2	0	0				
68	2	1	0	1:1			
68	2	2	0		2:1		
68	2	2	1				2:0
68	2	3	0				
68	2	1	1			1:0	
68	3	0	0	0:4			0:3
68	3	0	1	0:2;0:5	0:2;0:3	0:2	0:2
68	3	0	2	0:1;0:4	0:1	0:1;0:3	0:1
68	3	0	3	0:2	0:0		0:1;0:4
68	3	0	4		0:3	0:0;0:2	
68	3	1	0				
68	3	0	5			0:1	
68	4	0	0	0:14	0:40		
68	4	0	1		0:10	0:29	0:43
68	4	0	2	0:5	0:23		0:43
68	4	0	3	0:47	0:34	0:13	0:30
68	4	0	4	0:22	0:39;0:43	0:31;0:43	0:32;0:48
68	4	0	5	0:31	0:12	0:2	0:47
68	4	0	6	0:42	0:20;0:41;0:42	0:11;0:38	0:11
68	4	0	7	0:44	0:18;0:19	0:11	0:11
68	4	0	8	0:10;0:41	0:13		0:11;0:29;0:34
68	4	0	9		0:28	0:22	0:19
68	4	0	10	0:32	0:28;0:31	0:8;0:47	0:1;0:15
68	4	0	11	0:6;0:7;0:42	0:6;0:7;0:8;0:14;0:42	0:16	0:16
68	4	0	12	0:44	0:13	0:23	0:5
68	4	0	13	0:3;0:28;0:29;0:35;0:46			0:8;0:12;0:26;0:45
68	4	0	14	0:18	0:43	0:0	0:11
68	4	0	15	0:25	0:10	0:18	0:44
68	4	0	16	0:11	0:11;0:17		
68	4	0	17	0:33	0:35	0:26	0:16
68	4	0	18	0:15	0:47	0:14;0:30;0:41	0:7;0:28
68	4	0	19		0:9	0:41	0:7;0:42
68	4	1	0				
68	4	0	20		0:36	0:42	0:6;0:28
68	4	0	21	0:48	0:43	0:42	0:42
68	4	0	22	0:9	0:31	0:4	0:41
68	4	0	23	0:12			0:2
68	4	0	24	0:40		0:40	0:43
68	4	0	25		0:32	0:15	0:36
68	4	0	26	0:17	0:13		
68	4	0	27				0:28
68	4	0	28	0:39;0:42	0:18;0:20;0:27;0:40;0:41	0:13;0:31;0:34;0:43	0:9;0:10;0:41;0:43;0:47
68	4	0	29	0:1	0:8	0:13	0:44
68	4	0	30	0:18	0:3	0:45	0:31
68	4	0	31	0:4;0:28;0:43	0:30;0:40;0:44	0:5;0:39	0:10;0:22;0:41
68	4	0	32		0:4	0:10	0:25
68	4	0	33		0:37	0:17	
68	4	0	34	0:28	0:8		0:3
68	4	0	35			0:13	0:17
68	4	0	36		0:25	0:44	0:20
68	4	0	37				0:33
68	4	0	38	0:6	0:48	0:42	
68	4	0	39	0:31	0:45	0:28	0:4
68	4	0	40	0:24;0:43;0:45		0:24	0:0;0:28;0:31
68	4	0	41	0:18;0:19;0:44	0:22;0:28;0:31;0:46	0:8;0:48	0:6;0:28
68	4	0	42	0:20;0:21;0:38	0:19;0:21;0:44	0:6;0:11;0:28	0:6;0:11
68	4	0	43	0:4;0:28;0:47	0:1;0:2;0:24;0:28	0:31;0:40;0:44	0:4;0:14;0:21;0:44
68	4	0	44	0:36;0:43	0:15;0:29;0:43	0:7;0:12;0:41;0:47	0:31;0:42
68	4	0	45	0:30	0:13	0:40	0:39
68	4	0	46			0:13	0:41
68	4	0	47	0:10;0:44	0:5;0:28	0:3;0:43	0:18
68	4	0	48	0:41	0:4	0:21	0:38
68	11	0	0	0:30	0:12	0:35	0:40
68	11	0	1	0:1;0:33;0:38	0:1;0:11;0:22	0:1;0:26;0:29	0:1;0:38
68	11	0	2	0:8;0:19	0:32	0:28	
68	11	0	3			0:4	
68	11	0	4	0:3;0:14	0:16	0:7	0:7
68	11	0	5	0:14;0:25;0:41		0:14;0:19;0:24	
68	11	0	6	0:31;0:33;0:35;0:36	0:11;0:17;0:39	0:22;0:29;0:30;0:39	0:19;0:33;0:38;0:40
68	11	0	7	0:4;0:10;0:16;0:40;0:41	0:4;0:8;0:14;0:40;0:41	0:18	
68	11	0	8	0:16	0:27	0:2	0:7
68	11	0	9	0:24		0:14	0:10
68	11	0	10		0:9;0:14;0:16;0:18;0:27;0:33;0:36;0:37;0:38	0:7;0:13;0:19;0:20;0:33;0:38	0:16
68	11	0	11	0:12;0:14	0:16;0:41	0:22;0:40	0:1;0:6
68	11	0	12	0:14;0:39;0:41		0:11;0:14;0:32	0:0;0:22;0:33
68	11	0	13	0:10	0:32	0:32	
68	11	0	14	0:5;0:9;0:12;0:16;0:41		0:4;0:5;0:11;0:12;0:32	0:7;0:10;0:19;0:25;0:31;0:35;0:40
68	11	0	15		0:15;0:16;0:28		0:15;0:27
68	11	0	16		0:10;0:20	0:7;0:8;0:14;0:21;0:23;0:35	0:4;0:10;0:11;0:15;0:17;0:36
68	11	0	17	0:41	0:16	0:39	0:6
68	11	0	18	0:7	0:33	0:40	0:10
68	11	0	19	0:5;0:10;0:19;0:25;0:40	0:6;0:14;0:22;0:32;0:35;0:39;0:41	0:2;0:19;0:25;0:33	
68	11	0	20	0:10	0:39	0:34	0:16
68	11	0	21	0:16	0:41		0:39
68	11	0	22	0:6;0:11;0:38	0:12;0:23;0:30	0:26;0:31;0:40	0:1;0:19;0:40
68	11	0	23	0:16	0:34	0:29	0:22
68	11	0	24	0:5		0:9	
68	11	0	25	0:19;0:25	0:14;0:31;0:32;0:36;0:39	0:5;0:19;0:25;0:33	
68	11	0	26	0:1;0:22;0:38	0:26;0:29		0:26;0:29;0:39
68	11	0	27		0:15;0:28	0:32	0:8;0:10
68	11	0	28	0:2			0:15;0:27
68	11	0	29	0:1;0:6;0:23	0:26;0:32;0:40		0:26;0:39
68	11	0	30	0:6	0:39	0:0	0:22
68	11	0	31	0:22	0:14	0:6	0:25
68	11	0	32	0:12;0:13;0:14;0:27;0:34;0:39			0:2;0:13;0:19;0:25;0:29;0:34;0:39
68	11	0	33	0:10;0:19;0:25;0:40	0:6;0:12;0:35	0:1;0:6;0:39	0:10;0:18
68	11	0	34	0:20	0:32	0:32	0:23
68	11	0	35	0:0;0:16;0:36	0:14;0:35;0:38	0:6;0:39	0:19;0:33;0:35
68	11	0	36		0:16;0:41	0:6;0:35	0:10;0:25
68	11	0	37		0:38	0:40	0:10
68	11	0	38	0:10	0:1;0:6;0:39	0:1;0:22;0:26;0:39	0:10;0:35;0:37
68	11	0	39	0:6;0:17;0:33;0:35;0:38	0:21;0:26;0:29;0:32	0:12;0:32	0:6;0:19;0:20;0:25;0:30;0:38
68	11	0	40	0:11;0:18;0:22;0:37	0:0;0:6;0:14;0:22	0:7;0:19;0:33	0:7;0:29
68	11	0	41			0:5;0:7;0:12;0:14;0:17	0:7;0:11;0:19;0:21;0:36
68	15	0	0				
68	15	1	0				
68	15	2	0	2:0	2:0	2:0	2:0
68	15	3	0	3:0	3:0	3:0	3:0
68	16	0	0	0:0		0:0	
68	28	0	0				
68	38	0	0				
68	49	0	0		0:2	0:7	0:6
68	49	0	1	0:2		0:4	0:7
68	49	0	2			0:1	0:0
68	49	0	3	0:6	0:7	0:5	
68	49	0	4	0:1			
68	49	0	5	0:3			
68	49	0	6		0:0	0:3	
68	49	0	7	0:0	0:1		0:3
69	5	0	0	0:2;0:12;0:32;0:36;0:53	0:1;0:28	0:20;0:53	0:22;0:32;0:33
69	5	0	1	0:2;0:13;0:23;0:26;0:30;0:32;0:34;0:41	0:16;0:22;0:32;0:34;0:40;0:41;0:50	0:26	0:0;0:40
69	5	0	2	0:2;0:7;0:15;0:25;0:31;0:41;0:45	0:3;0:8;0:22;0:30;0:32;0:36;0:37;0:40	0:0;0:1;0:2;0:7;0:15;0:22;0:32;0:36;0:40	0:18;0:25;0:34;0:42;0:44;0:46
69	5	0	3	0:21;0:32;0:36	0:28		0:2;0:22;0:23;0:32
69	5	0	4		0:4;0:10;0:13;0:26;0:47	0:8;0:18;0:21;0:22;0:24;0:31;0:32;0:36;0:43;0:45;0:50	0:4;0:6;0:49;0:53
69	5	0	5	0:43	0:15;0:31	0:23;0:34	0:28;0:32
69	5	0	6		0:4;0:47	0:12;0:15;0:18;0:30;0:31;0:32;0:36;0:40;0:50	0:13;0:23;0:31;0:32;0:44;0:45;0:47
69	5	0	7	0:2;0:25	0:12;0:18;0:32	0:2;0:22;0:34	0:18;0:32
69	5	0	8	0:4;0:9;0:18;0:41	0:9;0:36;0:40;0:41	0:17;0:22;0:32;0:38;0:40	0:2;0:25;0:26;0:51
69	5	0	9	0:11;0:35;0:44	0:11;0:25	0:8;0:18;0:34;0:50	0:8;0:11;0:27;0:41
69	5	0	10	0:10;0:23;0:26;0:29;0:41;0:52	0:21;0:32;0:50	0:10;0:21;0:28;0:32	0:4
69	5	0	11		0:9;0:11;0:35	0:9;0:25;0:41	0:9;0:11;0:41
69	5	0	12	0:6;0:15;0:19;0:45	0:22;0:32;0:43	0:0;0:18;0:22;0:28	0:7;0:21;0:25
69	5	0	13		0:6;0:32;0:34;0:53	0:1;0:23;0:32;0:45	0:4;0:53
69	5	0	14	0:26;0:34	0:18;0:40	0:28;0:51	
69	5	0	15	0:2;0:6;0:45	0:30;0:49	0:2;0:12;0:31	0:5;0:25
69	5	0	16	0:32	0:21	0:43	0:1
69	5	0	17	0:8;0:21;0:23;0:31;0:41;0:46;0:47;0:50	0:24;0:27;0:44;0:48	0:25;0:27;0:41	0:21;0:23;0:26;0:28;0:38;0:43;0:47
69	5	0	18	0:4;0:6;0:9;0:12;0:21;0:25;0:41	0:2;0:7;0:22;0:36;0:41;0:43;0:50	0:8;0:24;0:28;0:34;0:37;0:40;0:46;0:51	0:7;0:14;0:25;0:28;0:34;0:45
69	5	0	19	0:48	0:32	0:12;0:45	0:35
69	5	0	20	0:0;0:40			0:22;0:28;0:32
69	5	0	21	0:4;0:10;0:32;0:47;0:53	0:12;0:17;0:21;0:31;0:45	0:3;0:17;0:18;0:24;0:34	0:10;0:16;0:21;0:23;0:28;0:32;0:47;0:50
69	5	0	22	0:2;0:4;0:7;0:8;0:12;0:25;0:34;0:47;0:49	0:0;0:3;0:20;0:22;0:30;0:34;0:40;0:53		0:1;0:2;0:12;0:18;0:22;0:28;0:32;0:51
69	5	0	23	0:5;0:13;0:26;0:32	0:3;0:6;0:17;0:21;0:32;0:34;0:41;0:43	0:1;0:10;0:17;0:28;0:32;0:42;0:51	0:51
69	5	0	24	0:4;0:18;0:21;0:41;0:45	0:27;0:44;0:45	0:27	0:17;0:39;0:43;0:46
69	5	0	25	0:11;0:17;0:27;0:35;0:44;0:48	0:2;0:8;0:12;0:15;0:18	0:2;0:7;0:18;0:22;0:40;0:44	0:9;0:41
69	5	0	26	0:1;0:28;0:51	0:8;0:17;0:32;0:34;0:42;0:43;0:53	0:1;0:10;0:14;0:23;0:28;0:32;0:44	0:4;0:49
69	5	0	27	0:17;0:24;0:27;0:39;0:44	0:9;0:27;0:35;0:39;0:44;0:48	0:25;0:27;0:35;0:41	0:17;0:24;0:27;0:41
69	5	0	28	0:10;0:12;0:14;0:18;0:23;0:26;0:34;0:41;0:46;0:50	0:5;0:17;0:18;0:20;0:21;0:22;0:32;0:33;0:40;0:41	0:26	0:0;0:3
69	5	0	29		0:32	0:10	
69	5	0	30	0:6;0:32;0:36;0:53		0:1;0:32;0:36	0:2;0:15;0:22;0:32;0:44
69	5	0	31	0:4;0:6;0:15;0:32;0:41;0:49	0:6;0:32;0:36;0:41;0:53	0:2;0:17;0:40;0:46	0:5;0:21;0:44;0:50
69	5	0	32	0:2;0:4;0:6;0:8;0:10;0:13;0:23;0:26;0:30;0:32;0:34;0:36;0:41;0:45;0:47;0:49;0:52;0:53	0:0;0:3;0:5;0:6;0:7;0:20;0:21;0:22;0:30;0:32;0:34;0:36;0:40;0:41;0:42;0:49;0:50;0:53	0:0;0:1;0:3;0:16;0:21;0:23;0:30;0:31;0:32;0:36;0:38;0:40;0:42;0:43;0:45	0:1;0:2;0:7;0:10;0:12;0:13;0:19;0:23;0:26;0:28;0:29;0:31;0:32;0:45;0:50;0:52
69	5	0	33	0:41;0:42;0:43	0:0;0:34		0:28;0:51
69	5	0	34	0:5;0:7;0:9;0:18;0:21;0:41;0:43;0:44	0:2;0:18;0:41;0:43;0:53	0:1;0:14;0:22;0:28;0:32	0:1;0:13;0:22;0:23;0:26;0:32;0:33;0:51
69	5	0	35	0:27	0:19;0:48	0:9;0:25;0:46;0:48	0:11;0:27
69	5	0	36	0:2;0:4;0:6;0:30;0:32;0:36;0:53		0:0;0:3;0:30;0:32;0:36;0:40;0:44;0:45	0:2;0:8;0:18;0:31;0:32;0:37;0:43;0:45;0:48
69	5	0	37	0:18	0:36	0:51	0:2
69	5	0	38	0:8;0:32	0:17;0:45	0:41;0:44	0:44
69	5	0	39	0:44	0:24	0:27	0:27
69	5	0	40	0:2;0:6;0:8;0:18;0:25;0:31;0:32;0:36;0:50;0:53	0:1;0:51	0:20	0:1;0:2;0:8;0:14;0:22;0:28;0:32;0:51
69	5	0	41	0:11;0:17;0:27;0:38;0:44	0:9;0:11;0:25;0:27;0:44	0:1;0:2;0:8;0:10;0:17;0:18;0:24;0:28;0:31;0:32;0:33;0:34;0:44	0:1;0:8;0:18;0:23;0:28;0:31;0:32;0:34;0:46
69	5	0	42	0:23;0:32	0:2;0:45	0:33;0:44	0:26;0:32
69	5	0	43	0:4;0:16;0:32;0:47	0:17;0:24;0:36;0:44;0:45	0:5;0:33;0:34;0:48	0:12;0:18;0:23;0:26;0:34;0:44
69	5	0	44	0:25;0:26;0:36;0:38;0:41;0:42;0:45;0:50;0:53	0:2;0:6;0:30;0:31;0:38;0:43;0:45;0:53	0:9;0:25;0:27;0:34;0:39;0:41;0:48	0:17;0:24;0:27;0:41;0:43
69	5	0	45	0:4;0:13;0:19;0:32;0:36;0:49;0:53	0:6;0:18;0:32;0:36;0:53	0:2;0:12;0:15;0:24;0:32;0:44	0:21;0:24;0:38;0:42;0:43;0:44;0:48
69	5	0	46	0:18;0:31;0:35	0:2;0:24;0:41	0:17;0:28	0:51
69	5	0	47		0:6;0:17;0:21;0:49;0:53	0:17;0:21;0:22;0:32;0:43	0:4;0:6;0:49
69	5	0	48	0:35;0:43;0:44	0:36;0:45	0:19;0:25	0:17;0:27;0:35
69	5	0	49		0:4;0:26;0:47	0:22;0:31;0:32;0:45	0:15;0:32;0:47;0:50
69	5	0	50	0:4;0:6;0:9	0:21;0:31;0:32;0:49	0:17;0:28;0:40;0:44;0:51	0:1;0:10;0:18;0:32
69	5	0	51	0:14;0:18;0:23;0:37;0:50	0:8;0:22;0:23;0:33;0:34;0:40;0:46	0:26	0:40
69	5	0	52		0:32	0:10;0:32	
69	5	0	53	0:0	0:4;0:13	0:0;0:21;0:30;0:32;0:36;0:40;0:44;0:45	0:13;0:22;0:26;0:31;0:32;0:34;0:44;0:45;0:47
69	6	0	0	0:14;0:28	0:8;0:25;0:28	0:5;0:21;0:27;0:28	0:6;0:11;0:16;0:20
69	6	0	1	0:3	0:18	0:23	
69	6	0	2	0:28		0:11	0:11
69	6	0	3			0:1	0:8
69	6	0	4	0:13	0:13;0:14	0:12;0:16	0:21
69	6	0	5	0:0;0:21	0:7	0:21	0:8;0:16
69	6	0	6		0:0	0:28	
69	6	1	0				
69	6	0	7	0:14;0:21;0:28	0:8;0:11;0:12;0:21;0:27	0:21;0:27	0:5;0:11;0:16
69	6	0	8	0:11;0:26	0:3;0:5	0:19;0:25;0:28	0:0;0:7;0:24;0:27
69	6	0	9	0:12			0:21
69	6	0	10	0:18	0:11	0:21	0:23
69	6	0	11	0:2	0:0;0:2;0:7	0:8;0:21	0:7;0:10;0:21
69	6	0	12	0:4;0:20	0:15;0:27	0:9;0:15;0:27	0:7;0:16
69	6	0	13	0:21;0:27	0:20;0:21	0:4;0:15;0:21	0:4;0:16
69	6	0	14	0:28		0:0;0:7	0:4;0:28
69	6	0	15	0:12;0:13	0:21;0:27	0:21;0:27	0:12;0:21
69	6	0	16	0:4;0:16;0:21;0:25;0:26	0:0;0:5;0:7;0:12;0:13;0:16;0:21	0:16;0:21	0:16;0:20;0:21
69	6	0	17	0:20			
69	6	0	18			0:10;0:22	0:1;0:21
69	6	0	19	0:8			0:27
69	6	0	20	0:28	0:0;0:16;0:21;0:27	0:12;0:17;0:27	0:13
69	6	0	21	0:0;0:5;0:7;0:10;0:11;0:13;0:15;0:16;0:21;0:25	0:4;0:9;0:11;0:15;0:16;0:18;0:21;0:27	0:5;0:7;0:13;0:16;0:21	0:7;0:13;0:15;0:16;0:20;0:21;0:25;0:27
69	6	0	22	0:18			
69	6	0	23	0:1	0:10		
69	6	0	24		0:8		
69	6	0	25	0:8;0:27	0:21;0:25	0:16;0:21	0:0;0:25
69	6	0	26			0:8;0:16	
69	6	0	27	0:0;0:7;0:12;0:15;0:20	0:8;0:19;0:21	0:13;0:25	0:7;0:12;0:15;0:20;0:21;0:28
69	6	2	0				
69	6	0	28	0:0;0:6;0:8	0:14;0:27	0:0;0:2;0:7;0:14;0:20	0:0
69	48	0	0	0:32	0:32	0:47	
69	48	0	1	0:32;0:33;0:47	0:33;0:54	0:32;0:54	0:42;0:47
69	48	0	2	0:21;0:35;0:44	0:11;0:20;0:24	0:23;0:24;0:45	0:11;0:21;0:40
69	48	0	3	0:32;0:33	0:27		0:32
69	48	0	4	0:32	0:21		
69	48	0	5	0:5;0:16;0:25	0:5;0:18;0:21;0:31;0:49	0:5;0:21	0:5;0:16;0:31
69	48	0	6	0:32		0:54	0:47
69	48	0	7	0:24;0:41	0:21;0:23	0:21	0:12;0:23;0:24
69	48	0	8	0:50	0:21	0:21	0:50
69	48	0	9	0:47	0:32	0:32	
69	48	0	10	0:34	0:25	0:26	0:32
69	48	0	11	0:21;0:43	0:2;0:21	0:24;0:41	0:2;0:24
69	48	0	12	0:20;0:24	0:7;0:24	0:21	0:23
69	48	0	13	0:33;0:47	0:32;0:33		
69	48	0	14		0:43	0:24	0:35
69	48	1	0				
69	48	0	15		0:30	0:50	0:50
69	48	0	16	0:25	0:5;0:16;0:25	0:5;0:31	0:16;0:26;0:49
69	48	0	17	0:27	0:33	0:47	
69	48	0	18	0:21	0:31	0:21;0:48	0:5;0:21
69	48	0	19	0:27	0:32		
69	48	0	20	0:21	0:20	0:12;0:24	0:2;0:20
69	48	0	21	0:5;0:7;0:8;0:12;0:18;0:21;0:22;0:23;0:31;0:35;0:37;0:38;0:39;0:49;0:54	0:2;0:18;0:21;0:23;0:26;0:27;0:31;0:43;0:44;0:45;0:46;0:49	0:2;0:11;0:18;0:20;0:21;0:22;0:25;0:34;0:35;0:42;0:43;0:44;0:46;0:49;0:53	0:4;0:5;0:7;0:8;0:11;0:21;0:22;0:25;0:30;0:31;0:34;0:35;0:37;0:41;0:44;0:46
69	48	0	22	0:21;0:25	0:21	0:21	0:26;0:31;0:49
69	48	0	23	0:2;0:24;0:45	0:7;0:12	0:21	0:7;0:21
69	48	0	24	0:2;0:11;0:14;0:20;0:24;0:45	0:7;0:11;0:24;0:41	0:7;0:12;0:23;0:24;0:41	0:2;0:12;0:24;0:39;0:45
69	48	0	25	0:21;0:51	0:21;0:49	0:5;0:16;0:22;0:31;0:49	0:10;0:16;0:49
69	48	0	26	0:10	0:16;0:22		0:21
69	48	0	27	0:46;0:47;0:50	0:32;0:34;0:35;0:40	0:17;0:19	0:3;0:21;0:29
69	48	0	28			0:32	0:47
69	48	0	29	0:32	0:27		0:40
69	48	0	30		0:21	0:50	0:15;0:50
69	48	0	31	0:16;0:25;0:49	0:5;0:21;0:22	0:21;0:32;0:49	0:5;0:18;0:21
69	48	0	32	0:1;0:9;0:28;0:31;0:32;0:33;0:36;0:46	0:3;0:10;0:32;0:33;0:34;0:36;0:50;0:52;0:54	0:0;0:1;0:3;0:4;0:6;0:29;0:32;0:38;0:40;0:51;0:54	0:0;0:9;0:13;0:19;0:27;0:32;0:43;0:47;0:51
69	48	0	33	0:34;0:52	0:35	0:1;0:3;0:13;0:32;0:40;0:50;0:52	0:1;0:13;0:17;0:32;0:36;0:50
69	48	0	34	0:21;0:34	0:21	0:10;0:33;0:34;0:36	0:27;0:32;0:42;0:47
69	48	0	35	0:21	0:14;0:21	0:2;0:21	0:27;0:33;0:50
69	48	0	36	0:34	0:33	0:32	0:32
69	48	0	37	0:50	0:21	0:21	0:38
69	48	0	38	0:32;0:50	0:37	0:21	
69	48	0	39	0:40	0:24	0:21	
69	48	0	40	0:32;0:33	0:2;0:29	0:39	0:27
69	48	0	41	0:11;0:24	0:21	0:7	0:24;0:45
69	48	0	42	0:21	0:1;0:34	0:47	
69	48	0	43	0:21	0:32;0:54	0:11	0:14;0:21
69	48	0	44	0:21	0:21	0:2	0:21;0:53
69	48	0	45	0:2	0:24;0:41	0:23;0:24	0:21
69	48	0	46	0:21;0:53	0:21	0:27;0:32	0:21
69	48	0	47	0:0;0:17;0:42	0:1;0:6;0:28;0:32;0:34	0:1;0:9;0:13;0:27;0:51	0:48
69	48	0	48	0:18	0:47		
69	48	0	49	0:21;0:25;0:31;0:49	0:16;0:22;0:25;0:53	0:21;0:31;0:49	0:5;0:21;0:25
69	48	0	50	0:15;0:30;0:33;0:50	0:8;0:15;0:30;0:33;0:35;0:50	0:8;0:27;0:37;0:38;0:50	0:32;0:50
69	48	0	51	0:32;0:47	0:32;0:54	0:25	
69	48	0	52	0:33		0:33	0:32
69	48	0	53	0:21	0:44	0:46	0:49
69	48	0	54	0:1;0:6;0:32		0:21	0:1;0:32;0:43;0:51
70	1	0	0	0:23;0:33	0:9;0:28;0:33	0:13;0:19;0:35	0:3;0:28;0:35
70	1	0	1	0:9		0:9	
70	1	0	2	0:6;0:9;0:17;0:33	0:9;0:20;0:28;0:33	0:4;0:6;0:18	0:14;0:18;0:24
70	1	0	3	0:19	0:0	0:31	0:35
70	1	0	4	0:2;0:14	0:9;0:22;0:32	0:6	
70	1	0	5	0:35	0:35	0:9	0:21
70	1	0	6	0:2;0:4;0:29	0:9;0:15;0:28;0:34	0:2;0:9;0:15;0:17;0:28;0:32;0:34	0:9;0:29;0:33
70	1	0	7	0:9	0:35	0:30	0:9
70	1	0	8		0:24		0:22
70	1	0	9	0:1;0:5;0:6;0:9;0:12;0:13;0:16;0:32;0:33	0:6;0:7;0:9;0:12;0:15;0:17;0:20;0:26;0:28;0:30;0:33	0:1;0:2;0:7;0:9;0:10;0:14;0:15;0:17;0:18;0:20;0:25;0:28;0:32	0:0;0:2;0:4;0:6;0:9;0:13;0:17;0:19;0:23;0:32
70	1	0	10	0:9	0:35	0:35	0:15
70	1	0	11	0:35	0:35		0:12
70	1	0	12	0:35	0:11;0:35	0:9	0:9;0:30
70	1	0	13	0:0;0:19	0:9	0:9	0:26;0:28;0:31
70	1	0	14	0:9;0:20	0:2;0:26	0:4;0:28	
70	1	0	15	0:6;0:9	0:10;0:35	0:35	0:6;0:9
70	1	0	16			0:9	
70	1	0	17	0:6;0:9;0:17;0:32	0:9	0:2;0:17	0:9
70	1	0	18	0:2;0:9	0:2;0:18;0:24		0:18;0:20;0:24
70	1	0	19	0:0;0:30	0:9	0:3;0:13	0:28;0:31
70	1	0	20	0:9;0:33	0:18	0:14;0:33	0:2;0:9
70	1	0	21	0:35	0:5		0:35
70	1	0	22		0:8		0:4
70	1	0	23	0:33	0:9	0:0	0:35
70	1	0	24	0:33	0:2;0:18		0:8;0:18
70	1	0	25	0:9		0:35	0:35
70	1	0	26	0:28;0:35	0:13;0:35	0:27	0:9;0:14
70	1	0	27	0:26	0:31	0:35	0:28
70	1	0	28	0:6;0:9;0:14;0:32	0:0;0:13;0:19;0:27;0:35	0:26;0:35	0:0;0:2;0:6;0:9
70	1	0	29		0:6	0:6;0:33	0:33
70	1	0	30	0:7	0:12	0:19	0:9
70	1	0	31	0:3;0:35	0:13;0:19	0:35	0:27;0:35
70	1	0	32	0:6;0:9	0:9	0:9;0:17;0:28	0:4
70	1	0	33	0:20;0:29	0:6;0:29	0:0;0:2;0:9;0:20;0:23;0:24	0:0;0:2;0:9
70	1	0	34	0:6	0:35		0:6
70	1	0	35	0:0;0:10;0:15;0:25;0:27;0:28;0:31;0:35	0:0;0:3;0:21;0:23;0:25;0:31;0:35	0:5;0:11;0:12;0:21;0:26;0:31;0:35	0:5;0:7;0:10;0:11;0:12;0:15;0:26;0:28;0:34;0:35
70	2	0	0	0:0	0:0	0:0	0:0
70	3	0	0				
70	4	0	0	0:9;0:30;0:50;0:61;0:72;0:73	0:0;0:9;0:11;0:23;0:36;0:38;0:50	0:16;0:17;0:24;0:27;0:54;0:61;0:64	0:0;0:2;0:26;0:61
70	4	0	1	0:4;0:20;0:32;0:39;0:40;0:46;0:55;0:62	0:54	0:4;0:14	0:3;0:10;0:32;0:39;0:47;0:60
70	4	0	2	0:9;0:15;0:35;0:41;0:42;0:50;0:53;0:59;0:61;0:72;0:73	0:0;0:9;0:11;0:15;0:23;0:25;0:36;0:50;0:51;0:53;0:70;0:72;0:73	0:7;0:16;0:17;0:18;0:20;0:22;0:27;0:31;0:54;0:56;0:61;0:64;0:69	0:16;0:17;0:20;0:22;0:27;0:46;0:49;0:54;0:64;0:69;0:70
70	4	0	3	0:25	0:1;0:62	0:55;0:62	0:18
70	4	0	4	0:1	0:12	0:1;0:11;0:21;0:25;0:30;0:33;0:37;0:39;0:47;0:53;0:63;0:67;0:72	0:11;0:25;0:37;0:39;0:47;0:53;0:59;0:72;0:73
70	4	0	5	0:8;0:26	0:54	0:29;0:44	0:54
70	4	0	6		0:54	0:39;0:47	0:25;0:59
70	4	0	7	0:2	0:32	0:39;0:62	0:25;0:39
70	4	0	8	0:31;0:35;0:42;0:50;0:59	0:13;0:32;0:63	0:5;0:24;0:41;0:57;0:60	0:12;0:27;0:54
70	4	0	9	0:9;0:30;0:41;0:61;0:72;0:73	0:9;0:18;0:19;0:23;0:25;0:30;0:41;0:51;0:72;0:73	0:0;0:2;0:9;0:35;0:50	0:0;0:2;0:9;0:35;0:48;0:50;0:61
70	4	0	10	0:11;0:36;0:38;0:58;0:67	0:1;0:17;0:33	0:14	0:16;0:54;0:66;0:68
70	4	0	11	0:4;0:21;0:47	0:4;0:20	0:10;0:42	0:0;0:2
70	4	0	12	0:52;0:54	0:8;0:15;0:27;0:31;0:42;0:53;0:58;0:59;0:61;0:72	0:17;0:22;0:26;0:27;0:54;0:61;0:69	0:4;0:44;0:45
70	4	0	13	0:65;0:72	0:72	0:48;0:66	0:8;0:18
70	4	0	14	0:1;0:10;0:54;0:64	0:22;0:54;0:56	0:44	
70	4	0	15	0:20;0:46	0:51;0:61;0:72;0:73	0:2	0:2;0:12;0:66
70	4	0	16	0:0;0:2;0:56	0:2;0:10;0:64	0:44	0:44
70	4	0	17	0:0;0:2;0:12;0:27;0:35;0:50	0:2;0:27;0:35;0:50;0:53;0:64	0:25;0:30;0:37;0:39;0:46;0:47;0:63;0:72	0:10;0:18;0:39;0:47;0:59;0:62;0:72;0:73
70	4	0	18	0:2;0:31;0:35;0:50;0:61	0:3;0:13;0:17;0:32	0:23;0:36;0:41;0:51	0:9;0:31;0:35;0:61
70	4	0	19	0:19;0:21;0:39;0:43;0:47	0:39;0:43;0:45;0:55;0:62	0:19;0:38;0:72	0:9
70	4	0	20	0:2;0:27;0:31;0:63	0:2;0:27;0:31;0:51;0:68;0:69	0:1;0:15;0:34;0:39;0:46;0:53;0:62;0:73	0:11;0:37;0:39;0:47;0:53;0:62;0:72;0:73
70	4	0	21	0:4;0:21;0:39;0:46;0:47;0:48	0:54	0:11;0:19;0:21;0:33;0:40;0:53	0:41;0:43;0:47;0:51;0:62;0:72
70	4	0	22	0:2;0:12;0:22;0:27;0:31;0:54;0:69	0:2;0:26;0:27;0:31;0:35;0:36;0:42;0:57	0:22;0:27;0:31;0:54;0:56	0:14
70	4	0	23	0:18;0:25	0:39;0:47;0:49;0:62	0:32;0:36;0:41;0:51	0:0;0:2;0:9;0:31;0:35;0:50;0:61
70	4	0	24	0:0;0:8		0:28;0:51;0:58	0:27;0:54
70	4	0	25	0:4;0:17;0:39;0:47;0:62;0:66	0:4;0:6;0:7;0:33;0:40;0:46;0:47;0:49;0:66	0:3;0:23;0:32;0:36;0:41;0:42;0:51;0:65	0:2;0:9;0:30;0:31;0:35;0:50
70	4	0	26	0:12;0:50;0:53	0:0;0:31	0:5;0:64;0:69	0:22;0:56;0:63
70	4	0	27	0:0;0:2;0:12;0:22;0:27;0:31;0:59;0:63;0:69;0:71	0:2;0:8;0:24;0:27;0:31;0:35;0:42;0:50;0:53;0:61	0:17;0:20;0:22;0:27;0:31;0:54;0:61;0:64;0:69	0:12;0:17;0:20;0:22;0:27;0:31;0:40;0:46;0:49;0:54;0:56;0:64;0:66;0:69
70	4	0	28	0:24;0:67			
70	4	0	29	0:5			
70	4	0	30	0:4;0:17;0:46;0:47;0:55	0:25;0:72	0:0;0:9;0:50	0:9;0:50;0:61
70	4	0	31	0:2;0:22;0:27;0:31;0:42	0:18;0:23;0:25;0:27;0:41;0:51;0:53;0:61	0:8;0:18;0:20;0:22;0:27;0:31;0:35;0:54;0:61;0:70	0:12;0:20;0:22;0:26;0:27;0:46;0:48;0:54;0:63;0:69
70	4	0	32	0:23;0:25	0:1;0:62;0:66	0:1;0:39;0:47;0:62	0:7;0:8;0:18
70	4	0	33	0:4;0:21		0:44	0:10;0:25;0:53
70	4	0	34	0:20	0:48		
70	4	0	35	0:9;0:31;0:41;0:50;0:72	0:9;0:18;0:23;0:25;0:72;0:73	0:2;0:8;0:17;0:18;0:50	0:17;0:22;0:27;0:63
70	4	0	36	0:18;0:23;0:25	0:39;0:47;0:63	0:10;0:38;0:51;0:71	0:0;0:2;0:22
70	4	0	37	0:4;0:17;0:47;0:62	0:4;0:20;0:46;0:48	0:47;0:62	0:47;0:51
70	4	0	38	0:19;0:36	0:39;0:43	0:10;0:51	0:0
70	4	0	39	0:4;0:6;0:7;0:17;0:20;0:32;0:39;0:49;0:62;0:66	0:1;0:4;0:7;0:17;0:20;0:39;0:46;0:55;0:63	0:1;0:19;0:21;0:25;0:39;0:47;0:49;0:53;0:62;0:63;0:72	0:19;0:23;0:36;0:38;0:39;0:41;0:42;0:47;0:51;0:62;0:72
70	4	0	40	0:21;0:46	0:27	0:1;0:63	0:25
70	4	0	41	0:8;0:18;0:23;0:25	0:21;0:39;0:43;0:47;0:49;0:63	0:2;0:9;0:35;0:50	0:9;0:31;0:50;0:61
70	4	0	42	0:11;0:25;0:58	0:39;0:47;0:62	0:2;0:8;0:31	0:12;0:22;0:27
70	4	0	43	0:43;0:47;0:62	0:21;0:62	0:19;0:43;0:62	0:19;0:38;0:41;0:51
70	4	0	44	0:5;0:14;0:16;0:33;0:54	0:12;0:16;0:54;0:56;0:60	0:72	
70	4	0	45		0:12	0:47;0:55;0:62	0:19;0:47
70	4	0	46	0:17;0:20;0:66	0:2;0:27;0:31;0:71	0:1;0:15;0:21;0:30;0:40;0:47;0:62;0:73	0:25;0:37;0:39;0:53;0:62;0:73
70	4	0	47	0:4;0:6;0:17;0:32;0:37;0:39;0:45;0:46;0:51;0:62	0:1;0:4;0:17;0:20;0:21;0:37;0:39;0:45;0:62;0:63	0:11;0:19;0:21;0:25;0:30;0:37;0:43;0:62;0:72	0:23;0:25;0:36;0:41;0:42;0:57;0:72;0:73
70	4	0	48	0:13;0:49;0:69	0:9;0:31;0:68	0:21;0:49;0:54	0:34;0:37
70	4	0	49	0:39;0:48;0:62;0:66	0:2;0:27;0:53;0:67	0:39;0:48;0:66;0:72	0:23;0:25;0:41;0:62
70	4	0	50	0:9;0:30;0:35;0:41;0:61;0:72;0:73	0:9;0:23;0:25;0:30;0:41;0:51;0:65;0:72;0:73	0:0;0:2;0:8;0:17;0:18;0:26;0:35	0:0;0:2;0:17;0:27
70	4	0	51	0:18;0:23;0:24;0:25;0:36;0:38;0:57	0:21;0:37;0:39;0:43;0:62;0:66	0:47;0:53;0:59;0:72;0:73	0:2;0:9;0:15;0:20;0:31;0:50;0:61
70	4	0	52		0:69	0:12	
70	4	0	53	0:4;0:20;0:21;0:39;0:51	0:4;0:20;0:33;0:46;0:66	0:2;0:26;0:61;0:68	0:2;0:12;0:17;0:27;0:31;0:49
70	4	0	54	0:0;0:2;0:12;0:22;0:27;0:31;0:48;0:56;0:63;0:69	0:2;0:5;0:8;0:10;0:24;0:27;0:31;0:54;0:59;0:61;0:64;0:69;0:70;0:71	0:12;0:14;0:22;0:44	0:1;0:5;0:6;0:14;0:21;0:44;0:54;0:60
70	4	0	55	0:3;0:45;0:55		0:1;0:30;0:55	0:19;0:39;0:67;0:72
70	4	0	56	0:2;0:22;0:56	0:26;0:27	0:16;0:54;0:56	0:14;0:44
70	4	0	57	0:8	0:47;0:62	0:51	0:22;0:61
70	4	0	58	0:24		0:10;0:42	0:12
70	4	0	59	0:51	0:4;0:6;0:17	0:2;0:8;0:27;0:61	0:12;0:54
70	4	0	60	0:8;0:70	0:1;0:54		0:44
70	4	0	61	0:0;0:2;0:12;0:27;0:31;0:53;0:59;0:63	0:0;0:9;0:18;0:23;0:30;0:41;0:51;0:57;0:61;0:72	0:0;0:2;0:9;0:18;0:50	0:12;0:15;0:27;0:31;0:54;0:61;0:63
70	4	0	62	0:3;0:7;0:20;0:32;0:37;0:39;0:43;0:45;0:46;0:47;0:62	0:17;0:20;0:21;0:39;0:46;0:49;0:62;0:63;0:66	0:1;0:25;0:37;0:39;0:43;0:47;0:49;0:62;0:63	0:3;0:19;0:23;0:32;0:42;0:43;0:47;0:51;0:57;0:62;0:72
70	4	0	63	0:4;0:17;0:39;0:40;0:62;0:66	0:26;0:31;0:35;0:61;0:72	0:20;0:27;0:54;0:61;0:70	0:8;0:36;0:39;0:41;0:47;0:62
70	4	0	64	0:0;0:2;0:26;0:27	0:2;0:27	0:14	0:16;0:17;0:54;0:68
70	4	0	65	0:25		0:13	0:50
70	4	0	66	0:13;0:49	0:10;0:15;0:27	0:25;0:39;0:46;0:49;0:63;0:73	0:25;0:32;0:51;0:53;0:62;0:73
70	4	0	67	0:4	0:55	0:10;0:28	0:49;0:68
70	4	0	68	0:53	0:10;0:64;0:67		0:20;0:48
70	4	0	69	0:2;0:12;0:26;0:27	0:2;0:27;0:31	0:22;0:27;0:48;0:54	0:20;0:52;0:54
70	4	0	70	0:31;0:63	0:2	0:60	0:2;0:54
70	4	0	71	0:36		0:27	0:46;0:54
70	4	0	72	0:4;0:17;0:19;0:39;0:44;0:47;0:49;0:51	0:4;0:17;0:20;0:21;0:39;0:47;0:55;0:62	0:0;0:2;0:9;0:13;0:35;0:50	0:2;0:9;0:12;0:13;0:15;0:30;0:35;0:50;0:61;0:63
70	4	0	73	0:20;0:46;0:51;0:66	0:4;0:17;0:20;0:46;0:47;0:66	0:0;0:2;0:9;0:50	0:2;0:9;0:15;0:35;0:50
70	6	0	0		0:3		0:2
70	6	1	0				
70	6	0	1		0:3		
70	6	2	0				
70	6	0	2		0:0;0:2		0:2;0:3
70	6	0	3		0:2		0:0;0:1
70	7	0	0				0:1
70	7	0	1	0:6	0:0	0:6	0:7
70	7	0	2		0:4	0:6	
70	7	0	3	0:6			0:4;0:6
70	7	0	4	0:4;0:6	0:3;0:5	0:4;0:5	0:2;0:6
70	7	0	5	0:4			0:4
70	7	0	6	0:1;0:2	0:3;0:4	0:1;0:3;0:4	
70	7	0	7		0:1		
70	16	0	0				
70	23	0	0	0:1		0:7	
70	23	0	1	0:1;0:2		0:0;0:1	
70	23	0	2		0:5	0:1	
70	23	0	3	0:4			
70	23	0	4	0:8		0:3	
70	23	0	5		0:5;0:6		0:2;0:5
70	23	0	6			0:8	0:5
70	23	0	7	0:0			
70	23	0	8	0:6;0:8		0:4;0:8	
70	26	0	0	0:0	0:0	0:0	0:0
70	28	0	0				
70	29	0	0	0:0;0:3		0:0;0:1	
70	29	1	0	1:2		1:1	
70	29	1	1	1:0			1:3
70	29	1	2			1:0	
70	29	0	1	0:0			0:2
70	29	2	0	2:2		2:3	
70	29	0	2		0:1;0:2;0:4		0:2;0:3;0:4
70	29	2	1				2:3
70	29	2	2			2:0	
70	29	0	3		0:2	0:0	
70	29	1	3		1:1		
70	29	0	4		0:2		0:2
70	29	2	3	2:0	2:1		
70	32	0	0	0:1			
70	32	0	1			0:0	
70	38	0	0		0:0		0:0
70	49	0	0			0:1	0:4
70	49	0	1	0:0			
70	49	0	2		0:4	0:3	
70	49	0	3	0:2			
70	49	0	4		0:0		0:2
71	1	0	0	0:13;0:26	0:25;0:26	0:5;0:13;0:20;0:22	0:5;0:8;0:15
71	1	0	1	0:4	0:8;0:15;0:29;0:44	0:4;0:34	
71	1	0	2		0:4	0:13;0:44;0:53	0:4
71	1	0	3	0:24;0:57	0:28;0:41;0:57	0:4	0:7
71	1	0	4	0:1;0:3;0:4;0:10;0:13;0:14;0:15;0:20;0:36;0:38;0:44;0:48;0:53;0:56	0:2;0:4;0:6;0:9;0:12;0:17;0:18;0:20;0:21;0:26;0:34;0:47;0:50;0:53	0:1;0:4;0:8;0:18;0:24;0:25;0:32;0:33;0:34;0:36;0:40;0:45;0:47;0:56;0:58	0:2;0:4;0:9;0:19;0:25;0:38;0:40;0:43;0:48;0:49;0:51;0:56
71	1	0	5	0:0;0:5;0:29;0:37;0:51;0:54	0:0;0:5;0:8;0:13;0:15;0:19;0:29;0:31;0:44;0:51;0:52	0:5;0:6;0:10;0:13;0:20;0:26;0:31;0:44;0:52;0:53;0:59	0:5;0:20;0:26;0:30;0:31;0:53;0:59
71	1	0	6	0:5;0:18	0:53		0:4
71	1	0	7	0:47	0:3	0:9	
71	1	0	8	0:4;0:27	0:0;0:29;0:37;0:56	0:10;0:20;0:44	0:1;0:5;0:18;0:37;0:53
71	1	0	9	0:7	0:4		0:4
71	1	0	10	0:5;0:8;0:16;0:18;0:54		0:4;0:50;0:56	
71	1	0	11		0:43		0:45
71	1	0	12			0:53	0:4
71	1	0	13	0:0;0:2;0:5;0:18;0:29;0:37;0:52	0:20;0:22	0:0;0:4	0:5;0:18;0:20;0:53
71	1	0	14	0:25		0:4	0:20
71	1	0	15	0:23	0:0;0:31;0:56	0:4	0:1;0:5;0:18;0:20;0:36
71	1	0	16	0:18		0:10	
71	1	0	17	0:42			0:4
71	1	0	18	0:4;0:20;0:23;0:36;0:38	0:8;0:13;0:15;0:19;0:29;0:37;0:44	0:6;0:10;0:13;0:16;0:20;0:26;0:31;0:44	0:4;0:29
71	1	0	19		0:4;0:53	0:35;0:51	0:5;0:18
71	1	0	20	0:0;0:5;0:8;0:18;0:29;0:52	0:5;0:13;0:14;0:15;0:44;0:56	0:4;0:18	0:4;0:13;0:34;0:44
71	1	0	21	0:26			0:4
71	1	0	22	0:0	0:53		0:13;0:44
71	1	0	23			0:15;0:18	0:29
71	1	0	24	0:4	0:33;0:57	0:3;0:57	
71	1	0	25	0:4	0:4	0:14;0:51;0:56	0:0;0:32
71	1	0	26	0:5;0:18;0:30	0:5;0:35;0:52;0:60	0:0;0:21;0:27;0:53;0:54	0:0;0:4;0:29
71	1	0	27	0:26;0:59	0:52;0:53;0:59	0:8	
71	1	0	28	0:46			0:3
71	1	0	29	0:36	0:18;0:23;0:26;0:36	0:5;0:13;0:20;0:44;0:52;0:53;0:60	0:1;0:5;0:8;0:18;0:37
71	1	0	30	0:59	0:5;0:52	0:26	
71	1	0	31	0:5;0:18;0:59	0:5;0:44		0:5;0:15;0:53
71	1	0	32	0:4	0:25;0:54	0:39	
71	1	0	33	0:4;0:36	0:33;0:46;0:55;0:58	0:41	0:24;0:33;0:47;0:57
71	1	0	34	0:1;0:4	0:20		0:4
71	1	0	35	0:19			0:26
71	1	0	36	0:4;0:36	0:15;0:36;0:50	0:4;0:18;0:29;0:33;0:36	0:29;0:36
71	1	0	37		0:8;0:29	0:5;0:13	0:8;0:18
71	1	0	38	0:45;0:57	0:4	0:4;0:18	0:57
71	1	0	39	0:32	0:44;0:51		
71	1	0	40	0:4	0:4;0:54		
71	1	0	41	0:33;0:57		0:42	0:3
71	1	0	42	0:41		0:17	
71	1	0	43		0:4		0:11
71	1	0	44	0:2;0:5;0:8;0:18;0:29;0:52	0:20;0:22;0:59	0:4	0:1;0:5;0:18;0:20;0:31;0:39;0:53
71	1	0	45	0:4	0:11	0:38	0:58
71	1	0	46			0:28	0:33;0:57
71	1	0	47	0:4	0:33;0:55;0:57	0:7	0:4
71	1	0	48		0:4	0:4	
71	1	0	49	0:57	0:4	0:57	0:55;0:57
71	1	0	50	0:10			0:4;0:36
71	1	0	51	0:19;0:25;0:51	0:4	0:5;0:51;0:52	0:5;0:39;0:59
71	1	0	52	0:5;0:29;0:51		0:13;0:20;0:44;0:60	0:5;0:26;0:27;0:30
71	1	0	53	0:2;0:5;0:12;0:26;0:29	0:5;0:8;0:13;0:31;0:44	0:4	0:4;0:6;0:19;0:22;0:27
71	1	0	54	0:26		0:5;0:10	0:32;0:40
71	1	0	55		0:49;0:57;0:58	0:57	0:33;0:47
71	1	0	56	0:4;0:10;0:25	0:4	0:4	0:8;0:15;0:20
71	1	0	57	0:24;0:49;0:55;0:57;0:58	0:33;0:38;0:46;0:49;0:57;0:58	0:3;0:38;0:41;0:49;0:57	0:3;0:24;0:47;0:55;0:57
71	1	0	58	0:4	0:45	0:57	0:33;0:55;0:57
71	1	0	59	0:5	0:5;0:51	0:27;0:30;0:31	0:27;0:44
71	1	0	60	0:29;0:52			0:26
71	2	0	0	0:2;0:5;0:6	0:5;0:6	0:6	0:2
71	2	0	1	0:2;0:3;0:5;0:6	0:2;0:5;0:6	0:2	0:5
71	2	0	2	0:1;0:5	0:0	0:0;0:1;0:3;0:4;0:5;0:6	0:1;0:4
71	2	0	3	0:2;0:5	0:5	0:1;0:5	0:6
71	2	0	4	0:2;0:5;0:6	0:2;0:5	0:5	0:5
71	2	0	5	0:2;0:3;0:4;0:5;0:6	0:1;0:4;0:5;0:6	0:0;0:1;0:2;0:3;0:4;0:5;0:6	0:0;0:1;0:3;0:4;0:5;0:6
71	2	0	6	0:0;0:2;0:5;0:6	0:3;0:5;0:6	0:0;0:1;0:4;0:5;0:6	0:0;0:1;0:5;0:6
71	4	0	0	0:15	0:4;0:6;0:15;0:21	0:1;0:21	0:7;0:21
71	4	0	1	0:0;0:6;0:7	0:4;0:12;0:15;0:21	0:7	0:18
71	4	0	2	0:8;0:19	0:18	0:13	
71	4	0	3		0:7;0:13		0:7
71	4	0	4		0:6;0:19		0:0;0:1;0:17
71	4	0	5	0:17			0:14
71	4	0	6	0:14;0:19	0:17;0:18	0:1;0:13	0:0;0:4
71	4	0	7	0:1;0:21	0:0;0:3	0:1;0:21	0:3;0:21
71	4	0	8		0:9;0:10;0:21	0:2;0:9;0:12;0:16;0:19	
71	4	0	9	0:8	0:19	0:14	0:8;0:14
71	4	0	10	0:14;0:19	0:17	0:14	0:8;0:14;0:19
71	4	0	11	0:14	0:14		0:15
71	4	0	12	0:8	0:18		0:1;0:17
71	4	0	13	0:2;0:6			0:3
71	4	0	14	0:9;0:10	0:5;0:9;0:10	0:6;0:10;0:11;0:19	0:11;0:16
71	4	0	15	0:15;0:16	0:11;0:19	0:0;0:15	0:0;0:1
71	4	0	16	0:8	0:14	0:15	
71	4	0	17	0:20	0:4;0:12	0:5;0:21	0:6;0:10
71	4	0	18	0:21	0:1		0:2;0:6;0:12
71	4	0	19	0:8;0:14;0:19	0:10;0:20	0:2;0:6;0:10;0:19	0:4;0:9;0:15
71	4	0	20	0:21		0:17	0:19
71	4	0	21	0:0;0:7;0:17	0:0;0:7	0:7;0:18;0:20	0:0;0:1;0:8
71	6	0	0	0:1			
71	6	0	1			0:0	
71	10	0	0				
71	11	0	0	0:15	0:3;0:4;0:7;0:16;0:19;0:22	0:8;0:9;0:14;0:15;0:19;0:20;0:22	0:5
71	11	0	1	0:3	0:22		0:14
71	11	0	2		0:5		0:16
71	11	0	3		0:23	0:1	0:0
71	11	0	4		0:22		0:0;0:12
71	11	0	5	0:16;0:22	0:0;0:10;0:18	0:8;0:15;0:22	0:2;0:10;0:15;0:16;0:21
71	11	0	6	0:8		0:8	
71	11	0	7		0:16;0:19;0:21;0:22		0:0;0:10
71	11	0	8	0:0;0:5;0:6;0:8;0:11;0:14;0:20		0:6;0:8;0:11;0:15;0:18;0:21;0:22	
71	11	0	9	0:0		0:15	0:16
71	11	0	10		0:5;0:7;0:16	0:18;0:19;0:22	0:5
71	11	0	11	0:8		0:8;0:22	
71	11	0	12		0:4	0:13	
71	11	0	13	0:12		0:19	
71	11	0	14	0:0	0:1	0:8	
71	11	0	15	0:0;0:5;0:8;0:9	0:5;0:16;0:17;0:19;0:21	0:0;0:16	0:19
71	11	0	16	0:15;0:22	0:2;0:5;0:9;0:16;0:19;0:22	0:5	0:0;0:7;0:10;0:15;0:16;0:17;0:21
71	11	0	17		0:16		0:15
71	11	0	18	0:8;0:10		0:21;0:22	0:5
71	11	0	19	0:0;0:10;0:13	0:15		0:0;0:7;0:15;0:16
71	11	0	20	0:0		0:8	
71	11	0	21	0:8;0:18	0:5;0:16		0:7;0:15
71	11	0	22	0:0;0:5;0:8;0:10;0:11;0:18;0:23		0:5;0:16	0:0;0:1;0:4;0:7;0:16
71	11	0	23			0:22	0:3
71	14	0	0				0:1
71	14	0	1	0:1	0:0;0:1	0:1	0:1
71	15	0	0				
71	15	1	0	1:0	1:0	1:0	1:0
71	15	2	0	2:0	2:0	2:0	2:0
71	38	0	0	0:1	0:5		0:3
71	38	0	1	0:8	0:7	0:0	0:4
71	38	0	2		0:6	0:7	0:8
71	38	0	3	0:4	0:0		0:5
71	38	0	4	0:6	0:1	0:3	0:7
71	38	0	5	0:7	0:3		0:0
71	38	0	6		0:8	0:4	0:2
71	38	0	7	0:2	0:4	0:5	0:1
71	38	0	8		0:2	0:1	0:6
72	1	0	0		0:24	0:27	
72	1	0	1	0:1;0:5;0:13;0:18;0:28;0:30;0:33;0:36	0:1;0:9;0:28;0:33;0:36;0:40	0:1;0:9;0:20;0:26;0:29;0:34;0:39;0:43;0:46	0:1;0:2;0:5;0:13;0:20;0:26;0:29;0:33;0:46
72	1	0	2		0:1;0:5;0:10;0:28	0:22	0:22
72	1	0	3	0:13	0:43	0:45	
72	1	0	4	0:11;0:42	0:45		0:16
72	1	0	5	0:27	0:1;0:28;0:33;0:44	0:1;0:20;0:36	0:2;0:13;0:33;0:43
72	1	0	6		0:22	0:15;0:31	0:22
72	1	0	7		0:31	0:17	
72	1	0	8			0:43	
72	1	0	9	0:1;0:13;0:28;0:33;0:36	0:14;0:16;0:20;0:45	0:45	0:1;0:13;0:20;0:34;0:43
72	1	0	10	0:23	0:29;0:44		0:2;0:13;0:20
72	1	0	11	0:32	0:22	0:4	0:37
72	1	0	12		0:41		
72	1	0	13	0:17;0:20;0:23;0:45	0:1;0:5;0:9;0:10;0:28;0:33;0:34;0:36	0:1;0:3;0:9;0:20;0:26;0:29;0:34	0:22;0:28
72	1	0	14	0:40	0:22		0:9
72	1	0	15	0:6	0:32	0:37;0:41	
72	1	0	16	0:37	0:4		0:9
72	1	0	17	0:7;0:42	0:30;0:45	0:13;0:22;0:45	0:19
72	1	0	18	0:22;0:45	0:33	0:1;0:34	0:30
72	1	0	19	0:38	0:17		
72	1	0	20	0:1;0:5;0:13;0:28	0:1;0:9;0:10;0:34;0:44	0:13;0:22	0:9;0:22;0:45
72	1	0	21			0:42	
72	1	0	22	0:2;0:17;0:20;0:22;0:29;0:39;0:43	0:2;0:6;0:13;0:20;0:22;0:39	0:18;0:22;0:30;0:32;0:35	0:6;0:11;0:14;0:22;0:24;0:25;0:31;0:42;0:45
72	1	0	23			0:10;0:13	0:28
72	1	0	24		0:22	0:40;0:44	0:0;0:30
72	1	0	25		0:22		
72	1	0	26	0:1;0:13	0:1	0:27;0:43	0:28
72	1	0	27	0:0;0:26;0:46	0:34;0:43;0:46	0:5	
72	1	0	28		0:13;0:23;0:26;0:37;0:45	0:1;0:9;0:20;0:43	0:1;0:2;0:5;0:13;0:33
72	1	0	29	0:1;0:13;0:46	0:1;0:34	0:22	0:10;0:43
72	1	0	30	0:22	0:18;0:24	0:1	0:17
72	1	0	31	0:6	0:22		0:7
72	1	0	32	0:22	0:45	0:11;0:45	0:15
72	1	0	33		0:1;0:5;0:28	0:1;0:9	0:1;0:5;0:13;0:18
72	1	0	34	0:1;0:13;0:18	0:9;0:34		0:13;0:20;0:27;0:29;0:34;0:43
72	1	0	35	0:22			
72	1	0	36	0:5		0:1;0:9	0:1;0:13
72	1	0	37	0:15	0:11	0:16	0:28
72	1	0	38		0:42	0:19	
72	1	0	39	0:1		0:22	0:22
72	1	0	40	0:24;0:40		0:14;0:40	0:1;0:46
72	1	0	41	0:15			0:12
72	1	0	42	0:21	0:22	0:4;0:17	0:38
72	1	0	43	0:1;0:8;0:26;0:28	0:5;0:9;0:29;0:34	0:22	0:3;0:27
72	1	0	44	0:24			0:5;0:10;0:20
72	1	0	45	0:3;0:9;0:17;0:32;0:45	0:20;0:22;0:45	0:13;0:18;0:45	0:4;0:9;0:17;0:28;0:32;0:45
72	1	0	46	0:1	0:1;0:40	0:27;0:29	0:27
72	2	0	0	0:2;0:3;0:4;0:5	0:4;0:5	0:5	0:2
72	2	0	1	0:2;0:3;0:4;0:5	0:2;0:4;0:5	0:2;0:3	0:4
72	2	0	2	0:1;0:3;0:4	0:0	0:0;0:1;0:3;0:4;0:5	0:1
72	2	0	3	0:1;0:2	0:4;0:5	0:0;0:1;0:2	0:4;0:5
72	2	0	4	0:2;0:4;0:5	0:1;0:3;0:4;0:5	0:0;0:1;0:2;0:4;0:5	0:0;0:1;0:3;0:4;0:5
72	2	0	5	0:0;0:2;0:4;0:5	0:3;0:4;0:5	0:0;0:1;0:4;0:5	0:0;0:1;0:3;0:4;0:5
72	3	0	0	0:2	0:1;0:2	0:2	0:1;0:2
72	3	0	1	0:1;0:2	0:0;0:1;0:2	0:1;0:2	0:0;0:1;0:2
72	3	0	2	0:0;0:1	0:0;0:1	0:0;0:1	0:0;0:1
72	6	0	0	0:4		0:8	0:4;0:5
72	6	0	1	0:5	0:8		0:4
72	6	0	2	0:3			
72	6	0	3	0:3	0:6	0:2;0:3;0:7	0:4;0:7
72	6	0	4	0:7	0:0;0:1;0:3	0:0	
72	6	0	5	0:6;0:7	0:0	0:1	0:7
72	6	0	6			0:5	0:3
72	6	0	7	0:3	0:3;0:5	0:4;0:5	
72	6	0	8	0:0			0:1
72	11	0	0			0:9	0:9
72	11	0	1			0:8;0:9	0:9;0:11
72	11	0	2	0:7	0:4;0:10	0:5;0:10	
72	11	0	3		0:10	0:10	
72	11	0	4		0:7;0:10;0:11		0:2;0:9;0:11
72	11	0	5	0:2		0:10	0:7
72	11	0	6				0:11
72	11	0	7		0:5	0:2	0:4
72	11	0	8	0:1	0:11		
72	11	0	9	0:0;0:1	0:0;0:1;0:4		
72	11	0	10	0:2;0:3;0:5			0:2;0:3;0:4
72	11	0	11		0:1;0:4;0:6		0:4;0:8
72	15	0	0				
72	15	1	0	1:0	1:0	1:0	1:0
72	15	2	0	2:0	2:0	2:0	2:0
72	38	0	0	0:1	0:5		0:3
72	38	0	1	0:8	0:7	0:0	0:4
72	38	0	2		0:6	0:7	0:8
72	38	0	3	0:4	0:0		0:5
72	38	0	4	0:6	0:1	0:3	0:7
72	38	0	5	0:7	0:3		0:0
72	38	0	6		0:8	0:4	0:2
72	38	0	7	0:2	0:4	0:5	0:1
72	38	0	8		0:2	0:1	0:6
