cell_code	relative_png
01010000001	assets/theme_001_chapters_01/class_01_plain/subclass_000/orientation_000.png
01010000101	assets/theme_001_chapters_01/class_01_plain/subclass_000/orientation_001.png
01010000201	assets/theme_001_chapters_01/class_01_plain/subclass_000/orientation_002.png
01010000301	assets/theme_001_chapters_01/class_01_plain/subclass_000/orientation_003.png
01010000401	assets/theme_001_chapters_01/class_01_plain/subclass_000/orientation_004.png
01010000501	assets/theme_001_chapters_01/class_01_plain/subclass_000/orientation_005.png
01010000601	assets/theme_001_chapters_01/class_01_plain/subclass_000/orientation_006.png
01010000701	assets/theme_001_chapters_01/class_01_plain/subclass_000/orientation_007.png
01010000801	assets/theme_001_chapters_01/class_01_plain/subclass_000/orientation_008.png
01010000901	assets/theme_001_chapters_01/class_01_plain/subclass_000/orientation_009.png
01010001001	assets/theme_001_chapters_01/class_01_plain/subclass_000/orientation_010.png
01010001101	assets/theme_001_chapters_01/class_01_plain/subclass_000/orientation_011.png
01010001201	assets/theme_001_chapters_01/class_01_plain/subclass_000/orientation_012.png
01010001301	assets/theme_001_chapters_01/class_01_plain/subclass_000/orientation_013.png
01010001401	assets/theme_001_chapters_01/class_01_plain/subclass_000/orientation_014.png
01010001501	assets/theme_001_chapters_01/class_01_plain/subclass_000/orientation_015.png
01010001601	assets/theme_001_chapters_01/class_01_plain/subclass_000/orientation_016.png
01010001701	assets/theme_001_chapters_01/class_01_plain/subclass_000/orientation_017.png
01010001801	assets/theme_001_chapters_01/class_01_plain/subclass_000/orientation_018.png
01010001901	assets/theme_001_chapters_01/class_01_plain/subclass_000/orientation_019.png
01010002001	assets/theme_001_chapters_01/class_01_plain/subclass_000/orientation_020.png
01010002101	assets/theme_001_chapters_01/class_01_plain/subclass_000/orientation_021.png
01010002201	assets/theme_001_chapters_01/class_01_plain/subclass_000/orientation_022.png
01010002301	assets/theme_001_chapters_01/class_01_plain/subclass_000/orientation_023.png
01010002401	assets/theme_001_chapters_01/class_01_plain/subclass_000/orientation_024.png
01010002501	assets/theme_001_chapters_01/class_01_plain/subclass_000/orientation_025.png
01010002601	assets/theme_001_chapters_01/class_01_plain/subclass_000/orientation_026.png
01010002701	assets/theme_001_chapters_01/class_01_plain/subclass_000/orientation_027.png
01010002801	assets/theme_001_chapters_01/class_01_plain/subclass_000/orientation_028.png
01010002901	assets/theme_001_chapters_01/class_01_plain/subclass_000/orientation_029.png
01010003001	assets/theme_001_chapters_01/class_01_plain/subclass_000/orientation_030.png
01010003101	assets/theme_001_chapters_01/class_01_plain/subclass_000/orientation_031.png
01010003201	assets/theme_001_chapters_01/class_01_plain/subclass_000/orientation_032.png
01010003301	assets/theme_001_chapters_01/class_01_plain/subclass_000/orientation_033.png
01010003401	assets/theme_001_chapters_01/class_01_plain/subclass_000/orientation_034.png
01010003501	assets/theme_001_chapters_01/class_01_plain/subclass_000/orientation_035.png
01010003601	assets/theme_001_chapters_01/class_01_plain/subclass_000/orientation_036.png
01010003701	assets/theme_001_chapters_01/class_01_plain/subclass_000/orientation_037.png
01020000012	assets/theme_001_chapters_01/class_02_forest/subclass_000/orientation_000.png
01020000112	assets/theme_001_chapters_01/class_02_forest/subclass_000/orientation_001.png
01020000212	assets/theme_001_chapters_01/class_02_forest/subclass_000/orientation_002.png
01040000018	assets/theme_001_chapters_01/class_04_peak/subclass_000/orientation_000.png
01040000118	assets/theme_001_chapters_01/class_04_peak/subclass_000/orientation_001.png
01040000218	assets/theme_001_chapters_01/class_04_peak/subclass_000/orientation_002.png
01040000318	assets/theme_001_chapters_01/class_04_peak/subclass_000/orientation_003.png
01040000418	assets/theme_001_chapters_01/class_04_peak/subclass_000/orientation_004.png
01040000518	assets/theme_001_chapters_01/class_04_peak/subclass_000/orientation_005.png
01040000618	assets/theme_001_chapters_01/class_04_peak/subclass_000/orientation_006.png
01040000718	assets/theme_001_chapters_01/class_04_peak/subclass_000/orientation_007.png
01040000818	assets/theme_001_chapters_01/class_04_peak/subclass_000/orientation_008.png
01040000918	assets/theme_001_chapters_01/class_04_peak/subclass_000/orientation_009.png
01040001018	assets/theme_001_chapters_01/class_04_peak/subclass_000/orientation_010.png
01040001118	assets/theme_001_chapters_01/class_04_peak/subclass_000/orientation_011.png
01060000038	assets/theme_001_chapters_01/class_06_cliff/subclass_000/orientation_000.png
01060100038	assets/theme_001_chapters_01/class_06_cliff/subclass_001/orientation_000.png
01060200038	assets/theme_001_chapters_01/class_06_cliff/subclass_002/orientation_000.png
01060200138	assets/theme_001_chapters_01/class_06_cliff/subclass_002/orientation_001.png
01060200238	assets/theme_001_chapters_01/class_06_cliff/subclass_002/orientation_002.png
01060200338	assets/theme_001_chapters_01/class_06_cliff/subclass_002/orientation_003.png
01060200438	assets/theme_001_chapters_01/class_06_cliff/subclass_002/orientation_004.png
01060200538	assets/theme_001_chapters_01/class_06_cliff/subclass_002/orientation_005.png
01060200638	assets/theme_001_chapters_01/class_06_cliff/subclass_002/orientation_006.png
01060300038	assets/theme_001_chapters_01/class_06_cliff/subclass_003/orientation_000.png
01060300138	assets/theme_001_chapters_01/class_06_cliff/subclass_003/orientation_001.png
01060300238	assets/theme_001_chapters_01/class_06_cliff/subclass_003/orientation_002.png
01060300338	assets/theme_001_chapters_01/class_06_cliff/subclass_003/orientation_003.png
01060400038	assets/theme_001_chapters_01/class_06_cliff/subclass_004/orientation_000.png
01060500038	assets/theme_001_chapters_01/class_06_cliff/subclass_005/orientation_000.png
01060500138	assets/theme_001_chapters_01/class_06_cliff/subclass_005/orientation_001.png
01130000022	assets/theme_001_chapters_01/class_13_lake/subclass_000/orientation_000.png
01130000122	assets/theme_001_chapters_01/class_13_lake/subclass_000/orientation_001.png
01130000222	assets/theme_001_chapters_01/class_13_lake/subclass_000/orientation_002.png
01130000322	assets/theme_001_chapters_01/class_13_lake/subclass_000/orientation_003.png
01130000422	assets/theme_001_chapters_01/class_13_lake/subclass_000/orientation_004.png
01130000522	assets/theme_001_chapters_01/class_13_lake/subclass_000/orientation_005.png
01130000622	assets/theme_001_chapters_01/class_13_lake/subclass_000/orientation_006.png
01160000010	assets/theme_001_chapters_01/class_16_fort/subclass_000/orientation_000.png
01180000005	assets/theme_001_chapters_01/class_18_house/subclass_000/orientation_000.png
01280000035	assets/theme_001_chapters_01/class_28_gate/subclass_000/orientation_000.png
01490000044	assets/theme_001_chapters_01/class_49_dashdash/subclass_000/orientation_000.png
01490000144	assets/theme_001_chapters_01/class_49_dashdash/subclass_000/orientation_001.png
01490000244	assets/theme_001_chapters_01/class_49_dashdash/subclass_000/orientation_002.png
01490000344	assets/theme_001_chapters_01/class_49_dashdash/subclass_000/orientation_003.png
01490000444	assets/theme_001_chapters_01/class_49_dashdash/subclass_000/orientation_004.png
01490000544	assets/theme_001_chapters_01/class_49_dashdash/subclass_000/orientation_005.png
01490000644	assets/theme_001_chapters_01/class_49_dashdash/subclass_000/orientation_006.png
01490000744	assets/theme_001_chapters_01/class_49_dashdash/subclass_000/orientation_007.png
02010000001	assets/theme_002_chapters_02/class_01_plain/subclass_000/orientation_000.png
02010000101	assets/theme_002_chapters_02/class_01_plain/subclass_000/orientation_001.png
02010000201	assets/theme_002_chapters_02/class_01_plain/subclass_000/orientation_002.png
02010000301	assets/theme_002_chapters_02/class_01_plain/subclass_000/orientation_003.png
02010000401	assets/theme_002_chapters_02/class_01_plain/subclass_000/orientation_004.png
02010000501	assets/theme_002_chapters_02/class_01_plain/subclass_000/orientation_005.png
02010000601	assets/theme_002_chapters_02/class_01_plain/subclass_000/orientation_006.png
02010000701	assets/theme_002_chapters_02/class_01_plain/subclass_000/orientation_007.png
02010000801	assets/theme_002_chapters_02/class_01_plain/subclass_000/orientation_008.png
02010000901	assets/theme_002_chapters_02/class_01_plain/subclass_000/orientation_009.png
02010001001	assets/theme_002_chapters_02/class_01_plain/subclass_000/orientation_010.png
02010001101	assets/theme_002_chapters_02/class_01_plain/subclass_000/orientation_011.png
02010001201	assets/theme_002_chapters_02/class_01_plain/subclass_000/orientation_012.png
02010001301	assets/theme_002_chapters_02/class_01_plain/subclass_000/orientation_013.png
02010001401	assets/theme_002_chapters_02/class_01_plain/subclass_000/orientation_014.png
02010001501	assets/theme_002_chapters_02/class_01_plain/subclass_000/orientation_015.png
02010001601	assets/theme_002_chapters_02/class_01_plain/subclass_000/orientation_016.png
02010001701	assets/theme_002_chapters_02/class_01_plain/subclass_000/orientation_017.png
02010001801	assets/theme_002_chapters_02/class_01_plain/subclass_000/orientation_018.png
02010001901	assets/theme_002_chapters_02/class_01_plain/subclass_000/orientation_019.png
02010002001	assets/theme_002_chapters_02/class_01_plain/subclass_000/orientation_020.png
02010002101	assets/theme_002_chapters_02/class_01_plain/subclass_000/orientation_021.png
02010002201	assets/theme_002_chapters_02/class_01_plain/subclass_000/orientation_022.png
02010002301	assets/theme_002_chapters_02/class_01_plain/subclass_000/orientation_023.png
02010002401	assets/theme_002_chapters_02/class_01_plain/subclass_000/orientation_024.png
02010002501	assets/theme_002_chapters_02/class_01_plain/subclass_000/orientation_025.png
02010002601	assets/theme_002_chapters_02/class_01_plain/subclass_000/orientation_026.png
02010002701	assets/theme_002_chapters_02/class_01_plain/subclass_000/orientation_027.png
02010002801	assets/theme_002_chapters_02/class_01_plain/subclass_000/orientation_028.png
02010002901	assets/theme_002_chapters_02/class_01_plain/subclass_000/orientation_029.png
02010100001	assets/theme_002_chapters_02/class_01_plain/subclass_001/orientation_000.png
02020000012	assets/theme_002_chapters_02/class_02_forest/subclass_000/orientation_000.png
02020000112	assets/theme_002_chapters_02/class_02_forest/subclass_000/orientation_001.png
02020000212	assets/theme_002_chapters_02/class_02_forest/subclass_000/orientation_002.png
02020000312	assets/theme_002_chapters_02/class_02_forest/subclass_000/orientation_003.png
02020000412	assets/theme_002_chapters_02/class_02_forest/subclass_000/orientation_004.png
02020000512	assets/theme_002_chapters_02/class_02_forest/subclass_000/orientation_005.png
02020000612	assets/theme_002_chapters_02/class_02_forest/subclass_000/orientation_006.png
02020000712	assets/theme_002_chapters_02/class_02_forest/subclass_000/orientation_007.png
02020000812	assets/theme_002_chapters_02/class_02_forest/subclass_000/orientation_008.png
02040000018	assets/theme_002_chapters_02/class_04_peak/subclass_000/orientation_000.png
02040000118	assets/theme_002_chapters_02/class_04_peak/subclass_000/orientation_001.png
02040000218	assets/theme_002_chapters_02/class_04_peak/subclass_000/orientation_002.png
02040000318	assets/theme_002_chapters_02/class_04_peak/subclass_000/orientation_003.png
02040000418	assets/theme_002_chapters_02/class_04_peak/subclass_000/orientation_004.png
02040000518	assets/theme_002_chapters_02/class_04_peak/subclass_000/orientation_005.png
02040000618	assets/theme_002_chapters_02/class_04_peak/subclass_000/orientation_006.png
02040000718	assets/theme_002_chapters_02/class_04_peak/subclass_000/orientation_007.png
02040000818	assets/theme_002_chapters_02/class_04_peak/subclass_000/orientation_008.png
02040000918	assets/theme_002_chapters_02/class_04_peak/subclass_000/orientation_009.png
02040001018	assets/theme_002_chapters_02/class_04_peak/subclass_000/orientation_010.png
02040001118	assets/theme_002_chapters_02/class_04_peak/subclass_000/orientation_011.png
02040001218	assets/theme_002_chapters_02/class_04_peak/subclass_000/orientation_012.png
02040001318	assets/theme_002_chapters_02/class_04_peak/subclass_000/orientation_013.png
02040001418	assets/theme_002_chapters_02/class_04_peak/subclass_000/orientation_014.png
02040001518	assets/theme_002_chapters_02/class_04_peak/subclass_000/orientation_015.png
02040001618	assets/theme_002_chapters_02/class_04_peak/subclass_000/orientation_016.png
02040001718	assets/theme_002_chapters_02/class_04_peak/subclass_000/orientation_017.png
02040001818	assets/theme_002_chapters_02/class_04_peak/subclass_000/orientation_018.png
02040001918	assets/theme_002_chapters_02/class_04_peak/subclass_000/orientation_019.png
02040002018	assets/theme_002_chapters_02/class_04_peak/subclass_000/orientation_020.png
02040002118	assets/theme_002_chapters_02/class_04_peak/subclass_000/orientation_021.png
02040002218	assets/theme_002_chapters_02/class_04_peak/subclass_000/orientation_022.png
02040002318	assets/theme_002_chapters_02/class_04_peak/subclass_000/orientation_023.png
02040002418	assets/theme_002_chapters_02/class_04_peak/subclass_000/orientation_024.png
02040002518	assets/theme_002_chapters_02/class_04_peak/subclass_000/orientation_025.png
02040002618	assets/theme_002_chapters_02/class_04_peak/subclass_000/orientation_026.png
02040002718	assets/theme_002_chapters_02/class_04_peak/subclass_000/orientation_027.png
02040002818	assets/theme_002_chapters_02/class_04_peak/subclass_000/orientation_028.png
02040002918	assets/theme_002_chapters_02/class_04_peak/subclass_000/orientation_029.png
02040003018	assets/theme_002_chapters_02/class_04_peak/subclass_000/orientation_030.png
02040003118	assets/theme_002_chapters_02/class_04_peak/subclass_000/orientation_031.png
02040003218	assets/theme_002_chapters_02/class_04_peak/subclass_000/orientation_032.png
02040003318	assets/theme_002_chapters_02/class_04_peak/subclass_000/orientation_033.png
02040003418	assets/theme_002_chapters_02/class_04_peak/subclass_000/orientation_034.png
02040003518	assets/theme_002_chapters_02/class_04_peak/subclass_000/orientation_035.png
02040003618	assets/theme_002_chapters_02/class_04_peak/subclass_000/orientation_036.png
02040003718	assets/theme_002_chapters_02/class_04_peak/subclass_000/orientation_037.png
02040003818	assets/theme_002_chapters_02/class_04_peak/subclass_000/orientation_038.png
02040003918	assets/theme_002_chapters_02/class_04_peak/subclass_000/orientation_039.png
02040004018	assets/theme_002_chapters_02/class_04_peak/subclass_000/orientation_040.png
02040004118	assets/theme_002_chapters_02/class_04_peak/subclass_000/orientation_041.png
02040004218	assets/theme_002_chapters_02/class_04_peak/subclass_000/orientation_042.png
02040004318	assets/theme_002_chapters_02/class_04_peak/subclass_000/orientation_043.png
02040004418	assets/theme_002_chapters_02/class_04_peak/subclass_000/orientation_044.png
02040004518	assets/theme_002_chapters_02/class_04_peak/subclass_000/orientation_045.png
02040004618	assets/theme_002_chapters_02/class_04_peak/subclass_000/orientation_046.png
02040004718	assets/theme_002_chapters_02/class_04_peak/subclass_000/orientation_047.png
02040004818	assets/theme_002_chapters_02/class_04_peak/subclass_000/orientation_048.png
02040004918	assets/theme_002_chapters_02/class_04_peak/subclass_000/orientation_049.png
02040005018	assets/theme_002_chapters_02/class_04_peak/subclass_000/orientation_050.png
02040005118	assets/theme_002_chapters_02/class_04_peak/subclass_000/orientation_051.png
02040005218	assets/theme_002_chapters_02/class_04_peak/subclass_000/orientation_052.png
02160000010	assets/theme_002_chapters_02/class_16_fort/subclass_000/orientation_000.png
02170000003	assets/theme_002_chapters_02/class_17_village/subclass_000/orientation_000.png
02190000006	assets/theme_002_chapters_02/class_19_armory/subclass_000/orientation_000.png
02380000003	assets/theme_002_chapters_02/class_38_ruins/subclass_000/orientation_000.png
02380000146	assets/theme_002_chapters_02/class_38_ruins/subclass_000/orientation_001.png
02380000246	assets/theme_002_chapters_02/class_38_ruins/subclass_000/orientation_002.png
02380000346	assets/theme_002_chapters_02/class_38_ruins/subclass_000/orientation_003.png
02380000446	assets/theme_002_chapters_02/class_38_ruins/subclass_000/orientation_004.png
02380000546	assets/theme_002_chapters_02/class_38_ruins/subclass_000/orientation_005.png
02380000646	assets/theme_002_chapters_02/class_38_ruins/subclass_000/orientation_006.png
02380000746	assets/theme_002_chapters_02/class_38_ruins/subclass_000/orientation_007.png
02380000846	assets/theme_002_chapters_02/class_38_ruins/subclass_000/orientation_008.png
02490000046	assets/theme_002_chapters_02/class_49_dashdash/subclass_000/orientation_000.png
02490000146	assets/theme_002_chapters_02/class_49_dashdash/subclass_000/orientation_001.png
02490000246	assets/theme_002_chapters_02/class_49_dashdash/subclass_000/orientation_002.png
02490000346	assets/theme_002_chapters_02/class_49_dashdash/subclass_000/orientation_003.png
02490000446	assets/theme_002_chapters_02/class_49_dashdash/subclass_000/orientation_004.png
02490000546	assets/theme_002_chapters_02/class_49_dashdash/subclass_000/orientation_005.png
02490000646	assets/theme_002_chapters_02/class_49_dashdash/subclass_000/orientation_006.png
02490000746	assets/theme_002_chapters_02/class_49_dashdash/subclass_000/orientation_007.png
03010000001	assets/theme_003_chapters_03/class_01_plain/subclass_000/orientation_000.png
03010000101	assets/theme_003_chapters_03/class_01_plain/subclass_000/orientation_001.png
03010000201	assets/theme_003_chapters_03/class_01_plain/subclass_000/orientation_002.png
03010000301	assets/theme_003_chapters_03/class_01_plain/subclass_000/orientation_003.png
03010000401	assets/theme_003_chapters_03/class_01_plain/subclass_000/orientation_004.png
03010000501	assets/theme_003_chapters_03/class_01_plain/subclass_000/orientation_005.png
03010000601	assets/theme_003_chapters_03/class_01_plain/subclass_000/orientation_006.png
03010000701	assets/theme_003_chapters_03/class_01_plain/subclass_000/orientation_007.png
03010000801	assets/theme_003_chapters_03/class_01_plain/subclass_000/orientation_008.png
03010000901	assets/theme_003_chapters_03/class_01_plain/subclass_000/orientation_009.png
03010001001	assets/theme_003_chapters_03/class_01_plain/subclass_000/orientation_010.png
03010001101	assets/theme_003_chapters_03/class_01_plain/subclass_000/orientation_011.png
03010001201	assets/theme_003_chapters_03/class_01_plain/subclass_000/orientation_012.png
03020000012	assets/theme_003_chapters_03/class_02_forest/subclass_000/orientation_000.png
03070000002	assets/theme_003_chapters_03/class_07_road/subclass_000/orientation_000.png
03070000102	assets/theme_003_chapters_03/class_07_road/subclass_000/orientation_001.png
03070000202	assets/theme_003_chapters_03/class_07_road/subclass_000/orientation_002.png
03070000302	assets/theme_003_chapters_03/class_07_road/subclass_000/orientation_003.png
03070000402	assets/theme_003_chapters_03/class_07_road/subclass_000/orientation_004.png
03070000502	assets/theme_003_chapters_03/class_07_road/subclass_000/orientation_005.png
03070000602	assets/theme_003_chapters_03/class_07_road/subclass_000/orientation_006.png
03070000802	assets/theme_003_chapters_03/class_07_road/subclass_000/orientation_008.png
03070000902	assets/theme_003_chapters_03/class_07_road/subclass_000/orientation_009.png
03230000026	assets/theme_003_chapters_03/class_23_wall/subclass_000/orientation_000.png
03230000126	assets/theme_003_chapters_03/class_23_wall/subclass_000/orientation_001.png
03230000226	assets/theme_003_chapters_03/class_23_wall/subclass_000/orientation_002.png
03230000326	assets/theme_003_chapters_03/class_23_wall/subclass_000/orientation_003.png
03230000426	assets/theme_003_chapters_03/class_23_wall/subclass_000/orientation_004.png
03230000526	assets/theme_003_chapters_03/class_23_wall/subclass_000/orientation_005.png
03230000626	assets/theme_003_chapters_03/class_23_wall/subclass_000/orientation_006.png
03230000726	assets/theme_003_chapters_03/class_23_wall/subclass_000/orientation_007.png
03230000826	assets/theme_003_chapters_03/class_23_wall/subclass_000/orientation_008.png
03230000926	assets/theme_003_chapters_03/class_23_wall/subclass_000/orientation_009.png
03230001026	assets/theme_003_chapters_03/class_23_wall/subclass_000/orientation_010.png
03230001126	assets/theme_003_chapters_03/class_23_wall/subclass_000/orientation_011.png
03230001226	assets/theme_003_chapters_03/class_23_wall/subclass_000/orientation_012.png
03230001326	assets/theme_003_chapters_03/class_23_wall/subclass_000/orientation_013.png
03230001426	assets/theme_003_chapters_03/class_23_wall/subclass_000/orientation_014.png
03230001526	assets/theme_003_chapters_03/class_23_wall/subclass_000/orientation_015.png
03230001626	assets/theme_003_chapters_03/class_23_wall/subclass_000/orientation_016.png
03240000027	assets/theme_003_chapters_03/class_24_wall2/subclass_000/orientation_000.png
03250000023	assets/theme_003_chapters_03/class_25_floor/subclass_000/orientation_000.png
03250000123	assets/theme_003_chapters_03/class_25_floor/subclass_000/orientation_001.png
03250000223	assets/theme_003_chapters_03/class_25_floor/subclass_000/orientation_002.png
03250000323	assets/theme_003_chapters_03/class_25_floor/subclass_000/orientation_003.png
03250000423	assets/theme_003_chapters_03/class_25_floor/subclass_000/orientation_004.png
03250000523	assets/theme_003_chapters_03/class_25_floor/subclass_000/orientation_005.png
03250000623	assets/theme_003_chapters_03/class_25_floor/subclass_000/orientation_006.png
03250000723	assets/theme_003_chapters_03/class_25_floor/subclass_000/orientation_007.png
03250000823	assets/theme_003_chapters_03/class_25_floor/subclass_000/orientation_008.png
03250000923	assets/theme_003_chapters_03/class_25_floor/subclass_000/orientation_009.png
03250001023	assets/theme_003_chapters_03/class_25_floor/subclass_000/orientation_010.png
03250001123	assets/theme_003_chapters_03/class_25_floor/subclass_000/orientation_011.png
03260000045	assets/theme_003_chapters_03/class_26_stairs/subclass_000/orientation_000.png
03260100045	assets/theme_003_chapters_03/class_26_stairs/subclass_001/orientation_000.png
03270000030	assets/theme_003_chapters_03/class_27_door/subclass_000/orientation_000.png
03320000026	assets/theme_003_chapters_03/class_32_wall_brace/subclass_000/orientation_000.png
03340000029	assets/theme_003_chapters_03/class_34_pillar/subclass_000/orientation_000.png
03350000031	assets/theme_003_chapters_03/class_35_throne/subclass_000/orientation_000.png
03360100033	assets/theme_003_chapters_03/class_36_chest/subclass_001/orientation_000.png
03410000057	assets/theme_003_chapters_03/class_41_barrel/subclass_000/orientation_000.png
03410000157	assets/theme_003_chapters_03/class_41_barrel/subclass_000/orientation_001.png
04010000001	assets/theme_004_chapters_04/class_01_plain/subclass_000/orientation_000.png
04010000101	assets/theme_004_chapters_04/class_01_plain/subclass_000/orientation_001.png
04010000201	assets/theme_004_chapters_04/class_01_plain/subclass_000/orientation_002.png
04010000301	assets/theme_004_chapters_04/class_01_plain/subclass_000/orientation_003.png
04010000401	assets/theme_004_chapters_04/class_01_plain/subclass_000/orientation_004.png
04010000501	assets/theme_004_chapters_04/class_01_plain/subclass_000/orientation_005.png
04010000601	assets/theme_004_chapters_04/class_01_plain/subclass_000/orientation_006.png
04010000701	assets/theme_004_chapters_04/class_01_plain/subclass_000/orientation_007.png
04010000901	assets/theme_004_chapters_04/class_01_plain/subclass_000/orientation_009.png
04010001001	assets/theme_004_chapters_04/class_01_plain/subclass_000/orientation_010.png
04010001101	assets/theme_004_chapters_04/class_01_plain/subclass_000/orientation_011.png
04010001201	assets/theme_004_chapters_04/class_01_plain/subclass_000/orientation_012.png
04010001301	assets/theme_004_chapters_04/class_01_plain/subclass_000/orientation_013.png
04010001401	assets/theme_004_chapters_04/class_01_plain/subclass_000/orientation_014.png
04010001501	assets/theme_004_chapters_04/class_01_plain/subclass_000/orientation_015.png
04010001601	assets/theme_004_chapters_04/class_01_plain/subclass_000/orientation_016.png
04010001701	assets/theme_004_chapters_04/class_01_plain/subclass_000/orientation_017.png
04010001801	assets/theme_004_chapters_04/class_01_plain/subclass_000/orientation_018.png
04010001901	assets/theme_004_chapters_04/class_01_plain/subclass_000/orientation_019.png
04010002001	assets/theme_004_chapters_04/class_01_plain/subclass_000/orientation_020.png
04010002101	assets/theme_004_chapters_04/class_01_plain/subclass_000/orientation_021.png
04010002201	assets/theme_004_chapters_04/class_01_plain/subclass_000/orientation_022.png
04010002301	assets/theme_004_chapters_04/class_01_plain/subclass_000/orientation_023.png
04010002401	assets/theme_004_chapters_04/class_01_plain/subclass_000/orientation_024.png
04010002601	assets/theme_004_chapters_04/class_01_plain/subclass_000/orientation_026.png
04010002701	assets/theme_004_chapters_04/class_01_plain/subclass_000/orientation_027.png
04010002801	assets/theme_004_chapters_04/class_01_plain/subclass_000/orientation_028.png
04010002901	assets/theme_004_chapters_04/class_01_plain/subclass_000/orientation_029.png
04010003001	assets/theme_004_chapters_04/class_01_plain/subclass_000/orientation_030.png
04010003101	assets/theme_004_chapters_04/class_01_plain/subclass_000/orientation_031.png
04010003201	assets/theme_004_chapters_04/class_01_plain/subclass_000/orientation_032.png
04010003301	assets/theme_004_chapters_04/class_01_plain/subclass_000/orientation_033.png
04010003401	assets/theme_004_chapters_04/class_01_plain/subclass_000/orientation_034.png
04010003501	assets/theme_004_chapters_04/class_01_plain/subclass_000/orientation_035.png
04010003601	assets/theme_004_chapters_04/class_01_plain/subclass_000/orientation_036.png
04010003701	assets/theme_004_chapters_04/class_01_plain/subclass_000/orientation_037.png
04010003801	assets/theme_004_chapters_04/class_01_plain/subclass_000/orientation_038.png
04010003901	assets/theme_004_chapters_04/class_01_plain/subclass_000/orientation_039.png
04010004001	assets/theme_004_chapters_04/class_01_plain/subclass_000/orientation_040.png
04010004101	assets/theme_004_chapters_04/class_01_plain/subclass_000/orientation_041.png
04010004201	assets/theme_004_chapters_04/class_01_plain/subclass_000/orientation_042.png
04010004301	assets/theme_004_chapters_04/class_01_plain/subclass_000/orientation_043.png
04010004401	assets/theme_004_chapters_04/class_01_plain/subclass_000/orientation_044.png
04010004501	assets/theme_004_chapters_04/class_01_plain/subclass_000/orientation_045.png
04010004601	assets/theme_004_chapters_04/class_01_plain/subclass_000/orientation_046.png
04020000012	assets/theme_004_chapters_04/class_02_forest/subclass_000/orientation_000.png
04020000112	assets/theme_004_chapters_04/class_02_forest/subclass_000/orientation_001.png
04020000212	assets/theme_004_chapters_04/class_02_forest/subclass_000/orientation_002.png
04020000312	assets/theme_004_chapters_04/class_02_forest/subclass_000/orientation_003.png
04020000412	assets/theme_004_chapters_04/class_02_forest/subclass_000/orientation_004.png
04020000512	assets/theme_004_chapters_04/class_02_forest/subclass_000/orientation_005.png
04030000017	assets/theme_004_chapters_04/class_03_mountain/subclass_000/orientation_000.png
04030000117	assets/theme_004_chapters_04/class_03_mountain/subclass_000/orientation_001.png
04030000217	assets/theme_004_chapters_04/class_03_mountain/subclass_000/orientation_002.png
04060000038	assets/theme_004_chapters_04/class_06_cliff/subclass_000/orientation_000.png
04060000138	assets/theme_004_chapters_04/class_06_cliff/subclass_000/orientation_001.png
04060000238	assets/theme_004_chapters_04/class_06_cliff/subclass_000/orientation_002.png
04060000338	assets/theme_004_chapters_04/class_06_cliff/subclass_000/orientation_003.png
04060000438	assets/theme_004_chapters_04/class_06_cliff/subclass_000/orientation_004.png
04060000538	assets/theme_004_chapters_04/class_06_cliff/subclass_000/orientation_005.png
04060000638	assets/theme_004_chapters_04/class_06_cliff/subclass_000/orientation_006.png
04060000738	assets/theme_004_chapters_04/class_06_cliff/subclass_000/orientation_007.png
04060000838	assets/theme_004_chapters_04/class_06_cliff/subclass_000/orientation_008.png
04110000016	assets/theme_004_chapters_04/class_11_river/subclass_000/orientation_000.png
04110000116	assets/theme_004_chapters_04/class_11_river/subclass_000/orientation_001.png
04110000216	assets/theme_004_chapters_04/class_11_river/subclass_000/orientation_002.png
04110000316	assets/theme_004_chapters_04/class_11_river/subclass_000/orientation_003.png
04110000416	assets/theme_004_chapters_04/class_11_river/subclass_000/orientation_004.png
04110000516	assets/theme_004_chapters_04/class_11_river/subclass_000/orientation_005.png
04110000616	assets/theme_004_chapters_04/class_11_river/subclass_000/orientation_006.png
04110000716	assets/theme_004_chapters_04/class_11_river/subclass_000/orientation_007.png
04110000816	assets/theme_004_chapters_04/class_11_river/subclass_000/orientation_008.png
04110000916	assets/theme_004_chapters_04/class_11_river/subclass_000/orientation_009.png
04110001016	assets/theme_004_chapters_04/class_11_river/subclass_000/orientation_010.png
04110001116	assets/theme_004_chapters_04/class_11_river/subclass_000/orientation_011.png
04150100019	assets/theme_004_chapters_04/class_15_bridge/subclass_001/orientation_000.png
04150200019	assets/theme_004_chapters_04/class_15_bridge/subclass_002/orientation_000.png
04170000003	assets/theme_004_chapters_04/class_17_village/subclass_000/orientation_000.png
04400000051	assets/theme_004_chapters_04/class_40_snag/subclass_000/orientation_000.png
04490000046	assets/theme_004_chapters_04/class_49_dashdash/subclass_000/orientation_000.png
04490000146	assets/theme_004_chapters_04/class_49_dashdash/subclass_000/orientation_001.png
04490000246	assets/theme_004_chapters_04/class_49_dashdash/subclass_000/orientation_002.png
04490000346	assets/theme_004_chapters_04/class_49_dashdash/subclass_000/orientation_003.png
04490000446	assets/theme_004_chapters_04/class_49_dashdash/subclass_000/orientation_004.png
04490000546	assets/theme_004_chapters_04/class_49_dashdash/subclass_000/orientation_005.png
04490000646	assets/theme_004_chapters_04/class_49_dashdash/subclass_000/orientation_006.png
04490000746	assets/theme_004_chapters_04/class_49_dashdash/subclass_000/orientation_007.png
05010000001	assets/theme_005_chapters_05/class_01_plain/subclass_000/orientation_000.png
05010000101	assets/theme_005_chapters_05/class_01_plain/subclass_000/orientation_001.png
05010000201	assets/theme_005_chapters_05/class_01_plain/subclass_000/orientation_002.png
05010000301	assets/theme_005_chapters_05/class_01_plain/subclass_000/orientation_003.png
05010000401	assets/theme_005_chapters_05/class_01_plain/subclass_000/orientation_004.png
05010000501	assets/theme_005_chapters_05/class_01_plain/subclass_000/orientation_005.png
05010000601	assets/theme_005_chapters_05/class_01_plain/subclass_000/orientation_006.png
05010000701	assets/theme_005_chapters_05/class_01_plain/subclass_000/orientation_007.png
05010000801	assets/theme_005_chapters_05/class_01_plain/subclass_000/orientation_008.png
05010100001	assets/theme_005_chapters_05/class_01_plain/subclass_001/orientation_000.png
05010100101	assets/theme_005_chapters_05/class_01_plain/subclass_001/orientation_001.png
05020000012	assets/theme_005_chapters_05/class_02_forest/subclass_000/orientation_000.png
05020000112	assets/theme_005_chapters_05/class_02_forest/subclass_000/orientation_001.png
05070000002	assets/theme_005_chapters_05/class_07_road/subclass_000/orientation_000.png
05070000102	assets/theme_005_chapters_05/class_07_road/subclass_000/orientation_001.png
05070000202	assets/theme_005_chapters_05/class_07_road/subclass_000/orientation_002.png
05070000302	assets/theme_005_chapters_05/class_07_road/subclass_000/orientation_003.png
05070000402	assets/theme_005_chapters_05/class_07_road/subclass_000/orientation_004.png
05070000502	assets/theme_005_chapters_05/class_07_road/subclass_000/orientation_005.png
05070000602	assets/theme_005_chapters_05/class_07_road/subclass_000/orientation_006.png
05070000702	assets/theme_005_chapters_05/class_07_road/subclass_000/orientation_007.png
05070000802	assets/theme_005_chapters_05/class_07_road/subclass_000/orientation_008.png
05070000902	assets/theme_005_chapters_05/class_07_road/subclass_000/orientation_009.png
05070001002	assets/theme_005_chapters_05/class_07_road/subclass_000/orientation_010.png
05070001102	assets/theme_005_chapters_05/class_07_road/subclass_000/orientation_011.png
05070001202	assets/theme_005_chapters_05/class_07_road/subclass_000/orientation_012.png
05070001302	assets/theme_005_chapters_05/class_07_road/subclass_000/orientation_013.png
05070001402	assets/theme_005_chapters_05/class_07_road/subclass_000/orientation_014.png
05170000003	assets/theme_005_chapters_05/class_17_village/subclass_000/orientation_000.png
05190000006	assets/theme_005_chapters_05/class_19_armory/subclass_000/orientation_000.png
05200000007	assets/theme_005_chapters_05/class_20_vendor/subclass_000/orientation_000.png
05210000008	assets/theme_005_chapters_05/class_21_arena/subclass_000/orientation_000.png
05260000045	assets/theme_005_chapters_05/class_26_stairs/subclass_000/orientation_000.png
05290000025	assets/theme_005_chapters_05/class_29_fence/subclass_000/orientation_000.png
05290000125	assets/theme_005_chapters_05/class_29_fence/subclass_000/orientation_001.png
05290000225	assets/theme_005_chapters_05/class_29_fence/subclass_000/orientation_002.png
05290000325	assets/theme_005_chapters_05/class_29_fence/subclass_000/orientation_003.png
05290000425	assets/theme_005_chapters_05/class_29_fence/subclass_000/orientation_004.png
05290000525	assets/theme_005_chapters_05/class_29_fence/subclass_000/orientation_005.png
05290000625	assets/theme_005_chapters_05/class_29_fence/subclass_000/orientation_006.png
05290000725	assets/theme_005_chapters_05/class_29_fence/subclass_000/orientation_007.png
05290000825	assets/theme_005_chapters_05/class_29_fence/subclass_000/orientation_008.png
05290000925	assets/theme_005_chapters_05/class_29_fence/subclass_000/orientation_009.png
05290001025	assets/theme_005_chapters_05/class_29_fence/subclass_000/orientation_010.png
05290001125	assets/theme_005_chapters_05/class_29_fence/subclass_000/orientation_011.png
05300000025	assets/theme_005_chapters_05/class_30_fence_wall/subclass_000/orientation_000.png
05300000125	assets/theme_005_chapters_05/class_30_fence_wall/subclass_000/orientation_001.png
05300000225	assets/theme_005_chapters_05/class_30_fence_wall/subclass_000/orientation_002.png
05300000325	assets/theme_005_chapters_05/class_30_fence_wall/subclass_000/orientation_003.png
05310000025	assets/theme_005_chapters_05/class_31_fence_brace/subclass_000/orientation_000.png
05490000046	assets/theme_005_chapters_05/class_49_dashdash/subclass_000/orientation_000.png
05490000146	assets/theme_005_chapters_05/class_49_dashdash/subclass_000/orientation_001.png
05490000246	assets/theme_005_chapters_05/class_49_dashdash/subclass_000/orientation_002.png
05490000346	assets/theme_005_chapters_05/class_49_dashdash/subclass_000/orientation_003.png
05490000446	assets/theme_005_chapters_05/class_49_dashdash/subclass_000/orientation_004.png
05490000546	assets/theme_005_chapters_05/class_49_dashdash/subclass_000/orientation_005.png
05490000646	assets/theme_005_chapters_05/class_49_dashdash/subclass_000/orientation_006.png
05490000746	assets/theme_005_chapters_05/class_49_dashdash/subclass_000/orientation_007.png
05490000846	assets/theme_005_chapters_05/class_49_dashdash/subclass_000/orientation_008.png
05490000946	assets/theme_005_chapters_05/class_49_dashdash/subclass_000/orientation_009.png
05490001046	assets/theme_005_chapters_05/class_49_dashdash/subclass_000/orientation_010.png
05490001146	assets/theme_005_chapters_05/class_49_dashdash/subclass_000/orientation_011.png
05490001246	assets/theme_005_chapters_05/class_49_dashdash/subclass_000/orientation_012.png
05490001346	assets/theme_005_chapters_05/class_49_dashdash/subclass_000/orientation_013.png
05490001446	assets/theme_005_chapters_05/class_49_dashdash/subclass_000/orientation_014.png
05490001546	assets/theme_005_chapters_05/class_49_dashdash/subclass_000/orientation_015.png
05490001646	assets/theme_005_chapters_05/class_49_dashdash/subclass_000/orientation_016.png
05490001746	assets/theme_005_chapters_05/class_49_dashdash/subclass_000/orientation_017.png
05490001846	assets/theme_005_chapters_05/class_49_dashdash/subclass_000/orientation_018.png
05490001946	assets/theme_005_chapters_05/class_49_dashdash/subclass_000/orientation_019.png
05490002046	assets/theme_005_chapters_05/class_49_dashdash/subclass_000/orientation_020.png
05490002146	assets/theme_005_chapters_05/class_49_dashdash/subclass_000/orientation_021.png
05490002246	assets/theme_005_chapters_05/class_49_dashdash/subclass_000/orientation_022.png
05490002346	assets/theme_005_chapters_05/class_49_dashdash/subclass_000/orientation_023.png
05490100046	assets/theme_005_chapters_05/class_49_dashdash/subclass_001/orientation_000.png
05490100146	assets/theme_005_chapters_05/class_49_dashdash/subclass_001/orientation_001.png
05490100246	assets/theme_005_chapters_05/class_49_dashdash/subclass_001/orientation_002.png
05490100346	assets/theme_005_chapters_05/class_49_dashdash/subclass_001/orientation_003.png
05490100446	assets/theme_005_chapters_05/class_49_dashdash/subclass_001/orientation_004.png
05490200046	assets/theme_005_chapters_05/class_49_dashdash/subclass_002/orientation_000.png
05490200146	assets/theme_005_chapters_05/class_49_dashdash/subclass_002/orientation_001.png
05490200246	assets/theme_005_chapters_05/class_49_dashdash/subclass_002/orientation_002.png
05490200346	assets/theme_005_chapters_05/class_49_dashdash/subclass_002/orientation_003.png
05490200446	assets/theme_005_chapters_05/class_49_dashdash/subclass_002/orientation_004.png
06120000060	assets/theme_006_chapters_05x/class_12_water/subclass_000/orientation_000.png
06120000160	assets/theme_006_chapters_05x/class_12_water/subclass_000/orientation_001.png
06120000260	assets/theme_006_chapters_05x/class_12_water/subclass_000/orientation_002.png
06120000360	assets/theme_006_chapters_05x/class_12_water/subclass_000/orientation_003.png
06120000460	assets/theme_006_chapters_05x/class_12_water/subclass_000/orientation_004.png
06120000560	assets/theme_006_chapters_05x/class_12_water/subclass_000/orientation_005.png
06120000660	assets/theme_006_chapters_05x/class_12_water/subclass_000/orientation_006.png
06120000760	assets/theme_006_chapters_05x/class_12_water/subclass_000/orientation_007.png
06120100060	assets/theme_006_chapters_05x/class_12_water/subclass_001/orientation_000.png
06120100160	assets/theme_006_chapters_05x/class_12_water/subclass_001/orientation_001.png
06120100260	assets/theme_006_chapters_05x/class_12_water/subclass_001/orientation_002.png
06230000026	assets/theme_006_chapters_05x/class_23_wall/subclass_000/orientation_000.png
06230000126	assets/theme_006_chapters_05x/class_23_wall/subclass_000/orientation_001.png
06230000226	assets/theme_006_chapters_05x/class_23_wall/subclass_000/orientation_002.png
06230000326	assets/theme_006_chapters_05x/class_23_wall/subclass_000/orientation_003.png
06230000426	assets/theme_006_chapters_05x/class_23_wall/subclass_000/orientation_004.png
06230000526	assets/theme_006_chapters_05x/class_23_wall/subclass_000/orientation_005.png
06230000626	assets/theme_006_chapters_05x/class_23_wall/subclass_000/orientation_006.png
06230000726	assets/theme_006_chapters_05x/class_23_wall/subclass_000/orientation_007.png
06230000826	assets/theme_006_chapters_05x/class_23_wall/subclass_000/orientation_008.png
06230000926	assets/theme_006_chapters_05x/class_23_wall/subclass_000/orientation_009.png
06230001026	assets/theme_006_chapters_05x/class_23_wall/subclass_000/orientation_010.png
06230001126	assets/theme_006_chapters_05x/class_23_wall/subclass_000/orientation_011.png
06230001226	assets/theme_006_chapters_05x/class_23_wall/subclass_000/orientation_012.png
06230001326	assets/theme_006_chapters_05x/class_23_wall/subclass_000/orientation_013.png
06230001426	assets/theme_006_chapters_05x/class_23_wall/subclass_000/orientation_014.png
06230001526	assets/theme_006_chapters_05x/class_23_wall/subclass_000/orientation_015.png
06230001626	assets/theme_006_chapters_05x/class_23_wall/subclass_000/orientation_016.png
06230001726	assets/theme_006_chapters_05x/class_23_wall/subclass_000/orientation_017.png
06230001826	assets/theme_006_chapters_05x/class_23_wall/subclass_000/orientation_018.png
06230001926	assets/theme_006_chapters_05x/class_23_wall/subclass_000/orientation_019.png
06230002026	assets/theme_006_chapters_05x/class_23_wall/subclass_000/orientation_020.png
06230002126	assets/theme_006_chapters_05x/class_23_wall/subclass_000/orientation_021.png
06230002226	assets/theme_006_chapters_05x/class_23_wall/subclass_000/orientation_022.png
06230002326	assets/theme_006_chapters_05x/class_23_wall/subclass_000/orientation_023.png
06230002426	assets/theme_006_chapters_05x/class_23_wall/subclass_000/orientation_024.png
06230002526	assets/theme_006_chapters_05x/class_23_wall/subclass_000/orientation_025.png
06230002626	assets/theme_006_chapters_05x/class_23_wall/subclass_000/orientation_026.png
06230002726	assets/theme_006_chapters_05x/class_23_wall/subclass_000/orientation_027.png
06250000023	assets/theme_006_chapters_05x/class_25_floor/subclass_000/orientation_000.png
06250000123	assets/theme_006_chapters_05x/class_25_floor/subclass_000/orientation_001.png
06250000223	assets/theme_006_chapters_05x/class_25_floor/subclass_000/orientation_002.png
06250000323	assets/theme_006_chapters_05x/class_25_floor/subclass_000/orientation_003.png
06250000423	assets/theme_006_chapters_05x/class_25_floor/subclass_000/orientation_004.png
06250000523	assets/theme_006_chapters_05x/class_25_floor/subclass_000/orientation_005.png
06250000623	assets/theme_006_chapters_05x/class_25_floor/subclass_000/orientation_006.png
06250100023	assets/theme_006_chapters_05x/class_25_floor/subclass_001/orientation_000.png
06250100123	assets/theme_006_chapters_05x/class_25_floor/subclass_001/orientation_001.png
06250100223	assets/theme_006_chapters_05x/class_25_floor/subclass_001/orientation_002.png
06250100323	assets/theme_006_chapters_05x/class_25_floor/subclass_001/orientation_003.png
06250100423	assets/theme_006_chapters_05x/class_25_floor/subclass_001/orientation_004.png
06250100523	assets/theme_006_chapters_05x/class_25_floor/subclass_001/orientation_005.png
06250100623	assets/theme_006_chapters_05x/class_25_floor/subclass_001/orientation_006.png
06260000045	assets/theme_006_chapters_05x/class_26_stairs/subclass_000/orientation_000.png
06260100045	assets/theme_006_chapters_05x/class_26_stairs/subclass_001/orientation_000.png
06260100145	assets/theme_006_chapters_05x/class_26_stairs/subclass_001/orientation_001.png
06260100245	assets/theme_006_chapters_05x/class_26_stairs/subclass_001/orientation_002.png
06260100345	assets/theme_006_chapters_05x/class_26_stairs/subclass_001/orientation_003.png
06260200045	assets/theme_006_chapters_05x/class_26_stairs/subclass_002/orientation_000.png
06260200145	assets/theme_006_chapters_05x/class_26_stairs/subclass_002/orientation_001.png
06260300045	assets/theme_006_chapters_05x/class_26_stairs/subclass_003/orientation_000.png
06270000030	assets/theme_006_chapters_05x/class_27_door/subclass_000/orientation_000.png
06340000029	assets/theme_006_chapters_05x/class_34_pillar/subclass_000/orientation_000.png
06340100029	assets/theme_006_chapters_05x/class_34_pillar/subclass_001/orientation_000.png
06340200029	assets/theme_006_chapters_05x/class_34_pillar/subclass_002/orientation_000.png
06350000031	assets/theme_006_chapters_05x/class_35_throne/subclass_000/orientation_000.png
06360000133	assets/theme_006_chapters_05x/class_36_chest/subclass_000/orientation_001.png
06470000063	assets/theme_006_chapters_05x/class_47_brace/subclass_000/orientation_000.png
06470000163	assets/theme_006_chapters_05x/class_47_brace/subclass_000/orientation_001.png
06470000263	assets/theme_006_chapters_05x/class_47_brace/subclass_000/orientation_002.png
06470000363	assets/theme_006_chapters_05x/class_47_brace/subclass_000/orientation_003.png
07010000001	assets/theme_007_chapters_06/class_01_plain/subclass_000/orientation_000.png
07010000101	assets/theme_007_chapters_06/class_01_plain/subclass_000/orientation_001.png
07010000201	assets/theme_007_chapters_06/class_01_plain/subclass_000/orientation_002.png
07010000301	assets/theme_007_chapters_06/class_01_plain/subclass_000/orientation_003.png
07010000401	assets/theme_007_chapters_06/class_01_plain/subclass_000/orientation_004.png
07010000501	assets/theme_007_chapters_06/class_01_plain/subclass_000/orientation_005.png
07010000601	assets/theme_007_chapters_06/class_01_plain/subclass_000/orientation_006.png
07010000701	assets/theme_007_chapters_06/class_01_plain/subclass_000/orientation_007.png
07010000801	assets/theme_007_chapters_06/class_01_plain/subclass_000/orientation_008.png
07010000901	assets/theme_007_chapters_06/class_01_plain/subclass_000/orientation_009.png
07010001001	assets/theme_007_chapters_06/class_01_plain/subclass_000/orientation_010.png
07010001101	assets/theme_007_chapters_06/class_01_plain/subclass_000/orientation_011.png
07010001201	assets/theme_007_chapters_06/class_01_plain/subclass_000/orientation_012.png
07010001301	assets/theme_007_chapters_06/class_01_plain/subclass_000/orientation_013.png
07010001401	assets/theme_007_chapters_06/class_01_plain/subclass_000/orientation_014.png
07010001501	assets/theme_007_chapters_06/class_01_plain/subclass_000/orientation_015.png
07010001601	assets/theme_007_chapters_06/class_01_plain/subclass_000/orientation_016.png
07010001701	assets/theme_007_chapters_06/class_01_plain/subclass_000/orientation_017.png
07010001801	assets/theme_007_chapters_06/class_01_plain/subclass_000/orientation_018.png
07010001901	assets/theme_007_chapters_06/class_01_plain/subclass_000/orientation_019.png
07010002001	assets/theme_007_chapters_06/class_01_plain/subclass_000/orientation_020.png
07010002101	assets/theme_007_chapters_06/class_01_plain/subclass_000/orientation_021.png
07010002201	assets/theme_007_chapters_06/class_01_plain/subclass_000/orientation_022.png
07010002301	assets/theme_007_chapters_06/class_01_plain/subclass_000/orientation_023.png
07010002401	assets/theme_007_chapters_06/class_01_plain/subclass_000/orientation_024.png
07010002501	assets/theme_007_chapters_06/class_01_plain/subclass_000/orientation_025.png
07010002601	assets/theme_007_chapters_06/class_01_plain/subclass_000/orientation_026.png
07010002701	assets/theme_007_chapters_06/class_01_plain/subclass_000/orientation_027.png
07010002801	assets/theme_007_chapters_06/class_01_plain/subclass_000/orientation_028.png
07010002901	assets/theme_007_chapters_06/class_01_plain/subclass_000/orientation_029.png
07010003001	assets/theme_007_chapters_06/class_01_plain/subclass_000/orientation_030.png
07010003101	assets/theme_007_chapters_06/class_01_plain/subclass_000/orientation_031.png
07010003201	assets/theme_007_chapters_06/class_01_plain/subclass_000/orientation_032.png
07010003301	assets/theme_007_chapters_06/class_01_plain/subclass_000/orientation_033.png
07010003401	assets/theme_007_chapters_06/class_01_plain/subclass_000/orientation_034.png
07010003501	assets/theme_007_chapters_06/class_01_plain/subclass_000/orientation_035.png
07010003601	assets/theme_007_chapters_06/class_01_plain/subclass_000/orientation_036.png
07010003701	assets/theme_007_chapters_06/class_01_plain/subclass_000/orientation_037.png
07010003801	assets/theme_007_chapters_06/class_01_plain/subclass_000/orientation_038.png
07010003901	assets/theme_007_chapters_06/class_01_plain/subclass_000/orientation_039.png
07010004001	assets/theme_007_chapters_06/class_01_plain/subclass_000/orientation_040.png
07010004101	assets/theme_007_chapters_06/class_01_plain/subclass_000/orientation_041.png
07010004201	assets/theme_007_chapters_06/class_01_plain/subclass_000/orientation_042.png
07010004301	assets/theme_007_chapters_06/class_01_plain/subclass_000/orientation_043.png
07010004401	assets/theme_007_chapters_06/class_01_plain/subclass_000/orientation_044.png
07010004501	assets/theme_007_chapters_06/class_01_plain/subclass_000/orientation_045.png
07010004601	assets/theme_007_chapters_06/class_01_plain/subclass_000/orientation_046.png
07010004701	assets/theme_007_chapters_06/class_01_plain/subclass_000/orientation_047.png
07010004801	assets/theme_007_chapters_06/class_01_plain/subclass_000/orientation_048.png
07010004901	assets/theme_007_chapters_06/class_01_plain/subclass_000/orientation_049.png
07010005001	assets/theme_007_chapters_06/class_01_plain/subclass_000/orientation_050.png
07010005101	assets/theme_007_chapters_06/class_01_plain/subclass_000/orientation_051.png
07010005201	assets/theme_007_chapters_06/class_01_plain/subclass_000/orientation_052.png
07010005301	assets/theme_007_chapters_06/class_01_plain/subclass_000/orientation_053.png
07010005401	assets/theme_007_chapters_06/class_01_plain/subclass_000/orientation_054.png
07010005501	assets/theme_007_chapters_06/class_01_plain/subclass_000/orientation_055.png
07010005601	assets/theme_007_chapters_06/class_01_plain/subclass_000/orientation_056.png
07010005701	assets/theme_007_chapters_06/class_01_plain/subclass_000/orientation_057.png
07010005801	assets/theme_007_chapters_06/class_01_plain/subclass_000/orientation_058.png
07010005901	assets/theme_007_chapters_06/class_01_plain/subclass_000/orientation_059.png
07010006001	assets/theme_007_chapters_06/class_01_plain/subclass_000/orientation_060.png
07010006101	assets/theme_007_chapters_06/class_01_plain/subclass_000/orientation_061.png
07010006201	assets/theme_007_chapters_06/class_01_plain/subclass_000/orientation_062.png
07010006301	assets/theme_007_chapters_06/class_01_plain/subclass_000/orientation_063.png
07010006401	assets/theme_007_chapters_06/class_01_plain/subclass_000/orientation_064.png
07010006501	assets/theme_007_chapters_06/class_01_plain/subclass_000/orientation_065.png
07010006601	assets/theme_007_chapters_06/class_01_plain/subclass_000/orientation_066.png
07010006701	assets/theme_007_chapters_06/class_01_plain/subclass_000/orientation_067.png
07010006801	assets/theme_007_chapters_06/class_01_plain/subclass_000/orientation_068.png
07010006901	assets/theme_007_chapters_06/class_01_plain/subclass_000/orientation_069.png
07010007001	assets/theme_007_chapters_06/class_01_plain/subclass_000/orientation_070.png
07010007101	assets/theme_007_chapters_06/class_01_plain/subclass_000/orientation_071.png
07010007201	assets/theme_007_chapters_06/class_01_plain/subclass_000/orientation_072.png
07010007301	assets/theme_007_chapters_06/class_01_plain/subclass_000/orientation_073.png
07010007401	assets/theme_007_chapters_06/class_01_plain/subclass_000/orientation_074.png
07010007501	assets/theme_007_chapters_06/class_01_plain/subclass_000/orientation_075.png
07010007601	assets/theme_007_chapters_06/class_01_plain/subclass_000/orientation_076.png
07010007701	assets/theme_007_chapters_06/class_01_plain/subclass_000/orientation_077.png
07010007801	assets/theme_007_chapters_06/class_01_plain/subclass_000/orientation_078.png
07020000012	assets/theme_007_chapters_06/class_02_forest/subclass_000/orientation_000.png
07020000112	assets/theme_007_chapters_06/class_02_forest/subclass_000/orientation_001.png
07020000212	assets/theme_007_chapters_06/class_02_forest/subclass_000/orientation_002.png
07020000312	assets/theme_007_chapters_06/class_02_forest/subclass_000/orientation_003.png
07020000412	assets/theme_007_chapters_06/class_02_forest/subclass_000/orientation_004.png
07020000512	assets/theme_007_chapters_06/class_02_forest/subclass_000/orientation_005.png
07020000612	assets/theme_007_chapters_06/class_02_forest/subclass_000/orientation_006.png
07020000712	assets/theme_007_chapters_06/class_02_forest/subclass_000/orientation_007.png
07020000812	assets/theme_007_chapters_06/class_02_forest/subclass_000/orientation_008.png
07020000912	assets/theme_007_chapters_06/class_02_forest/subclass_000/orientation_009.png
07020001012	assets/theme_007_chapters_06/class_02_forest/subclass_000/orientation_010.png
07020001112	assets/theme_007_chapters_06/class_02_forest/subclass_000/orientation_011.png
07020001212	assets/theme_007_chapters_06/class_02_forest/subclass_000/orientation_012.png
07020001312	assets/theme_007_chapters_06/class_02_forest/subclass_000/orientation_013.png
07020001412	assets/theme_007_chapters_06/class_02_forest/subclass_000/orientation_014.png
07020001512	assets/theme_007_chapters_06/class_02_forest/subclass_000/orientation_015.png
07020001612	assets/theme_007_chapters_06/class_02_forest/subclass_000/orientation_016.png
07020001712	assets/theme_007_chapters_06/class_02_forest/subclass_000/orientation_017.png
07030000017	assets/theme_007_chapters_06/class_03_mountain/subclass_000/orientation_000.png
07030000117	assets/theme_007_chapters_06/class_03_mountain/subclass_000/orientation_001.png
07030000217	assets/theme_007_chapters_06/class_03_mountain/subclass_000/orientation_002.png
07030000317	assets/theme_007_chapters_06/class_03_mountain/subclass_000/orientation_003.png
07030000417	assets/theme_007_chapters_06/class_03_mountain/subclass_000/orientation_004.png
07040000018	assets/theme_007_chapters_06/class_04_peak/subclass_000/orientation_000.png
07040000118	assets/theme_007_chapters_06/class_04_peak/subclass_000/orientation_001.png
07040000218	assets/theme_007_chapters_06/class_04_peak/subclass_000/orientation_002.png
07040000318	assets/theme_007_chapters_06/class_04_peak/subclass_000/orientation_003.png
07040000418	assets/theme_007_chapters_06/class_04_peak/subclass_000/orientation_004.png
07040000518	assets/theme_007_chapters_06/class_04_peak/subclass_000/orientation_005.png
07040000618	assets/theme_007_chapters_06/class_04_peak/subclass_000/orientation_006.png
07040000718	assets/theme_007_chapters_06/class_04_peak/subclass_000/orientation_007.png
07040000818	assets/theme_007_chapters_06/class_04_peak/subclass_000/orientation_008.png
07040000918	assets/theme_007_chapters_06/class_04_peak/subclass_000/orientation_009.png
07040001018	assets/theme_007_chapters_06/class_04_peak/subclass_000/orientation_010.png
07040001118	assets/theme_007_chapters_06/class_04_peak/subclass_000/orientation_011.png
07040001218	assets/theme_007_chapters_06/class_04_peak/subclass_000/orientation_012.png
07040001318	assets/theme_007_chapters_06/class_04_peak/subclass_000/orientation_013.png
07040001418	assets/theme_007_chapters_06/class_04_peak/subclass_000/orientation_014.png
07040001518	assets/theme_007_chapters_06/class_04_peak/subclass_000/orientation_015.png
07040001618	assets/theme_007_chapters_06/class_04_peak/subclass_000/orientation_016.png
07040001718	assets/theme_007_chapters_06/class_04_peak/subclass_000/orientation_017.png
07040001818	assets/theme_007_chapters_06/class_04_peak/subclass_000/orientation_018.png
07040001918	assets/theme_007_chapters_06/class_04_peak/subclass_000/orientation_019.png
07040002018	assets/theme_007_chapters_06/class_04_peak/subclass_000/orientation_020.png
07040002118	assets/theme_007_chapters_06/class_04_peak/subclass_000/orientation_021.png
07040002218	assets/theme_007_chapters_06/class_04_peak/subclass_000/orientation_022.png
07040002318	assets/theme_007_chapters_06/class_04_peak/subclass_000/orientation_023.png
07040002418	assets/theme_007_chapters_06/class_04_peak/subclass_000/orientation_024.png
07040002518	assets/theme_007_chapters_06/class_04_peak/subclass_000/orientation_025.png
07040002618	assets/theme_007_chapters_06/class_04_peak/subclass_000/orientation_026.png
07040002718	assets/theme_007_chapters_06/class_04_peak/subclass_000/orientation_027.png
07040002818	assets/theme_007_chapters_06/class_04_peak/subclass_000/orientation_028.png
07040002918	assets/theme_007_chapters_06/class_04_peak/subclass_000/orientation_029.png
07040003018	assets/theme_007_chapters_06/class_04_peak/subclass_000/orientation_030.png
07040003118	assets/theme_007_chapters_06/class_04_peak/subclass_000/orientation_031.png
07040003218	assets/theme_007_chapters_06/class_04_peak/subclass_000/orientation_032.png
07040003318	assets/theme_007_chapters_06/class_04_peak/subclass_000/orientation_033.png
07040003418	assets/theme_007_chapters_06/class_04_peak/subclass_000/orientation_034.png
07040003518	assets/theme_007_chapters_06/class_04_peak/subclass_000/orientation_035.png
07040003618	assets/theme_007_chapters_06/class_04_peak/subclass_000/orientation_036.png
07040003718	assets/theme_007_chapters_06/class_04_peak/subclass_000/orientation_037.png
07040003818	assets/theme_007_chapters_06/class_04_peak/subclass_000/orientation_038.png
07040003918	assets/theme_007_chapters_06/class_04_peak/subclass_000/orientation_039.png
07040004018	assets/theme_007_chapters_06/class_04_peak/subclass_000/orientation_040.png
07040004118	assets/theme_007_chapters_06/class_04_peak/subclass_000/orientation_041.png
07040004218	assets/theme_007_chapters_06/class_04_peak/subclass_000/orientation_042.png
07040004318	assets/theme_007_chapters_06/class_04_peak/subclass_000/orientation_043.png
07040004418	assets/theme_007_chapters_06/class_04_peak/subclass_000/orientation_044.png
07040004518	assets/theme_007_chapters_06/class_04_peak/subclass_000/orientation_045.png
07040004618	assets/theme_007_chapters_06/class_04_peak/subclass_000/orientation_046.png
07040004718	assets/theme_007_chapters_06/class_04_peak/subclass_000/orientation_047.png
07040004818	assets/theme_007_chapters_06/class_04_peak/subclass_000/orientation_048.png
07040004918	assets/theme_007_chapters_06/class_04_peak/subclass_000/orientation_049.png
07040005018	assets/theme_007_chapters_06/class_04_peak/subclass_000/orientation_050.png
07040005118	assets/theme_007_chapters_06/class_04_peak/subclass_000/orientation_051.png
07040005218	assets/theme_007_chapters_06/class_04_peak/subclass_000/orientation_052.png
07040005318	assets/theme_007_chapters_06/class_04_peak/subclass_000/orientation_053.png
07040005418	assets/theme_007_chapters_06/class_04_peak/subclass_000/orientation_054.png
07040005518	assets/theme_007_chapters_06/class_04_peak/subclass_000/orientation_055.png
07040005618	assets/theme_007_chapters_06/class_04_peak/subclass_000/orientation_056.png
07040005718	assets/theme_007_chapters_06/class_04_peak/subclass_000/orientation_057.png
07040005818	assets/theme_007_chapters_06/class_04_peak/subclass_000/orientation_058.png
07040005918	assets/theme_007_chapters_06/class_04_peak/subclass_000/orientation_059.png
07040006018	assets/theme_007_chapters_06/class_04_peak/subclass_000/orientation_060.png
07060000038	assets/theme_007_chapters_06/class_06_cliff/subclass_000/orientation_000.png
07060100038	assets/theme_007_chapters_06/class_06_cliff/subclass_001/orientation_000.png
07060200038	assets/theme_007_chapters_06/class_06_cliff/subclass_002/orientation_000.png
07160000010	assets/theme_007_chapters_06/class_16_fort/subclass_000/orientation_000.png
07170000003	assets/theme_007_chapters_06/class_17_village/subclass_000/orientation_000.png
07390000013	assets/theme_007_chapters_06/class_39_thicket/subclass_000/orientation_000.png
07390000113	assets/theme_007_chapters_06/class_39_thicket/subclass_000/orientation_001.png
07390000213	assets/theme_007_chapters_06/class_39_thicket/subclass_000/orientation_002.png
07390000313	assets/theme_007_chapters_06/class_39_thicket/subclass_000/orientation_003.png
07390000413	assets/theme_007_chapters_06/class_39_thicket/subclass_000/orientation_004.png
07390000513	assets/theme_007_chapters_06/class_39_thicket/subclass_000/orientation_005.png
07390000613	assets/theme_007_chapters_06/class_39_thicket/subclass_000/orientation_006.png
07490000046	assets/theme_007_chapters_06/class_49_dashdash/subclass_000/orientation_000.png
07490000146	assets/theme_007_chapters_06/class_49_dashdash/subclass_000/orientation_001.png
07490000246	assets/theme_007_chapters_06/class_49_dashdash/subclass_000/orientation_002.png
07490000346	assets/theme_007_chapters_06/class_49_dashdash/subclass_000/orientation_003.png
07490000446	assets/theme_007_chapters_06/class_49_dashdash/subclass_000/orientation_004.png
07490000546	assets/theme_007_chapters_06/class_49_dashdash/subclass_000/orientation_005.png
07490000646	assets/theme_007_chapters_06/class_49_dashdash/subclass_000/orientation_006.png
07490000746	assets/theme_007_chapters_06/class_49_dashdash/subclass_000/orientation_007.png
08010000001	assets/theme_008_chapters_07/class_01_plain/subclass_000/orientation_000.png
08010000101	assets/theme_008_chapters_07/class_01_plain/subclass_000/orientation_001.png
08010000201	assets/theme_008_chapters_07/class_01_plain/subclass_000/orientation_002.png
08010000301	assets/theme_008_chapters_07/class_01_plain/subclass_000/orientation_003.png
08010000401	assets/theme_008_chapters_07/class_01_plain/subclass_000/orientation_004.png
08010000501	assets/theme_008_chapters_07/class_01_plain/subclass_000/orientation_005.png
08010000601	assets/theme_008_chapters_07/class_01_plain/subclass_000/orientation_006.png
08010000701	assets/theme_008_chapters_07/class_01_plain/subclass_000/orientation_007.png
08010000801	assets/theme_008_chapters_07/class_01_plain/subclass_000/orientation_008.png
08010000901	assets/theme_008_chapters_07/class_01_plain/subclass_000/orientation_009.png
08010001001	assets/theme_008_chapters_07/class_01_plain/subclass_000/orientation_010.png
08010001101	assets/theme_008_chapters_07/class_01_plain/subclass_000/orientation_011.png
08010001201	assets/theme_008_chapters_07/class_01_plain/subclass_000/orientation_012.png
08010001301	assets/theme_008_chapters_07/class_01_plain/subclass_000/orientation_013.png
08010001401	assets/theme_008_chapters_07/class_01_plain/subclass_000/orientation_014.png
08010001501	assets/theme_008_chapters_07/class_01_plain/subclass_000/orientation_015.png
08010001601	assets/theme_008_chapters_07/class_01_plain/subclass_000/orientation_016.png
08010001701	assets/theme_008_chapters_07/class_01_plain/subclass_000/orientation_017.png
08010001801	assets/theme_008_chapters_07/class_01_plain/subclass_000/orientation_018.png
08010001901	assets/theme_008_chapters_07/class_01_plain/subclass_000/orientation_019.png
08010002001	assets/theme_008_chapters_07/class_01_plain/subclass_000/orientation_020.png
08010002101	assets/theme_008_chapters_07/class_01_plain/subclass_000/orientation_021.png
08010002201	assets/theme_008_chapters_07/class_01_plain/subclass_000/orientation_022.png
08010002301	assets/theme_008_chapters_07/class_01_plain/subclass_000/orientation_023.png
08010002401	assets/theme_008_chapters_07/class_01_plain/subclass_000/orientation_024.png
08010002501	assets/theme_008_chapters_07/class_01_plain/subclass_000/orientation_025.png
08010002601	assets/theme_008_chapters_07/class_01_plain/subclass_000/orientation_026.png
08010002701	assets/theme_008_chapters_07/class_01_plain/subclass_000/orientation_027.png
08010002801	assets/theme_008_chapters_07/class_01_plain/subclass_000/orientation_028.png
08010002901	assets/theme_008_chapters_07/class_01_plain/subclass_000/orientation_029.png
08010003001	assets/theme_008_chapters_07/class_01_plain/subclass_000/orientation_030.png
08010003101	assets/theme_008_chapters_07/class_01_plain/subclass_000/orientation_031.png
08010003201	assets/theme_008_chapters_07/class_01_plain/subclass_000/orientation_032.png
08010003301	assets/theme_008_chapters_07/class_01_plain/subclass_000/orientation_033.png
08010003401	assets/theme_008_chapters_07/class_01_plain/subclass_000/orientation_034.png
08010003501	assets/theme_008_chapters_07/class_01_plain/subclass_000/orientation_035.png
08010003601	assets/theme_008_chapters_07/class_01_plain/subclass_000/orientation_036.png
08010003701	assets/theme_008_chapters_07/class_01_plain/subclass_000/orientation_037.png
08010003801	assets/theme_008_chapters_07/class_01_plain/subclass_000/orientation_038.png
08010003901	assets/theme_008_chapters_07/class_01_plain/subclass_000/orientation_039.png
08010004001	assets/theme_008_chapters_07/class_01_plain/subclass_000/orientation_040.png
08010004101	assets/theme_008_chapters_07/class_01_plain/subclass_000/orientation_041.png
08010004201	assets/theme_008_chapters_07/class_01_plain/subclass_000/orientation_042.png
08010004301	assets/theme_008_chapters_07/class_01_plain/subclass_000/orientation_043.png
08010004401	assets/theme_008_chapters_07/class_01_plain/subclass_000/orientation_044.png
08010004501	assets/theme_008_chapters_07/class_01_plain/subclass_000/orientation_045.png
08010004601	assets/theme_008_chapters_07/class_01_plain/subclass_000/orientation_046.png
08010004701	assets/theme_008_chapters_07/class_01_plain/subclass_000/orientation_047.png
08010004801	assets/theme_008_chapters_07/class_01_plain/subclass_000/orientation_048.png
08010004901	assets/theme_008_chapters_07/class_01_plain/subclass_000/orientation_049.png
08010005001	assets/theme_008_chapters_07/class_01_plain/subclass_000/orientation_050.png
08010005101	assets/theme_008_chapters_07/class_01_plain/subclass_000/orientation_051.png
08010005201	assets/theme_008_chapters_07/class_01_plain/subclass_000/orientation_052.png
08010005301	assets/theme_008_chapters_07/class_01_plain/subclass_000/orientation_053.png
08010005401	assets/theme_008_chapters_07/class_01_plain/subclass_000/orientation_054.png
08010005501	assets/theme_008_chapters_07/class_01_plain/subclass_000/orientation_055.png
08010005601	assets/theme_008_chapters_07/class_01_plain/subclass_000/orientation_056.png
08010005701	assets/theme_008_chapters_07/class_01_plain/subclass_000/orientation_057.png
08010005801	assets/theme_008_chapters_07/class_01_plain/subclass_000/orientation_058.png
08010005901	assets/theme_008_chapters_07/class_01_plain/subclass_000/orientation_059.png
08010006001	assets/theme_008_chapters_07/class_01_plain/subclass_000/orientation_060.png
08010006101	assets/theme_008_chapters_07/class_01_plain/subclass_000/orientation_061.png
08010006201	assets/theme_008_chapters_07/class_01_plain/subclass_000/orientation_062.png
08010006301	assets/theme_008_chapters_07/class_01_plain/subclass_000/orientation_063.png
08010100001	assets/theme_008_chapters_07/class_01_plain/subclass_001/orientation_000.png
08020000012	assets/theme_008_chapters_07/class_02_forest/subclass_000/orientation_000.png
08020000112	assets/theme_008_chapters_07/class_02_forest/subclass_000/orientation_001.png
08020000212	assets/theme_008_chapters_07/class_02_forest/subclass_000/orientation_002.png
08020000312	assets/theme_008_chapters_07/class_02_forest/subclass_000/orientation_003.png
08020000412	assets/theme_008_chapters_07/class_02_forest/subclass_000/orientation_004.png
08020000512	assets/theme_008_chapters_07/class_02_forest/subclass_000/orientation_005.png
08020000612	assets/theme_008_chapters_07/class_02_forest/subclass_000/orientation_006.png
08020000712	assets/theme_008_chapters_07/class_02_forest/subclass_000/orientation_007.png
08020000812	assets/theme_008_chapters_07/class_02_forest/subclass_000/orientation_008.png
08020000912	assets/theme_008_chapters_07/class_02_forest/subclass_000/orientation_009.png
08030000017	assets/theme_008_chapters_07/class_03_mountain/subclass_000/orientation_000.png
08030000117	assets/theme_008_chapters_07/class_03_mountain/subclass_000/orientation_001.png
08030000217	assets/theme_008_chapters_07/class_03_mountain/subclass_000/orientation_002.png
08030000317	assets/theme_008_chapters_07/class_03_mountain/subclass_000/orientation_003.png
08040000018	assets/theme_008_chapters_07/class_04_peak/subclass_000/orientation_000.png
08040000118	assets/theme_008_chapters_07/class_04_peak/subclass_000/orientation_001.png
08040000218	assets/theme_008_chapters_07/class_04_peak/subclass_000/orientation_002.png
08040000318	assets/theme_008_chapters_07/class_04_peak/subclass_000/orientation_003.png
08040000418	assets/theme_008_chapters_07/class_04_peak/subclass_000/orientation_004.png
08040000518	assets/theme_008_chapters_07/class_04_peak/subclass_000/orientation_005.png
08040000618	assets/theme_008_chapters_07/class_04_peak/subclass_000/orientation_006.png
08040000718	assets/theme_008_chapters_07/class_04_peak/subclass_000/orientation_007.png
08040000818	assets/theme_008_chapters_07/class_04_peak/subclass_000/orientation_008.png
08040000918	assets/theme_008_chapters_07/class_04_peak/subclass_000/orientation_009.png
08040001018	assets/theme_008_chapters_07/class_04_peak/subclass_000/orientation_010.png
08040001118	assets/theme_008_chapters_07/class_04_peak/subclass_000/orientation_011.png
08040001218	assets/theme_008_chapters_07/class_04_peak/subclass_000/orientation_012.png
08040001318	assets/theme_008_chapters_07/class_04_peak/subclass_000/orientation_013.png
08040001418	assets/theme_008_chapters_07/class_04_peak/subclass_000/orientation_014.png
08040001518	assets/theme_008_chapters_07/class_04_peak/subclass_000/orientation_015.png
08040001618	assets/theme_008_chapters_07/class_04_peak/subclass_000/orientation_016.png
08040001718	assets/theme_008_chapters_07/class_04_peak/subclass_000/orientation_017.png
08040001818	assets/theme_008_chapters_07/class_04_peak/subclass_000/orientation_018.png
08040001918	assets/theme_008_chapters_07/class_04_peak/subclass_000/orientation_019.png
08040002018	assets/theme_008_chapters_07/class_04_peak/subclass_000/orientation_020.png
08040002118	assets/theme_008_chapters_07/class_04_peak/subclass_000/orientation_021.png
08040002218	assets/theme_008_chapters_07/class_04_peak/subclass_000/orientation_022.png
08040002318	assets/theme_008_chapters_07/class_04_peak/subclass_000/orientation_023.png
08040002418	assets/theme_008_chapters_07/class_04_peak/subclass_000/orientation_024.png
08040002518	assets/theme_008_chapters_07/class_04_peak/subclass_000/orientation_025.png
08040002618	assets/theme_008_chapters_07/class_04_peak/subclass_000/orientation_026.png
08040002718	assets/theme_008_chapters_07/class_04_peak/subclass_000/orientation_027.png
08040002818	assets/theme_008_chapters_07/class_04_peak/subclass_000/orientation_028.png
08040002918	assets/theme_008_chapters_07/class_04_peak/subclass_000/orientation_029.png
08040003018	assets/theme_008_chapters_07/class_04_peak/subclass_000/orientation_030.png
08040003118	assets/theme_008_chapters_07/class_04_peak/subclass_000/orientation_031.png
08040003218	assets/theme_008_chapters_07/class_04_peak/subclass_000/orientation_032.png
08040003318	assets/theme_008_chapters_07/class_04_peak/subclass_000/orientation_033.png
08040003418	assets/theme_008_chapters_07/class_04_peak/subclass_000/orientation_034.png
08040003518	assets/theme_008_chapters_07/class_04_peak/subclass_000/orientation_035.png
08040003618	assets/theme_008_chapters_07/class_04_peak/subclass_000/orientation_036.png
08040003718	assets/theme_008_chapters_07/class_04_peak/subclass_000/orientation_037.png
08040003818	assets/theme_008_chapters_07/class_04_peak/subclass_000/orientation_038.png
08040003918	assets/theme_008_chapters_07/class_04_peak/subclass_000/orientation_039.png
08040004018	assets/theme_008_chapters_07/class_04_peak/subclass_000/orientation_040.png
08040004118	assets/theme_008_chapters_07/class_04_peak/subclass_000/orientation_041.png
08040004218	assets/theme_008_chapters_07/class_04_peak/subclass_000/orientation_042.png
08060000038	assets/theme_008_chapters_07/class_06_cliff/subclass_000/orientation_000.png
08060000138	assets/theme_008_chapters_07/class_06_cliff/subclass_000/orientation_001.png
08060000238	assets/theme_008_chapters_07/class_06_cliff/subclass_000/orientation_002.png
08060000338	assets/theme_008_chapters_07/class_06_cliff/subclass_000/orientation_003.png
08060000438	assets/theme_008_chapters_07/class_06_cliff/subclass_000/orientation_004.png
08060000538	assets/theme_008_chapters_07/class_06_cliff/subclass_000/orientation_005.png
08060000638	assets/theme_008_chapters_07/class_06_cliff/subclass_000/orientation_006.png
08060000738	assets/theme_008_chapters_07/class_06_cliff/subclass_000/orientation_007.png
08060000838	assets/theme_008_chapters_07/class_06_cliff/subclass_000/orientation_008.png
08060000938	assets/theme_008_chapters_07/class_06_cliff/subclass_000/orientation_009.png
08060001038	assets/theme_008_chapters_07/class_06_cliff/subclass_000/orientation_010.png
08060001138	assets/theme_008_chapters_07/class_06_cliff/subclass_000/orientation_011.png
08060001238	assets/theme_008_chapters_07/class_06_cliff/subclass_000/orientation_012.png
08060001338	assets/theme_008_chapters_07/class_06_cliff/subclass_000/orientation_013.png
08060001438	assets/theme_008_chapters_07/class_06_cliff/subclass_000/orientation_014.png
08060001538	assets/theme_008_chapters_07/class_06_cliff/subclass_000/orientation_015.png
08060001638	assets/theme_008_chapters_07/class_06_cliff/subclass_000/orientation_016.png
08060001738	assets/theme_008_chapters_07/class_06_cliff/subclass_000/orientation_017.png
08060001838	assets/theme_008_chapters_07/class_06_cliff/subclass_000/orientation_018.png
08060001938	assets/theme_008_chapters_07/class_06_cliff/subclass_000/orientation_019.png
08060002038	assets/theme_008_chapters_07/class_06_cliff/subclass_000/orientation_020.png
08060002138	assets/theme_008_chapters_07/class_06_cliff/subclass_000/orientation_021.png
08060002238	assets/theme_008_chapters_07/class_06_cliff/subclass_000/orientation_022.png
08060002338	assets/theme_008_chapters_07/class_06_cliff/subclass_000/orientation_023.png
08060100038	assets/theme_008_chapters_07/class_06_cliff/subclass_001/orientation_000.png
08060100138	assets/theme_008_chapters_07/class_06_cliff/subclass_001/orientation_001.png
08060100238	assets/theme_008_chapters_07/class_06_cliff/subclass_001/orientation_002.png
08060200038	assets/theme_008_chapters_07/class_06_cliff/subclass_002/orientation_000.png
08060200138	assets/theme_008_chapters_07/class_06_cliff/subclass_002/orientation_001.png
08060300038	assets/theme_008_chapters_07/class_06_cliff/subclass_003/orientation_000.png
08110000016	assets/theme_008_chapters_07/class_11_river/subclass_000/orientation_000.png
08110000116	assets/theme_008_chapters_07/class_11_river/subclass_000/orientation_001.png
08110000216	assets/theme_008_chapters_07/class_11_river/subclass_000/orientation_002.png
08110000316	assets/theme_008_chapters_07/class_11_river/subclass_000/orientation_003.png
08110000416	assets/theme_008_chapters_07/class_11_river/subclass_000/orientation_004.png
08110000516	assets/theme_008_chapters_07/class_11_river/subclass_000/orientation_005.png
08110000616	assets/theme_008_chapters_07/class_11_river/subclass_000/orientation_006.png
08110000716	assets/theme_008_chapters_07/class_11_river/subclass_000/orientation_007.png
08110000816	assets/theme_008_chapters_07/class_11_river/subclass_000/orientation_008.png
08110000916	assets/theme_008_chapters_07/class_11_river/subclass_000/orientation_009.png
08110001016	assets/theme_008_chapters_07/class_11_river/subclass_000/orientation_010.png
08130000022	assets/theme_008_chapters_07/class_13_lake/subclass_000/orientation_000.png
08130000122	assets/theme_008_chapters_07/class_13_lake/subclass_000/orientation_001.png
08130000222	assets/theme_008_chapters_07/class_13_lake/subclass_000/orientation_002.png
08130000322	assets/theme_008_chapters_07/class_13_lake/subclass_000/orientation_003.png
08130000422	assets/theme_008_chapters_07/class_13_lake/subclass_000/orientation_004.png
08130000522	assets/theme_008_chapters_07/class_13_lake/subclass_000/orientation_005.png
08150000019	assets/theme_008_chapters_07/class_15_bridge/subclass_000/orientation_000.png
08150100019	assets/theme_008_chapters_07/class_15_bridge/subclass_001/orientation_000.png
08180000005	assets/theme_008_chapters_07/class_18_house/subclass_000/orientation_000.png
08280000011	assets/theme_008_chapters_07/class_28_gate/subclass_000/orientation_000.png
08490000044	assets/theme_008_chapters_07/class_49_dashdash/subclass_000/orientation_000.png
08490000144	assets/theme_008_chapters_07/class_49_dashdash/subclass_000/orientation_001.png
08490000244	assets/theme_008_chapters_07/class_49_dashdash/subclass_000/orientation_002.png
08490000344	assets/theme_008_chapters_07/class_49_dashdash/subclass_000/orientation_003.png
08490000444	assets/theme_008_chapters_07/class_49_dashdash/subclass_000/orientation_004.png
08490000544	assets/theme_008_chapters_07/class_49_dashdash/subclass_000/orientation_005.png
08490000644	assets/theme_008_chapters_07/class_49_dashdash/subclass_000/orientation_006.png
08490000744	assets/theme_008_chapters_07/class_49_dashdash/subclass_000/orientation_007.png
09120000060	assets/theme_009_chapters_08/class_12_water/subclass_000/orientation_000.png
09120000160	assets/theme_009_chapters_08/class_12_water/subclass_000/orientation_001.png
09120000223	assets/theme_009_chapters_08/class_12_water/subclass_000/orientation_002.png
09120000323	assets/theme_009_chapters_08/class_12_water/subclass_000/orientation_003.png
09120000460	assets/theme_009_chapters_08/class_12_water/subclass_000/orientation_004.png
09120000523	assets/theme_009_chapters_08/class_12_water/subclass_000/orientation_005.png
09120000623	assets/theme_009_chapters_08/class_12_water/subclass_000/orientation_006.png
09120000760	assets/theme_009_chapters_08/class_12_water/subclass_000/orientation_007.png
09120000860	assets/theme_009_chapters_08/class_12_water/subclass_000/orientation_008.png
09120000960	assets/theme_009_chapters_08/class_12_water/subclass_000/orientation_009.png
09120001060	assets/theme_009_chapters_08/class_12_water/subclass_000/orientation_010.png
09120001160	assets/theme_009_chapters_08/class_12_water/subclass_000/orientation_011.png
09120001260	assets/theme_009_chapters_08/class_12_water/subclass_000/orientation_012.png
09120001360	assets/theme_009_chapters_08/class_12_water/subclass_000/orientation_013.png
09120001460	assets/theme_009_chapters_08/class_12_water/subclass_000/orientation_014.png
09120001523	assets/theme_009_chapters_08/class_12_water/subclass_000/orientation_015.png
09120001660	assets/theme_009_chapters_08/class_12_water/subclass_000/orientation_016.png
09120001760	assets/theme_009_chapters_08/class_12_water/subclass_000/orientation_017.png
09120001860	assets/theme_009_chapters_08/class_12_water/subclass_000/orientation_018.png
09120001960	assets/theme_009_chapters_08/class_12_water/subclass_000/orientation_019.png
09120002060	assets/theme_009_chapters_08/class_12_water/subclass_000/orientation_020.png
09120002160	assets/theme_009_chapters_08/class_12_water/subclass_000/orientation_021.png
09120002260	assets/theme_009_chapters_08/class_12_water/subclass_000/orientation_022.png
09120100060	assets/theme_009_chapters_08/class_12_water/subclass_001/orientation_000.png
09120100160	assets/theme_009_chapters_08/class_12_water/subclass_001/orientation_001.png
09120100260	assets/theme_009_chapters_08/class_12_water/subclass_001/orientation_002.png
09120100360	assets/theme_009_chapters_08/class_12_water/subclass_001/orientation_003.png
09120100460	assets/theme_009_chapters_08/class_12_water/subclass_001/orientation_004.png
09120100560	assets/theme_009_chapters_08/class_12_water/subclass_001/orientation_005.png
09120100660	assets/theme_009_chapters_08/class_12_water/subclass_001/orientation_006.png
09120100760	assets/theme_009_chapters_08/class_12_water/subclass_001/orientation_007.png
09230000026	assets/theme_009_chapters_08/class_23_wall/subclass_000/orientation_000.png
09230000126	assets/theme_009_chapters_08/class_23_wall/subclass_000/orientation_001.png
09230000226	assets/theme_009_chapters_08/class_23_wall/subclass_000/orientation_002.png
09230000326	assets/theme_009_chapters_08/class_23_wall/subclass_000/orientation_003.png
09230000426	assets/theme_009_chapters_08/class_23_wall/subclass_000/orientation_004.png
09230000526	assets/theme_009_chapters_08/class_23_wall/subclass_000/orientation_005.png
09230000626	assets/theme_009_chapters_08/class_23_wall/subclass_000/orientation_006.png
09230000726	assets/theme_009_chapters_08/class_23_wall/subclass_000/orientation_007.png
09230000826	assets/theme_009_chapters_08/class_23_wall/subclass_000/orientation_008.png
09230000926	assets/theme_009_chapters_08/class_23_wall/subclass_000/orientation_009.png
09230001026	assets/theme_009_chapters_08/class_23_wall/subclass_000/orientation_010.png
09230001126	assets/theme_009_chapters_08/class_23_wall/subclass_000/orientation_011.png
09230001226	assets/theme_009_chapters_08/class_23_wall/subclass_000/orientation_012.png
09230001326	assets/theme_009_chapters_08/class_23_wall/subclass_000/orientation_013.png
09230001426	assets/theme_009_chapters_08/class_23_wall/subclass_000/orientation_014.png
09230001526	assets/theme_009_chapters_08/class_23_wall/subclass_000/orientation_015.png
09230001626	assets/theme_009_chapters_08/class_23_wall/subclass_000/orientation_016.png
09230001726	assets/theme_009_chapters_08/class_23_wall/subclass_000/orientation_017.png
09230001926	assets/theme_009_chapters_08/class_23_wall/subclass_000/orientation_019.png
09230002026	assets/theme_009_chapters_08/class_23_wall/subclass_000/orientation_020.png
09230002126	assets/theme_009_chapters_08/class_23_wall/subclass_000/orientation_021.png
09230002226	assets/theme_009_chapters_08/class_23_wall/subclass_000/orientation_022.png
09230002326	assets/theme_009_chapters_08/class_23_wall/subclass_000/orientation_023.png
09230002426	assets/theme_009_chapters_08/class_23_wall/subclass_000/orientation_024.png
09230002526	assets/theme_009_chapters_08/class_23_wall/subclass_000/orientation_025.png
09230002626	assets/theme_009_chapters_08/class_23_wall/subclass_000/orientation_026.png
09230002826	assets/theme_009_chapters_08/class_23_wall/subclass_000/orientation_028.png
09240000027	assets/theme_009_chapters_08/class_24_wall2/subclass_000/orientation_000.png
09250000023	assets/theme_009_chapters_08/class_25_floor/subclass_000/orientation_000.png
09250000123	assets/theme_009_chapters_08/class_25_floor/subclass_000/orientation_001.png
09250000223	assets/theme_009_chapters_08/class_25_floor/subclass_000/orientation_002.png
09250000323	assets/theme_009_chapters_08/class_25_floor/subclass_000/orientation_003.png
09250000423	assets/theme_009_chapters_08/class_25_floor/subclass_000/orientation_004.png
09250000523	assets/theme_009_chapters_08/class_25_floor/subclass_000/orientation_005.png
09250000623	assets/theme_009_chapters_08/class_25_floor/subclass_000/orientation_006.png
09250000723	assets/theme_009_chapters_08/class_25_floor/subclass_000/orientation_007.png
09250000823	assets/theme_009_chapters_08/class_25_floor/subclass_000/orientation_008.png
09250000923	assets/theme_009_chapters_08/class_25_floor/subclass_000/orientation_009.png
09250001023	assets/theme_009_chapters_08/class_25_floor/subclass_000/orientation_010.png
09250100023	assets/theme_009_chapters_08/class_25_floor/subclass_001/orientation_000.png
09250100123	assets/theme_009_chapters_08/class_25_floor/subclass_001/orientation_001.png
09250100223	assets/theme_009_chapters_08/class_25_floor/subclass_001/orientation_002.png
09250100323	assets/theme_009_chapters_08/class_25_floor/subclass_001/orientation_003.png
09250100423	assets/theme_009_chapters_08/class_25_floor/subclass_001/orientation_004.png
09250100523	assets/theme_009_chapters_08/class_25_floor/subclass_001/orientation_005.png
09250100623	assets/theme_009_chapters_08/class_25_floor/subclass_001/orientation_006.png
09260000045	assets/theme_009_chapters_08/class_26_stairs/subclass_000/orientation_000.png
09260100045	assets/theme_009_chapters_08/class_26_stairs/subclass_001/orientation_000.png
09260100145	assets/theme_009_chapters_08/class_26_stairs/subclass_001/orientation_001.png
09260100245	assets/theme_009_chapters_08/class_26_stairs/subclass_001/orientation_002.png
09260100345	assets/theme_009_chapters_08/class_26_stairs/subclass_001/orientation_003.png
09260200045	assets/theme_009_chapters_08/class_26_stairs/subclass_002/orientation_000.png
09260300045	assets/theme_009_chapters_08/class_26_stairs/subclass_003/orientation_000.png
09260300145	assets/theme_009_chapters_08/class_26_stairs/subclass_003/orientation_001.png
09260400045	assets/theme_009_chapters_08/class_26_stairs/subclass_004/orientation_000.png
09270000030	assets/theme_009_chapters_08/class_27_door/subclass_000/orientation_000.png
09270100030	assets/theme_009_chapters_08/class_27_door/subclass_001/orientation_000.png
09340000029	assets/theme_009_chapters_08/class_34_pillar/subclass_000/orientation_000.png
09340100029	assets/theme_009_chapters_08/class_34_pillar/subclass_001/orientation_000.png
09340200029	assets/theme_009_chapters_08/class_34_pillar/subclass_002/orientation_000.png
09350000031	assets/theme_009_chapters_08/class_35_throne/subclass_000/orientation_000.png
09360000133	assets/theme_009_chapters_08/class_36_chest/subclass_000/orientation_001.png
09470000063	assets/theme_009_chapters_08/class_47_brace/subclass_000/orientation_000.png
09470000163	assets/theme_009_chapters_08/class_47_brace/subclass_000/orientation_001.png
09470000263	assets/theme_009_chapters_08/class_47_brace/subclass_000/orientation_002.png
09470100063	assets/theme_009_chapters_08/class_47_brace/subclass_001/orientation_000.png
09470100163	assets/theme_009_chapters_08/class_47_brace/subclass_001/orientation_001.png
09470100263	assets/theme_009_chapters_08/class_47_brace/subclass_001/orientation_002.png
09470100363	assets/theme_009_chapters_08/class_47_brace/subclass_001/orientation_003.png
09470100463	assets/theme_009_chapters_08/class_47_brace/subclass_001/orientation_004.png
10010000001	assets/theme_010_chapters_09eirika/class_01_plain/subclass_000/orientation_000.png
10010000101	assets/theme_010_chapters_09eirika/class_01_plain/subclass_000/orientation_001.png
10010100001	assets/theme_010_chapters_09eirika/class_01_plain/subclass_001/orientation_000.png
10020000012	assets/theme_010_chapters_09eirika/class_02_forest/subclass_000/orientation_000.png
10020000112	assets/theme_010_chapters_09eirika/class_02_forest/subclass_000/orientation_001.png
10020100012	assets/theme_010_chapters_09eirika/class_02_forest/subclass_001/orientation_000.png
10070000002	assets/theme_010_chapters_09eirika/class_07_road/subclass_000/orientation_000.png
10070000102	assets/theme_010_chapters_09eirika/class_07_road/subclass_000/orientation_001.png
10070000202	assets/theme_010_chapters_09eirika/class_07_road/subclass_000/orientation_002.png
10070000302	assets/theme_010_chapters_09eirika/class_07_road/subclass_000/orientation_003.png
10070000402	assets/theme_010_chapters_09eirika/class_07_road/subclass_000/orientation_004.png
10070000502	assets/theme_010_chapters_09eirika/class_07_road/subclass_000/orientation_005.png
10070000602	assets/theme_010_chapters_09eirika/class_07_road/subclass_000/orientation_006.png
10070000702	assets/theme_010_chapters_09eirika/class_07_road/subclass_000/orientation_007.png
10070000802	assets/theme_010_chapters_09eirika/class_07_road/subclass_000/orientation_008.png
10070000902	assets/theme_010_chapters_09eirika/class_07_road/subclass_000/orientation_009.png
10070001002	assets/theme_010_chapters_09eirika/class_07_road/subclass_000/orientation_010.png
10070001102	assets/theme_010_chapters_09eirika/class_07_road/subclass_000/orientation_011.png
10070001202	assets/theme_010_chapters_09eirika/class_07_road/subclass_000/orientation_012.png
10070001302	assets/theme_010_chapters_09eirika/class_07_road/subclass_000/orientation_013.png
10070001402	assets/theme_010_chapters_09eirika/class_07_road/subclass_000/orientation_014.png
10070001502	assets/theme_010_chapters_09eirika/class_07_road/subclass_000/orientation_015.png
10070001602	assets/theme_010_chapters_09eirika/class_07_road/subclass_000/orientation_016.png
10070001702	assets/theme_010_chapters_09eirika/class_07_road/subclass_000/orientation_017.png
10070001802	assets/theme_010_chapters_09eirika/class_07_road/subclass_000/orientation_018.png
10070001902	assets/theme_010_chapters_09eirika/class_07_road/subclass_000/orientation_019.png
10070002002	assets/theme_010_chapters_09eirika/class_07_road/subclass_000/orientation_020.png
10070002102	assets/theme_010_chapters_09eirika/class_07_road/subclass_000/orientation_021.png
10070002202	assets/theme_010_chapters_09eirika/class_07_road/subclass_000/orientation_022.png
10070002302	assets/theme_010_chapters_09eirika/class_07_road/subclass_000/orientation_023.png
10070002402	assets/theme_010_chapters_09eirika/class_07_road/subclass_000/orientation_024.png
10070002502	assets/theme_010_chapters_09eirika/class_07_road/subclass_000/orientation_025.png
10100000014	assets/theme_010_chapters_09eirika/class_10_sand/subclass_000/orientation_000.png
10100100014	assets/theme_010_chapters_09eirika/class_10_sand/subclass_001/orientation_000.png
10100100114	assets/theme_010_chapters_09eirika/class_10_sand/subclass_001/orientation_001.png
10100100214	assets/theme_010_chapters_09eirika/class_10_sand/subclass_001/orientation_002.png
10140000021	assets/theme_010_chapters_09eirika/class_14_sea/subclass_000/orientation_000.png
10140000121	assets/theme_010_chapters_09eirika/class_14_sea/subclass_000/orientation_001.png
10140000221	assets/theme_010_chapters_09eirika/class_14_sea/subclass_000/orientation_002.png
10140000321	assets/theme_010_chapters_09eirika/class_14_sea/subclass_000/orientation_003.png
10140000421	assets/theme_010_chapters_09eirika/class_14_sea/subclass_000/orientation_004.png
10140000521	assets/theme_010_chapters_09eirika/class_14_sea/subclass_000/orientation_005.png
10140000621	assets/theme_010_chapters_09eirika/class_14_sea/subclass_000/orientation_006.png
10140000721	assets/theme_010_chapters_09eirika/class_14_sea/subclass_000/orientation_007.png
10140000821	assets/theme_010_chapters_09eirika/class_14_sea/subclass_000/orientation_008.png
10140000921	assets/theme_010_chapters_09eirika/class_14_sea/subclass_000/orientation_009.png
10140001021	assets/theme_010_chapters_09eirika/class_14_sea/subclass_000/orientation_010.png
10140001121	assets/theme_010_chapters_09eirika/class_14_sea/subclass_000/orientation_011.png
10140001221	assets/theme_010_chapters_09eirika/class_14_sea/subclass_000/orientation_012.png
10140001321	assets/theme_010_chapters_09eirika/class_14_sea/subclass_000/orientation_013.png
10140001421	assets/theme_010_chapters_09eirika/class_14_sea/subclass_000/orientation_014.png
10170000003	assets/theme_010_chapters_09eirika/class_17_village/subclass_000/orientation_000.png
10190000006	assets/theme_010_chapters_09eirika/class_19_armory/subclass_000/orientation_000.png
10200000007	assets/theme_010_chapters_09eirika/class_20_vendor/subclass_000/orientation_000.png
10250000023	assets/theme_010_chapters_09eirika/class_25_floor/subclass_000/orientation_000.png
10250000123	assets/theme_010_chapters_09eirika/class_25_floor/subclass_000/orientation_001.png
10250000223	assets/theme_010_chapters_09eirika/class_25_floor/subclass_000/orientation_002.png
10250000323	assets/theme_010_chapters_09eirika/class_25_floor/subclass_000/orientation_003.png
10290000025	assets/theme_010_chapters_09eirika/class_29_fence/subclass_000/orientation_000.png
10290000125	assets/theme_010_chapters_09eirika/class_29_fence/subclass_000/orientation_001.png
10290000225	assets/theme_010_chapters_09eirika/class_29_fence/subclass_000/orientation_002.png
10290000325	assets/theme_010_chapters_09eirika/class_29_fence/subclass_000/orientation_003.png
10290000425	assets/theme_010_chapters_09eirika/class_29_fence/subclass_000/orientation_004.png
10290000525	assets/theme_010_chapters_09eirika/class_29_fence/subclass_000/orientation_005.png
10290000625	assets/theme_010_chapters_09eirika/class_29_fence/subclass_000/orientation_006.png
10290000725	assets/theme_010_chapters_09eirika/class_29_fence/subclass_000/orientation_007.png
10290000825	assets/theme_010_chapters_09eirika/class_29_fence/subclass_000/orientation_008.png
10290000925	assets/theme_010_chapters_09eirika/class_29_fence/subclass_000/orientation_009.png
10290001025	assets/theme_010_chapters_09eirika/class_29_fence/subclass_000/orientation_010.png
10290001125	assets/theme_010_chapters_09eirika/class_29_fence/subclass_000/orientation_011.png
10290001225	assets/theme_010_chapters_09eirika/class_29_fence/subclass_000/orientation_012.png
10410000057	assets/theme_010_chapters_09eirika/class_41_barrel/subclass_000/orientation_000.png
10410000157	assets/theme_010_chapters_09eirika/class_41_barrel/subclass_000/orientation_001.png
10410100057	assets/theme_010_chapters_09eirika/class_41_barrel/subclass_001/orientation_000.png
10410100157	assets/theme_010_chapters_09eirika/class_41_barrel/subclass_001/orientation_001.png
10410100257	assets/theme_010_chapters_09eirika/class_41_barrel/subclass_001/orientation_002.png
10450000061	assets/theme_010_chapters_09eirika/class_45_gunnels/subclass_000/orientation_000.png
10490000046	assets/theme_010_chapters_09eirika/class_49_dashdash/subclass_000/orientation_000.png
10490000146	assets/theme_010_chapters_09eirika/class_49_dashdash/subclass_000/orientation_001.png
10490000246	assets/theme_010_chapters_09eirika/class_49_dashdash/subclass_000/orientation_002.png
10490000446	assets/theme_010_chapters_09eirika/class_49_dashdash/subclass_000/orientation_004.png
10490000546	assets/theme_010_chapters_09eirika/class_49_dashdash/subclass_000/orientation_005.png
10490000646	assets/theme_010_chapters_09eirika/class_49_dashdash/subclass_000/orientation_006.png
10490000746	assets/theme_010_chapters_09eirika/class_49_dashdash/subclass_000/orientation_007.png
10490000846	assets/theme_010_chapters_09eirika/class_49_dashdash/subclass_000/orientation_008.png
10490000946	assets/theme_010_chapters_09eirika/class_49_dashdash/subclass_000/orientation_009.png
10490001046	assets/theme_010_chapters_09eirika/class_49_dashdash/subclass_000/orientation_010.png
10490100046	assets/theme_010_chapters_09eirika/class_49_dashdash/subclass_001/orientation_000.png
10490100146	assets/theme_010_chapters_09eirika/class_49_dashdash/subclass_001/orientation_001.png
10490100246	assets/theme_010_chapters_09eirika/class_49_dashdash/subclass_001/orientation_002.png
10490100346	assets/theme_010_chapters_09eirika/class_49_dashdash/subclass_001/orientation_003.png
10490100446	assets/theme_010_chapters_09eirika/class_49_dashdash/subclass_001/orientation_004.png
11010000001	assets/theme_011_chapters_09ephraim/class_01_plain/subclass_000/orientation_000.png
11010000101	assets/theme_011_chapters_09ephraim/class_01_plain/subclass_000/orientation_001.png
11010000201	assets/theme_011_chapters_09ephraim/class_01_plain/subclass_000/orientation_002.png
11010000301	assets/theme_011_chapters_09ephraim/class_01_plain/subclass_000/orientation_003.png
11010000401	assets/theme_011_chapters_09ephraim/class_01_plain/subclass_000/orientation_004.png
11010000501	assets/theme_011_chapters_09ephraim/class_01_plain/subclass_000/orientation_005.png
11010000601	assets/theme_011_chapters_09ephraim/class_01_plain/subclass_000/orientation_006.png
11010000701	assets/theme_011_chapters_09ephraim/class_01_plain/subclass_000/orientation_007.png
11010000801	assets/theme_011_chapters_09ephraim/class_01_plain/subclass_000/orientation_008.png
11010000901	assets/theme_011_chapters_09ephraim/class_01_plain/subclass_000/orientation_009.png
11010001001	assets/theme_011_chapters_09ephraim/class_01_plain/subclass_000/orientation_010.png
11010001101	assets/theme_011_chapters_09ephraim/class_01_plain/subclass_000/orientation_011.png
11010001201	assets/theme_011_chapters_09ephraim/class_01_plain/subclass_000/orientation_012.png
11010001301	assets/theme_011_chapters_09ephraim/class_01_plain/subclass_000/orientation_013.png
11010001401	assets/theme_011_chapters_09ephraim/class_01_plain/subclass_000/orientation_014.png
11010001501	assets/theme_011_chapters_09ephraim/class_01_plain/subclass_000/orientation_015.png
11010001601	assets/theme_011_chapters_09ephraim/class_01_plain/subclass_000/orientation_016.png
11010001701	assets/theme_011_chapters_09ephraim/class_01_plain/subclass_000/orientation_017.png
11010001801	assets/theme_011_chapters_09ephraim/class_01_plain/subclass_000/orientation_018.png
11010001901	assets/theme_011_chapters_09ephraim/class_01_plain/subclass_000/orientation_019.png
11010002001	assets/theme_011_chapters_09ephraim/class_01_plain/subclass_000/orientation_020.png
11010002101	assets/theme_011_chapters_09ephraim/class_01_plain/subclass_000/orientation_021.png
11010002201	assets/theme_011_chapters_09ephraim/class_01_plain/subclass_000/orientation_022.png
11010002301	assets/theme_011_chapters_09ephraim/class_01_plain/subclass_000/orientation_023.png
11010002401	assets/theme_011_chapters_09ephraim/class_01_plain/subclass_000/orientation_024.png
11010002501	assets/theme_011_chapters_09ephraim/class_01_plain/subclass_000/orientation_025.png
11010002601	assets/theme_011_chapters_09ephraim/class_01_plain/subclass_000/orientation_026.png
11010002701	assets/theme_011_chapters_09ephraim/class_01_plain/subclass_000/orientation_027.png
11010002801	assets/theme_011_chapters_09ephraim/class_01_plain/subclass_000/orientation_028.png
11070000002	assets/theme_011_chapters_09ephraim/class_07_road/subclass_000/orientation_000.png
11070000102	assets/theme_011_chapters_09ephraim/class_07_road/subclass_000/orientation_001.png
11070000202	assets/theme_011_chapters_09ephraim/class_07_road/subclass_000/orientation_002.png
11070000302	assets/theme_011_chapters_09ephraim/class_07_road/subclass_000/orientation_003.png
11070000402	assets/theme_011_chapters_09ephraim/class_07_road/subclass_000/orientation_004.png
11070000502	assets/theme_011_chapters_09ephraim/class_07_road/subclass_000/orientation_005.png
11070000602	assets/theme_011_chapters_09ephraim/class_07_road/subclass_000/orientation_006.png
11070000702	assets/theme_011_chapters_09ephraim/class_07_road/subclass_000/orientation_007.png
11070000802	assets/theme_011_chapters_09ephraim/class_07_road/subclass_000/orientation_008.png
11070000902	assets/theme_011_chapters_09ephraim/class_07_road/subclass_000/orientation_009.png
11070001002	assets/theme_011_chapters_09ephraim/class_07_road/subclass_000/orientation_010.png
11070001102	assets/theme_011_chapters_09ephraim/class_07_road/subclass_000/orientation_011.png
11070001202	assets/theme_011_chapters_09ephraim/class_07_road/subclass_000/orientation_012.png
11070001302	assets/theme_011_chapters_09ephraim/class_07_road/subclass_000/orientation_013.png
11070001402	assets/theme_011_chapters_09ephraim/class_07_road/subclass_000/orientation_014.png
11070001502	assets/theme_011_chapters_09ephraim/class_07_road/subclass_000/orientation_015.png
11070001602	assets/theme_011_chapters_09ephraim/class_07_road/subclass_000/orientation_016.png
11070001702	assets/theme_011_chapters_09ephraim/class_07_road/subclass_000/orientation_017.png
11070001802	assets/theme_011_chapters_09ephraim/class_07_road/subclass_000/orientation_018.png
11070001902	assets/theme_011_chapters_09ephraim/class_07_road/subclass_000/orientation_019.png
11070002002	assets/theme_011_chapters_09ephraim/class_07_road/subclass_000/orientation_020.png
11070002102	assets/theme_011_chapters_09ephraim/class_07_road/subclass_000/orientation_021.png
11230000026	assets/theme_011_chapters_09ephraim/class_23_wall/subclass_000/orientation_000.png
11230000126	assets/theme_011_chapters_09ephraim/class_23_wall/subclass_000/orientation_001.png
11230000226	assets/theme_011_chapters_09ephraim/class_23_wall/subclass_000/orientation_002.png
11230000326	assets/theme_011_chapters_09ephraim/class_23_wall/subclass_000/orientation_003.png
11230000426	assets/theme_011_chapters_09ephraim/class_23_wall/subclass_000/orientation_004.png
11230000526	assets/theme_011_chapters_09ephraim/class_23_wall/subclass_000/orientation_005.png
11230000626	assets/theme_011_chapters_09ephraim/class_23_wall/subclass_000/orientation_006.png
11230000726	assets/theme_011_chapters_09ephraim/class_23_wall/subclass_000/orientation_007.png
11230000826	assets/theme_011_chapters_09ephraim/class_23_wall/subclass_000/orientation_008.png
11230000926	assets/theme_011_chapters_09ephraim/class_23_wall/subclass_000/orientation_009.png
11230001026	assets/theme_011_chapters_09ephraim/class_23_wall/subclass_000/orientation_010.png
11230001126	assets/theme_011_chapters_09ephraim/class_23_wall/subclass_000/orientation_011.png
11230001226	assets/theme_011_chapters_09ephraim/class_23_wall/subclass_000/orientation_012.png
11230001326	assets/theme_011_chapters_09ephraim/class_23_wall/subclass_000/orientation_013.png
11230001426	assets/theme_011_chapters_09ephraim/class_23_wall/subclass_000/orientation_014.png
11230001526	assets/theme_011_chapters_09ephraim/class_23_wall/subclass_000/orientation_015.png
11230001626	assets/theme_011_chapters_09ephraim/class_23_wall/subclass_000/orientation_016.png
11230001726	assets/theme_011_chapters_09ephraim/class_23_wall/subclass_000/orientation_017.png
11230001826	assets/theme_011_chapters_09ephraim/class_23_wall/subclass_000/orientation_018.png
11230001926	assets/theme_011_chapters_09ephraim/class_23_wall/subclass_000/orientation_019.png
11230002026	assets/theme_011_chapters_09ephraim/class_23_wall/subclass_000/orientation_020.png
11230002126	assets/theme_011_chapters_09ephraim/class_23_wall/subclass_000/orientation_021.png
11230002226	assets/theme_011_chapters_09ephraim/class_23_wall/subclass_000/orientation_022.png
11230002326	assets/theme_011_chapters_09ephraim/class_23_wall/subclass_000/orientation_023.png
11230002426	assets/theme_011_chapters_09ephraim/class_23_wall/subclass_000/orientation_024.png
11230002526	assets/theme_011_chapters_09ephraim/class_23_wall/subclass_000/orientation_025.png
11230002626	assets/theme_011_chapters_09ephraim/class_23_wall/subclass_000/orientation_026.png
11230002726	assets/theme_011_chapters_09ephraim/class_23_wall/subclass_000/orientation_027.png
11230002826	assets/theme_011_chapters_09ephraim/class_23_wall/subclass_000/orientation_028.png
11230002926	assets/theme_011_chapters_09ephraim/class_23_wall/subclass_000/orientation_029.png
11230003026	assets/theme_011_chapters_09ephraim/class_23_wall/subclass_000/orientation_030.png
11240000027	assets/theme_011_chapters_09ephraim/class_24_wall2/subclass_000/orientation_000.png
11250000023	assets/theme_011_chapters_09ephraim/class_25_floor/subclass_000/orientation_000.png
11250000123	assets/theme_011_chapters_09ephraim/class_25_floor/subclass_000/orientation_001.png
11250000223	assets/theme_011_chapters_09ephraim/class_25_floor/subclass_000/orientation_002.png
11250000323	assets/theme_011_chapters_09ephraim/class_25_floor/subclass_000/orientation_003.png
11250000423	assets/theme_011_chapters_09ephraim/class_25_floor/subclass_000/orientation_004.png
11250000523	assets/theme_011_chapters_09ephraim/class_25_floor/subclass_000/orientation_005.png
11250000623	assets/theme_011_chapters_09ephraim/class_25_floor/subclass_000/orientation_006.png
11250100023	assets/theme_011_chapters_09ephraim/class_25_floor/subclass_001/orientation_000.png
11250100123	assets/theme_011_chapters_09ephraim/class_25_floor/subclass_001/orientation_001.png
11250100223	assets/theme_011_chapters_09ephraim/class_25_floor/subclass_001/orientation_002.png
11250100323	assets/theme_011_chapters_09ephraim/class_25_floor/subclass_001/orientation_003.png
11250100423	assets/theme_011_chapters_09ephraim/class_25_floor/subclass_001/orientation_004.png
11250100523	assets/theme_011_chapters_09ephraim/class_25_floor/subclass_001/orientation_005.png
11260000045	assets/theme_011_chapters_09ephraim/class_26_stairs/subclass_000/orientation_000.png
11260000145	assets/theme_011_chapters_09ephraim/class_26_stairs/subclass_000/orientation_001.png
11260000245	assets/theme_011_chapters_09ephraim/class_26_stairs/subclass_000/orientation_002.png
11260100045	assets/theme_011_chapters_09ephraim/class_26_stairs/subclass_001/orientation_000.png
11260100145	assets/theme_011_chapters_09ephraim/class_26_stairs/subclass_001/orientation_001.png
11260200045	assets/theme_011_chapters_09ephraim/class_26_stairs/subclass_002/orientation_000.png
11260300045	assets/theme_011_chapters_09ephraim/class_26_stairs/subclass_003/orientation_000.png
11270000030	assets/theme_011_chapters_09ephraim/class_27_door/subclass_000/orientation_000.png
11270000130	assets/theme_011_chapters_09ephraim/class_27_door/subclass_000/orientation_001.png
11270000230	assets/theme_011_chapters_09ephraim/class_27_door/subclass_000/orientation_002.png
11270000330	assets/theme_011_chapters_09ephraim/class_27_door/subclass_000/orientation_003.png
11270100030	assets/theme_011_chapters_09ephraim/class_27_door/subclass_001/orientation_000.png
11340000029	assets/theme_011_chapters_09ephraim/class_34_pillar/subclass_000/orientation_000.png
11350000031	assets/theme_011_chapters_09ephraim/class_35_throne/subclass_000/orientation_000.png
11360100033	assets/theme_011_chapters_09ephraim/class_36_chest/subclass_001/orientation_000.png
11470000063	assets/theme_011_chapters_09ephraim/class_47_brace/subclass_000/orientation_000.png
11470000163	assets/theme_011_chapters_09ephraim/class_47_brace/subclass_000/orientation_001.png
11470000263	assets/theme_011_chapters_09ephraim/class_47_brace/subclass_000/orientation_002.png
11470000363	assets/theme_011_chapters_09ephraim/class_47_brace/subclass_000/orientation_003.png
12010000001	assets/theme_012_chapters_10eirika/class_01_plain/subclass_000/orientation_000.png
12010000101	assets/theme_012_chapters_10eirika/class_01_plain/subclass_000/orientation_001.png
12010000201	assets/theme_012_chapters_10eirika/class_01_plain/subclass_000/orientation_002.png
12010000301	assets/theme_012_chapters_10eirika/class_01_plain/subclass_000/orientation_003.png
12010000401	assets/theme_012_chapters_10eirika/class_01_plain/subclass_000/orientation_004.png
12010000501	assets/theme_012_chapters_10eirika/class_01_plain/subclass_000/orientation_005.png
12010000601	assets/theme_012_chapters_10eirika/class_01_plain/subclass_000/orientation_006.png
12010000701	assets/theme_012_chapters_10eirika/class_01_plain/subclass_000/orientation_007.png
12010000801	assets/theme_012_chapters_10eirika/class_01_plain/subclass_000/orientation_008.png
12010000901	assets/theme_012_chapters_10eirika/class_01_plain/subclass_000/orientation_009.png
12010001001	assets/theme_012_chapters_10eirika/class_01_plain/subclass_000/orientation_010.png
12010001101	assets/theme_012_chapters_10eirika/class_01_plain/subclass_000/orientation_011.png
12010001201	assets/theme_012_chapters_10eirika/class_01_plain/subclass_000/orientation_012.png
12010001301	assets/theme_012_chapters_10eirika/class_01_plain/subclass_000/orientation_013.png
12010001401	assets/theme_012_chapters_10eirika/class_01_plain/subclass_000/orientation_014.png
12010001501	assets/theme_012_chapters_10eirika/class_01_plain/subclass_000/orientation_015.png
12010001601	assets/theme_012_chapters_10eirika/class_01_plain/subclass_000/orientation_016.png
12010001701	assets/theme_012_chapters_10eirika/class_01_plain/subclass_000/orientation_017.png
12010001801	assets/theme_012_chapters_10eirika/class_01_plain/subclass_000/orientation_018.png
12010001901	assets/theme_012_chapters_10eirika/class_01_plain/subclass_000/orientation_019.png
12010002001	assets/theme_012_chapters_10eirika/class_01_plain/subclass_000/orientation_020.png
12010002101	assets/theme_012_chapters_10eirika/class_01_plain/subclass_000/orientation_021.png
12010002201	assets/theme_012_chapters_10eirika/class_01_plain/subclass_000/orientation_022.png
12010002301	assets/theme_012_chapters_10eirika/class_01_plain/subclass_000/orientation_023.png
12010002401	assets/theme_012_chapters_10eirika/class_01_plain/subclass_000/orientation_024.png
12010002501	assets/theme_012_chapters_10eirika/class_01_plain/subclass_000/orientation_025.png
12010002601	assets/theme_012_chapters_10eirika/class_01_plain/subclass_000/orientation_026.png
12010002701	assets/theme_012_chapters_10eirika/class_01_plain/subclass_000/orientation_027.png
12010002801	assets/theme_012_chapters_10eirika/class_01_plain/subclass_000/orientation_028.png
12010002901	assets/theme_012_chapters_10eirika/class_01_plain/subclass_000/orientation_029.png
12010003001	assets/theme_012_chapters_10eirika/class_01_plain/subclass_000/orientation_030.png
12010003101	assets/theme_012_chapters_10eirika/class_01_plain/subclass_000/orientation_031.png
12010003201	assets/theme_012_chapters_10eirika/class_01_plain/subclass_000/orientation_032.png
12010003301	assets/theme_012_chapters_10eirika/class_01_plain/subclass_000/orientation_033.png
12010003401	assets/theme_012_chapters_10eirika/class_01_plain/subclass_000/orientation_034.png
12010003501	assets/theme_012_chapters_10eirika/class_01_plain/subclass_000/orientation_035.png
12020000012	assets/theme_012_chapters_10eirika/class_02_forest/subclass_000/orientation_000.png
12030000017	assets/theme_012_chapters_10eirika/class_03_mountain/subclass_000/orientation_000.png
12040000018	assets/theme_012_chapters_10eirika/class_04_peak/subclass_000/orientation_000.png
12040000118	assets/theme_012_chapters_10eirika/class_04_peak/subclass_000/orientation_001.png
12040000218	assets/theme_012_chapters_10eirika/class_04_peak/subclass_000/orientation_002.png
12040000318	assets/theme_012_chapters_10eirika/class_04_peak/subclass_000/orientation_003.png
12040000418	assets/theme_012_chapters_10eirika/class_04_peak/subclass_000/orientation_004.png
12040000518	assets/theme_012_chapters_10eirika/class_04_peak/subclass_000/orientation_005.png
12040000618	assets/theme_012_chapters_10eirika/class_04_peak/subclass_000/orientation_006.png
12040000718	assets/theme_012_chapters_10eirika/class_04_peak/subclass_000/orientation_007.png
12040000818	assets/theme_012_chapters_10eirika/class_04_peak/subclass_000/orientation_008.png
12040000918	assets/theme_012_chapters_10eirika/class_04_peak/subclass_000/orientation_009.png
12040001018	assets/theme_012_chapters_10eirika/class_04_peak/subclass_000/orientation_010.png
12040001118	assets/theme_012_chapters_10eirika/class_04_peak/subclass_000/orientation_011.png
12040001218	assets/theme_012_chapters_10eirika/class_04_peak/subclass_000/orientation_012.png
12040001318	assets/theme_012_chapters_10eirika/class_04_peak/subclass_000/orientation_013.png
12040001418	assets/theme_012_chapters_10eirika/class_04_peak/subclass_000/orientation_014.png
12040001518	assets/theme_012_chapters_10eirika/class_04_peak/subclass_000/orientation_015.png
12040001618	assets/theme_012_chapters_10eirika/class_04_peak/subclass_000/orientation_016.png
12040001718	assets/theme_012_chapters_10eirika/class_04_peak/subclass_000/orientation_017.png
12040001818	assets/theme_012_chapters_10eirika/class_04_peak/subclass_000/orientation_018.png
12040001918	assets/theme_012_chapters_10eirika/class_04_peak/subclass_000/orientation_019.png
12040002018	assets/theme_012_chapters_10eirika/class_04_peak/subclass_000/orientation_020.png
12040002118	assets/theme_012_chapters_10eirika/class_04_peak/subclass_000/orientation_021.png
12040002218	assets/theme_012_chapters_10eirika/class_04_peak/subclass_000/orientation_022.png
12040002318	assets/theme_012_chapters_10eirika/class_04_peak/subclass_000/orientation_023.png
12040002418	assets/theme_012_chapters_10eirika/class_04_peak/subclass_000/orientation_024.png
12040002518	assets/theme_012_chapters_10eirika/class_04_peak/subclass_000/orientation_025.png
12040002618	assets/theme_012_chapters_10eirika/class_04_peak/subclass_000/orientation_026.png
12040002718	assets/theme_012_chapters_10eirika/class_04_peak/subclass_000/orientation_027.png
12040002818	assets/theme_012_chapters_10eirika/class_04_peak/subclass_000/orientation_028.png
12040002918	assets/theme_012_chapters_10eirika/class_04_peak/subclass_000/orientation_029.png
12040003018	assets/theme_012_chapters_10eirika/class_04_peak/subclass_000/orientation_030.png
12040003118	assets/theme_012_chapters_10eirika/class_04_peak/subclass_000/orientation_031.png
12040003218	assets/theme_012_chapters_10eirika/class_04_peak/subclass_000/orientation_032.png
12040003318	assets/theme_012_chapters_10eirika/class_04_peak/subclass_000/orientation_033.png
12040003418	assets/theme_012_chapters_10eirika/class_04_peak/subclass_000/orientation_034.png
12040003518	assets/theme_012_chapters_10eirika/class_04_peak/subclass_000/orientation_035.png
12040003618	assets/theme_012_chapters_10eirika/class_04_peak/subclass_000/orientation_036.png
12040003718	assets/theme_012_chapters_10eirika/class_04_peak/subclass_000/orientation_037.png
12040003818	assets/theme_012_chapters_10eirika/class_04_peak/subclass_000/orientation_038.png
12040003918	assets/theme_012_chapters_10eirika/class_04_peak/subclass_000/orientation_039.png
12040004018	assets/theme_012_chapters_10eirika/class_04_peak/subclass_000/orientation_040.png
12040004118	assets/theme_012_chapters_10eirika/class_04_peak/subclass_000/orientation_041.png
12040004218	assets/theme_012_chapters_10eirika/class_04_peak/subclass_000/orientation_042.png
12040004318	assets/theme_012_chapters_10eirika/class_04_peak/subclass_000/orientation_043.png
12040004418	assets/theme_012_chapters_10eirika/class_04_peak/subclass_000/orientation_044.png
12040004518	assets/theme_012_chapters_10eirika/class_04_peak/subclass_000/orientation_045.png
12040004618	assets/theme_012_chapters_10eirika/class_04_peak/subclass_000/orientation_046.png
12040004718	assets/theme_012_chapters_10eirika/class_04_peak/subclass_000/orientation_047.png
12040004818	assets/theme_012_chapters_10eirika/class_04_peak/subclass_000/orientation_048.png
12040004918	assets/theme_012_chapters_10eirika/class_04_peak/subclass_000/orientation_049.png
12040005018	assets/theme_012_chapters_10eirika/class_04_peak/subclass_000/orientation_050.png
12040005118	assets/theme_012_chapters_10eirika/class_04_peak/subclass_000/orientation_051.png
12040005218	assets/theme_012_chapters_10eirika/class_04_peak/subclass_000/orientation_052.png
12040005318	assets/theme_012_chapters_10eirika/class_04_peak/subclass_000/orientation_053.png
12040005418	assets/theme_012_chapters_10eirika/class_04_peak/subclass_000/orientation_054.png
12040005518	assets/theme_012_chapters_10eirika/class_04_peak/subclass_000/orientation_055.png
12040005618	assets/theme_012_chapters_10eirika/class_04_peak/subclass_000/orientation_056.png
12040005718	assets/theme_012_chapters_10eirika/class_04_peak/subclass_000/orientation_057.png
12040005818	assets/theme_012_chapters_10eirika/class_04_peak/subclass_000/orientation_058.png
12040005918	assets/theme_012_chapters_10eirika/class_04_peak/subclass_000/orientation_059.png
12040006018	assets/theme_012_chapters_10eirika/class_04_peak/subclass_000/orientation_060.png
12040006118	assets/theme_012_chapters_10eirika/class_04_peak/subclass_000/orientation_061.png
12040006218	assets/theme_012_chapters_10eirika/class_04_peak/subclass_000/orientation_062.png
12040006318	assets/theme_012_chapters_10eirika/class_04_peak/subclass_000/orientation_063.png
12040006418	assets/theme_012_chapters_10eirika/class_04_peak/subclass_000/orientation_064.png
12040006518	assets/theme_012_chapters_10eirika/class_04_peak/subclass_000/orientation_065.png
12040006618	assets/theme_012_chapters_10eirika/class_04_peak/subclass_000/orientation_066.png
12040006718	assets/theme_012_chapters_10eirika/class_04_peak/subclass_000/orientation_067.png
12040006818	assets/theme_012_chapters_10eirika/class_04_peak/subclass_000/orientation_068.png
12040006918	assets/theme_012_chapters_10eirika/class_04_peak/subclass_000/orientation_069.png
12040007018	assets/theme_012_chapters_10eirika/class_04_peak/subclass_000/orientation_070.png
12040007118	assets/theme_012_chapters_10eirika/class_04_peak/subclass_000/orientation_071.png
12040007218	assets/theme_012_chapters_10eirika/class_04_peak/subclass_000/orientation_072.png
12040007318	assets/theme_012_chapters_10eirika/class_04_peak/subclass_000/orientation_073.png
12060000038	assets/theme_012_chapters_10eirika/class_06_cliff/subclass_000/orientation_000.png
12060000138	assets/theme_012_chapters_10eirika/class_06_cliff/subclass_000/orientation_001.png
12060000238	assets/theme_012_chapters_10eirika/class_06_cliff/subclass_000/orientation_002.png
12060000338	assets/theme_012_chapters_10eirika/class_06_cliff/subclass_000/orientation_003.png
12060100038	assets/theme_012_chapters_10eirika/class_06_cliff/subclass_001/orientation_000.png
12060200038	assets/theme_012_chapters_10eirika/class_06_cliff/subclass_002/orientation_000.png
12070000002	assets/theme_012_chapters_10eirika/class_07_road/subclass_000/orientation_000.png
12070000102	assets/theme_012_chapters_10eirika/class_07_road/subclass_000/orientation_001.png
12070000202	assets/theme_012_chapters_10eirika/class_07_road/subclass_000/orientation_002.png
12070000302	assets/theme_012_chapters_10eirika/class_07_road/subclass_000/orientation_003.png
12070000402	assets/theme_012_chapters_10eirika/class_07_road/subclass_000/orientation_004.png
12070000502	assets/theme_012_chapters_10eirika/class_07_road/subclass_000/orientation_005.png
12070000602	assets/theme_012_chapters_10eirika/class_07_road/subclass_000/orientation_006.png
12070000702	assets/theme_012_chapters_10eirika/class_07_road/subclass_000/orientation_007.png
12160000010	assets/theme_012_chapters_10eirika/class_16_fort/subclass_000/orientation_000.png
12180000005	assets/theme_012_chapters_10eirika/class_18_house/subclass_000/orientation_000.png
12210000008	assets/theme_012_chapters_10eirika/class_21_arena/subclass_000/orientation_000.png
12230000026	assets/theme_012_chapters_10eirika/class_23_wall/subclass_000/orientation_000.png
12230000126	assets/theme_012_chapters_10eirika/class_23_wall/subclass_000/orientation_001.png
12230000226	assets/theme_012_chapters_10eirika/class_23_wall/subclass_000/orientation_002.png
12230000326	assets/theme_012_chapters_10eirika/class_23_wall/subclass_000/orientation_003.png
12230000426	assets/theme_012_chapters_10eirika/class_23_wall/subclass_000/orientation_004.png
12230000526	assets/theme_012_chapters_10eirika/class_23_wall/subclass_000/orientation_005.png
12230000626	assets/theme_012_chapters_10eirika/class_23_wall/subclass_000/orientation_006.png
12230000726	assets/theme_012_chapters_10eirika/class_23_wall/subclass_000/orientation_007.png
12230000826	assets/theme_012_chapters_10eirika/class_23_wall/subclass_000/orientation_008.png
12260000045	assets/theme_012_chapters_10eirika/class_26_stairs/subclass_000/orientation_000.png
12270000030	assets/theme_012_chapters_10eirika/class_27_door/subclass_000/orientation_000.png
12270000130	assets/theme_012_chapters_10eirika/class_27_door/subclass_000/orientation_001.png
12280000011	assets/theme_012_chapters_10eirika/class_28_gate/subclass_000/orientation_000.png
12290000025	assets/theme_012_chapters_10eirika/class_29_fence/subclass_000/orientation_000.png
12290000125	assets/theme_012_chapters_10eirika/class_29_fence/subclass_000/orientation_001.png
12290000225	assets/theme_012_chapters_10eirika/class_29_fence/subclass_000/orientation_002.png
12290000325	assets/theme_012_chapters_10eirika/class_29_fence/subclass_000/orientation_003.png
12290000425	assets/theme_012_chapters_10eirika/class_29_fence/subclass_000/orientation_004.png
12290100025	assets/theme_012_chapters_10eirika/class_29_fence/subclass_001/orientation_000.png
12290100125	assets/theme_012_chapters_10eirika/class_29_fence/subclass_001/orientation_001.png
12290100225	assets/theme_012_chapters_10eirika/class_29_fence/subclass_001/orientation_002.png
12290100325	assets/theme_012_chapters_10eirika/class_29_fence/subclass_001/orientation_003.png
12290200025	assets/theme_012_chapters_10eirika/class_29_fence/subclass_002/orientation_000.png
12290200125	assets/theme_012_chapters_10eirika/class_29_fence/subclass_002/orientation_001.png
12290200225	assets/theme_012_chapters_10eirika/class_29_fence/subclass_002/orientation_002.png
12290200325	assets/theme_012_chapters_10eirika/class_29_fence/subclass_002/orientation_003.png
12320000026	assets/theme_012_chapters_10eirika/class_32_wall_brace/subclass_000/orientation_000.png
12320000126	assets/theme_012_chapters_10eirika/class_32_wall_brace/subclass_000/orientation_001.png
12490000044	assets/theme_012_chapters_10eirika/class_49_dashdash/subclass_000/orientation_000.png
12490000144	assets/theme_012_chapters_10eirika/class_49_dashdash/subclass_000/orientation_001.png
12490000244	assets/theme_012_chapters_10eirika/class_49_dashdash/subclass_000/orientation_002.png
12490000344	assets/theme_012_chapters_10eirika/class_49_dashdash/subclass_000/orientation_003.png
12490000444	assets/theme_012_chapters_10eirika/class_49_dashdash/subclass_000/orientation_004.png
13010000001	assets/theme_013_chapters_10ephraim/class_01_plain/subclass_000/orientation_000.png
13010000101	assets/theme_013_chapters_10ephraim/class_01_plain/subclass_000/orientation_001.png
13010000201	assets/theme_013_chapters_10ephraim/class_01_plain/subclass_000/orientation_002.png
13010000301	assets/theme_013_chapters_10ephraim/class_01_plain/subclass_000/orientation_003.png
13010000401	assets/theme_013_chapters_10ephraim/class_01_plain/subclass_000/orientation_004.png
13010000501	assets/theme_013_chapters_10ephraim/class_01_plain/subclass_000/orientation_005.png
13010000601	assets/theme_013_chapters_10ephraim/class_01_plain/subclass_000/orientation_006.png
13010000701	assets/theme_013_chapters_10ephraim/class_01_plain/subclass_000/orientation_007.png
13010000801	assets/theme_013_chapters_10ephraim/class_01_plain/subclass_000/orientation_008.png
13010000901	assets/theme_013_chapters_10ephraim/class_01_plain/subclass_000/orientation_009.png
13010001001	assets/theme_013_chapters_10ephraim/class_01_plain/subclass_000/orientation_010.png
13010001101	assets/theme_013_chapters_10ephraim/class_01_plain/subclass_000/orientation_011.png
13010001201	assets/theme_013_chapters_10ephraim/class_01_plain/subclass_000/orientation_012.png
13010001301	assets/theme_013_chapters_10ephraim/class_01_plain/subclass_000/orientation_013.png
13010001401	assets/theme_013_chapters_10ephraim/class_01_plain/subclass_000/orientation_014.png
13010001501	assets/theme_013_chapters_10ephraim/class_01_plain/subclass_000/orientation_015.png
13010001601	assets/theme_013_chapters_10ephraim/class_01_plain/subclass_000/orientation_016.png
13010001701	assets/theme_013_chapters_10ephraim/class_01_plain/subclass_000/orientation_017.png
13010001801	assets/theme_013_chapters_10ephraim/class_01_plain/subclass_000/orientation_018.png
13010001901	assets/theme_013_chapters_10ephraim/class_01_plain/subclass_000/orientation_019.png
13010002001	assets/theme_013_chapters_10ephraim/class_01_plain/subclass_000/orientation_020.png
13010002101	assets/theme_013_chapters_10ephraim/class_01_plain/subclass_000/orientation_021.png
13010002201	assets/theme_013_chapters_10ephraim/class_01_plain/subclass_000/orientation_022.png
13010002301	assets/theme_013_chapters_10ephraim/class_01_plain/subclass_000/orientation_023.png
13010002401	assets/theme_013_chapters_10ephraim/class_01_plain/subclass_000/orientation_024.png
13010002501	assets/theme_013_chapters_10ephraim/class_01_plain/subclass_000/orientation_025.png
13010100001	assets/theme_013_chapters_10ephraim/class_01_plain/subclass_001/orientation_000.png
13010200001	assets/theme_013_chapters_10ephraim/class_01_plain/subclass_002/orientation_000.png
13020000012	assets/theme_013_chapters_10ephraim/class_02_forest/subclass_000/orientation_000.png
13020000112	assets/theme_013_chapters_10ephraim/class_02_forest/subclass_000/orientation_001.png
13020100012	assets/theme_013_chapters_10ephraim/class_02_forest/subclass_001/orientation_000.png
13060000038	assets/theme_013_chapters_10ephraim/class_06_cliff/subclass_000/orientation_000.png
13060000138	assets/theme_013_chapters_10ephraim/class_06_cliff/subclass_000/orientation_001.png
13060000238	assets/theme_013_chapters_10ephraim/class_06_cliff/subclass_000/orientation_002.png
13060000338	assets/theme_013_chapters_10ephraim/class_06_cliff/subclass_000/orientation_003.png
13060000438	assets/theme_013_chapters_10ephraim/class_06_cliff/subclass_000/orientation_004.png
13060000538	assets/theme_013_chapters_10ephraim/class_06_cliff/subclass_000/orientation_005.png
13060000638	assets/theme_013_chapters_10ephraim/class_06_cliff/subclass_000/orientation_006.png
13060000738	assets/theme_013_chapters_10ephraim/class_06_cliff/subclass_000/orientation_007.png
13060000838	assets/theme_013_chapters_10ephraim/class_06_cliff/subclass_000/orientation_008.png
13060000938	assets/theme_013_chapters_10ephraim/class_06_cliff/subclass_000/orientation_009.png
13060001038	assets/theme_013_chapters_10ephraim/class_06_cliff/subclass_000/orientation_010.png
13060001138	assets/theme_013_chapters_10ephraim/class_06_cliff/subclass_000/orientation_011.png
13060001238	assets/theme_013_chapters_10ephraim/class_06_cliff/subclass_000/orientation_012.png
13060001338	assets/theme_013_chapters_10ephraim/class_06_cliff/subclass_000/orientation_013.png
13060001438	assets/theme_013_chapters_10ephraim/class_06_cliff/subclass_000/orientation_014.png
13060001538	assets/theme_013_chapters_10ephraim/class_06_cliff/subclass_000/orientation_015.png
13060001638	assets/theme_013_chapters_10ephraim/class_06_cliff/subclass_000/orientation_016.png
13060001738	assets/theme_013_chapters_10ephraim/class_06_cliff/subclass_000/orientation_017.png
13060001838	assets/theme_013_chapters_10ephraim/class_06_cliff/subclass_000/orientation_018.png
13060001938	assets/theme_013_chapters_10ephraim/class_06_cliff/subclass_000/orientation_019.png
13060002038	assets/theme_013_chapters_10ephraim/class_06_cliff/subclass_000/orientation_020.png
13060002138	assets/theme_013_chapters_10ephraim/class_06_cliff/subclass_000/orientation_021.png
13060002238	assets/theme_013_chapters_10ephraim/class_06_cliff/subclass_000/orientation_022.png
13060002338	assets/theme_013_chapters_10ephraim/class_06_cliff/subclass_000/orientation_023.png
13060002438	assets/theme_013_chapters_10ephraim/class_06_cliff/subclass_000/orientation_024.png
13060002538	assets/theme_013_chapters_10ephraim/class_06_cliff/subclass_000/orientation_025.png
13060002638	assets/theme_013_chapters_10ephraim/class_06_cliff/subclass_000/orientation_026.png
13060002738	assets/theme_013_chapters_10ephraim/class_06_cliff/subclass_000/orientation_027.png
13060002838	assets/theme_013_chapters_10ephraim/class_06_cliff/subclass_000/orientation_028.png
13060002938	assets/theme_013_chapters_10ephraim/class_06_cliff/subclass_000/orientation_029.png
13060003038	assets/theme_013_chapters_10ephraim/class_06_cliff/subclass_000/orientation_030.png
13060003138	assets/theme_013_chapters_10ephraim/class_06_cliff/subclass_000/orientation_031.png
13060003238	assets/theme_013_chapters_10ephraim/class_06_cliff/subclass_000/orientation_032.png
13060100038	assets/theme_013_chapters_10ephraim/class_06_cliff/subclass_001/orientation_000.png
13060100138	assets/theme_013_chapters_10ephraim/class_06_cliff/subclass_001/orientation_001.png
13060100238	assets/theme_013_chapters_10ephraim/class_06_cliff/subclass_001/orientation_002.png
13060200038	assets/theme_013_chapters_10ephraim/class_06_cliff/subclass_002/orientation_000.png
13070000002	assets/theme_013_chapters_10ephraim/class_07_road/subclass_000/orientation_000.png
13070000102	assets/theme_013_chapters_10ephraim/class_07_road/subclass_000/orientation_001.png
13070000202	assets/theme_013_chapters_10ephraim/class_07_road/subclass_000/orientation_002.png
13070000302	assets/theme_013_chapters_10ephraim/class_07_road/subclass_000/orientation_003.png
13070000402	assets/theme_013_chapters_10ephraim/class_07_road/subclass_000/orientation_004.png
13070000502	assets/theme_013_chapters_10ephraim/class_07_road/subclass_000/orientation_005.png
13070000602	assets/theme_013_chapters_10ephraim/class_07_road/subclass_000/orientation_006.png
13070000702	assets/theme_013_chapters_10ephraim/class_07_road/subclass_000/orientation_007.png
13070000802	assets/theme_013_chapters_10ephraim/class_07_road/subclass_000/orientation_008.png
13070000902	assets/theme_013_chapters_10ephraim/class_07_road/subclass_000/orientation_009.png
13070001002	assets/theme_013_chapters_10ephraim/class_07_road/subclass_000/orientation_010.png
13070001102	assets/theme_013_chapters_10ephraim/class_07_road/subclass_000/orientation_011.png
13070001202	assets/theme_013_chapters_10ephraim/class_07_road/subclass_000/orientation_012.png
13070001302	assets/theme_013_chapters_10ephraim/class_07_road/subclass_000/orientation_013.png
13070001402	assets/theme_013_chapters_10ephraim/class_07_road/subclass_000/orientation_014.png
13070001502	assets/theme_013_chapters_10ephraim/class_07_road/subclass_000/orientation_015.png
13070001602	assets/theme_013_chapters_10ephraim/class_07_road/subclass_000/orientation_016.png
13070001702	assets/theme_013_chapters_10ephraim/class_07_road/subclass_000/orientation_017.png
13070001802	assets/theme_013_chapters_10ephraim/class_07_road/subclass_000/orientation_018.png
13140000021	assets/theme_013_chapters_10ephraim/class_14_sea/subclass_000/orientation_000.png
13140000121	assets/theme_013_chapters_10ephraim/class_14_sea/subclass_000/orientation_001.png
13140000221	assets/theme_013_chapters_10ephraim/class_14_sea/subclass_000/orientation_002.png
13140000321	assets/theme_013_chapters_10ephraim/class_14_sea/subclass_000/orientation_003.png
13140000421	assets/theme_013_chapters_10ephraim/class_14_sea/subclass_000/orientation_004.png
13140000521	assets/theme_013_chapters_10ephraim/class_14_sea/subclass_000/orientation_005.png
13140000621	assets/theme_013_chapters_10ephraim/class_14_sea/subclass_000/orientation_006.png
13140000721	assets/theme_013_chapters_10ephraim/class_14_sea/subclass_000/orientation_007.png
13140000821	assets/theme_013_chapters_10ephraim/class_14_sea/subclass_000/orientation_008.png
13140000921	assets/theme_013_chapters_10ephraim/class_14_sea/subclass_000/orientation_009.png
13140001021	assets/theme_013_chapters_10ephraim/class_14_sea/subclass_000/orientation_010.png
13140100021	assets/theme_013_chapters_10ephraim/class_14_sea/subclass_001/orientation_000.png
13140200021	assets/theme_013_chapters_10ephraim/class_14_sea/subclass_002/orientation_000.png
13150000019	assets/theme_013_chapters_10ephraim/class_15_bridge/subclass_000/orientation_000.png
13150100019	assets/theme_013_chapters_10ephraim/class_15_bridge/subclass_001/orientation_000.png
13160000010	assets/theme_013_chapters_10ephraim/class_16_fort/subclass_000/orientation_000.png
13170100003	assets/theme_013_chapters_10ephraim/class_17_village/subclass_001/orientation_000.png
13180000005	assets/theme_013_chapters_10ephraim/class_18_house/subclass_000/orientation_000.png
13190000006	assets/theme_013_chapters_10ephraim/class_19_armory/subclass_000/orientation_000.png
13200000007	assets/theme_013_chapters_10ephraim/class_20_vendor/subclass_000/orientation_000.png
13260000045	assets/theme_013_chapters_10ephraim/class_26_stairs/subclass_000/orientation_000.png
13260000145	assets/theme_013_chapters_10ephraim/class_26_stairs/subclass_000/orientation_001.png
13260000245	assets/theme_013_chapters_10ephraim/class_26_stairs/subclass_000/orientation_002.png
13280000011	assets/theme_013_chapters_10ephraim/class_28_gate/subclass_000/orientation_000.png
13290000025	assets/theme_013_chapters_10ephraim/class_29_fence/subclass_000/orientation_000.png
13290000125	assets/theme_013_chapters_10ephraim/class_29_fence/subclass_000/orientation_001.png
13290000225	assets/theme_013_chapters_10ephraim/class_29_fence/subclass_000/orientation_002.png
13290000325	assets/theme_013_chapters_10ephraim/class_29_fence/subclass_000/orientation_003.png
13290000425	assets/theme_013_chapters_10ephraim/class_29_fence/subclass_000/orientation_004.png
13290000525	assets/theme_013_chapters_10ephraim/class_29_fence/subclass_000/orientation_005.png
13290000625	assets/theme_013_chapters_10ephraim/class_29_fence/subclass_000/orientation_006.png
13290000725	assets/theme_013_chapters_10ephraim/class_29_fence/subclass_000/orientation_007.png
13290000825	assets/theme_013_chapters_10ephraim/class_29_fence/subclass_000/orientation_008.png
13290000925	assets/theme_013_chapters_10ephraim/class_29_fence/subclass_000/orientation_009.png
13290001025	assets/theme_013_chapters_10ephraim/class_29_fence/subclass_000/orientation_010.png
13390000013	assets/theme_013_chapters_10ephraim/class_39_thicket/subclass_000/orientation_000.png
13490000046	assets/theme_013_chapters_10ephraim/class_49_dashdash/subclass_000/orientation_000.png
13490000146	assets/theme_013_chapters_10ephraim/class_49_dashdash/subclass_000/orientation_001.png
13490000246	assets/theme_013_chapters_10ephraim/class_49_dashdash/subclass_000/orientation_002.png
13490000346	assets/theme_013_chapters_10ephraim/class_49_dashdash/subclass_000/orientation_003.png
13490000446	assets/theme_013_chapters_10ephraim/class_49_dashdash/subclass_000/orientation_004.png
13490000546	assets/theme_013_chapters_10ephraim/class_49_dashdash/subclass_000/orientation_005.png
13490000646	assets/theme_013_chapters_10ephraim/class_49_dashdash/subclass_000/orientation_006.png
13490000746	assets/theme_013_chapters_10ephraim/class_49_dashdash/subclass_000/orientation_007.png
13490100044	assets/theme_013_chapters_10ephraim/class_49_dashdash/subclass_001/orientation_000.png
13490100144	assets/theme_013_chapters_10ephraim/class_49_dashdash/subclass_001/orientation_001.png
13490100244	assets/theme_013_chapters_10ephraim/class_49_dashdash/subclass_001/orientation_002.png
13490100344	assets/theme_013_chapters_10ephraim/class_49_dashdash/subclass_001/orientation_003.png
13490100444	assets/theme_013_chapters_10ephraim/class_49_dashdash/subclass_001/orientation_004.png
13490100544	assets/theme_013_chapters_10ephraim/class_49_dashdash/subclass_001/orientation_005.png
13490100644	assets/theme_013_chapters_10ephraim/class_49_dashdash/subclass_001/orientation_006.png
13490100744	assets/theme_013_chapters_10ephraim/class_49_dashdash/subclass_001/orientation_007.png
14010000001	assets/theme_014_chapters_11eirika/class_01_plain/subclass_000/orientation_000.png
14010000101	assets/theme_014_chapters_11eirika/class_01_plain/subclass_000/orientation_001.png
14010000201	assets/theme_014_chapters_11eirika/class_01_plain/subclass_000/orientation_002.png
14010000301	assets/theme_014_chapters_11eirika/class_01_plain/subclass_000/orientation_003.png
14010000401	assets/theme_014_chapters_11eirika/class_01_plain/subclass_000/orientation_004.png
14010000501	assets/theme_014_chapters_11eirika/class_01_plain/subclass_000/orientation_005.png
14010000601	assets/theme_014_chapters_11eirika/class_01_plain/subclass_000/orientation_006.png
14010000701	assets/theme_014_chapters_11eirika/class_01_plain/subclass_000/orientation_007.png
14010000801	assets/theme_014_chapters_11eirika/class_01_plain/subclass_000/orientation_008.png
14010000901	assets/theme_014_chapters_11eirika/class_01_plain/subclass_000/orientation_009.png
14010001001	assets/theme_014_chapters_11eirika/class_01_plain/subclass_000/orientation_010.png
14010001101	assets/theme_014_chapters_11eirika/class_01_plain/subclass_000/orientation_011.png
14010001219	assets/theme_014_chapters_11eirika/class_01_plain/subclass_000/orientation_012.png
14010001301	assets/theme_014_chapters_11eirika/class_01_plain/subclass_000/orientation_013.png
14010001401	assets/theme_014_chapters_11eirika/class_01_plain/subclass_000/orientation_014.png
14010001501	assets/theme_014_chapters_11eirika/class_01_plain/subclass_000/orientation_015.png
14010001601	assets/theme_014_chapters_11eirika/class_01_plain/subclass_000/orientation_016.png
14010001701	assets/theme_014_chapters_11eirika/class_01_plain/subclass_000/orientation_017.png
14010001801	assets/theme_014_chapters_11eirika/class_01_plain/subclass_000/orientation_018.png
14010001901	assets/theme_014_chapters_11eirika/class_01_plain/subclass_000/orientation_019.png
14010002001	assets/theme_014_chapters_11eirika/class_01_plain/subclass_000/orientation_020.png
14010002101	assets/theme_014_chapters_11eirika/class_01_plain/subclass_000/orientation_021.png
14010002201	assets/theme_014_chapters_11eirika/class_01_plain/subclass_000/orientation_022.png
14010002301	assets/theme_014_chapters_11eirika/class_01_plain/subclass_000/orientation_023.png
14010002401	assets/theme_014_chapters_11eirika/class_01_plain/subclass_000/orientation_024.png
14010002500	assets/theme_014_chapters_11eirika/class_01_plain/subclass_000/orientation_025.png
14010002601	assets/theme_014_chapters_11eirika/class_01_plain/subclass_000/orientation_026.png
14010002719	assets/theme_014_chapters_11eirika/class_01_plain/subclass_000/orientation_027.png
14010002801	assets/theme_014_chapters_11eirika/class_01_plain/subclass_000/orientation_028.png
14010002932	assets/theme_014_chapters_11eirika/class_01_plain/subclass_000/orientation_029.png
14010003001	assets/theme_014_chapters_11eirika/class_01_plain/subclass_000/orientation_030.png
14010003101	assets/theme_014_chapters_11eirika/class_01_plain/subclass_000/orientation_031.png
14010003201	assets/theme_014_chapters_11eirika/class_01_plain/subclass_000/orientation_032.png
14010100001	assets/theme_014_chapters_11eirika/class_01_plain/subclass_001/orientation_000.png
14020000000	assets/theme_014_chapters_11eirika/class_02_forest/subclass_000/orientation_000.png
14020000100	assets/theme_014_chapters_11eirika/class_02_forest/subclass_000/orientation_001.png
14020100000	assets/theme_014_chapters_11eirika/class_02_forest/subclass_001/orientation_000.png
14070000016	assets/theme_014_chapters_11eirika/class_07_road/subclass_000/orientation_000.png
14070000116	assets/theme_014_chapters_11eirika/class_07_road/subclass_000/orientation_001.png
14070000202	assets/theme_014_chapters_11eirika/class_07_road/subclass_000/orientation_002.png
14070000316	assets/theme_014_chapters_11eirika/class_07_road/subclass_000/orientation_003.png
14070000402	assets/theme_014_chapters_11eirika/class_07_road/subclass_000/orientation_004.png
14070000502	assets/theme_014_chapters_11eirika/class_07_road/subclass_000/orientation_005.png
14070000616	assets/theme_014_chapters_11eirika/class_07_road/subclass_000/orientation_006.png
14070000716	assets/theme_014_chapters_11eirika/class_07_road/subclass_000/orientation_007.png
14070000802	assets/theme_014_chapters_11eirika/class_07_road/subclass_000/orientation_008.png
14070000916	assets/theme_014_chapters_11eirika/class_07_road/subclass_000/orientation_009.png
14070001002	assets/theme_014_chapters_11eirika/class_07_road/subclass_000/orientation_010.png
14070001102	assets/theme_014_chapters_11eirika/class_07_road/subclass_000/orientation_011.png
14070001200	assets/theme_014_chapters_11eirika/class_07_road/subclass_000/orientation_012.png
14230000018	assets/theme_014_chapters_11eirika/class_23_wall/subclass_000/orientation_000.png
14230000118	assets/theme_014_chapters_11eirika/class_23_wall/subclass_000/orientation_001.png
14230000218	assets/theme_014_chapters_11eirika/class_23_wall/subclass_000/orientation_002.png
14230000318	assets/theme_014_chapters_11eirika/class_23_wall/subclass_000/orientation_003.png
14230000418	assets/theme_014_chapters_11eirika/class_23_wall/subclass_000/orientation_004.png
14230000500	assets/theme_014_chapters_11eirika/class_23_wall/subclass_000/orientation_005.png
14230000601	assets/theme_014_chapters_11eirika/class_23_wall/subclass_000/orientation_006.png
14230000718	assets/theme_014_chapters_11eirika/class_23_wall/subclass_000/orientation_007.png
14230000801	assets/theme_014_chapters_11eirika/class_23_wall/subclass_000/orientation_008.png
14230000918	assets/theme_014_chapters_11eirika/class_23_wall/subclass_000/orientation_009.png
14230001018	assets/theme_014_chapters_11eirika/class_23_wall/subclass_000/orientation_010.png
14230001138	assets/theme_014_chapters_11eirika/class_23_wall/subclass_000/orientation_011.png
14230001201	assets/theme_014_chapters_11eirika/class_23_wall/subclass_000/orientation_012.png
14230001318	assets/theme_014_chapters_11eirika/class_23_wall/subclass_000/orientation_013.png
14230001418	assets/theme_014_chapters_11eirika/class_23_wall/subclass_000/orientation_014.png
14230001518	assets/theme_014_chapters_11eirika/class_23_wall/subclass_000/orientation_015.png
14230001618	assets/theme_014_chapters_11eirika/class_23_wall/subclass_000/orientation_016.png
14230001700	assets/theme_014_chapters_11eirika/class_23_wall/subclass_000/orientation_017.png
14230001818	assets/theme_014_chapters_11eirika/class_23_wall/subclass_000/orientation_018.png
14230001918	assets/theme_014_chapters_11eirika/class_23_wall/subclass_000/orientation_019.png
14250000002	assets/theme_014_chapters_11eirika/class_25_floor/subclass_000/orientation_000.png
14250000101	assets/theme_014_chapters_11eirika/class_25_floor/subclass_000/orientation_001.png
14250000201	assets/theme_014_chapters_11eirika/class_25_floor/subclass_000/orientation_002.png
14250000312	assets/theme_014_chapters_11eirika/class_25_floor/subclass_000/orientation_003.png
14250000402	assets/theme_014_chapters_11eirika/class_25_floor/subclass_000/orientation_004.png
14250000500	assets/theme_014_chapters_11eirika/class_25_floor/subclass_000/orientation_005.png
14250000601	assets/theme_014_chapters_11eirika/class_25_floor/subclass_000/orientation_006.png
14250000718	assets/theme_014_chapters_11eirika/class_25_floor/subclass_000/orientation_007.png
14250000801	assets/theme_014_chapters_11eirika/class_25_floor/subclass_000/orientation_008.png
14260000018	assets/theme_014_chapters_11eirika/class_26_stairs/subclass_000/orientation_000.png
14260000118	assets/theme_014_chapters_11eirika/class_26_stairs/subclass_000/orientation_001.png
14260100018	assets/theme_014_chapters_11eirika/class_26_stairs/subclass_001/orientation_000.png
14260100118	assets/theme_014_chapters_11eirika/class_26_stairs/subclass_001/orientation_001.png
14260200018	assets/theme_014_chapters_11eirika/class_26_stairs/subclass_002/orientation_000.png
14270000018	assets/theme_014_chapters_11eirika/class_27_door/subclass_000/orientation_000.png
14270000118	assets/theme_014_chapters_11eirika/class_27_door/subclass_000/orientation_001.png
14270100018	assets/theme_014_chapters_11eirika/class_27_door/subclass_001/orientation_000.png
14340000018	assets/theme_014_chapters_11eirika/class_34_pillar/subclass_000/orientation_000.png
14360100038	assets/theme_014_chapters_11eirika/class_36_chest/subclass_001/orientation_000.png
14470000018	assets/theme_014_chapters_11eirika/class_47_brace/subclass_000/orientation_000.png
14470000118	assets/theme_014_chapters_11eirika/class_47_brace/subclass_000/orientation_001.png
14470000200	assets/theme_014_chapters_11eirika/class_47_brace/subclass_000/orientation_002.png
14470000318	assets/theme_014_chapters_11eirika/class_47_brace/subclass_000/orientation_003.png
14470000400	assets/theme_014_chapters_11eirika/class_47_brace/subclass_000/orientation_004.png
14470000500	assets/theme_014_chapters_11eirika/class_47_brace/subclass_000/orientation_005.png
15140000021	assets/theme_015_chapters_11ephraim/class_14_sea/subclass_000/orientation_000.png
15140000121	assets/theme_015_chapters_11ephraim/class_14_sea/subclass_000/orientation_001.png
15140000221	assets/theme_015_chapters_11ephraim/class_14_sea/subclass_000/orientation_002.png
15140000321	assets/theme_015_chapters_11ephraim/class_14_sea/subclass_000/orientation_003.png
15140000421	assets/theme_015_chapters_11ephraim/class_14_sea/subclass_000/orientation_004.png
15140000621	assets/theme_015_chapters_11ephraim/class_14_sea/subclass_000/orientation_006.png
15140000721	assets/theme_015_chapters_11ephraim/class_14_sea/subclass_000/orientation_007.png
15140000821	assets/theme_015_chapters_11ephraim/class_14_sea/subclass_000/orientation_008.png
15140000921	assets/theme_015_chapters_11ephraim/class_14_sea/subclass_000/orientation_009.png
15140001021	assets/theme_015_chapters_11ephraim/class_14_sea/subclass_000/orientation_010.png
15140001121	assets/theme_015_chapters_11ephraim/class_14_sea/subclass_000/orientation_011.png
15250000021	assets/theme_015_chapters_11ephraim/class_25_floor/subclass_000/orientation_000.png
15250000062	assets/theme_015_chapters_11ephraim/class_25_floor/subclass_000/orientation_000.png
15260000021	assets/theme_015_chapters_11ephraim/class_26_stairs/subclass_000/orientation_000.png
15410000021	assets/theme_015_chapters_11ephraim/class_41_barrel/subclass_000/orientation_000.png
15410000057	assets/theme_015_chapters_11ephraim/class_41_barrel/subclass_000/orientation_000.png
15440000021	assets/theme_015_chapters_11ephraim/class_44_deck/subclass_000/orientation_000.png
15440000062	assets/theme_015_chapters_11ephraim/class_44_deck/subclass_000/orientation_000.png
15440000121	assets/theme_015_chapters_11ephraim/class_44_deck/subclass_000/orientation_001.png
15440000162	assets/theme_015_chapters_11ephraim/class_44_deck/subclass_000/orientation_001.png
15440000221	assets/theme_015_chapters_11ephraim/class_44_deck/subclass_000/orientation_002.png
15440000262	assets/theme_015_chapters_11ephraim/class_44_deck/subclass_000/orientation_002.png
15440000321	assets/theme_015_chapters_11ephraim/class_44_deck/subclass_000/orientation_003.png
15440000362	assets/theme_015_chapters_11ephraim/class_44_deck/subclass_000/orientation_003.png
15440000621	assets/theme_015_chapters_11ephraim/class_44_deck/subclass_000/orientation_006.png
15440000662	assets/theme_015_chapters_11ephraim/class_44_deck/subclass_000/orientation_006.png
15440000762	assets/theme_015_chapters_11ephraim/class_44_deck/subclass_000/orientation_007.png
15440000821	assets/theme_015_chapters_11ephraim/class_44_deck/subclass_000/orientation_008.png
15440000862	assets/theme_015_chapters_11ephraim/class_44_deck/subclass_000/orientation_008.png
15440000921	assets/theme_015_chapters_11ephraim/class_44_deck/subclass_000/orientation_009.png
15440000962	assets/theme_015_chapters_11ephraim/class_44_deck/subclass_000/orientation_009.png
15440001062	assets/theme_015_chapters_11ephraim/class_44_deck/subclass_000/orientation_010.png
15440001121	assets/theme_015_chapters_11ephraim/class_44_deck/subclass_000/orientation_011.png
15440001162	assets/theme_015_chapters_11ephraim/class_44_deck/subclass_000/orientation_011.png
15440001221	assets/theme_015_chapters_11ephraim/class_44_deck/subclass_000/orientation_012.png
15440001262	assets/theme_015_chapters_11ephraim/class_44_deck/subclass_000/orientation_012.png
15450000061	assets/theme_015_chapters_11ephraim/class_45_gunnels/subclass_000/orientation_000.png
15450000161	assets/theme_015_chapters_11ephraim/class_45_gunnels/subclass_000/orientation_001.png
15450000261	assets/theme_015_chapters_11ephraim/class_45_gunnels/subclass_000/orientation_002.png
15450000361	assets/theme_015_chapters_11ephraim/class_45_gunnels/subclass_000/orientation_003.png
15450000461	assets/theme_015_chapters_11ephraim/class_45_gunnels/subclass_000/orientation_004.png
15450000561	assets/theme_015_chapters_11ephraim/class_45_gunnels/subclass_000/orientation_005.png
15450000861	assets/theme_015_chapters_11ephraim/class_45_gunnels/subclass_000/orientation_008.png
15450000961	assets/theme_015_chapters_11ephraim/class_45_gunnels/subclass_000/orientation_009.png
15450001221	assets/theme_015_chapters_11ephraim/class_45_gunnels/subclass_000/orientation_012.png
15450001261	assets/theme_015_chapters_11ephraim/class_45_gunnels/subclass_000/orientation_012.png
15450001361	assets/theme_015_chapters_11ephraim/class_45_gunnels/subclass_000/orientation_013.png
15450001461	assets/theme_015_chapters_11ephraim/class_45_gunnels/subclass_000/orientation_014.png
15450001561	assets/theme_015_chapters_11ephraim/class_45_gunnels/subclass_000/orientation_015.png
15450001761	assets/theme_015_chapters_11ephraim/class_45_gunnels/subclass_000/orientation_017.png
15450001821	assets/theme_015_chapters_11ephraim/class_45_gunnels/subclass_000/orientation_018.png
15450001861	assets/theme_015_chapters_11ephraim/class_45_gunnels/subclass_000/orientation_018.png
15450001961	assets/theme_015_chapters_11ephraim/class_45_gunnels/subclass_000/orientation_019.png
15450002021	assets/theme_015_chapters_11ephraim/class_45_gunnels/subclass_000/orientation_020.png
15450002061	assets/theme_015_chapters_11ephraim/class_45_gunnels/subclass_000/orientation_020.png
15450002121	assets/theme_015_chapters_11ephraim/class_45_gunnels/subclass_000/orientation_021.png
15450002161	assets/theme_015_chapters_11ephraim/class_45_gunnels/subclass_000/orientation_021.png
15450002221	assets/theme_015_chapters_11ephraim/class_45_gunnels/subclass_000/orientation_022.png
15450002261	assets/theme_015_chapters_11ephraim/class_45_gunnels/subclass_000/orientation_022.png
15450002321	assets/theme_015_chapters_11ephraim/class_45_gunnels/subclass_000/orientation_023.png
15450002361	assets/theme_015_chapters_11ephraim/class_45_gunnels/subclass_000/orientation_023.png
15450002461	assets/theme_015_chapters_11ephraim/class_45_gunnels/subclass_000/orientation_024.png
15450002521	assets/theme_015_chapters_11ephraim/class_45_gunnels/subclass_000/orientation_025.png
15450002561	assets/theme_015_chapters_11ephraim/class_45_gunnels/subclass_000/orientation_025.png
15450002621	assets/theme_015_chapters_11ephraim/class_45_gunnels/subclass_000/orientation_026.png
15450002661	assets/theme_015_chapters_11ephraim/class_45_gunnels/subclass_000/orientation_026.png
15450002821	assets/theme_015_chapters_11ephraim/class_45_gunnels/subclass_000/orientation_028.png
15450002861	assets/theme_015_chapters_11ephraim/class_45_gunnels/subclass_000/orientation_028.png
15450002921	assets/theme_015_chapters_11ephraim/class_45_gunnels/subclass_000/orientation_029.png
15450002961	assets/theme_015_chapters_11ephraim/class_45_gunnels/subclass_000/orientation_029.png
15450003021	assets/theme_015_chapters_11ephraim/class_45_gunnels/subclass_000/orientation_030.png
15450003061	assets/theme_015_chapters_11ephraim/class_45_gunnels/subclass_000/orientation_030.png
15450003121	assets/theme_015_chapters_11ephraim/class_45_gunnels/subclass_000/orientation_031.png
15450003161	assets/theme_015_chapters_11ephraim/class_45_gunnels/subclass_000/orientation_031.png
15450003261	assets/theme_015_chapters_11ephraim/class_45_gunnels/subclass_000/orientation_032.png
15450003321	assets/theme_015_chapters_11ephraim/class_45_gunnels/subclass_000/orientation_033.png
15450003361	assets/theme_015_chapters_11ephraim/class_45_gunnels/subclass_000/orientation_033.png
15450003561	assets/theme_015_chapters_11ephraim/class_45_gunnels/subclass_000/orientation_035.png
15450003661	assets/theme_015_chapters_11ephraim/class_45_gunnels/subclass_000/orientation_036.png
15450003721	assets/theme_015_chapters_11ephraim/class_45_gunnels/subclass_000/orientation_037.png
15450003761	assets/theme_015_chapters_11ephraim/class_45_gunnels/subclass_000/orientation_037.png
15450003861	assets/theme_015_chapters_11ephraim/class_45_gunnels/subclass_000/orientation_038.png
15450003921	assets/theme_015_chapters_11ephraim/class_45_gunnels/subclass_000/orientation_039.png
15450003961	assets/theme_015_chapters_11ephraim/class_45_gunnels/subclass_000/orientation_039.png
15450004021	assets/theme_015_chapters_11ephraim/class_45_gunnels/subclass_000/orientation_040.png
15450004061	assets/theme_015_chapters_11ephraim/class_45_gunnels/subclass_000/orientation_040.png
15450004121	assets/theme_015_chapters_11ephraim/class_45_gunnels/subclass_000/orientation_041.png
15450004161	assets/theme_015_chapters_11ephraim/class_45_gunnels/subclass_000/orientation_041.png
15450004461	assets/theme_015_chapters_11ephraim/class_45_gunnels/subclass_000/orientation_044.png
15450004521	assets/theme_015_chapters_11ephraim/class_45_gunnels/subclass_000/orientation_045.png
15450004561	assets/theme_015_chapters_11ephraim/class_45_gunnels/subclass_000/orientation_045.png
15450004621	assets/theme_015_chapters_11ephraim/class_45_gunnels/subclass_000/orientation_046.png
15450004661	assets/theme_015_chapters_11ephraim/class_45_gunnels/subclass_000/orientation_046.png
15460000021	assets/theme_015_chapters_11ephraim/class_46_mast/subclass_000/orientation_000.png
15460000064	assets/theme_015_chapters_11ephraim/class_46_mast/subclass_000/orientation_000.png
16010000001	assets/theme_016_chapters_12eirika/class_01_plain/subclass_000/orientation_000.png
16010000100	assets/theme_016_chapters_12eirika/class_01_plain/subclass_000/orientation_001.png
16010000244	assets/theme_016_chapters_12eirika/class_01_plain/subclass_000/orientation_002.png
16010000301	assets/theme_016_chapters_12eirika/class_01_plain/subclass_000/orientation_003.png
16010000444	assets/theme_016_chapters_12eirika/class_01_plain/subclass_000/orientation_004.png
16010000500	assets/theme_016_chapters_12eirika/class_01_plain/subclass_000/orientation_005.png
16010000644	assets/theme_016_chapters_12eirika/class_01_plain/subclass_000/orientation_006.png
16010000700	assets/theme_016_chapters_12eirika/class_01_plain/subclass_000/orientation_007.png
16010000816	assets/theme_016_chapters_12eirika/class_01_plain/subclass_000/orientation_008.png
16010000944	assets/theme_016_chapters_12eirika/class_01_plain/subclass_000/orientation_009.png
16010001001	assets/theme_016_chapters_12eirika/class_01_plain/subclass_000/orientation_010.png
16010001101	assets/theme_016_chapters_12eirika/class_01_plain/subclass_000/orientation_011.png
16010001200	assets/theme_016_chapters_12eirika/class_01_plain/subclass_000/orientation_012.png
16010001301	assets/theme_016_chapters_12eirika/class_01_plain/subclass_000/orientation_013.png
16010001401	assets/theme_016_chapters_12eirika/class_01_plain/subclass_000/orientation_014.png
16010001501	assets/theme_016_chapters_12eirika/class_01_plain/subclass_000/orientation_015.png
16010001601	assets/theme_016_chapters_12eirika/class_01_plain/subclass_000/orientation_016.png
16010001744	assets/theme_016_chapters_12eirika/class_01_plain/subclass_000/orientation_017.png
16010001800	assets/theme_016_chapters_12eirika/class_01_plain/subclass_000/orientation_018.png
16010001901	assets/theme_016_chapters_12eirika/class_01_plain/subclass_000/orientation_019.png
16010002018	assets/theme_016_chapters_12eirika/class_01_plain/subclass_000/orientation_020.png
16010002101	assets/theme_016_chapters_12eirika/class_01_plain/subclass_000/orientation_021.png
16010002216	assets/theme_016_chapters_12eirika/class_01_plain/subclass_000/orientation_022.png
16010002301	assets/theme_016_chapters_12eirika/class_01_plain/subclass_000/orientation_023.png
16010002401	assets/theme_016_chapters_12eirika/class_01_plain/subclass_000/orientation_024.png
16010002516	assets/theme_016_chapters_12eirika/class_01_plain/subclass_000/orientation_025.png
16020000018	assets/theme_016_chapters_12eirika/class_02_forest/subclass_000/orientation_000.png
16040000018	assets/theme_016_chapters_12eirika/class_04_peak/subclass_000/orientation_000.png
16040000118	assets/theme_016_chapters_12eirika/class_04_peak/subclass_000/orientation_001.png
16040000218	assets/theme_016_chapters_12eirika/class_04_peak/subclass_000/orientation_002.png
16040000318	assets/theme_016_chapters_12eirika/class_04_peak/subclass_000/orientation_003.png
16040000418	assets/theme_016_chapters_12eirika/class_04_peak/subclass_000/orientation_004.png
16040000518	assets/theme_016_chapters_12eirika/class_04_peak/subclass_000/orientation_005.png
16040000618	assets/theme_016_chapters_12eirika/class_04_peak/subclass_000/orientation_006.png
16040000718	assets/theme_016_chapters_12eirika/class_04_peak/subclass_000/orientation_007.png
16040000822	assets/theme_016_chapters_12eirika/class_04_peak/subclass_000/orientation_008.png
16040000918	assets/theme_016_chapters_12eirika/class_04_peak/subclass_000/orientation_009.png
16040001018	assets/theme_016_chapters_12eirika/class_04_peak/subclass_000/orientation_010.png
16040001118	assets/theme_016_chapters_12eirika/class_04_peak/subclass_000/orientation_011.png
16040001218	assets/theme_016_chapters_12eirika/class_04_peak/subclass_000/orientation_012.png
16040001318	assets/theme_016_chapters_12eirika/class_04_peak/subclass_000/orientation_013.png
16040001418	assets/theme_016_chapters_12eirika/class_04_peak/subclass_000/orientation_014.png
16040001518	assets/theme_016_chapters_12eirika/class_04_peak/subclass_000/orientation_015.png
16040001618	assets/theme_016_chapters_12eirika/class_04_peak/subclass_000/orientation_016.png
16040001718	assets/theme_016_chapters_12eirika/class_04_peak/subclass_000/orientation_017.png
16040001818	assets/theme_016_chapters_12eirika/class_04_peak/subclass_000/orientation_018.png
16040001916	assets/theme_016_chapters_12eirika/class_04_peak/subclass_000/orientation_019.png
16040002018	assets/theme_016_chapters_12eirika/class_04_peak/subclass_000/orientation_020.png
16040002118	assets/theme_016_chapters_12eirika/class_04_peak/subclass_000/orientation_021.png
16040002218	assets/theme_016_chapters_12eirika/class_04_peak/subclass_000/orientation_022.png
16040002318	assets/theme_016_chapters_12eirika/class_04_peak/subclass_000/orientation_023.png
16040002412	assets/theme_016_chapters_12eirika/class_04_peak/subclass_000/orientation_024.png
16040002518	assets/theme_016_chapters_12eirika/class_04_peak/subclass_000/orientation_025.png
16040002618	assets/theme_016_chapters_12eirika/class_04_peak/subclass_000/orientation_026.png
16040002718	assets/theme_016_chapters_12eirika/class_04_peak/subclass_000/orientation_027.png
16040002818	assets/theme_016_chapters_12eirika/class_04_peak/subclass_000/orientation_028.png
16040002918	assets/theme_016_chapters_12eirika/class_04_peak/subclass_000/orientation_029.png
16040003001	assets/theme_016_chapters_12eirika/class_04_peak/subclass_000/orientation_030.png
16040003118	assets/theme_016_chapters_12eirika/class_04_peak/subclass_000/orientation_031.png
16040003218	assets/theme_016_chapters_12eirika/class_04_peak/subclass_000/orientation_032.png
16040003318	assets/theme_016_chapters_12eirika/class_04_peak/subclass_000/orientation_033.png
16040003418	assets/theme_016_chapters_12eirika/class_04_peak/subclass_000/orientation_034.png
16040003518	assets/theme_016_chapters_12eirika/class_04_peak/subclass_000/orientation_035.png
16040003618	assets/theme_016_chapters_12eirika/class_04_peak/subclass_000/orientation_036.png
16040003718	assets/theme_016_chapters_12eirika/class_04_peak/subclass_000/orientation_037.png
16040003818	assets/theme_016_chapters_12eirika/class_04_peak/subclass_000/orientation_038.png
16040003918	assets/theme_016_chapters_12eirika/class_04_peak/subclass_000/orientation_039.png
16040004018	assets/theme_016_chapters_12eirika/class_04_peak/subclass_000/orientation_040.png
16040004118	assets/theme_016_chapters_12eirika/class_04_peak/subclass_000/orientation_041.png
16040004218	assets/theme_016_chapters_12eirika/class_04_peak/subclass_000/orientation_042.png
16040004318	assets/theme_016_chapters_12eirika/class_04_peak/subclass_000/orientation_043.png
16040004418	assets/theme_016_chapters_12eirika/class_04_peak/subclass_000/orientation_044.png
16040004518	assets/theme_016_chapters_12eirika/class_04_peak/subclass_000/orientation_045.png
16040004618	assets/theme_016_chapters_12eirika/class_04_peak/subclass_000/orientation_046.png
16040004718	assets/theme_016_chapters_12eirika/class_04_peak/subclass_000/orientation_047.png
16040004818	assets/theme_016_chapters_12eirika/class_04_peak/subclass_000/orientation_048.png
16040004918	assets/theme_016_chapters_12eirika/class_04_peak/subclass_000/orientation_049.png
16040005018	assets/theme_016_chapters_12eirika/class_04_peak/subclass_000/orientation_050.png
16040005118	assets/theme_016_chapters_12eirika/class_04_peak/subclass_000/orientation_051.png
16040005238	assets/theme_016_chapters_12eirika/class_04_peak/subclass_000/orientation_052.png
16040005316	assets/theme_016_chapters_12eirika/class_04_peak/subclass_000/orientation_053.png
16040005418	assets/theme_016_chapters_12eirika/class_04_peak/subclass_000/orientation_054.png
16040005518	assets/theme_016_chapters_12eirika/class_04_peak/subclass_000/orientation_055.png
16040005618	assets/theme_016_chapters_12eirika/class_04_peak/subclass_000/orientation_056.png
16040005718	assets/theme_016_chapters_12eirika/class_04_peak/subclass_000/orientation_057.png
16040005818	assets/theme_016_chapters_12eirika/class_04_peak/subclass_000/orientation_058.png
16040005918	assets/theme_016_chapters_12eirika/class_04_peak/subclass_000/orientation_059.png
16040006018	assets/theme_016_chapters_12eirika/class_04_peak/subclass_000/orientation_060.png
16040006118	assets/theme_016_chapters_12eirika/class_04_peak/subclass_000/orientation_061.png
16040006218	assets/theme_016_chapters_12eirika/class_04_peak/subclass_000/orientation_062.png
16040006318	assets/theme_016_chapters_12eirika/class_04_peak/subclass_000/orientation_063.png
16040006418	assets/theme_016_chapters_12eirika/class_04_peak/subclass_000/orientation_064.png
16040006518	assets/theme_016_chapters_12eirika/class_04_peak/subclass_000/orientation_065.png
16040006618	assets/theme_016_chapters_12eirika/class_04_peak/subclass_000/orientation_066.png
16040006718	assets/theme_016_chapters_12eirika/class_04_peak/subclass_000/orientation_067.png
16040006818	assets/theme_016_chapters_12eirika/class_04_peak/subclass_000/orientation_068.png
16040006918	assets/theme_016_chapters_12eirika/class_04_peak/subclass_000/orientation_069.png
16040007018	assets/theme_016_chapters_12eirika/class_04_peak/subclass_000/orientation_070.png
16040007118	assets/theme_016_chapters_12eirika/class_04_peak/subclass_000/orientation_071.png
16040007218	assets/theme_016_chapters_12eirika/class_04_peak/subclass_000/orientation_072.png
16040007318	assets/theme_016_chapters_12eirika/class_04_peak/subclass_000/orientation_073.png
16040007422	assets/theme_016_chapters_12eirika/class_04_peak/subclass_000/orientation_074.png
16040007518	assets/theme_016_chapters_12eirika/class_04_peak/subclass_000/orientation_075.png
16040007618	assets/theme_016_chapters_12eirika/class_04_peak/subclass_000/orientation_076.png
16040007718	assets/theme_016_chapters_12eirika/class_04_peak/subclass_000/orientation_077.png
16040007818	assets/theme_016_chapters_12eirika/class_04_peak/subclass_000/orientation_078.png
16040007918	assets/theme_016_chapters_12eirika/class_04_peak/subclass_000/orientation_079.png
16040008018	assets/theme_016_chapters_12eirika/class_04_peak/subclass_000/orientation_080.png
16040008118	assets/theme_016_chapters_12eirika/class_04_peak/subclass_000/orientation_081.png
16040008218	assets/theme_016_chapters_12eirika/class_04_peak/subclass_000/orientation_082.png
16040008318	assets/theme_016_chapters_12eirika/class_04_peak/subclass_000/orientation_083.png
16040008418	assets/theme_016_chapters_12eirika/class_04_peak/subclass_000/orientation_084.png
16040008518	assets/theme_016_chapters_12eirika/class_04_peak/subclass_000/orientation_085.png
16040008618	assets/theme_016_chapters_12eirika/class_04_peak/subclass_000/orientation_086.png
16040008718	assets/theme_016_chapters_12eirika/class_04_peak/subclass_000/orientation_087.png
16040008816	assets/theme_016_chapters_12eirika/class_04_peak/subclass_000/orientation_088.png
16040008918	assets/theme_016_chapters_12eirika/class_04_peak/subclass_000/orientation_089.png
16040009018	assets/theme_016_chapters_12eirika/class_04_peak/subclass_000/orientation_090.png
16040009118	assets/theme_016_chapters_12eirika/class_04_peak/subclass_000/orientation_091.png
16040009218	assets/theme_016_chapters_12eirika/class_04_peak/subclass_000/orientation_092.png
16040009318	assets/theme_016_chapters_12eirika/class_04_peak/subclass_000/orientation_093.png
16040009418	assets/theme_016_chapters_12eirika/class_04_peak/subclass_000/orientation_094.png
16040009518	assets/theme_016_chapters_12eirika/class_04_peak/subclass_000/orientation_095.png
16040009618	assets/theme_016_chapters_12eirika/class_04_peak/subclass_000/orientation_096.png
16040009718	assets/theme_016_chapters_12eirika/class_04_peak/subclass_000/orientation_097.png
16040009818	assets/theme_016_chapters_12eirika/class_04_peak/subclass_000/orientation_098.png
16040009918	assets/theme_016_chapters_12eirika/class_04_peak/subclass_000/orientation_099.png
16070000002	assets/theme_016_chapters_12eirika/class_07_road/subclass_000/orientation_000.png
16070000113	assets/theme_016_chapters_12eirika/class_07_road/subclass_000/orientation_001.png
16070000216	assets/theme_016_chapters_12eirika/class_07_road/subclass_000/orientation_002.png
16070000302	assets/theme_016_chapters_12eirika/class_07_road/subclass_000/orientation_003.png
16180000010	assets/theme_016_chapters_12eirika/class_18_house/subclass_000/orientation_000.png
16200000007	assets/theme_016_chapters_12eirika/class_20_vendor/subclass_000/orientation_000.png
16260000044	assets/theme_016_chapters_12eirika/class_26_stairs/subclass_000/orientation_000.png
16280000044	assets/theme_016_chapters_12eirika/class_28_gate/subclass_000/orientation_000.png
16490000000	assets/theme_016_chapters_12eirika/class_49_dashdash/subclass_000/orientation_000.png
16490000135	assets/theme_016_chapters_12eirika/class_49_dashdash/subclass_000/orientation_001.png
16490000244	assets/theme_016_chapters_12eirika/class_49_dashdash/subclass_000/orientation_002.png
16490000344	assets/theme_016_chapters_12eirika/class_49_dashdash/subclass_000/orientation_003.png
16490000444	assets/theme_016_chapters_12eirika/class_49_dashdash/subclass_000/orientation_004.png
17010000000	assets/theme_017_chapters_12ephraim/class_01_plain/subclass_000/orientation_000.png
17010000101	assets/theme_017_chapters_12ephraim/class_01_plain/subclass_000/orientation_001.png
17010000200	assets/theme_017_chapters_12ephraim/class_01_plain/subclass_000/orientation_002.png
17010000300	assets/theme_017_chapters_12ephraim/class_01_plain/subclass_000/orientation_003.png
17010000401	assets/theme_017_chapters_12ephraim/class_01_plain/subclass_000/orientation_004.png
17010000501	assets/theme_017_chapters_12ephraim/class_01_plain/subclass_000/orientation_005.png
17010000601	assets/theme_017_chapters_12ephraim/class_01_plain/subclass_000/orientation_006.png
17020000018	assets/theme_017_chapters_12ephraim/class_02_forest/subclass_000/orientation_000.png
17020000118	assets/theme_017_chapters_12ephraim/class_02_forest/subclass_000/orientation_001.png
17020000218	assets/theme_017_chapters_12ephraim/class_02_forest/subclass_000/orientation_002.png
17020000318	assets/theme_017_chapters_12ephraim/class_02_forest/subclass_000/orientation_003.png
17070000018	assets/theme_017_chapters_12ephraim/class_07_road/subclass_000/orientation_000.png
17070000118	assets/theme_017_chapters_12ephraim/class_07_road/subclass_000/orientation_001.png
17070000218	assets/theme_017_chapters_12ephraim/class_07_road/subclass_000/orientation_002.png
17070000318	assets/theme_017_chapters_12ephraim/class_07_road/subclass_000/orientation_003.png
17070000418	assets/theme_017_chapters_12ephraim/class_07_road/subclass_000/orientation_004.png
17070000518	assets/theme_017_chapters_12ephraim/class_07_road/subclass_000/orientation_005.png
17070000618	assets/theme_017_chapters_12ephraim/class_07_road/subclass_000/orientation_006.png
17070000718	assets/theme_017_chapters_12ephraim/class_07_road/subclass_000/orientation_007.png
17070000818	assets/theme_017_chapters_12ephraim/class_07_road/subclass_000/orientation_008.png
17070000918	assets/theme_017_chapters_12ephraim/class_07_road/subclass_000/orientation_009.png
17070001018	assets/theme_017_chapters_12ephraim/class_07_road/subclass_000/orientation_010.png
17070001118	assets/theme_017_chapters_12ephraim/class_07_road/subclass_000/orientation_011.png
17070001218	assets/theme_017_chapters_12ephraim/class_07_road/subclass_000/orientation_012.png
17070001318	assets/theme_017_chapters_12ephraim/class_07_road/subclass_000/orientation_013.png
17070001418	assets/theme_017_chapters_12ephraim/class_07_road/subclass_000/orientation_014.png
17070001518	assets/theme_017_chapters_12ephraim/class_07_road/subclass_000/orientation_015.png
17070001618	assets/theme_017_chapters_12ephraim/class_07_road/subclass_000/orientation_016.png
17070001718	assets/theme_017_chapters_12ephraim/class_07_road/subclass_000/orientation_017.png
17070001818	assets/theme_017_chapters_12ephraim/class_07_road/subclass_000/orientation_018.png
17070001918	assets/theme_017_chapters_12ephraim/class_07_road/subclass_000/orientation_019.png
17070002018	assets/theme_017_chapters_12ephraim/class_07_road/subclass_000/orientation_020.png
17070002118	assets/theme_017_chapters_12ephraim/class_07_road/subclass_000/orientation_021.png
17070002218	assets/theme_017_chapters_12ephraim/class_07_road/subclass_000/orientation_022.png
17070002318	assets/theme_017_chapters_12ephraim/class_07_road/subclass_000/orientation_023.png
17070002418	assets/theme_017_chapters_12ephraim/class_07_road/subclass_000/orientation_024.png
17140000001	assets/theme_017_chapters_12ephraim/class_14_sea/subclass_000/orientation_000.png
17140000122	assets/theme_017_chapters_12ephraim/class_14_sea/subclass_000/orientation_001.png
17140000201	assets/theme_017_chapters_12ephraim/class_14_sea/subclass_000/orientation_002.png
17140000316	assets/theme_017_chapters_12ephraim/class_14_sea/subclass_000/orientation_003.png
17140000401	assets/theme_017_chapters_12ephraim/class_14_sea/subclass_000/orientation_004.png
17140000500	assets/theme_017_chapters_12ephraim/class_14_sea/subclass_000/orientation_005.png
17140000601	assets/theme_017_chapters_12ephraim/class_14_sea/subclass_000/orientation_006.png
17140000738	assets/theme_017_chapters_12ephraim/class_14_sea/subclass_000/orientation_007.png
17140000801	assets/theme_017_chapters_12ephraim/class_14_sea/subclass_000/orientation_008.png
17140000901	assets/theme_017_chapters_12ephraim/class_14_sea/subclass_000/orientation_009.png
17140001001	assets/theme_017_chapters_12ephraim/class_14_sea/subclass_000/orientation_010.png
17140001138	assets/theme_017_chapters_12ephraim/class_14_sea/subclass_000/orientation_011.png
17140001216	assets/theme_017_chapters_12ephraim/class_14_sea/subclass_000/orientation_012.png
17150000001	assets/theme_017_chapters_12ephraim/class_15_bridge/subclass_000/orientation_000.png
17150000101	assets/theme_017_chapters_12ephraim/class_15_bridge/subclass_000/orientation_001.png
17150000201	assets/theme_017_chapters_12ephraim/class_15_bridge/subclass_000/orientation_002.png
17170100000	assets/theme_017_chapters_12ephraim/class_17_village/subclass_001/orientation_000.png
17200000038	assets/theme_017_chapters_12ephraim/class_20_vendor/subclass_000/orientation_000.png
17210000018	assets/theme_017_chapters_12ephraim/class_21_arena/subclass_000/orientation_000.png
17220000044	assets/theme_017_chapters_12ephraim/class_22_inn/subclass_000/orientation_000.png
17250000018	assets/theme_017_chapters_12ephraim/class_25_floor/subclass_000/orientation_000.png
17250000118	assets/theme_017_chapters_12ephraim/class_25_floor/subclass_000/orientation_001.png
17250000201	assets/theme_017_chapters_12ephraim/class_25_floor/subclass_000/orientation_002.png
17250000338	assets/theme_017_chapters_12ephraim/class_25_floor/subclass_000/orientation_003.png
17250000401	assets/theme_017_chapters_12ephraim/class_25_floor/subclass_000/orientation_004.png
17250000518	assets/theme_017_chapters_12ephraim/class_25_floor/subclass_000/orientation_005.png
17250000618	assets/theme_017_chapters_12ephraim/class_25_floor/subclass_000/orientation_006.png
17250000718	assets/theme_017_chapters_12ephraim/class_25_floor/subclass_000/orientation_007.png
17250000814	assets/theme_017_chapters_12ephraim/class_25_floor/subclass_000/orientation_008.png
17250000900	assets/theme_017_chapters_12ephraim/class_25_floor/subclass_000/orientation_009.png
17250001018	assets/theme_017_chapters_12ephraim/class_25_floor/subclass_000/orientation_010.png
17260000001	assets/theme_017_chapters_12ephraim/class_26_stairs/subclass_000/orientation_000.png
17290000044	assets/theme_017_chapters_12ephraim/class_29_fence/subclass_000/orientation_000.png
17290000112	assets/theme_017_chapters_12ephraim/class_29_fence/subclass_000/orientation_001.png
17290000244	assets/theme_017_chapters_12ephraim/class_29_fence/subclass_000/orientation_002.png
17290000337	assets/theme_017_chapters_12ephraim/class_29_fence/subclass_000/orientation_003.png
17290000444	assets/theme_017_chapters_12ephraim/class_29_fence/subclass_000/orientation_004.png
17290000544	assets/theme_017_chapters_12ephraim/class_29_fence/subclass_000/orientation_005.png
17290000644	assets/theme_017_chapters_12ephraim/class_29_fence/subclass_000/orientation_006.png
17290000700	assets/theme_017_chapters_12ephraim/class_29_fence/subclass_000/orientation_007.png
17410000018	assets/theme_017_chapters_12ephraim/class_41_barrel/subclass_000/orientation_000.png
17440000000	assets/theme_017_chapters_12ephraim/class_44_deck/subclass_000/orientation_000.png
17440000101	assets/theme_017_chapters_12ephraim/class_44_deck/subclass_000/orientation_001.png
17440000218	assets/theme_017_chapters_12ephraim/class_44_deck/subclass_000/orientation_002.png
17440000300	assets/theme_017_chapters_12ephraim/class_44_deck/subclass_000/orientation_003.png
17440000421	assets/theme_017_chapters_12ephraim/class_44_deck/subclass_000/orientation_004.png
17440000521	assets/theme_017_chapters_12ephraim/class_44_deck/subclass_000/orientation_005.png
17440000601	assets/theme_017_chapters_12ephraim/class_44_deck/subclass_000/orientation_006.png
17440000718	assets/theme_017_chapters_12ephraim/class_44_deck/subclass_000/orientation_007.png
17440000801	assets/theme_017_chapters_12ephraim/class_44_deck/subclass_000/orientation_008.png
17440000900	assets/theme_017_chapters_12ephraim/class_44_deck/subclass_000/orientation_009.png
17440001001	assets/theme_017_chapters_12ephraim/class_44_deck/subclass_000/orientation_010.png
17440001101	assets/theme_017_chapters_12ephraim/class_44_deck/subclass_000/orientation_011.png
17440001201	assets/theme_017_chapters_12ephraim/class_44_deck/subclass_000/orientation_012.png
17450000001	assets/theme_017_chapters_12ephraim/class_45_gunnels/subclass_000/orientation_000.png
17450000114	assets/theme_017_chapters_12ephraim/class_45_gunnels/subclass_000/orientation_001.png
17450000200	assets/theme_017_chapters_12ephraim/class_45_gunnels/subclass_000/orientation_002.png
17450000321	assets/theme_017_chapters_12ephraim/class_45_gunnels/subclass_000/orientation_003.png
17450000438	assets/theme_017_chapters_12ephraim/class_45_gunnels/subclass_000/orientation_004.png
17450000501	assets/theme_017_chapters_12ephraim/class_45_gunnels/subclass_000/orientation_005.png
17450000601	assets/theme_017_chapters_12ephraim/class_45_gunnels/subclass_000/orientation_006.png
17450000701	assets/theme_017_chapters_12ephraim/class_45_gunnels/subclass_000/orientation_007.png
17450000801	assets/theme_017_chapters_12ephraim/class_45_gunnels/subclass_000/orientation_008.png
17450000900	assets/theme_017_chapters_12ephraim/class_45_gunnels/subclass_000/orientation_009.png
17450001038	assets/theme_017_chapters_12ephraim/class_45_gunnels/subclass_000/orientation_010.png
17450001121	assets/theme_017_chapters_12ephraim/class_45_gunnels/subclass_000/orientation_011.png
17450001201	assets/theme_017_chapters_12ephraim/class_45_gunnels/subclass_000/orientation_012.png
17450001301	assets/theme_017_chapters_12ephraim/class_45_gunnels/subclass_000/orientation_013.png
17450001400	assets/theme_017_chapters_12ephraim/class_45_gunnels/subclass_000/orientation_014.png
17450001501	assets/theme_017_chapters_12ephraim/class_45_gunnels/subclass_000/orientation_015.png
17450001601	assets/theme_017_chapters_12ephraim/class_45_gunnels/subclass_000/orientation_016.png
17450001700	assets/theme_017_chapters_12ephraim/class_45_gunnels/subclass_000/orientation_017.png
17450001801	assets/theme_017_chapters_12ephraim/class_45_gunnels/subclass_000/orientation_018.png
17450001900	assets/theme_017_chapters_12ephraim/class_45_gunnels/subclass_000/orientation_019.png
17450002000	assets/theme_017_chapters_12ephraim/class_45_gunnels/subclass_000/orientation_020.png
17450002121	assets/theme_017_chapters_12ephraim/class_45_gunnels/subclass_000/orientation_021.png
17450002201	assets/theme_017_chapters_12ephraim/class_45_gunnels/subclass_000/orientation_022.png
17450002314	assets/theme_017_chapters_12ephraim/class_45_gunnels/subclass_000/orientation_023.png
17450002421	assets/theme_017_chapters_12ephraim/class_45_gunnels/subclass_000/orientation_024.png
17450002538	assets/theme_017_chapters_12ephraim/class_45_gunnels/subclass_000/orientation_025.png
17450002600	assets/theme_017_chapters_12ephraim/class_45_gunnels/subclass_000/orientation_026.png
17450002700	assets/theme_017_chapters_12ephraim/class_45_gunnels/subclass_000/orientation_027.png
17450002821	assets/theme_017_chapters_12ephraim/class_45_gunnels/subclass_000/orientation_028.png
17450002921	assets/theme_017_chapters_12ephraim/class_45_gunnels/subclass_000/orientation_029.png
17450003018	assets/theme_017_chapters_12ephraim/class_45_gunnels/subclass_000/orientation_030.png
17450003121	assets/theme_017_chapters_12ephraim/class_45_gunnels/subclass_000/orientation_031.png
17450003200	assets/theme_017_chapters_12ephraim/class_45_gunnels/subclass_000/orientation_032.png
17450003301	assets/theme_017_chapters_12ephraim/class_45_gunnels/subclass_000/orientation_033.png
17450003421	assets/theme_017_chapters_12ephraim/class_45_gunnels/subclass_000/orientation_034.png
17450003501	assets/theme_017_chapters_12ephraim/class_45_gunnels/subclass_000/orientation_035.png
17450003600	assets/theme_017_chapters_12ephraim/class_45_gunnels/subclass_000/orientation_036.png
17450003700	assets/theme_017_chapters_12ephraim/class_45_gunnels/subclass_000/orientation_037.png
17450003800	assets/theme_017_chapters_12ephraim/class_45_gunnels/subclass_000/orientation_038.png
17450003900	assets/theme_017_chapters_12ephraim/class_45_gunnels/subclass_000/orientation_039.png
17450004000	assets/theme_017_chapters_12ephraim/class_45_gunnels/subclass_000/orientation_040.png
17450004100	assets/theme_017_chapters_12ephraim/class_45_gunnels/subclass_000/orientation_041.png
17460000018	assets/theme_017_chapters_12ephraim/class_46_mast/subclass_000/orientation_000.png
17490000001	assets/theme_017_chapters_12ephraim/class_49_dashdash/subclass_000/orientation_000.png
17490000118	assets/theme_017_chapters_12ephraim/class_49_dashdash/subclass_000/orientation_001.png
17490000218	assets/theme_017_chapters_12ephraim/class_49_dashdash/subclass_000/orientation_002.png
17490000318	assets/theme_017_chapters_12ephraim/class_49_dashdash/subclass_000/orientation_003.png
17490100037	assets/theme_017_chapters_12ephraim/class_49_dashdash/subclass_001/orientation_000.png
17490100144	assets/theme_017_chapters_12ephraim/class_49_dashdash/subclass_001/orientation_001.png
17490100244	assets/theme_017_chapters_12ephraim/class_49_dashdash/subclass_001/orientation_002.png
17490100344	assets/theme_017_chapters_12ephraim/class_49_dashdash/subclass_001/orientation_003.png
17490100437	assets/theme_017_chapters_12ephraim/class_49_dashdash/subclass_001/orientation_004.png
17490200038	assets/theme_017_chapters_12ephraim/class_49_dashdash/subclass_002/orientation_000.png
17490200118	assets/theme_017_chapters_12ephraim/class_49_dashdash/subclass_002/orientation_001.png
17490200238	assets/theme_017_chapters_12ephraim/class_49_dashdash/subclass_002/orientation_002.png
17490200318	assets/theme_017_chapters_12ephraim/class_49_dashdash/subclass_002/orientation_003.png
17490200418	assets/theme_017_chapters_12ephraim/class_49_dashdash/subclass_002/orientation_004.png
17490200518	assets/theme_017_chapters_12ephraim/class_49_dashdash/subclass_002/orientation_005.png
17490200618	assets/theme_017_chapters_12ephraim/class_49_dashdash/subclass_002/orientation_006.png
17490200718	assets/theme_017_chapters_12ephraim/class_49_dashdash/subclass_002/orientation_007.png
17490200818	assets/theme_017_chapters_12ephraim/class_49_dashdash/subclass_002/orientation_008.png
17490200918	assets/theme_017_chapters_12ephraim/class_49_dashdash/subclass_002/orientation_009.png
17490300046	assets/theme_017_chapters_12ephraim/class_49_dashdash/subclass_003/orientation_000.png
17490300144	assets/theme_017_chapters_12ephraim/class_49_dashdash/subclass_003/orientation_001.png
17490300201	assets/theme_017_chapters_12ephraim/class_49_dashdash/subclass_003/orientation_002.png
17490300300	assets/theme_017_chapters_12ephraim/class_49_dashdash/subclass_003/orientation_003.png
17490300444	assets/theme_017_chapters_12ephraim/class_49_dashdash/subclass_003/orientation_004.png
17490300500	assets/theme_017_chapters_12ephraim/class_49_dashdash/subclass_003/orientation_005.png
17490300600	assets/theme_017_chapters_12ephraim/class_49_dashdash/subclass_003/orientation_006.png
17490300746	assets/theme_017_chapters_12ephraim/class_49_dashdash/subclass_003/orientation_007.png
17490300800	assets/theme_017_chapters_12ephraim/class_49_dashdash/subclass_003/orientation_008.png
18010000001	assets/theme_018_chapters_13eirika/class_01_plain/subclass_000/orientation_000.png
18010000100	assets/theme_018_chapters_13eirika/class_01_plain/subclass_000/orientation_001.png
18010000201	assets/theme_018_chapters_13eirika/class_01_plain/subclass_000/orientation_002.png
18010000300	assets/theme_018_chapters_13eirika/class_01_plain/subclass_000/orientation_003.png
18010000401	assets/theme_018_chapters_13eirika/class_01_plain/subclass_000/orientation_004.png
18010000501	assets/theme_018_chapters_13eirika/class_01_plain/subclass_000/orientation_005.png
18010000601	assets/theme_018_chapters_13eirika/class_01_plain/subclass_000/orientation_006.png
18010000701	assets/theme_018_chapters_13eirika/class_01_plain/subclass_000/orientation_007.png
18010000823	assets/theme_018_chapters_13eirika/class_01_plain/subclass_000/orientation_008.png
18010000901	assets/theme_018_chapters_13eirika/class_01_plain/subclass_000/orientation_009.png
18010001000	assets/theme_018_chapters_13eirika/class_01_plain/subclass_000/orientation_010.png
18010001101	assets/theme_018_chapters_13eirika/class_01_plain/subclass_000/orientation_011.png
18010001226	assets/theme_018_chapters_13eirika/class_01_plain/subclass_000/orientation_012.png
18010001301	assets/theme_018_chapters_13eirika/class_01_plain/subclass_000/orientation_013.png
18010001401	assets/theme_018_chapters_13eirika/class_01_plain/subclass_000/orientation_014.png
18010001501	assets/theme_018_chapters_13eirika/class_01_plain/subclass_000/orientation_015.png
18010001601	assets/theme_018_chapters_13eirika/class_01_plain/subclass_000/orientation_016.png
18010001701	assets/theme_018_chapters_13eirika/class_01_plain/subclass_000/orientation_017.png
18010001826	assets/theme_018_chapters_13eirika/class_01_plain/subclass_000/orientation_018.png
18010001901	assets/theme_018_chapters_13eirika/class_01_plain/subclass_000/orientation_019.png
18010002001	assets/theme_018_chapters_13eirika/class_01_plain/subclass_000/orientation_020.png
18010002134	assets/theme_018_chapters_13eirika/class_01_plain/subclass_000/orientation_021.png
18010002201	assets/theme_018_chapters_13eirika/class_01_plain/subclass_000/orientation_022.png
18010002301	assets/theme_018_chapters_13eirika/class_01_plain/subclass_000/orientation_023.png
18010002401	assets/theme_018_chapters_13eirika/class_01_plain/subclass_000/orientation_024.png
18010002501	assets/theme_018_chapters_13eirika/class_01_plain/subclass_000/orientation_025.png
18010002623	assets/theme_018_chapters_13eirika/class_01_plain/subclass_000/orientation_026.png
18010002701	assets/theme_018_chapters_13eirika/class_01_plain/subclass_000/orientation_027.png
18010002817	assets/theme_018_chapters_13eirika/class_01_plain/subclass_000/orientation_028.png
18010002901	assets/theme_018_chapters_13eirika/class_01_plain/subclass_000/orientation_029.png
18010003000	assets/theme_018_chapters_13eirika/class_01_plain/subclass_000/orientation_030.png
18010003101	assets/theme_018_chapters_13eirika/class_01_plain/subclass_000/orientation_031.png
18010003201	assets/theme_018_chapters_13eirika/class_01_plain/subclass_000/orientation_032.png
18010003301	assets/theme_018_chapters_13eirika/class_01_plain/subclass_000/orientation_033.png
18010003401	assets/theme_018_chapters_13eirika/class_01_plain/subclass_000/orientation_034.png
18010003501	assets/theme_018_chapters_13eirika/class_01_plain/subclass_000/orientation_035.png
18010003601	assets/theme_018_chapters_13eirika/class_01_plain/subclass_000/orientation_036.png
18010003700	assets/theme_018_chapters_13eirika/class_01_plain/subclass_000/orientation_037.png
18010003801	assets/theme_018_chapters_13eirika/class_01_plain/subclass_000/orientation_038.png
18010003901	assets/theme_018_chapters_13eirika/class_01_plain/subclass_000/orientation_039.png
18010004001	assets/theme_018_chapters_13eirika/class_01_plain/subclass_000/orientation_040.png
18010004100	assets/theme_018_chapters_13eirika/class_01_plain/subclass_000/orientation_041.png
18010004201	assets/theme_018_chapters_13eirika/class_01_plain/subclass_000/orientation_042.png
18010004330	assets/theme_018_chapters_13eirika/class_01_plain/subclass_000/orientation_043.png
18010004401	assets/theme_018_chapters_13eirika/class_01_plain/subclass_000/orientation_044.png
18010004501	assets/theme_018_chapters_13eirika/class_01_plain/subclass_000/orientation_045.png
18010004601	assets/theme_018_chapters_13eirika/class_01_plain/subclass_000/orientation_046.png
18010004723	assets/theme_018_chapters_13eirika/class_01_plain/subclass_000/orientation_047.png
18010004801	assets/theme_018_chapters_13eirika/class_01_plain/subclass_000/orientation_048.png
18010004917	assets/theme_018_chapters_13eirika/class_01_plain/subclass_000/orientation_049.png
18010005001	assets/theme_018_chapters_13eirika/class_01_plain/subclass_000/orientation_050.png
18010005101	assets/theme_018_chapters_13eirika/class_01_plain/subclass_000/orientation_051.png
18010005234	assets/theme_018_chapters_13eirika/class_01_plain/subclass_000/orientation_052.png
18010005317	assets/theme_018_chapters_13eirika/class_01_plain/subclass_000/orientation_053.png
18020000023	assets/theme_018_chapters_13eirika/class_02_forest/subclass_000/orientation_000.png
18020000129	assets/theme_018_chapters_13eirika/class_02_forest/subclass_000/orientation_001.png
18040000029	assets/theme_018_chapters_13eirika/class_04_peak/subclass_000/orientation_000.png
18040000126	assets/theme_018_chapters_13eirika/class_04_peak/subclass_000/orientation_001.png
18040000226	assets/theme_018_chapters_13eirika/class_04_peak/subclass_000/orientation_002.png
18040000326	assets/theme_018_chapters_13eirika/class_04_peak/subclass_000/orientation_003.png
18040000426	assets/theme_018_chapters_13eirika/class_04_peak/subclass_000/orientation_004.png
18040000563	assets/theme_018_chapters_13eirika/class_04_peak/subclass_000/orientation_005.png
18040000626	assets/theme_018_chapters_13eirika/class_04_peak/subclass_000/orientation_006.png
18040000726	assets/theme_018_chapters_13eirika/class_04_peak/subclass_000/orientation_007.png
18040000823	assets/theme_018_chapters_13eirika/class_04_peak/subclass_000/orientation_008.png
18040000923	assets/theme_018_chapters_13eirika/class_04_peak/subclass_000/orientation_009.png
18040001012	assets/theme_018_chapters_13eirika/class_04_peak/subclass_000/orientation_010.png
18040001130	assets/theme_018_chapters_13eirika/class_04_peak/subclass_000/orientation_011.png
18040001223	assets/theme_018_chapters_13eirika/class_04_peak/subclass_000/orientation_012.png
18040001326	assets/theme_018_chapters_13eirika/class_04_peak/subclass_000/orientation_013.png
18040001400	assets/theme_018_chapters_13eirika/class_04_peak/subclass_000/orientation_014.png
18040001500	assets/theme_018_chapters_13eirika/class_04_peak/subclass_000/orientation_015.png
18040001626	assets/theme_018_chapters_13eirika/class_04_peak/subclass_000/orientation_016.png
18040001702	assets/theme_018_chapters_13eirika/class_04_peak/subclass_000/orientation_017.png
18040001826	assets/theme_018_chapters_13eirika/class_04_peak/subclass_000/orientation_018.png
18040001923	assets/theme_018_chapters_13eirika/class_04_peak/subclass_000/orientation_019.png
18040002026	assets/theme_018_chapters_13eirika/class_04_peak/subclass_000/orientation_020.png
18040002112	assets/theme_018_chapters_13eirika/class_04_peak/subclass_000/orientation_021.png
18040002226	assets/theme_018_chapters_13eirika/class_04_peak/subclass_000/orientation_022.png
18040002300	assets/theme_018_chapters_13eirika/class_04_peak/subclass_000/orientation_023.png
18040002426	assets/theme_018_chapters_13eirika/class_04_peak/subclass_000/orientation_024.png
18040002545	assets/theme_018_chapters_13eirika/class_04_peak/subclass_000/orientation_025.png
18040002626	assets/theme_018_chapters_13eirika/class_04_peak/subclass_000/orientation_026.png
18040002723	assets/theme_018_chapters_13eirika/class_04_peak/subclass_000/orientation_027.png
18040002826	assets/theme_018_chapters_13eirika/class_04_peak/subclass_000/orientation_028.png
18040002923	assets/theme_018_chapters_13eirika/class_04_peak/subclass_000/orientation_029.png
18040003012	assets/theme_018_chapters_13eirika/class_04_peak/subclass_000/orientation_030.png
18040003126	assets/theme_018_chapters_13eirika/class_04_peak/subclass_000/orientation_031.png
18040003229	assets/theme_018_chapters_13eirika/class_04_peak/subclass_000/orientation_032.png
18040003326	assets/theme_018_chapters_13eirika/class_04_peak/subclass_000/orientation_033.png
18040003423	assets/theme_018_chapters_13eirika/class_04_peak/subclass_000/orientation_034.png
18040003526	assets/theme_018_chapters_13eirika/class_04_peak/subclass_000/orientation_035.png
18040003626	assets/theme_018_chapters_13eirika/class_04_peak/subclass_000/orientation_036.png
18040003726	assets/theme_018_chapters_13eirika/class_04_peak/subclass_000/orientation_037.png
18040003829	assets/theme_018_chapters_13eirika/class_04_peak/subclass_000/orientation_038.png
18040003934	assets/theme_018_chapters_13eirika/class_04_peak/subclass_000/orientation_039.png
18040004023	assets/theme_018_chapters_13eirika/class_04_peak/subclass_000/orientation_040.png
18040004126	assets/theme_018_chapters_13eirika/class_04_peak/subclass_000/orientation_041.png
18040004226	assets/theme_018_chapters_13eirika/class_04_peak/subclass_000/orientation_042.png
18040004302	assets/theme_018_chapters_13eirika/class_04_peak/subclass_000/orientation_043.png
18040004426	assets/theme_018_chapters_13eirika/class_04_peak/subclass_000/orientation_044.png
18040004526	assets/theme_018_chapters_13eirika/class_04_peak/subclass_000/orientation_045.png
18040004634	assets/theme_018_chapters_13eirika/class_04_peak/subclass_000/orientation_046.png
18040004723	assets/theme_018_chapters_13eirika/class_04_peak/subclass_000/orientation_047.png
18040004800	assets/theme_018_chapters_13eirika/class_04_peak/subclass_000/orientation_048.png
18040004926	assets/theme_018_chapters_13eirika/class_04_peak/subclass_000/orientation_049.png
18040005027	assets/theme_018_chapters_13eirika/class_04_peak/subclass_000/orientation_050.png
18040100034	assets/theme_018_chapters_13eirika/class_04_peak/subclass_001/orientation_000.png
18060000030	assets/theme_018_chapters_13eirika/class_06_cliff/subclass_000/orientation_000.png
18060000134	assets/theme_018_chapters_13eirika/class_06_cliff/subclass_000/orientation_001.png
18060000234	assets/theme_018_chapters_13eirika/class_06_cliff/subclass_000/orientation_002.png
18060000334	assets/theme_018_chapters_13eirika/class_06_cliff/subclass_000/orientation_003.png
18060100034	assets/theme_018_chapters_13eirika/class_06_cliff/subclass_001/orientation_000.png
18160000000	assets/theme_018_chapters_13eirika/class_16_fort/subclass_000/orientation_000.png
18160100000	assets/theme_018_chapters_13eirika/class_16_fort/subclass_001/orientation_000.png
19010000045	assets/theme_019_chapters_13ephraim/class_01_plain/subclass_000/orientation_000.png
19010000123	assets/theme_019_chapters_13ephraim/class_01_plain/subclass_000/orientation_001.png
19010000230	assets/theme_019_chapters_13ephraim/class_01_plain/subclass_000/orientation_002.png
19010000300	assets/theme_019_chapters_13ephraim/class_01_plain/subclass_000/orientation_003.png
19010000423	assets/theme_019_chapters_13ephraim/class_01_plain/subclass_000/orientation_004.png
19010000563	assets/theme_019_chapters_13ephraim/class_01_plain/subclass_000/orientation_005.png
19010000623	assets/theme_019_chapters_13ephraim/class_01_plain/subclass_000/orientation_006.png
19010000700	assets/theme_019_chapters_13ephraim/class_01_plain/subclass_000/orientation_007.png
19010000863	assets/theme_019_chapters_13ephraim/class_01_plain/subclass_000/orientation_008.png
19010000900	assets/theme_019_chapters_13ephraim/class_01_plain/subclass_000/orientation_009.png
19010001030	assets/theme_019_chapters_13ephraim/class_01_plain/subclass_000/orientation_010.png
19010001126	assets/theme_019_chapters_13ephraim/class_01_plain/subclass_000/orientation_011.png
19010001300	assets/theme_019_chapters_13ephraim/class_01_plain/subclass_000/orientation_013.png
19010001424	assets/theme_019_chapters_13ephraim/class_01_plain/subclass_000/orientation_014.png
19010001523	assets/theme_019_chapters_13ephraim/class_01_plain/subclass_000/orientation_015.png
19010001663	assets/theme_019_chapters_13ephraim/class_01_plain/subclass_000/orientation_016.png
19010001700	assets/theme_019_chapters_13ephraim/class_01_plain/subclass_000/orientation_017.png
19010001863	assets/theme_019_chapters_13ephraim/class_01_plain/subclass_000/orientation_018.png
19010001945	assets/theme_019_chapters_13ephraim/class_01_plain/subclass_000/orientation_019.png
19010002000	assets/theme_019_chapters_13ephraim/class_01_plain/subclass_000/orientation_020.png
19010002200	assets/theme_019_chapters_13ephraim/class_01_plain/subclass_000/orientation_022.png
19010002300	assets/theme_019_chapters_13ephraim/class_01_plain/subclass_000/orientation_023.png
19010002426	assets/theme_019_chapters_13ephraim/class_01_plain/subclass_000/orientation_024.png
19010002524	assets/theme_019_chapters_13ephraim/class_01_plain/subclass_000/orientation_025.png
19010002645	assets/theme_019_chapters_13ephraim/class_01_plain/subclass_000/orientation_026.png
19010002723	assets/theme_019_chapters_13ephraim/class_01_plain/subclass_000/orientation_027.png
19010002826	assets/theme_019_chapters_13ephraim/class_01_plain/subclass_000/orientation_028.png
19010002963	assets/theme_019_chapters_13ephraim/class_01_plain/subclass_000/orientation_029.png
19010003084	assets/theme_019_chapters_13ephraim/class_01_plain/subclass_000/orientation_030.png
19010003126	assets/theme_019_chapters_13ephraim/class_01_plain/subclass_000/orientation_031.png
19010003226	assets/theme_019_chapters_13ephraim/class_01_plain/subclass_000/orientation_032.png
19010003300	assets/theme_019_chapters_13ephraim/class_01_plain/subclass_000/orientation_033.png
19010003400	assets/theme_019_chapters_13ephraim/class_01_plain/subclass_000/orientation_034.png
19010003530	assets/theme_019_chapters_13ephraim/class_01_plain/subclass_000/orientation_035.png
19010003623	assets/theme_019_chapters_13ephraim/class_01_plain/subclass_000/orientation_036.png
19010003726	assets/theme_019_chapters_13ephraim/class_01_plain/subclass_000/orientation_037.png
19010003800	assets/theme_019_chapters_13ephraim/class_01_plain/subclass_000/orientation_038.png
19010003926	assets/theme_019_chapters_13ephraim/class_01_plain/subclass_000/orientation_039.png
19010004000	assets/theme_019_chapters_13ephraim/class_01_plain/subclass_000/orientation_040.png
19010004100	assets/theme_019_chapters_13ephraim/class_01_plain/subclass_000/orientation_041.png
19010004226	assets/theme_019_chapters_13ephraim/class_01_plain/subclass_000/orientation_042.png
19010004300	assets/theme_019_chapters_13ephraim/class_01_plain/subclass_000/orientation_043.png
19010004445	assets/theme_019_chapters_13ephraim/class_01_plain/subclass_000/orientation_044.png
19010004530	assets/theme_019_chapters_13ephraim/class_01_plain/subclass_000/orientation_045.png
19010004626	assets/theme_019_chapters_13ephraim/class_01_plain/subclass_000/orientation_046.png
19010004700	assets/theme_019_chapters_13ephraim/class_01_plain/subclass_000/orientation_047.png
19010004800	assets/theme_019_chapters_13ephraim/class_01_plain/subclass_000/orientation_048.png
19010004926	assets/theme_019_chapters_13ephraim/class_01_plain/subclass_000/orientation_049.png
19010005000	assets/theme_019_chapters_13ephraim/class_01_plain/subclass_000/orientation_050.png
19010005100	assets/theme_019_chapters_13ephraim/class_01_plain/subclass_000/orientation_051.png
19010005226	assets/theme_019_chapters_13ephraim/class_01_plain/subclass_000/orientation_052.png
19010005345	assets/theme_019_chapters_13ephraim/class_01_plain/subclass_000/orientation_053.png
19010005463	assets/theme_019_chapters_13ephraim/class_01_plain/subclass_000/orientation_054.png
19010005500	assets/theme_019_chapters_13ephraim/class_01_plain/subclass_000/orientation_055.png
19010005630	assets/theme_019_chapters_13ephraim/class_01_plain/subclass_000/orientation_056.png
19010005700	assets/theme_019_chapters_13ephraim/class_01_plain/subclass_000/orientation_057.png
19010005827	assets/theme_019_chapters_13ephraim/class_01_plain/subclass_000/orientation_058.png
19010005963	assets/theme_019_chapters_13ephraim/class_01_plain/subclass_000/orientation_059.png
19010006026	assets/theme_019_chapters_13ephraim/class_01_plain/subclass_000/orientation_060.png
19020000000	assets/theme_019_chapters_13ephraim/class_02_forest/subclass_000/orientation_000.png
19020000100	assets/theme_019_chapters_13ephraim/class_02_forest/subclass_000/orientation_001.png
19020000200	assets/theme_019_chapters_13ephraim/class_02_forest/subclass_000/orientation_002.png
19020000300	assets/theme_019_chapters_13ephraim/class_02_forest/subclass_000/orientation_003.png
19020000400	assets/theme_019_chapters_13ephraim/class_02_forest/subclass_000/orientation_004.png
19020000500	assets/theme_019_chapters_13ephraim/class_02_forest/subclass_000/orientation_005.png
19020000600	assets/theme_019_chapters_13ephraim/class_02_forest/subclass_000/orientation_006.png
19040000000	assets/theme_019_chapters_13ephraim/class_04_peak/subclass_000/orientation_000.png
19040000100	assets/theme_019_chapters_13ephraim/class_04_peak/subclass_000/orientation_001.png
19040000200	assets/theme_019_chapters_13ephraim/class_04_peak/subclass_000/orientation_002.png
19040000300	assets/theme_019_chapters_13ephraim/class_04_peak/subclass_000/orientation_003.png
19040000400	assets/theme_019_chapters_13ephraim/class_04_peak/subclass_000/orientation_004.png
19040000500	assets/theme_019_chapters_13ephraim/class_04_peak/subclass_000/orientation_005.png
19040000600	assets/theme_019_chapters_13ephraim/class_04_peak/subclass_000/orientation_006.png
19040000723	assets/theme_019_chapters_13ephraim/class_04_peak/subclass_000/orientation_007.png
19040000800	assets/theme_019_chapters_13ephraim/class_04_peak/subclass_000/orientation_008.png
19040000900	assets/theme_019_chapters_13ephraim/class_04_peak/subclass_000/orientation_009.png
19040001000	assets/theme_019_chapters_13ephraim/class_04_peak/subclass_000/orientation_010.png
19040001100	assets/theme_019_chapters_13ephraim/class_04_peak/subclass_000/orientation_011.png
19040001200	assets/theme_019_chapters_13ephraim/class_04_peak/subclass_000/orientation_012.png
19040001300	assets/theme_019_chapters_13ephraim/class_04_peak/subclass_000/orientation_013.png
19040001400	assets/theme_019_chapters_13ephraim/class_04_peak/subclass_000/orientation_014.png
19040001500	assets/theme_019_chapters_13ephraim/class_04_peak/subclass_000/orientation_015.png
19040001600	assets/theme_019_chapters_13ephraim/class_04_peak/subclass_000/orientation_016.png
19040001700	assets/theme_019_chapters_13ephraim/class_04_peak/subclass_000/orientation_017.png
19040001800	assets/theme_019_chapters_13ephraim/class_04_peak/subclass_000/orientation_018.png
19040001900	assets/theme_019_chapters_13ephraim/class_04_peak/subclass_000/orientation_019.png
19040002000	assets/theme_019_chapters_13ephraim/class_04_peak/subclass_000/orientation_020.png
19040002100	assets/theme_019_chapters_13ephraim/class_04_peak/subclass_000/orientation_021.png
19060000023	assets/theme_019_chapters_13ephraim/class_06_cliff/subclass_000/orientation_000.png
19060000123	assets/theme_019_chapters_13ephraim/class_06_cliff/subclass_000/orientation_001.png
19100000026	assets/theme_019_chapters_13ephraim/class_10_sand/subclass_000/orientation_000.png
19110000000	assets/theme_019_chapters_13ephraim/class_11_river/subclass_000/orientation_000.png
19110000100	assets/theme_019_chapters_13ephraim/class_11_river/subclass_000/orientation_001.png
19110000200	assets/theme_019_chapters_13ephraim/class_11_river/subclass_000/orientation_002.png
19110000300	assets/theme_019_chapters_13ephraim/class_11_river/subclass_000/orientation_003.png
19110000400	assets/theme_019_chapters_13ephraim/class_11_river/subclass_000/orientation_004.png
19110000500	assets/theme_019_chapters_13ephraim/class_11_river/subclass_000/orientation_005.png
19110000600	assets/theme_019_chapters_13ephraim/class_11_river/subclass_000/orientation_006.png
19110000700	assets/theme_019_chapters_13ephraim/class_11_river/subclass_000/orientation_007.png
19110000800	assets/theme_019_chapters_13ephraim/class_11_river/subclass_000/orientation_008.png
19110000900	assets/theme_019_chapters_13ephraim/class_11_river/subclass_000/orientation_009.png
19110001000	assets/theme_019_chapters_13ephraim/class_11_river/subclass_000/orientation_010.png
19110001100	assets/theme_019_chapters_13ephraim/class_11_river/subclass_000/orientation_011.png
19110001200	assets/theme_019_chapters_13ephraim/class_11_river/subclass_000/orientation_012.png
19110001300	assets/theme_019_chapters_13ephraim/class_11_river/subclass_000/orientation_013.png
19110001400	assets/theme_019_chapters_13ephraim/class_11_river/subclass_000/orientation_014.png
19110001500	assets/theme_019_chapters_13ephraim/class_11_river/subclass_000/orientation_015.png
19110001600	assets/theme_019_chapters_13ephraim/class_11_river/subclass_000/orientation_016.png
19110001700	assets/theme_019_chapters_13ephraim/class_11_river/subclass_000/orientation_017.png
19110001800	assets/theme_019_chapters_13ephraim/class_11_river/subclass_000/orientation_018.png
19110001900	assets/theme_019_chapters_13ephraim/class_11_river/subclass_000/orientation_019.png
19110002000	assets/theme_019_chapters_13ephraim/class_11_river/subclass_000/orientation_020.png
19110002100	assets/theme_019_chapters_13ephraim/class_11_river/subclass_000/orientation_021.png
19110002200	assets/theme_019_chapters_13ephraim/class_11_river/subclass_000/orientation_022.png
19110002300	assets/theme_019_chapters_13ephraim/class_11_river/subclass_000/orientation_023.png
19140000000	assets/theme_019_chapters_13ephraim/class_14_sea/subclass_000/orientation_000.png
19140000126	assets/theme_019_chapters_13ephraim/class_14_sea/subclass_000/orientation_001.png
19150100026	assets/theme_019_chapters_13ephraim/class_15_bridge/subclass_001/orientation_000.png
19150200031	assets/theme_019_chapters_13ephraim/class_15_bridge/subclass_002/orientation_000.png
19170000000	assets/theme_019_chapters_13ephraim/class_17_village/subclass_000/orientation_000.png
19400000023	assets/theme_019_chapters_13ephraim/class_40_snag/subclass_000/orientation_000.png
19490000000	assets/theme_019_chapters_13ephraim/class_49_dashdash/subclass_000/orientation_000.png
19490000100	assets/theme_019_chapters_13ephraim/class_49_dashdash/subclass_000/orientation_001.png
19490000200	assets/theme_019_chapters_13ephraim/class_49_dashdash/subclass_000/orientation_002.png
19490000300	assets/theme_019_chapters_13ephraim/class_49_dashdash/subclass_000/orientation_003.png
19490000400	assets/theme_019_chapters_13ephraim/class_49_dashdash/subclass_000/orientation_004.png
19490000500	assets/theme_019_chapters_13ephraim/class_49_dashdash/subclass_000/orientation_005.png
19490000600	assets/theme_019_chapters_13ephraim/class_49_dashdash/subclass_000/orientation_006.png
19490000700	assets/theme_019_chapters_13ephraim/class_49_dashdash/subclass_000/orientation_007.png
20010000014	assets/theme_020_chapters_14eirika/class_01_plain/subclass_000/orientation_000.png
20010000101	assets/theme_020_chapters_14eirika/class_01_plain/subclass_000/orientation_001.png
20010000201	assets/theme_020_chapters_14eirika/class_01_plain/subclass_000/orientation_002.png
20010000301	assets/theme_020_chapters_14eirika/class_01_plain/subclass_000/orientation_003.png
20010000401	assets/theme_020_chapters_14eirika/class_01_plain/subclass_000/orientation_004.png
20010000501	assets/theme_020_chapters_14eirika/class_01_plain/subclass_000/orientation_005.png
20010000601	assets/theme_020_chapters_14eirika/class_01_plain/subclass_000/orientation_006.png
20010000700	assets/theme_020_chapters_14eirika/class_01_plain/subclass_000/orientation_007.png
20010000801	assets/theme_020_chapters_14eirika/class_01_plain/subclass_000/orientation_008.png
20010000901	assets/theme_020_chapters_14eirika/class_01_plain/subclass_000/orientation_009.png
20010001000	assets/theme_020_chapters_14eirika/class_01_plain/subclass_000/orientation_010.png
20010001100	assets/theme_020_chapters_14eirika/class_01_plain/subclass_000/orientation_011.png
20010001200	assets/theme_020_chapters_14eirika/class_01_plain/subclass_000/orientation_012.png
20010001301	assets/theme_020_chapters_14eirika/class_01_plain/subclass_000/orientation_013.png
20010001400	assets/theme_020_chapters_14eirika/class_01_plain/subclass_000/orientation_014.png
20010001501	assets/theme_020_chapters_14eirika/class_01_plain/subclass_000/orientation_015.png
20010001601	assets/theme_020_chapters_14eirika/class_01_plain/subclass_000/orientation_016.png
20010001700	assets/theme_020_chapters_14eirika/class_01_plain/subclass_000/orientation_017.png
20010001801	assets/theme_020_chapters_14eirika/class_01_plain/subclass_000/orientation_018.png
20010001900	assets/theme_020_chapters_14eirika/class_01_plain/subclass_000/orientation_019.png
20010002001	assets/theme_020_chapters_14eirika/class_01_plain/subclass_000/orientation_020.png
20010002101	assets/theme_020_chapters_14eirika/class_01_plain/subclass_000/orientation_021.png
20010002201	assets/theme_020_chapters_14eirika/class_01_plain/subclass_000/orientation_022.png
20100000014	assets/theme_020_chapters_14eirika/class_10_sand/subclass_000/orientation_000.png
20100000114	assets/theme_020_chapters_14eirika/class_10_sand/subclass_000/orientation_001.png
20100000214	assets/theme_020_chapters_14eirika/class_10_sand/subclass_000/orientation_002.png
20100000314	assets/theme_020_chapters_14eirika/class_10_sand/subclass_000/orientation_003.png
20230000038	assets/theme_020_chapters_14eirika/class_23_wall/subclass_000/orientation_000.png
20230000100	assets/theme_020_chapters_14eirika/class_23_wall/subclass_000/orientation_001.png
20230000200	assets/theme_020_chapters_14eirika/class_23_wall/subclass_000/orientation_002.png
20230000315	assets/theme_020_chapters_14eirika/class_23_wall/subclass_000/orientation_003.png
20230000400	assets/theme_020_chapters_14eirika/class_23_wall/subclass_000/orientation_004.png
20230000500	assets/theme_020_chapters_14eirika/class_23_wall/subclass_000/orientation_005.png
20230000600	assets/theme_020_chapters_14eirika/class_23_wall/subclass_000/orientation_006.png
20230000700	assets/theme_020_chapters_14eirika/class_23_wall/subclass_000/orientation_007.png
20230000800	assets/theme_020_chapters_14eirika/class_23_wall/subclass_000/orientation_008.png
20230000900	assets/theme_020_chapters_14eirika/class_23_wall/subclass_000/orientation_009.png
20230001000	assets/theme_020_chapters_14eirika/class_23_wall/subclass_000/orientation_010.png
20230001100	assets/theme_020_chapters_14eirika/class_23_wall/subclass_000/orientation_011.png
20230001200	assets/theme_020_chapters_14eirika/class_23_wall/subclass_000/orientation_012.png
20230001300	assets/theme_020_chapters_14eirika/class_23_wall/subclass_000/orientation_013.png
20230001438	assets/theme_020_chapters_14eirika/class_23_wall/subclass_000/orientation_014.png
20230001500	assets/theme_020_chapters_14eirika/class_23_wall/subclass_000/orientation_015.png
20230001600	assets/theme_020_chapters_14eirika/class_23_wall/subclass_000/orientation_016.png
20230001700	assets/theme_020_chapters_14eirika/class_23_wall/subclass_000/orientation_017.png
20230001838	assets/theme_020_chapters_14eirika/class_23_wall/subclass_000/orientation_018.png
20230001900	assets/theme_020_chapters_14eirika/class_23_wall/subclass_000/orientation_019.png
20230002000	assets/theme_020_chapters_14eirika/class_23_wall/subclass_000/orientation_020.png
20230002114	assets/theme_020_chapters_14eirika/class_23_wall/subclass_000/orientation_021.png
20230002200	assets/theme_020_chapters_14eirika/class_23_wall/subclass_000/orientation_022.png
20230002300	assets/theme_020_chapters_14eirika/class_23_wall/subclass_000/orientation_023.png
20230002438	assets/theme_020_chapters_14eirika/class_23_wall/subclass_000/orientation_024.png
20230002538	assets/theme_020_chapters_14eirika/class_23_wall/subclass_000/orientation_025.png
20230002638	assets/theme_020_chapters_14eirika/class_23_wall/subclass_000/orientation_026.png
20230002700	assets/theme_020_chapters_14eirika/class_23_wall/subclass_000/orientation_027.png
20230002800	assets/theme_020_chapters_14eirika/class_23_wall/subclass_000/orientation_028.png
20230002915	assets/theme_020_chapters_14eirika/class_23_wall/subclass_000/orientation_029.png
20230003000	assets/theme_020_chapters_14eirika/class_23_wall/subclass_000/orientation_030.png
20230003100	assets/theme_020_chapters_14eirika/class_23_wall/subclass_000/orientation_031.png
20230003200	assets/theme_020_chapters_14eirika/class_23_wall/subclass_000/orientation_032.png
20230003300	assets/theme_020_chapters_14eirika/class_23_wall/subclass_000/orientation_033.png
20230003400	assets/theme_020_chapters_14eirika/class_23_wall/subclass_000/orientation_034.png
20230003500	assets/theme_020_chapters_14eirika/class_23_wall/subclass_000/orientation_035.png
20240000000	assets/theme_020_chapters_14eirika/class_24_wall2/subclass_000/orientation_000.png
20250000000	assets/theme_020_chapters_14eirika/class_25_floor/subclass_000/orientation_000.png
20250000100	assets/theme_020_chapters_14eirika/class_25_floor/subclass_000/orientation_001.png
20250000215	assets/theme_020_chapters_14eirika/class_25_floor/subclass_000/orientation_002.png
20250000326	assets/theme_020_chapters_14eirika/class_25_floor/subclass_000/orientation_003.png
20250000526	assets/theme_020_chapters_14eirika/class_25_floor/subclass_000/orientation_005.png
20250000600	assets/theme_020_chapters_14eirika/class_25_floor/subclass_000/orientation_006.png
20250000700	assets/theme_020_chapters_14eirika/class_25_floor/subclass_000/orientation_007.png
20250000800	assets/theme_020_chapters_14eirika/class_25_floor/subclass_000/orientation_008.png
20250000900	assets/theme_020_chapters_14eirika/class_25_floor/subclass_000/orientation_009.png
20250001000	assets/theme_020_chapters_14eirika/class_25_floor/subclass_000/orientation_010.png
20250001100	assets/theme_020_chapters_14eirika/class_25_floor/subclass_000/orientation_011.png
20250001200	assets/theme_020_chapters_14eirika/class_25_floor/subclass_000/orientation_012.png
20250001300	assets/theme_020_chapters_14eirika/class_25_floor/subclass_000/orientation_013.png
20250001400	assets/theme_020_chapters_14eirika/class_25_floor/subclass_000/orientation_014.png
20250001801	assets/theme_020_chapters_14eirika/class_25_floor/subclass_000/orientation_018.png
20250001900	assets/theme_020_chapters_14eirika/class_25_floor/subclass_000/orientation_019.png
20250002038	assets/theme_020_chapters_14eirika/class_25_floor/subclass_000/orientation_020.png
20250002100	assets/theme_020_chapters_14eirika/class_25_floor/subclass_000/orientation_021.png
20250002200	assets/theme_020_chapters_14eirika/class_25_floor/subclass_000/orientation_022.png
20250002426	assets/theme_020_chapters_14eirika/class_25_floor/subclass_000/orientation_024.png
20250002538	assets/theme_020_chapters_14eirika/class_25_floor/subclass_000/orientation_025.png
20250002626	assets/theme_020_chapters_14eirika/class_25_floor/subclass_000/orientation_026.png
20250002700	assets/theme_020_chapters_14eirika/class_25_floor/subclass_000/orientation_027.png
20250002900	assets/theme_020_chapters_14eirika/class_25_floor/subclass_000/orientation_029.png
20250003000	assets/theme_020_chapters_14eirika/class_25_floor/subclass_000/orientation_030.png
20250003144	assets/theme_020_chapters_14eirika/class_25_floor/subclass_000/orientation_031.png
20260000038	assets/theme_020_chapters_14eirika/class_26_stairs/subclass_000/orientation_000.png
20260000138	assets/theme_020_chapters_14eirika/class_26_stairs/subclass_000/orientation_001.png
20260100038	assets/theme_020_chapters_14eirika/class_26_stairs/subclass_001/orientation_000.png
20260200038	assets/theme_020_chapters_14eirika/class_26_stairs/subclass_002/orientation_000.png
20260300038	assets/theme_020_chapters_14eirika/class_26_stairs/subclass_003/orientation_000.png
20260400000	assets/theme_020_chapters_14eirika/class_26_stairs/subclass_004/orientation_000.png
20270000000	assets/theme_020_chapters_14eirika/class_27_door/subclass_000/orientation_000.png
20270000100	assets/theme_020_chapters_14eirika/class_27_door/subclass_000/orientation_001.png
20270100000	assets/theme_020_chapters_14eirika/class_27_door/subclass_001/orientation_000.png
20270200000	assets/theme_020_chapters_14eirika/class_27_door/subclass_002/orientation_000.png
20340000044	assets/theme_020_chapters_14eirika/class_34_pillar/subclass_000/orientation_000.png
20340100044	assets/theme_020_chapters_14eirika/class_34_pillar/subclass_001/orientation_000.png
20350000000	assets/theme_020_chapters_14eirika/class_35_throne/subclass_000/orientation_000.png
20370000000	assets/theme_020_chapters_14eirika/class_37_roof/subclass_000/orientation_000.png
20370000100	assets/theme_020_chapters_14eirika/class_37_roof/subclass_000/orientation_001.png
20370000200	assets/theme_020_chapters_14eirika/class_37_roof/subclass_000/orientation_002.png
20370000300	assets/theme_020_chapters_14eirika/class_37_roof/subclass_000/orientation_003.png
20370000400	assets/theme_020_chapters_14eirika/class_37_roof/subclass_000/orientation_004.png
20370000500	assets/theme_020_chapters_14eirika/class_37_roof/subclass_000/orientation_005.png
20370000600	assets/theme_020_chapters_14eirika/class_37_roof/subclass_000/orientation_006.png
20370000700	assets/theme_020_chapters_14eirika/class_37_roof/subclass_000/orientation_007.png
20370000800	assets/theme_020_chapters_14eirika/class_37_roof/subclass_000/orientation_008.png
20370000900	assets/theme_020_chapters_14eirika/class_37_roof/subclass_000/orientation_009.png
20370001000	assets/theme_020_chapters_14eirika/class_37_roof/subclass_000/orientation_010.png
20370001100	assets/theme_020_chapters_14eirika/class_37_roof/subclass_000/orientation_011.png
20470000000	assets/theme_020_chapters_14eirika/class_47_brace/subclass_000/orientation_000.png
20470000138	assets/theme_020_chapters_14eirika/class_47_brace/subclass_000/orientation_001.png
21230000001	assets/theme_021_chapters_14ephraim/class_23_wall/subclass_000/orientation_000.png
21230000100	assets/theme_021_chapters_14ephraim/class_23_wall/subclass_000/orientation_001.png
21230000200	assets/theme_021_chapters_14ephraim/class_23_wall/subclass_000/orientation_002.png
21230000301	assets/theme_021_chapters_14ephraim/class_23_wall/subclass_000/orientation_003.png
21230000400	assets/theme_021_chapters_14ephraim/class_23_wall/subclass_000/orientation_004.png
21230000521	assets/theme_021_chapters_14ephraim/class_23_wall/subclass_000/orientation_005.png
21230000600	assets/theme_021_chapters_14ephraim/class_23_wall/subclass_000/orientation_006.png
21230000700	assets/theme_021_chapters_14ephraim/class_23_wall/subclass_000/orientation_007.png
21230000738	assets/theme_021_chapters_14ephraim/class_23_wall/subclass_000/orientation_007.png
21230000801	assets/theme_021_chapters_14ephraim/class_23_wall/subclass_000/orientation_008.png
21230000900	assets/theme_021_chapters_14ephraim/class_23_wall/subclass_000/orientation_009.png
21230001001	assets/theme_021_chapters_14ephraim/class_23_wall/subclass_000/orientation_010.png
21230001100	assets/theme_021_chapters_14ephraim/class_23_wall/subclass_000/orientation_011.png
21230001238	assets/theme_021_chapters_14ephraim/class_23_wall/subclass_000/orientation_012.png
21230001301	assets/theme_021_chapters_14ephraim/class_23_wall/subclass_000/orientation_013.png
21230001400	assets/theme_021_chapters_14ephraim/class_23_wall/subclass_000/orientation_014.png
21230001521	assets/theme_021_chapters_14ephraim/class_23_wall/subclass_000/orientation_015.png
21230001601	assets/theme_021_chapters_14ephraim/class_23_wall/subclass_000/orientation_016.png
21230001700	assets/theme_021_chapters_14ephraim/class_23_wall/subclass_000/orientation_017.png
21230001801	assets/theme_021_chapters_14ephraim/class_23_wall/subclass_000/orientation_018.png
21230001900	assets/theme_021_chapters_14ephraim/class_23_wall/subclass_000/orientation_019.png
21230002001	assets/theme_021_chapters_14ephraim/class_23_wall/subclass_000/orientation_020.png
21230002100	assets/theme_021_chapters_14ephraim/class_23_wall/subclass_000/orientation_021.png
21230002200	assets/theme_021_chapters_14ephraim/class_23_wall/subclass_000/orientation_022.png
21230002301	assets/theme_021_chapters_14ephraim/class_23_wall/subclass_000/orientation_023.png
21230002400	assets/theme_021_chapters_14ephraim/class_23_wall/subclass_000/orientation_024.png
21230002500	assets/theme_021_chapters_14ephraim/class_23_wall/subclass_000/orientation_025.png
21230002601	assets/theme_021_chapters_14ephraim/class_23_wall/subclass_000/orientation_026.png
21230002700	assets/theme_021_chapters_14ephraim/class_23_wall/subclass_000/orientation_027.png
21230002738	assets/theme_021_chapters_14ephraim/class_23_wall/subclass_000/orientation_027.png
21230002800	assets/theme_021_chapters_14ephraim/class_23_wall/subclass_000/orientation_028.png
21230002900	assets/theme_021_chapters_14ephraim/class_23_wall/subclass_000/orientation_029.png
21230002938	assets/theme_021_chapters_14ephraim/class_23_wall/subclass_000/orientation_029.png
21230003000	assets/theme_021_chapters_14ephraim/class_23_wall/subclass_000/orientation_030.png
21230003101	assets/theme_021_chapters_14ephraim/class_23_wall/subclass_000/orientation_031.png
21230003238	assets/theme_021_chapters_14ephraim/class_23_wall/subclass_000/orientation_032.png
21230003321	assets/theme_021_chapters_14ephraim/class_23_wall/subclass_000/orientation_033.png
21230003400	assets/theme_021_chapters_14ephraim/class_23_wall/subclass_000/orientation_034.png
21230003501	assets/theme_021_chapters_14ephraim/class_23_wall/subclass_000/orientation_035.png
21230003638	assets/theme_021_chapters_14ephraim/class_23_wall/subclass_000/orientation_036.png
21230003701	assets/theme_021_chapters_14ephraim/class_23_wall/subclass_000/orientation_037.png
21230003801	assets/theme_021_chapters_14ephraim/class_23_wall/subclass_000/orientation_038.png
21230003900	assets/theme_021_chapters_14ephraim/class_23_wall/subclass_000/orientation_039.png
21230004021	assets/theme_021_chapters_14ephraim/class_23_wall/subclass_000/orientation_040.png
21230004101	assets/theme_021_chapters_14ephraim/class_23_wall/subclass_000/orientation_041.png
21230004201	assets/theme_021_chapters_14ephraim/class_23_wall/subclass_000/orientation_042.png
21230004300	assets/theme_021_chapters_14ephraim/class_23_wall/subclass_000/orientation_043.png
21230004401	assets/theme_021_chapters_14ephraim/class_23_wall/subclass_000/orientation_044.png
21230004500	assets/theme_021_chapters_14ephraim/class_23_wall/subclass_000/orientation_045.png
21230004600	assets/theme_021_chapters_14ephraim/class_23_wall/subclass_000/orientation_046.png
21230004700	assets/theme_021_chapters_14ephraim/class_23_wall/subclass_000/orientation_047.png
21230004801	assets/theme_021_chapters_14ephraim/class_23_wall/subclass_000/orientation_048.png
21230100000	assets/theme_021_chapters_14ephraim/class_23_wall/subclass_001/orientation_000.png
21250000000	assets/theme_021_chapters_14ephraim/class_25_floor/subclass_000/orientation_000.png
21250000100	assets/theme_021_chapters_14ephraim/class_25_floor/subclass_000/orientation_001.png
21250000200	assets/theme_021_chapters_14ephraim/class_25_floor/subclass_000/orientation_002.png
21250000300	assets/theme_021_chapters_14ephraim/class_25_floor/subclass_000/orientation_003.png
21250000400	assets/theme_021_chapters_14ephraim/class_25_floor/subclass_000/orientation_004.png
21250000500	assets/theme_021_chapters_14ephraim/class_25_floor/subclass_000/orientation_005.png
21250000600	assets/theme_021_chapters_14ephraim/class_25_floor/subclass_000/orientation_006.png
21250000700	assets/theme_021_chapters_14ephraim/class_25_floor/subclass_000/orientation_007.png
21250000800	assets/theme_021_chapters_14ephraim/class_25_floor/subclass_000/orientation_008.png
21250000900	assets/theme_021_chapters_14ephraim/class_25_floor/subclass_000/orientation_009.png
21250001000	assets/theme_021_chapters_14ephraim/class_25_floor/subclass_000/orientation_010.png
21250001100	assets/theme_021_chapters_14ephraim/class_25_floor/subclass_000/orientation_011.png
21250001200	assets/theme_021_chapters_14ephraim/class_25_floor/subclass_000/orientation_012.png
21250001300	assets/theme_021_chapters_14ephraim/class_25_floor/subclass_000/orientation_013.png
21250001400	assets/theme_021_chapters_14ephraim/class_25_floor/subclass_000/orientation_014.png
21250001500	assets/theme_021_chapters_14ephraim/class_25_floor/subclass_000/orientation_015.png
21250001638	assets/theme_021_chapters_14ephraim/class_25_floor/subclass_000/orientation_016.png
21250001700	assets/theme_021_chapters_14ephraim/class_25_floor/subclass_000/orientation_017.png
21250100000	assets/theme_021_chapters_14ephraim/class_25_floor/subclass_001/orientation_000.png
21250100100	assets/theme_021_chapters_14ephraim/class_25_floor/subclass_001/orientation_001.png
21250100200	assets/theme_021_chapters_14ephraim/class_25_floor/subclass_001/orientation_002.png
21250100300	assets/theme_021_chapters_14ephraim/class_25_floor/subclass_001/orientation_003.png
21250100400	assets/theme_021_chapters_14ephraim/class_25_floor/subclass_001/orientation_004.png
21250100538	assets/theme_021_chapters_14ephraim/class_25_floor/subclass_001/orientation_005.png
21250100600	assets/theme_021_chapters_14ephraim/class_25_floor/subclass_001/orientation_006.png
21250100738	assets/theme_021_chapters_14ephraim/class_25_floor/subclass_001/orientation_007.png
21250100800	assets/theme_021_chapters_14ephraim/class_25_floor/subclass_001/orientation_008.png
21250100938	assets/theme_021_chapters_14ephraim/class_25_floor/subclass_001/orientation_009.png
21250101038	assets/theme_021_chapters_14ephraim/class_25_floor/subclass_001/orientation_010.png
21250101138	assets/theme_021_chapters_14ephraim/class_25_floor/subclass_001/orientation_011.png
21250101238	assets/theme_021_chapters_14ephraim/class_25_floor/subclass_001/orientation_012.png
21250101338	assets/theme_021_chapters_14ephraim/class_25_floor/subclass_001/orientation_013.png
21250101438	assets/theme_021_chapters_14ephraim/class_25_floor/subclass_001/orientation_014.png
21250101538	assets/theme_021_chapters_14ephraim/class_25_floor/subclass_001/orientation_015.png
21250101638	assets/theme_021_chapters_14ephraim/class_25_floor/subclass_001/orientation_016.png
21250101738	assets/theme_021_chapters_14ephraim/class_25_floor/subclass_001/orientation_017.png
21250101800	assets/theme_021_chapters_14ephraim/class_25_floor/subclass_001/orientation_018.png
21250101900	assets/theme_021_chapters_14ephraim/class_25_floor/subclass_001/orientation_019.png
21250200000	assets/theme_021_chapters_14ephraim/class_25_floor/subclass_002/orientation_000.png
21250200138	assets/theme_021_chapters_14ephraim/class_25_floor/subclass_002/orientation_001.png
21250200200	assets/theme_021_chapters_14ephraim/class_25_floor/subclass_002/orientation_002.png
21250200300	assets/theme_021_chapters_14ephraim/class_25_floor/subclass_002/orientation_003.png
21250200400	assets/theme_021_chapters_14ephraim/class_25_floor/subclass_002/orientation_004.png
21250200500	assets/theme_021_chapters_14ephraim/class_25_floor/subclass_002/orientation_005.png
21260000001	assets/theme_021_chapters_14ephraim/class_26_stairs/subclass_000/orientation_000.png
21260000101	assets/theme_021_chapters_14ephraim/class_26_stairs/subclass_000/orientation_001.png
21260000201	assets/theme_021_chapters_14ephraim/class_26_stairs/subclass_000/orientation_002.png
21260000301	assets/theme_021_chapters_14ephraim/class_26_stairs/subclass_000/orientation_003.png
21260100001	assets/theme_021_chapters_14ephraim/class_26_stairs/subclass_001/orientation_000.png
21270000000	assets/theme_021_chapters_14ephraim/class_27_door/subclass_000/orientation_000.png
21270000100	assets/theme_021_chapters_14ephraim/class_27_door/subclass_000/orientation_001.png
21270000200	assets/theme_021_chapters_14ephraim/class_27_door/subclass_000/orientation_002.png
21270000300	assets/theme_021_chapters_14ephraim/class_27_door/subclass_000/orientation_003.png
21270000400	assets/theme_021_chapters_14ephraim/class_27_door/subclass_000/orientation_004.png
21270000500	assets/theme_021_chapters_14ephraim/class_27_door/subclass_000/orientation_005.png
21340000000	assets/theme_021_chapters_14ephraim/class_34_pillar/subclass_000/orientation_000.png
21350000000	assets/theme_021_chapters_14ephraim/class_35_throne/subclass_000/orientation_000.png
21360000000	assets/theme_021_chapters_14ephraim/class_36_chest/subclass_000/orientation_000.png
21470000001	assets/theme_021_chapters_14ephraim/class_47_brace/subclass_000/orientation_000.png
21470000101	assets/theme_021_chapters_14ephraim/class_47_brace/subclass_000/orientation_001.png
21470000201	assets/theme_021_chapters_14ephraim/class_47_brace/subclass_000/orientation_002.png
21470000301	assets/theme_021_chapters_14ephraim/class_47_brace/subclass_000/orientation_003.png
21470000441	assets/theme_021_chapters_14ephraim/class_47_brace/subclass_000/orientation_004.png
21470000501	assets/theme_021_chapters_14ephraim/class_47_brace/subclass_000/orientation_005.png
22010000001	assets/theme_022_chapters_15/class_01_plain/subclass_000/orientation_000.png
22010000101	assets/theme_022_chapters_15/class_01_plain/subclass_000/orientation_001.png
22010000201	assets/theme_022_chapters_15/class_01_plain/subclass_000/orientation_002.png
22010000301	assets/theme_022_chapters_15/class_01_plain/subclass_000/orientation_003.png
22010000401	assets/theme_022_chapters_15/class_01_plain/subclass_000/orientation_004.png
22010000501	assets/theme_022_chapters_15/class_01_plain/subclass_000/orientation_005.png
22010000601	assets/theme_022_chapters_15/class_01_plain/subclass_000/orientation_006.png
22010000701	assets/theme_022_chapters_15/class_01_plain/subclass_000/orientation_007.png
22010000801	assets/theme_022_chapters_15/class_01_plain/subclass_000/orientation_008.png
22010000901	assets/theme_022_chapters_15/class_01_plain/subclass_000/orientation_009.png
22010001001	assets/theme_022_chapters_15/class_01_plain/subclass_000/orientation_010.png
22010001101	assets/theme_022_chapters_15/class_01_plain/subclass_000/orientation_011.png
22010001201	assets/theme_022_chapters_15/class_01_plain/subclass_000/orientation_012.png
22010001301	assets/theme_022_chapters_15/class_01_plain/subclass_000/orientation_013.png
22010001401	assets/theme_022_chapters_15/class_01_plain/subclass_000/orientation_014.png
22010001501	assets/theme_022_chapters_15/class_01_plain/subclass_000/orientation_015.png
22010001601	assets/theme_022_chapters_15/class_01_plain/subclass_000/orientation_016.png
22010001701	assets/theme_022_chapters_15/class_01_plain/subclass_000/orientation_017.png
22010001801	assets/theme_022_chapters_15/class_01_plain/subclass_000/orientation_018.png
22020000001	assets/theme_022_chapters_15/class_02_forest/subclass_000/orientation_000.png
22060000045	assets/theme_022_chapters_15/class_06_cliff/subclass_000/orientation_000.png
22060000163	assets/theme_022_chapters_15/class_06_cliff/subclass_000/orientation_001.png
22060000245	assets/theme_022_chapters_15/class_06_cliff/subclass_000/orientation_002.png
22060000330	assets/theme_022_chapters_15/class_06_cliff/subclass_000/orientation_003.png
22060000445	assets/theme_022_chapters_15/class_06_cliff/subclass_000/orientation_004.png
22060000526	assets/theme_022_chapters_15/class_06_cliff/subclass_000/orientation_005.png
22060000645	assets/theme_022_chapters_15/class_06_cliff/subclass_000/orientation_006.png
22060000745	assets/theme_022_chapters_15/class_06_cliff/subclass_000/orientation_007.png
22060000826	assets/theme_022_chapters_15/class_06_cliff/subclass_000/orientation_008.png
22060000945	assets/theme_022_chapters_15/class_06_cliff/subclass_000/orientation_009.png
22060001026	assets/theme_022_chapters_15/class_06_cliff/subclass_000/orientation_010.png
22060100026	assets/theme_022_chapters_15/class_06_cliff/subclass_001/orientation_000.png
22060200026	assets/theme_022_chapters_15/class_06_cliff/subclass_002/orientation_000.png
22060200145	assets/theme_022_chapters_15/class_06_cliff/subclass_002/orientation_001.png
22070000001	assets/theme_022_chapters_15/class_07_road/subclass_000/orientation_000.png
22070000101	assets/theme_022_chapters_15/class_07_road/subclass_000/orientation_001.png
22070000201	assets/theme_022_chapters_15/class_07_road/subclass_000/orientation_002.png
22070000301	assets/theme_022_chapters_15/class_07_road/subclass_000/orientation_003.png
22090000023	assets/theme_022_chapters_15/class_09_desert/subclass_000/orientation_000.png
22090000123	assets/theme_022_chapters_15/class_09_desert/subclass_000/orientation_001.png
22090000223	assets/theme_022_chapters_15/class_09_desert/subclass_000/orientation_002.png
22090000326	assets/theme_022_chapters_15/class_09_desert/subclass_000/orientation_003.png
22090000426	assets/theme_022_chapters_15/class_09_desert/subclass_000/orientation_004.png
22090000523	assets/theme_022_chapters_15/class_09_desert/subclass_000/orientation_005.png
22090000623	assets/theme_022_chapters_15/class_09_desert/subclass_000/orientation_006.png
22090000726	assets/theme_022_chapters_15/class_09_desert/subclass_000/orientation_007.png
22090000823	assets/theme_022_chapters_15/class_09_desert/subclass_000/orientation_008.png
22090000900	assets/theme_022_chapters_15/class_09_desert/subclass_000/orientation_009.png
22090001029	assets/theme_022_chapters_15/class_09_desert/subclass_000/orientation_010.png
22090001100	assets/theme_022_chapters_15/class_09_desert/subclass_000/orientation_011.png
22090001223	assets/theme_022_chapters_15/class_09_desert/subclass_000/orientation_012.png
22090001326	assets/theme_022_chapters_15/class_09_desert/subclass_000/orientation_013.png
22090001423	assets/theme_022_chapters_15/class_09_desert/subclass_000/orientation_014.png
22090001500	assets/theme_022_chapters_15/class_09_desert/subclass_000/orientation_015.png
22090001629	assets/theme_022_chapters_15/class_09_desert/subclass_000/orientation_016.png
22090001700	assets/theme_022_chapters_15/class_09_desert/subclass_000/orientation_017.png
22090001826	assets/theme_022_chapters_15/class_09_desert/subclass_000/orientation_018.png
22090001923	assets/theme_022_chapters_15/class_09_desert/subclass_000/orientation_019.png
22090002026	assets/theme_022_chapters_15/class_09_desert/subclass_000/orientation_020.png
22100000023	assets/theme_022_chapters_15/class_10_sand/subclass_000/orientation_000.png
22100000126	assets/theme_022_chapters_15/class_10_sand/subclass_000/orientation_001.png
22100000201	assets/theme_022_chapters_15/class_10_sand/subclass_000/orientation_002.png
22100000301	assets/theme_022_chapters_15/class_10_sand/subclass_000/orientation_003.png
22100000401	assets/theme_022_chapters_15/class_10_sand/subclass_000/orientation_004.png
22100000501	assets/theme_022_chapters_15/class_10_sand/subclass_000/orientation_005.png
22130000000	assets/theme_022_chapters_15/class_13_lake/subclass_000/orientation_000.png
22130000100	assets/theme_022_chapters_15/class_13_lake/subclass_000/orientation_001.png
22130000200	assets/theme_022_chapters_15/class_13_lake/subclass_000/orientation_002.png
22130000300	assets/theme_022_chapters_15/class_13_lake/subclass_000/orientation_003.png
22160000063	assets/theme_022_chapters_15/class_16_fort/subclass_000/orientation_000.png
22170100000	assets/theme_022_chapters_15/class_17_village/subclass_001/orientation_000.png
22170100063	assets/theme_022_chapters_15/class_17_village/subclass_001/orientation_000.png
22180000023	assets/theme_022_chapters_15/class_18_house/subclass_000/orientation_000.png
22200000023	assets/theme_022_chapters_15/class_20_vendor/subclass_000/orientation_000.png
22280000026	assets/theme_022_chapters_15/class_28_gate/subclass_000/orientation_000.png
22380000023	assets/theme_022_chapters_15/class_38_ruins/subclass_000/orientation_000.png
22380000100	assets/theme_022_chapters_15/class_38_ruins/subclass_000/orientation_001.png
22380000223	assets/theme_022_chapters_15/class_38_ruins/subclass_000/orientation_002.png
22380000329	assets/theme_022_chapters_15/class_38_ruins/subclass_000/orientation_003.png
22380000400	assets/theme_022_chapters_15/class_38_ruins/subclass_000/orientation_004.png
22380000531	assets/theme_022_chapters_15/class_38_ruins/subclass_000/orientation_005.png
22380000623	assets/theme_022_chapters_15/class_38_ruins/subclass_000/orientation_006.png
22380000723	assets/theme_022_chapters_15/class_38_ruins/subclass_000/orientation_007.png
22380100023	assets/theme_022_chapters_15/class_38_ruins/subclass_001/orientation_000.png
22420000023	assets/theme_022_chapters_15/class_42_bone/subclass_000/orientation_000.png
22420000123	assets/theme_022_chapters_15/class_42_bone/subclass_000/orientation_001.png
22420000223	assets/theme_022_chapters_15/class_42_bone/subclass_000/orientation_002.png
22420100023	assets/theme_022_chapters_15/class_42_bone/subclass_001/orientation_000.png
22420100123	assets/theme_022_chapters_15/class_42_bone/subclass_001/orientation_001.png
22490000026	assets/theme_022_chapters_15/class_49_dashdash/subclass_000/orientation_000.png
22490000123	assets/theme_022_chapters_15/class_49_dashdash/subclass_000/orientation_001.png
22490000226	assets/theme_022_chapters_15/class_49_dashdash/subclass_000/orientation_002.png
22490000323	assets/theme_022_chapters_15/class_49_dashdash/subclass_000/orientation_003.png
22490000426	assets/theme_022_chapters_15/class_49_dashdash/subclass_000/orientation_004.png
22490000563	assets/theme_022_chapters_15/class_49_dashdash/subclass_000/orientation_005.png
22490000600	assets/theme_022_chapters_15/class_49_dashdash/subclass_000/orientation_006.png
22490000763	assets/theme_022_chapters_15/class_49_dashdash/subclass_000/orientation_007.png
22490100026	assets/theme_022_chapters_15/class_49_dashdash/subclass_001/orientation_000.png
22490100126	assets/theme_022_chapters_15/class_49_dashdash/subclass_001/orientation_001.png
22490100226	assets/theme_022_chapters_15/class_49_dashdash/subclass_001/orientation_002.png
22490100326	assets/theme_022_chapters_15/class_49_dashdash/subclass_001/orientation_003.png
22490100423	assets/theme_022_chapters_15/class_49_dashdash/subclass_001/orientation_004.png
22490100529	assets/theme_022_chapters_15/class_49_dashdash/subclass_001/orientation_005.png
22490100623	assets/theme_022_chapters_15/class_49_dashdash/subclass_001/orientation_006.png
22490100726	assets/theme_022_chapters_15/class_49_dashdash/subclass_001/orientation_007.png
22510000001	assets/theme_022_chapters_15/class_51_lake_cliff/subclass_000/orientation_000.png
22510000123	assets/theme_022_chapters_15/class_51_lake_cliff/subclass_000/orientation_001.png
22510100001	assets/theme_022_chapters_15/class_51_lake_cliff/subclass_001/orientation_000.png
22510100101	assets/theme_022_chapters_15/class_51_lake_cliff/subclass_001/orientation_001.png
22510100223	assets/theme_022_chapters_15/class_51_lake_cliff/subclass_001/orientation_002.png
22510200001	assets/theme_022_chapters_15/class_51_lake_cliff/subclass_002/orientation_000.png
22510200101	assets/theme_022_chapters_15/class_51_lake_cliff/subclass_002/orientation_001.png
23010000001	assets/theme_023_chapters_16/class_01_plain/subclass_000/orientation_000.png
23010000101	assets/theme_023_chapters_16/class_01_plain/subclass_000/orientation_001.png
23010000201	assets/theme_023_chapters_16/class_01_plain/subclass_000/orientation_002.png
23010100019	assets/theme_023_chapters_16/class_01_plain/subclass_001/orientation_000.png
23010100119	assets/theme_023_chapters_16/class_01_plain/subclass_001/orientation_001.png
23010200018	assets/theme_023_chapters_16/class_01_plain/subclass_002/orientation_000.png
23010200101	assets/theme_023_chapters_16/class_01_plain/subclass_002/orientation_001.png
23020000000	assets/theme_023_chapters_16/class_02_forest/subclass_000/orientation_000.png
23020000100	assets/theme_023_chapters_16/class_02_forest/subclass_000/orientation_001.png
23020000200	assets/theme_023_chapters_16/class_02_forest/subclass_000/orientation_002.png
23080000002	assets/theme_023_chapters_16/class_08_plain_road/subclass_000/orientation_000.png
23080000102	assets/theme_023_chapters_16/class_08_plain_road/subclass_000/orientation_001.png
23080000202	assets/theme_023_chapters_16/class_08_plain_road/subclass_000/orientation_002.png
23080000302	assets/theme_023_chapters_16/class_08_plain_road/subclass_000/orientation_003.png
23080000402	assets/theme_023_chapters_16/class_08_plain_road/subclass_000/orientation_004.png
23080000502	assets/theme_023_chapters_16/class_08_plain_road/subclass_000/orientation_005.png
23080000602	assets/theme_023_chapters_16/class_08_plain_road/subclass_000/orientation_006.png
23080000716	assets/theme_023_chapters_16/class_08_plain_road/subclass_000/orientation_007.png
23080000816	assets/theme_023_chapters_16/class_08_plain_road/subclass_000/orientation_008.png
23080000902	assets/theme_023_chapters_16/class_08_plain_road/subclass_000/orientation_009.png
23080001002	assets/theme_023_chapters_16/class_08_plain_road/subclass_000/orientation_010.png
23230000001	assets/theme_023_chapters_16/class_23_wall/subclass_000/orientation_000.png
23230000118	assets/theme_023_chapters_16/class_23_wall/subclass_000/orientation_001.png
23230000218	assets/theme_023_chapters_16/class_23_wall/subclass_000/orientation_002.png
23230000318	assets/theme_023_chapters_16/class_23_wall/subclass_000/orientation_003.png
23230000400	assets/theme_023_chapters_16/class_23_wall/subclass_000/orientation_004.png
23230000518	assets/theme_023_chapters_16/class_23_wall/subclass_000/orientation_005.png
23230000600	assets/theme_023_chapters_16/class_23_wall/subclass_000/orientation_006.png
23230000700	assets/theme_023_chapters_16/class_23_wall/subclass_000/orientation_007.png
23230000818	assets/theme_023_chapters_16/class_23_wall/subclass_000/orientation_008.png
23230000946	assets/theme_023_chapters_16/class_23_wall/subclass_000/orientation_009.png
23230001038	assets/theme_023_chapters_16/class_23_wall/subclass_000/orientation_010.png
23230001137	assets/theme_023_chapters_16/class_23_wall/subclass_000/orientation_011.png
23230001237	assets/theme_023_chapters_16/class_23_wall/subclass_000/orientation_012.png
23230001318	assets/theme_023_chapters_16/class_23_wall/subclass_000/orientation_013.png
23230001400	assets/theme_023_chapters_16/class_23_wall/subclass_000/orientation_014.png
23230001555	assets/theme_023_chapters_16/class_23_wall/subclass_000/orientation_015.png
23230001638	assets/theme_023_chapters_16/class_23_wall/subclass_000/orientation_016.png
23230001738	assets/theme_023_chapters_16/class_23_wall/subclass_000/orientation_017.png
23230001818	assets/theme_023_chapters_16/class_23_wall/subclass_000/orientation_018.png
23230001918	assets/theme_023_chapters_16/class_23_wall/subclass_000/orientation_019.png
23230002118	assets/theme_023_chapters_16/class_23_wall/subclass_000/orientation_021.png
23230002238	assets/theme_023_chapters_16/class_23_wall/subclass_000/orientation_022.png
23230002318	assets/theme_023_chapters_16/class_23_wall/subclass_000/orientation_023.png
23230002418	assets/theme_023_chapters_16/class_23_wall/subclass_000/orientation_024.png
23230002501	assets/theme_023_chapters_16/class_23_wall/subclass_000/orientation_025.png
23230002618	assets/theme_023_chapters_16/class_23_wall/subclass_000/orientation_026.png
23230002746	assets/theme_023_chapters_16/class_23_wall/subclass_000/orientation_027.png
23230002838	assets/theme_023_chapters_16/class_23_wall/subclass_000/orientation_028.png
23230002901	assets/theme_023_chapters_16/class_23_wall/subclass_000/orientation_029.png
23230003037	assets/theme_023_chapters_16/class_23_wall/subclass_000/orientation_030.png
23230003138	assets/theme_023_chapters_16/class_23_wall/subclass_000/orientation_031.png
23230003218	assets/theme_023_chapters_16/class_23_wall/subclass_000/orientation_032.png
23230003338	assets/theme_023_chapters_16/class_23_wall/subclass_000/orientation_033.png
23230003437	assets/theme_023_chapters_16/class_23_wall/subclass_000/orientation_034.png
23230003518	assets/theme_023_chapters_16/class_23_wall/subclass_000/orientation_035.png
23230003646	assets/theme_023_chapters_16/class_23_wall/subclass_000/orientation_036.png
23230003718	assets/theme_023_chapters_16/class_23_wall/subclass_000/orientation_037.png
23230003818	assets/theme_023_chapters_16/class_23_wall/subclass_000/orientation_038.png
23230003946	assets/theme_023_chapters_16/class_23_wall/subclass_000/orientation_039.png
23230004018	assets/theme_023_chapters_16/class_23_wall/subclass_000/orientation_040.png
23230004146	assets/theme_023_chapters_16/class_23_wall/subclass_000/orientation_041.png
23250000018	assets/theme_023_chapters_16/class_25_floor/subclass_000/orientation_000.png
23250000112	assets/theme_023_chapters_16/class_25_floor/subclass_000/orientation_001.png
23250000218	assets/theme_023_chapters_16/class_25_floor/subclass_000/orientation_002.png
23250000318	assets/theme_023_chapters_16/class_25_floor/subclass_000/orientation_003.png
23250000412	assets/theme_023_chapters_16/class_25_floor/subclass_000/orientation_004.png
23250000512	assets/theme_023_chapters_16/class_25_floor/subclass_000/orientation_005.png
23250000613	assets/theme_023_chapters_16/class_25_floor/subclass_000/orientation_006.png
23250000713	assets/theme_023_chapters_16/class_25_floor/subclass_000/orientation_007.png
23250000813	assets/theme_023_chapters_16/class_25_floor/subclass_000/orientation_008.png
23250000918	assets/theme_023_chapters_16/class_25_floor/subclass_000/orientation_009.png
23250001018	assets/theme_023_chapters_16/class_25_floor/subclass_000/orientation_010.png
23250001116	assets/theme_023_chapters_16/class_25_floor/subclass_000/orientation_011.png
23250001218	assets/theme_023_chapters_16/class_25_floor/subclass_000/orientation_012.png
23250001318	assets/theme_023_chapters_16/class_25_floor/subclass_000/orientation_013.png
23250001416	assets/theme_023_chapters_16/class_25_floor/subclass_000/orientation_014.png
23250001517	assets/theme_023_chapters_16/class_25_floor/subclass_000/orientation_015.png
23250001613	assets/theme_023_chapters_16/class_25_floor/subclass_000/orientation_016.png
23250001716	assets/theme_023_chapters_16/class_25_floor/subclass_000/orientation_017.png
23250001817	assets/theme_023_chapters_16/class_25_floor/subclass_000/orientation_018.png
23250100016	assets/theme_023_chapters_16/class_25_floor/subclass_001/orientation_000.png
23250100116	assets/theme_023_chapters_16/class_25_floor/subclass_001/orientation_001.png
23250100218	assets/theme_023_chapters_16/class_25_floor/subclass_001/orientation_002.png
23250100344	assets/theme_023_chapters_16/class_25_floor/subclass_001/orientation_003.png
23250100416	assets/theme_023_chapters_16/class_25_floor/subclass_001/orientation_004.png
23250100516	assets/theme_023_chapters_16/class_25_floor/subclass_001/orientation_005.png
23250100616	assets/theme_023_chapters_16/class_25_floor/subclass_001/orientation_006.png
23250100716	assets/theme_023_chapters_16/class_25_floor/subclass_001/orientation_007.png
23250100800	assets/theme_023_chapters_16/class_25_floor/subclass_001/orientation_008.png
23260000018	assets/theme_023_chapters_16/class_26_stairs/subclass_000/orientation_000.png
23260000118	assets/theme_023_chapters_16/class_26_stairs/subclass_000/orientation_001.png
23260100018	assets/theme_023_chapters_16/class_26_stairs/subclass_001/orientation_000.png
23260200018	assets/theme_023_chapters_16/class_26_stairs/subclass_002/orientation_000.png
23260200118	assets/theme_023_chapters_16/class_26_stairs/subclass_002/orientation_001.png
23260200218	assets/theme_023_chapters_16/class_26_stairs/subclass_002/orientation_002.png
23260300018	assets/theme_023_chapters_16/class_26_stairs/subclass_003/orientation_000.png
23260300118	assets/theme_023_chapters_16/class_26_stairs/subclass_003/orientation_001.png
23270000018	assets/theme_023_chapters_16/class_27_door/subclass_000/orientation_000.png
23340000018	assets/theme_023_chapters_16/class_34_pillar/subclass_000/orientation_000.png
23350000001	assets/theme_023_chapters_16/class_35_throne/subclass_000/orientation_000.png
23360100033	assets/theme_023_chapters_16/class_36_chest/subclass_001/orientation_000.png
23470000018	assets/theme_023_chapters_16/class_47_brace/subclass_000/orientation_000.png
23470000100	assets/theme_023_chapters_16/class_47_brace/subclass_000/orientation_001.png
23470000218	assets/theme_023_chapters_16/class_47_brace/subclass_000/orientation_002.png
23470000344	assets/theme_023_chapters_16/class_47_brace/subclass_000/orientation_003.png
23470000418	assets/theme_023_chapters_16/class_47_brace/subclass_000/orientation_004.png
23470000518	assets/theme_023_chapters_16/class_47_brace/subclass_000/orientation_005.png
23470000600	assets/theme_023_chapters_16/class_47_brace/subclass_000/orientation_006.png
23470000718	assets/theme_023_chapters_16/class_47_brace/subclass_000/orientation_007.png
23470000818	assets/theme_023_chapters_16/class_47_brace/subclass_000/orientation_008.png
23470000901	assets/theme_023_chapters_16/class_47_brace/subclass_000/orientation_009.png
24010000000	assets/theme_024_chapters_17/class_01_plain/subclass_000/orientation_000.png
24010000142	assets/theme_024_chapters_17/class_01_plain/subclass_000/orientation_001.png
24010000242	assets/theme_024_chapters_17/class_01_plain/subclass_000/orientation_002.png
24010000342	assets/theme_024_chapters_17/class_01_plain/subclass_000/orientation_003.png
24010000442	assets/theme_024_chapters_17/class_01_plain/subclass_000/orientation_004.png
24010000500	assets/theme_024_chapters_17/class_01_plain/subclass_000/orientation_005.png
24010000700	assets/theme_024_chapters_17/class_01_plain/subclass_000/orientation_007.png
24010000842	assets/theme_024_chapters_17/class_01_plain/subclass_000/orientation_008.png
24010000942	assets/theme_024_chapters_17/class_01_plain/subclass_000/orientation_009.png
24010001042	assets/theme_024_chapters_17/class_01_plain/subclass_000/orientation_010.png
24010001100	assets/theme_024_chapters_17/class_01_plain/subclass_000/orientation_011.png
24010001242	assets/theme_024_chapters_17/class_01_plain/subclass_000/orientation_012.png
24010001342	assets/theme_024_chapters_17/class_01_plain/subclass_000/orientation_013.png
24010001442	assets/theme_024_chapters_17/class_01_plain/subclass_000/orientation_014.png
24010001642	assets/theme_024_chapters_17/class_01_plain/subclass_000/orientation_016.png
24010001742	assets/theme_024_chapters_17/class_01_plain/subclass_000/orientation_017.png
24010001842	assets/theme_024_chapters_17/class_01_plain/subclass_000/orientation_018.png
24010001949	assets/theme_024_chapters_17/class_01_plain/subclass_000/orientation_019.png
24010002042	assets/theme_024_chapters_17/class_01_plain/subclass_000/orientation_020.png
24010002100	assets/theme_024_chapters_17/class_01_plain/subclass_000/orientation_021.png
24010002200	assets/theme_024_chapters_17/class_01_plain/subclass_000/orientation_022.png
24010002300	assets/theme_024_chapters_17/class_01_plain/subclass_000/orientation_023.png
24010002400	assets/theme_024_chapters_17/class_01_plain/subclass_000/orientation_024.png
24010002500	assets/theme_024_chapters_17/class_01_plain/subclass_000/orientation_025.png
24010002642	assets/theme_024_chapters_17/class_01_plain/subclass_000/orientation_026.png
24010002742	assets/theme_024_chapters_17/class_01_plain/subclass_000/orientation_027.png
24010002842	assets/theme_024_chapters_17/class_01_plain/subclass_000/orientation_028.png
24010002942	assets/theme_024_chapters_17/class_01_plain/subclass_000/orientation_029.png
24010003042	assets/theme_024_chapters_17/class_01_plain/subclass_000/orientation_030.png
24010003100	assets/theme_024_chapters_17/class_01_plain/subclass_000/orientation_031.png
24010003200	assets/theme_024_chapters_17/class_01_plain/subclass_000/orientation_032.png
24010003300	assets/theme_024_chapters_17/class_01_plain/subclass_000/orientation_033.png
24010003400	assets/theme_024_chapters_17/class_01_plain/subclass_000/orientation_034.png
24010003542	assets/theme_024_chapters_17/class_01_plain/subclass_000/orientation_035.png
24010003642	assets/theme_024_chapters_17/class_01_plain/subclass_000/orientation_036.png
24010003742	assets/theme_024_chapters_17/class_01_plain/subclass_000/orientation_037.png
24010003842	assets/theme_024_chapters_17/class_01_plain/subclass_000/orientation_038.png
24010003942	assets/theme_024_chapters_17/class_01_plain/subclass_000/orientation_039.png
24010004000	assets/theme_024_chapters_17/class_01_plain/subclass_000/orientation_040.png
24010004100	assets/theme_024_chapters_17/class_01_plain/subclass_000/orientation_041.png
24010004200	assets/theme_024_chapters_17/class_01_plain/subclass_000/orientation_042.png
24010004342	assets/theme_024_chapters_17/class_01_plain/subclass_000/orientation_043.png
24010004442	assets/theme_024_chapters_17/class_01_plain/subclass_000/orientation_044.png
24010004542	assets/theme_024_chapters_17/class_01_plain/subclass_000/orientation_045.png
24010004642	assets/theme_024_chapters_17/class_01_plain/subclass_000/orientation_046.png
24010004700	assets/theme_024_chapters_17/class_01_plain/subclass_000/orientation_047.png
24020000042	assets/theme_024_chapters_17/class_02_forest/subclass_000/orientation_000.png
24020100000	assets/theme_024_chapters_17/class_02_forest/subclass_001/orientation_000.png
24020100100	assets/theme_024_chapters_17/class_02_forest/subclass_001/orientation_001.png
24020200000	assets/theme_024_chapters_17/class_02_forest/subclass_002/orientation_000.png
24020200100	assets/theme_024_chapters_17/class_02_forest/subclass_002/orientation_001.png
24020300000	assets/theme_024_chapters_17/class_02_forest/subclass_003/orientation_000.png
24030000000	assets/theme_024_chapters_17/class_03_mountain/subclass_000/orientation_000.png
24030000126	assets/theme_024_chapters_17/class_03_mountain/subclass_000/orientation_001.png
24030000226	assets/theme_024_chapters_17/class_03_mountain/subclass_000/orientation_002.png
24030000326	assets/theme_024_chapters_17/class_03_mountain/subclass_000/orientation_003.png
24030000426	assets/theme_024_chapters_17/class_03_mountain/subclass_000/orientation_004.png
24030000500	assets/theme_024_chapters_17/class_03_mountain/subclass_000/orientation_005.png
24030100000	assets/theme_024_chapters_17/class_03_mountain/subclass_001/orientation_000.png
24040000023	assets/theme_024_chapters_17/class_04_peak/subclass_000/orientation_000.png
24040000126	assets/theme_024_chapters_17/class_04_peak/subclass_000/orientation_001.png
24040000200	assets/theme_024_chapters_17/class_04_peak/subclass_000/orientation_002.png
24040000326	assets/theme_024_chapters_17/class_04_peak/subclass_000/orientation_003.png
24040000400	assets/theme_024_chapters_17/class_04_peak/subclass_000/orientation_004.png
24040000500	assets/theme_024_chapters_17/class_04_peak/subclass_000/orientation_005.png
24040000626	assets/theme_024_chapters_17/class_04_peak/subclass_000/orientation_006.png
24040000763	assets/theme_024_chapters_17/class_04_peak/subclass_000/orientation_007.png
24040000849	assets/theme_024_chapters_17/class_04_peak/subclass_000/orientation_008.png
24040000926	assets/theme_024_chapters_17/class_04_peak/subclass_000/orientation_009.png
24040001000	assets/theme_024_chapters_17/class_04_peak/subclass_000/orientation_010.png
24040001126	assets/theme_024_chapters_17/class_04_peak/subclass_000/orientation_011.png
24040001200	assets/theme_024_chapters_17/class_04_peak/subclass_000/orientation_012.png
24040001300	assets/theme_024_chapters_17/class_04_peak/subclass_000/orientation_013.png
24040001426	assets/theme_024_chapters_17/class_04_peak/subclass_000/orientation_014.png
24040001500	assets/theme_024_chapters_17/class_04_peak/subclass_000/orientation_015.png
24040001626	assets/theme_024_chapters_17/class_04_peak/subclass_000/orientation_016.png
24040001749	assets/theme_024_chapters_17/class_04_peak/subclass_000/orientation_017.png
24040001800	assets/theme_024_chapters_17/class_04_peak/subclass_000/orientation_018.png
24040001929	assets/theme_024_chapters_17/class_04_peak/subclass_000/orientation_019.png
24040002026	assets/theme_024_chapters_17/class_04_peak/subclass_000/orientation_020.png
24040002145	assets/theme_024_chapters_17/class_04_peak/subclass_000/orientation_021.png
24040002226	assets/theme_024_chapters_17/class_04_peak/subclass_000/orientation_022.png
24040002300	assets/theme_024_chapters_17/class_04_peak/subclass_000/orientation_023.png
24040002426	assets/theme_024_chapters_17/class_04_peak/subclass_000/orientation_024.png
24040002526	assets/theme_024_chapters_17/class_04_peak/subclass_000/orientation_025.png
24040002649	assets/theme_024_chapters_17/class_04_peak/subclass_000/orientation_026.png
24040002749	assets/theme_024_chapters_17/class_04_peak/subclass_000/orientation_027.png
24040002800	assets/theme_024_chapters_17/class_04_peak/subclass_000/orientation_028.png
24040002900	assets/theme_024_chapters_17/class_04_peak/subclass_000/orientation_029.png
24040003026	assets/theme_024_chapters_17/class_04_peak/subclass_000/orientation_030.png
24040003100	assets/theme_024_chapters_17/class_04_peak/subclass_000/orientation_031.png
24040003200	assets/theme_024_chapters_17/class_04_peak/subclass_000/orientation_032.png
24040003342	assets/theme_024_chapters_17/class_04_peak/subclass_000/orientation_033.png
24040003449	assets/theme_024_chapters_17/class_04_peak/subclass_000/orientation_034.png
24040003500	assets/theme_024_chapters_17/class_04_peak/subclass_000/orientation_035.png
24040003626	assets/theme_024_chapters_17/class_04_peak/subclass_000/orientation_036.png
24040003723	assets/theme_024_chapters_17/class_04_peak/subclass_000/orientation_037.png
24040003800	assets/theme_024_chapters_17/class_04_peak/subclass_000/orientation_038.png
24040003900	assets/theme_024_chapters_17/class_04_peak/subclass_000/orientation_039.png
24040004049	assets/theme_024_chapters_17/class_04_peak/subclass_000/orientation_040.png
24040004100	assets/theme_024_chapters_17/class_04_peak/subclass_000/orientation_041.png
24040004200	assets/theme_024_chapters_17/class_04_peak/subclass_000/orientation_042.png
24040004326	assets/theme_024_chapters_17/class_04_peak/subclass_000/orientation_043.png
24040004423	assets/theme_024_chapters_17/class_04_peak/subclass_000/orientation_044.png
24040004526	assets/theme_024_chapters_17/class_04_peak/subclass_000/orientation_045.png
24040004626	assets/theme_024_chapters_17/class_04_peak/subclass_000/orientation_046.png
24040004700	assets/theme_024_chapters_17/class_04_peak/subclass_000/orientation_047.png
24040004800	assets/theme_024_chapters_17/class_04_peak/subclass_000/orientation_048.png
24040100026	assets/theme_024_chapters_17/class_04_peak/subclass_001/orientation_000.png
24110000000	assets/theme_024_chapters_17/class_11_river/subclass_000/orientation_000.png
24110000123	assets/theme_024_chapters_17/class_11_river/subclass_000/orientation_001.png
24110000200	assets/theme_024_chapters_17/class_11_river/subclass_000/orientation_002.png
24110000323	assets/theme_024_chapters_17/class_11_river/subclass_000/orientation_003.png
24110000400	assets/theme_024_chapters_17/class_11_river/subclass_000/orientation_004.png
24110000523	assets/theme_024_chapters_17/class_11_river/subclass_000/orientation_005.png
24110000600	assets/theme_024_chapters_17/class_11_river/subclass_000/orientation_006.png
24110000723	assets/theme_024_chapters_17/class_11_river/subclass_000/orientation_007.png
24110000800	assets/theme_024_chapters_17/class_11_river/subclass_000/orientation_008.png
24110000900	assets/theme_024_chapters_17/class_11_river/subclass_000/orientation_009.png
24110001023	assets/theme_024_chapters_17/class_11_river/subclass_000/orientation_010.png
24110001100	assets/theme_024_chapters_17/class_11_river/subclass_000/orientation_011.png
24110001223	assets/theme_024_chapters_17/class_11_river/subclass_000/orientation_012.png
24110001300	assets/theme_024_chapters_17/class_11_river/subclass_000/orientation_013.png
24110001400	assets/theme_024_chapters_17/class_11_river/subclass_000/orientation_014.png
24110001500	assets/theme_024_chapters_17/class_11_river/subclass_000/orientation_015.png
24110001623	assets/theme_024_chapters_17/class_11_river/subclass_000/orientation_016.png
24110001723	assets/theme_024_chapters_17/class_11_river/subclass_000/orientation_017.png
24110001826	assets/theme_024_chapters_17/class_11_river/subclass_000/orientation_018.png
24110001900	assets/theme_024_chapters_17/class_11_river/subclass_000/orientation_019.png
24110002000	assets/theme_024_chapters_17/class_11_river/subclass_000/orientation_020.png
24110002123	assets/theme_024_chapters_17/class_11_river/subclass_000/orientation_021.png
24110002200	assets/theme_024_chapters_17/class_11_river/subclass_000/orientation_022.png
24110002300	assets/theme_024_chapters_17/class_11_river/subclass_000/orientation_023.png
24110002423	assets/theme_024_chapters_17/class_11_river/subclass_000/orientation_024.png
24110002523	assets/theme_024_chapters_17/class_11_river/subclass_000/orientation_025.png
24110002600	assets/theme_024_chapters_17/class_11_river/subclass_000/orientation_026.png
24110002723	assets/theme_024_chapters_17/class_11_river/subclass_000/orientation_027.png
24110002800	assets/theme_024_chapters_17/class_11_river/subclass_000/orientation_028.png
24110002900	assets/theme_024_chapters_17/class_11_river/subclass_000/orientation_029.png
24110003023	assets/theme_024_chapters_17/class_11_river/subclass_000/orientation_030.png
24110003100	assets/theme_024_chapters_17/class_11_river/subclass_000/orientation_031.png
24110003223	assets/theme_024_chapters_17/class_11_river/subclass_000/orientation_032.png
24110003300	assets/theme_024_chapters_17/class_11_river/subclass_000/orientation_033.png
24110003400	assets/theme_024_chapters_17/class_11_river/subclass_000/orientation_034.png
24110003523	assets/theme_024_chapters_17/class_11_river/subclass_000/orientation_035.png
24110003600	assets/theme_024_chapters_17/class_11_river/subclass_000/orientation_036.png
24110003726	assets/theme_024_chapters_17/class_11_river/subclass_000/orientation_037.png
24110003823	assets/theme_024_chapters_17/class_11_river/subclass_000/orientation_038.png
24110003923	assets/theme_024_chapters_17/class_11_river/subclass_000/orientation_039.png
24110004000	assets/theme_024_chapters_17/class_11_river/subclass_000/orientation_040.png
24110004123	assets/theme_024_chapters_17/class_11_river/subclass_000/orientation_041.png
24150200000	assets/theme_024_chapters_17/class_15_bridge/subclass_002/orientation_000.png
24150300000	assets/theme_024_chapters_17/class_15_bridge/subclass_003/orientation_000.png
24160000049	assets/theme_024_chapters_17/class_16_fort/subclass_000/orientation_000.png
24190000049	assets/theme_024_chapters_17/class_19_armory/subclass_000/orientation_000.png
24200000049	assets/theme_024_chapters_17/class_20_vendor/subclass_000/orientation_000.png
24280000038	assets/theme_024_chapters_17/class_28_gate/subclass_000/orientation_000.png
24400000000	assets/theme_024_chapters_17/class_40_snag/subclass_000/orientation_000.png
24490000000	assets/theme_024_chapters_17/class_49_dashdash/subclass_000/orientation_000.png
24490000100	assets/theme_024_chapters_17/class_49_dashdash/subclass_000/orientation_001.png
24490000200	assets/theme_024_chapters_17/class_49_dashdash/subclass_000/orientation_002.png
24490000300	assets/theme_024_chapters_17/class_49_dashdash/subclass_000/orientation_003.png
24490000438	assets/theme_024_chapters_17/class_49_dashdash/subclass_000/orientation_004.png
24490000538	assets/theme_024_chapters_17/class_49_dashdash/subclass_000/orientation_005.png
24490000600	assets/theme_024_chapters_17/class_49_dashdash/subclass_000/orientation_006.png
24490000700	assets/theme_024_chapters_17/class_49_dashdash/subclass_000/orientation_007.png
25050000026	assets/theme_025_chapters_18/class_05_valley/subclass_000/orientation_000.png
25050000126	assets/theme_025_chapters_18/class_05_valley/subclass_000/orientation_001.png
25050000223	assets/theme_025_chapters_18/class_05_valley/subclass_000/orientation_002.png
25050000363	assets/theme_025_chapters_18/class_05_valley/subclass_000/orientation_003.png
25050000426	assets/theme_025_chapters_18/class_05_valley/subclass_000/orientation_004.png
25050000500	assets/theme_025_chapters_18/class_05_valley/subclass_000/orientation_005.png
25050000626	assets/theme_025_chapters_18/class_05_valley/subclass_000/orientation_006.png
25050000726	assets/theme_025_chapters_18/class_05_valley/subclass_000/orientation_007.png
25050000826	assets/theme_025_chapters_18/class_05_valley/subclass_000/orientation_008.png
25050000926	assets/theme_025_chapters_18/class_05_valley/subclass_000/orientation_009.png
25050001023	assets/theme_025_chapters_18/class_05_valley/subclass_000/orientation_010.png
25050001100	assets/theme_025_chapters_18/class_05_valley/subclass_000/orientation_011.png
25050001223	assets/theme_025_chapters_18/class_05_valley/subclass_000/orientation_012.png
25050001363	assets/theme_025_chapters_18/class_05_valley/subclass_000/orientation_013.png
25050001426	assets/theme_025_chapters_18/class_05_valley/subclass_000/orientation_014.png
25050001500	assets/theme_025_chapters_18/class_05_valley/subclass_000/orientation_015.png
25050001623	assets/theme_025_chapters_18/class_05_valley/subclass_000/orientation_016.png
25050001723	assets/theme_025_chapters_18/class_05_valley/subclass_000/orientation_017.png
25050001826	assets/theme_025_chapters_18/class_05_valley/subclass_000/orientation_018.png
25050001923	assets/theme_025_chapters_18/class_05_valley/subclass_000/orientation_019.png
25050002026	assets/theme_025_chapters_18/class_05_valley/subclass_000/orientation_020.png
25050002163	assets/theme_025_chapters_18/class_05_valley/subclass_000/orientation_021.png
25050002226	assets/theme_025_chapters_18/class_05_valley/subclass_000/orientation_022.png
25050002326	assets/theme_025_chapters_18/class_05_valley/subclass_000/orientation_023.png
25050002426	assets/theme_025_chapters_18/class_05_valley/subclass_000/orientation_024.png
25050002526	assets/theme_025_chapters_18/class_05_valley/subclass_000/orientation_025.png
25050002626	assets/theme_025_chapters_18/class_05_valley/subclass_000/orientation_026.png
25050002723	assets/theme_025_chapters_18/class_05_valley/subclass_000/orientation_027.png
25050002826	assets/theme_025_chapters_18/class_05_valley/subclass_000/orientation_028.png
25050002926	assets/theme_025_chapters_18/class_05_valley/subclass_000/orientation_029.png
25050003026	assets/theme_025_chapters_18/class_05_valley/subclass_000/orientation_030.png
25050003163	assets/theme_025_chapters_18/class_05_valley/subclass_000/orientation_031.png
25050003263	assets/theme_025_chapters_18/class_05_valley/subclass_000/orientation_032.png
25050003326	assets/theme_025_chapters_18/class_05_valley/subclass_000/orientation_033.png
25050003423	assets/theme_025_chapters_18/class_05_valley/subclass_000/orientation_034.png
25050003523	assets/theme_025_chapters_18/class_05_valley/subclass_000/orientation_035.png
25050003623	assets/theme_025_chapters_18/class_05_valley/subclass_000/orientation_036.png
25050003723	assets/theme_025_chapters_18/class_05_valley/subclass_000/orientation_037.png
25050003823	assets/theme_025_chapters_18/class_05_valley/subclass_000/orientation_038.png
25050003923	assets/theme_025_chapters_18/class_05_valley/subclass_000/orientation_039.png
25050004026	assets/theme_025_chapters_18/class_05_valley/subclass_000/orientation_040.png
25050004126	assets/theme_025_chapters_18/class_05_valley/subclass_000/orientation_041.png
25050004223	assets/theme_025_chapters_18/class_05_valley/subclass_000/orientation_042.png
25050004323	assets/theme_025_chapters_18/class_05_valley/subclass_000/orientation_043.png
25050004426	assets/theme_025_chapters_18/class_05_valley/subclass_000/orientation_044.png
25050004523	assets/theme_025_chapters_18/class_05_valley/subclass_000/orientation_045.png
25050004623	assets/theme_025_chapters_18/class_05_valley/subclass_000/orientation_046.png
25050004723	assets/theme_025_chapters_18/class_05_valley/subclass_000/orientation_047.png
25050004823	assets/theme_025_chapters_18/class_05_valley/subclass_000/orientation_048.png
25050004963	assets/theme_025_chapters_18/class_05_valley/subclass_000/orientation_049.png
25050005026	assets/theme_025_chapters_18/class_05_valley/subclass_000/orientation_050.png
25050005163	assets/theme_025_chapters_18/class_05_valley/subclass_000/orientation_051.png
25050005226	assets/theme_025_chapters_18/class_05_valley/subclass_000/orientation_052.png
25050005326	assets/theme_025_chapters_18/class_05_valley/subclass_000/orientation_053.png
25060000026	assets/theme_025_chapters_18/class_06_cliff/subclass_000/orientation_000.png
25060000100	assets/theme_025_chapters_18/class_06_cliff/subclass_000/orientation_001.png
25060000226	assets/theme_025_chapters_18/class_06_cliff/subclass_000/orientation_002.png
25060000326	assets/theme_025_chapters_18/class_06_cliff/subclass_000/orientation_003.png
25060000426	assets/theme_025_chapters_18/class_06_cliff/subclass_000/orientation_004.png
25060000526	assets/theme_025_chapters_18/class_06_cliff/subclass_000/orientation_005.png
25060000626	assets/theme_025_chapters_18/class_06_cliff/subclass_000/orientation_006.png
25060000700	assets/theme_025_chapters_18/class_06_cliff/subclass_000/orientation_007.png
25060000826	assets/theme_025_chapters_18/class_06_cliff/subclass_000/orientation_008.png
25060000900	assets/theme_025_chapters_18/class_06_cliff/subclass_000/orientation_009.png
25060001000	assets/theme_025_chapters_18/class_06_cliff/subclass_000/orientation_010.png
25060001126	assets/theme_025_chapters_18/class_06_cliff/subclass_000/orientation_011.png
25060001200	assets/theme_025_chapters_18/class_06_cliff/subclass_000/orientation_012.png
25060001326	assets/theme_025_chapters_18/class_06_cliff/subclass_000/orientation_013.png
25060001426	assets/theme_025_chapters_18/class_06_cliff/subclass_000/orientation_014.png
25060001500	assets/theme_025_chapters_18/class_06_cliff/subclass_000/orientation_015.png
25060001600	assets/theme_025_chapters_18/class_06_cliff/subclass_000/orientation_016.png
25060001726	assets/theme_025_chapters_18/class_06_cliff/subclass_000/orientation_017.png
25060001800	assets/theme_025_chapters_18/class_06_cliff/subclass_000/orientation_018.png
25060001926	assets/theme_025_chapters_18/class_06_cliff/subclass_000/orientation_019.png
25060002026	assets/theme_025_chapters_18/class_06_cliff/subclass_000/orientation_020.png
25060002100	assets/theme_025_chapters_18/class_06_cliff/subclass_000/orientation_021.png
25060002200	assets/theme_025_chapters_18/class_06_cliff/subclass_000/orientation_022.png
25060002300	assets/theme_025_chapters_18/class_06_cliff/subclass_000/orientation_023.png
25060002426	assets/theme_025_chapters_18/class_06_cliff/subclass_000/orientation_024.png
25060002500	assets/theme_025_chapters_18/class_06_cliff/subclass_000/orientation_025.png
25060002626	assets/theme_025_chapters_18/class_06_cliff/subclass_000/orientation_026.png
25060002763	assets/theme_025_chapters_18/class_06_cliff/subclass_000/orientation_027.png
25060002826	assets/theme_025_chapters_18/class_06_cliff/subclass_000/orientation_028.png
25060100026	assets/theme_025_chapters_18/class_06_cliff/subclass_001/orientation_000.png
25060200026	assets/theme_025_chapters_18/class_06_cliff/subclass_002/orientation_000.png
25480000001	assets/theme_025_chapters_18/class_48_flat/subclass_000/orientation_000.png
25480000100	assets/theme_025_chapters_18/class_48_flat/subclass_000/orientation_001.png
25480000201	assets/theme_025_chapters_18/class_48_flat/subclass_000/orientation_002.png
25480000301	assets/theme_025_chapters_18/class_48_flat/subclass_000/orientation_003.png
25480000401	assets/theme_025_chapters_18/class_48_flat/subclass_000/orientation_004.png
25480000501	assets/theme_025_chapters_18/class_48_flat/subclass_000/orientation_005.png
25480000601	assets/theme_025_chapters_18/class_48_flat/subclass_000/orientation_006.png
25480000701	assets/theme_025_chapters_18/class_48_flat/subclass_000/orientation_007.png
25480000800	assets/theme_025_chapters_18/class_48_flat/subclass_000/orientation_008.png
25480000901	assets/theme_025_chapters_18/class_48_flat/subclass_000/orientation_009.png
25480001001	assets/theme_025_chapters_18/class_48_flat/subclass_000/orientation_010.png
25480001101	assets/theme_025_chapters_18/class_48_flat/subclass_000/orientation_011.png
25480001201	assets/theme_025_chapters_18/class_48_flat/subclass_000/orientation_012.png
25480001301	assets/theme_025_chapters_18/class_48_flat/subclass_000/orientation_013.png
25480001401	assets/theme_025_chapters_18/class_48_flat/subclass_000/orientation_014.png
25480001501	assets/theme_025_chapters_18/class_48_flat/subclass_000/orientation_015.png
25480001601	assets/theme_025_chapters_18/class_48_flat/subclass_000/orientation_016.png
25480001701	assets/theme_025_chapters_18/class_48_flat/subclass_000/orientation_017.png
25480001801	assets/theme_025_chapters_18/class_48_flat/subclass_000/orientation_018.png
25480001901	assets/theme_025_chapters_18/class_48_flat/subclass_000/orientation_019.png
25480002001	assets/theme_025_chapters_18/class_48_flat/subclass_000/orientation_020.png
25480002101	assets/theme_025_chapters_18/class_48_flat/subclass_000/orientation_021.png
25480002201	assets/theme_025_chapters_18/class_48_flat/subclass_000/orientation_022.png
25480002301	assets/theme_025_chapters_18/class_48_flat/subclass_000/orientation_023.png
25480002401	assets/theme_025_chapters_18/class_48_flat/subclass_000/orientation_024.png
25480002501	assets/theme_025_chapters_18/class_48_flat/subclass_000/orientation_025.png
25480002601	assets/theme_025_chapters_18/class_48_flat/subclass_000/orientation_026.png
25480002723	assets/theme_025_chapters_18/class_48_flat/subclass_000/orientation_027.png
25480002801	assets/theme_025_chapters_18/class_48_flat/subclass_000/orientation_028.png
25480002901	assets/theme_025_chapters_18/class_48_flat/subclass_000/orientation_029.png
25480003026	assets/theme_025_chapters_18/class_48_flat/subclass_000/orientation_030.png
25480003101	assets/theme_025_chapters_18/class_48_flat/subclass_000/orientation_031.png
25480003223	assets/theme_025_chapters_18/class_48_flat/subclass_000/orientation_032.png
25480003323	assets/theme_025_chapters_18/class_48_flat/subclass_000/orientation_033.png
25480003401	assets/theme_025_chapters_18/class_48_flat/subclass_000/orientation_034.png
25480003501	assets/theme_025_chapters_18/class_48_flat/subclass_000/orientation_035.png
25480003601	assets/theme_025_chapters_18/class_48_flat/subclass_000/orientation_036.png
25480003701	assets/theme_025_chapters_18/class_48_flat/subclass_000/orientation_037.png
25480003801	assets/theme_025_chapters_18/class_48_flat/subclass_000/orientation_038.png
25480003901	assets/theme_025_chapters_18/class_48_flat/subclass_000/orientation_039.png
25480004001	assets/theme_025_chapters_18/class_48_flat/subclass_000/orientation_040.png
25480004101	assets/theme_025_chapters_18/class_48_flat/subclass_000/orientation_041.png
25480004201	assets/theme_025_chapters_18/class_48_flat/subclass_000/orientation_042.png
25480004301	assets/theme_025_chapters_18/class_48_flat/subclass_000/orientation_043.png
25480004401	assets/theme_025_chapters_18/class_48_flat/subclass_000/orientation_044.png
25480004501	assets/theme_025_chapters_18/class_48_flat/subclass_000/orientation_045.png
25480004601	assets/theme_025_chapters_18/class_48_flat/subclass_000/orientation_046.png
25480004723	assets/theme_025_chapters_18/class_48_flat/subclass_000/orientation_047.png
25480004801	assets/theme_025_chapters_18/class_48_flat/subclass_000/orientation_048.png
25480004901	assets/theme_025_chapters_18/class_48_flat/subclass_000/orientation_049.png
25480005026	assets/theme_025_chapters_18/class_48_flat/subclass_000/orientation_050.png
25480005101	assets/theme_025_chapters_18/class_48_flat/subclass_000/orientation_051.png
25480005201	assets/theme_025_chapters_18/class_48_flat/subclass_000/orientation_052.png
25480005301	assets/theme_025_chapters_18/class_48_flat/subclass_000/orientation_053.png
25480005423	assets/theme_025_chapters_18/class_48_flat/subclass_000/orientation_054.png
25480100026	assets/theme_025_chapters_18/class_48_flat/subclass_001/orientation_000.png
26010000019	assets/theme_026_chapters_19/class_01_plain/subclass_000/orientation_000.png
26010000118	assets/theme_026_chapters_19/class_01_plain/subclass_000/orientation_001.png
26010000201	assets/theme_026_chapters_19/class_01_plain/subclass_000/orientation_002.png
26010000319	assets/theme_026_chapters_19/class_01_plain/subclass_000/orientation_003.png
26010000452	assets/theme_026_chapters_19/class_01_plain/subclass_000/orientation_004.png
26010000501	assets/theme_026_chapters_19/class_01_plain/subclass_000/orientation_005.png
26010100001	assets/theme_026_chapters_19/class_01_plain/subclass_001/orientation_000.png
26010100101	assets/theme_026_chapters_19/class_01_plain/subclass_001/orientation_001.png
26010100201	assets/theme_026_chapters_19/class_01_plain/subclass_001/orientation_002.png
26080000016	assets/theme_026_chapters_19/class_08_plain_road/subclass_000/orientation_000.png
26080000102	assets/theme_026_chapters_19/class_08_plain_road/subclass_000/orientation_001.png
26080000202	assets/theme_026_chapters_19/class_08_plain_road/subclass_000/orientation_002.png
26080000302	assets/theme_026_chapters_19/class_08_plain_road/subclass_000/orientation_003.png
26080000402	assets/theme_026_chapters_19/class_08_plain_road/subclass_000/orientation_004.png
26080000502	assets/theme_026_chapters_19/class_08_plain_road/subclass_000/orientation_005.png
26080000618	assets/theme_026_chapters_19/class_08_plain_road/subclass_000/orientation_006.png
26080000702	assets/theme_026_chapters_19/class_08_plain_road/subclass_000/orientation_007.png
26080000818	assets/theme_026_chapters_19/class_08_plain_road/subclass_000/orientation_008.png
26080000902	assets/theme_026_chapters_19/class_08_plain_road/subclass_000/orientation_009.png
26230000000	assets/theme_026_chapters_19/class_23_wall/subclass_000/orientation_000.png
26230000118	assets/theme_026_chapters_19/class_23_wall/subclass_000/orientation_001.png
26230000218	assets/theme_026_chapters_19/class_23_wall/subclass_000/orientation_002.png
26230000318	assets/theme_026_chapters_19/class_23_wall/subclass_000/orientation_003.png
26230000400	assets/theme_026_chapters_19/class_23_wall/subclass_000/orientation_004.png
26230000518	assets/theme_026_chapters_19/class_23_wall/subclass_000/orientation_005.png
26230000646	assets/theme_026_chapters_19/class_23_wall/subclass_000/orientation_006.png
26230000718	assets/theme_026_chapters_19/class_23_wall/subclass_000/orientation_007.png
26230000801	assets/theme_026_chapters_19/class_23_wall/subclass_000/orientation_008.png
26230000900	assets/theme_026_chapters_19/class_23_wall/subclass_000/orientation_009.png
26230001018	assets/theme_026_chapters_19/class_23_wall/subclass_000/orientation_010.png
26230001118	assets/theme_026_chapters_19/class_23_wall/subclass_000/orientation_011.png
26230001218	assets/theme_026_chapters_19/class_23_wall/subclass_000/orientation_012.png
26230001318	assets/theme_026_chapters_19/class_23_wall/subclass_000/orientation_013.png
26230001418	assets/theme_026_chapters_19/class_23_wall/subclass_000/orientation_014.png
26230001518	assets/theme_026_chapters_19/class_23_wall/subclass_000/orientation_015.png
26230001644	assets/theme_026_chapters_19/class_23_wall/subclass_000/orientation_016.png
26230001735	assets/theme_026_chapters_19/class_23_wall/subclass_000/orientation_017.png
26230001818	assets/theme_026_chapters_19/class_23_wall/subclass_000/orientation_018.png
26230001918	assets/theme_026_chapters_19/class_23_wall/subclass_000/orientation_019.png
26230002018	assets/theme_026_chapters_19/class_23_wall/subclass_000/orientation_020.png
26230002118	assets/theme_026_chapters_19/class_23_wall/subclass_000/orientation_021.png
26230002218	assets/theme_026_chapters_19/class_23_wall/subclass_000/orientation_022.png
26230002318	assets/theme_026_chapters_19/class_23_wall/subclass_000/orientation_023.png
26230002418	assets/theme_026_chapters_19/class_23_wall/subclass_000/orientation_024.png
26230002518	assets/theme_026_chapters_19/class_23_wall/subclass_000/orientation_025.png
26230002601	assets/theme_026_chapters_19/class_23_wall/subclass_000/orientation_026.png
26250000013	assets/theme_026_chapters_19/class_25_floor/subclass_000/orientation_000.png
26250000112	assets/theme_026_chapters_19/class_25_floor/subclass_000/orientation_001.png
26250000213	assets/theme_026_chapters_19/class_25_floor/subclass_000/orientation_002.png
26250000316	assets/theme_026_chapters_19/class_25_floor/subclass_000/orientation_003.png
26250000418	assets/theme_026_chapters_19/class_25_floor/subclass_000/orientation_004.png
26250000544	assets/theme_026_chapters_19/class_25_floor/subclass_000/orientation_005.png
26250000616	assets/theme_026_chapters_19/class_25_floor/subclass_000/orientation_006.png
26250000716	assets/theme_026_chapters_19/class_25_floor/subclass_000/orientation_007.png
26250000818	assets/theme_026_chapters_19/class_25_floor/subclass_000/orientation_008.png
26250000918	assets/theme_026_chapters_19/class_25_floor/subclass_000/orientation_009.png
26250001018	assets/theme_026_chapters_19/class_25_floor/subclass_000/orientation_010.png
26250001116	assets/theme_026_chapters_19/class_25_floor/subclass_000/orientation_011.png
26250001218	assets/theme_026_chapters_19/class_25_floor/subclass_000/orientation_012.png
26250001316	assets/theme_026_chapters_19/class_25_floor/subclass_000/orientation_013.png
26250001418	assets/theme_026_chapters_19/class_25_floor/subclass_000/orientation_014.png
26250001518	assets/theme_026_chapters_19/class_25_floor/subclass_000/orientation_015.png
26250001617	assets/theme_026_chapters_19/class_25_floor/subclass_000/orientation_016.png
26250001713	assets/theme_026_chapters_19/class_25_floor/subclass_000/orientation_017.png
26250001813	assets/theme_026_chapters_19/class_25_floor/subclass_000/orientation_018.png
26250001900	assets/theme_026_chapters_19/class_25_floor/subclass_000/orientation_019.png
26260000018	assets/theme_026_chapters_19/class_26_stairs/subclass_000/orientation_000.png
26260000118	assets/theme_026_chapters_19/class_26_stairs/subclass_000/orientation_001.png
26260000218	assets/theme_026_chapters_19/class_26_stairs/subclass_000/orientation_002.png
26260100018	assets/theme_026_chapters_19/class_26_stairs/subclass_001/orientation_000.png
26260100118	assets/theme_026_chapters_19/class_26_stairs/subclass_001/orientation_001.png
26260200018	assets/theme_026_chapters_19/class_26_stairs/subclass_002/orientation_000.png
26260200118	assets/theme_026_chapters_19/class_26_stairs/subclass_002/orientation_001.png
26260300018	assets/theme_026_chapters_19/class_26_stairs/subclass_003/orientation_000.png
26270000018	assets/theme_026_chapters_19/class_27_door/subclass_000/orientation_000.png
26340000018	assets/theme_026_chapters_19/class_34_pillar/subclass_000/orientation_000.png
26350000001	assets/theme_026_chapters_19/class_35_throne/subclass_000/orientation_000.png
26360100033	assets/theme_026_chapters_19/class_36_chest/subclass_001/orientation_000.png
26470000044	assets/theme_026_chapters_19/class_47_brace/subclass_000/orientation_000.png
26470000118	assets/theme_026_chapters_19/class_47_brace/subclass_000/orientation_001.png
26470000218	assets/theme_026_chapters_19/class_47_brace/subclass_000/orientation_002.png
26470000301	assets/theme_026_chapters_19/class_47_brace/subclass_000/orientation_003.png
26470000401	assets/theme_026_chapters_19/class_47_brace/subclass_000/orientation_004.png
26470000544	assets/theme_026_chapters_19/class_47_brace/subclass_000/orientation_005.png
26470000600	assets/theme_026_chapters_19/class_47_brace/subclass_000/orientation_006.png
26470000718	assets/theme_026_chapters_19/class_47_brace/subclass_000/orientation_007.png
26470000818	assets/theme_026_chapters_19/class_47_brace/subclass_000/orientation_008.png
26470000918	assets/theme_026_chapters_19/class_47_brace/subclass_000/orientation_009.png
26470001000	assets/theme_026_chapters_19/class_47_brace/subclass_000/orientation_010.png
26470001118	assets/theme_026_chapters_19/class_47_brace/subclass_000/orientation_011.png
26470001200	assets/theme_026_chapters_19/class_47_brace/subclass_000/orientation_012.png
26470001344	assets/theme_026_chapters_19/class_47_brace/subclass_000/orientation_013.png
26470001444	assets/theme_026_chapters_19/class_47_brace/subclass_000/orientation_014.png
27010000000	assets/theme_027_chapters_20/class_01_plain/subclass_000/orientation_000.png
27010000100	assets/theme_027_chapters_20/class_01_plain/subclass_000/orientation_001.png
27010000200	assets/theme_027_chapters_20/class_01_plain/subclass_000/orientation_002.png
27010000363	assets/theme_027_chapters_20/class_01_plain/subclass_000/orientation_003.png
27010000459	assets/theme_027_chapters_20/class_01_plain/subclass_000/orientation_004.png
27010000500	assets/theme_027_chapters_20/class_01_plain/subclass_000/orientation_005.png
27010000659	assets/theme_027_chapters_20/class_01_plain/subclass_000/orientation_006.png
27010000700	assets/theme_027_chapters_20/class_01_plain/subclass_000/orientation_007.png
27010000859	assets/theme_027_chapters_20/class_01_plain/subclass_000/orientation_008.png
27010000900	assets/theme_027_chapters_20/class_01_plain/subclass_000/orientation_009.png
27010001000	assets/theme_027_chapters_20/class_01_plain/subclass_000/orientation_010.png
27010001159	assets/theme_027_chapters_20/class_01_plain/subclass_000/orientation_011.png
27010001200	assets/theme_027_chapters_20/class_01_plain/subclass_000/orientation_012.png
27010001300	assets/theme_027_chapters_20/class_01_plain/subclass_000/orientation_013.png
27010001459	assets/theme_027_chapters_20/class_01_plain/subclass_000/orientation_014.png
27010001500	assets/theme_027_chapters_20/class_01_plain/subclass_000/orientation_015.png
27010001600	assets/theme_027_chapters_20/class_01_plain/subclass_000/orientation_016.png
27010001700	assets/theme_027_chapters_20/class_01_plain/subclass_000/orientation_017.png
27010001800	assets/theme_027_chapters_20/class_01_plain/subclass_000/orientation_018.png
27010001900	assets/theme_027_chapters_20/class_01_plain/subclass_000/orientation_019.png
27010002059	assets/theme_027_chapters_20/class_01_plain/subclass_000/orientation_020.png
27010002100	assets/theme_027_chapters_20/class_01_plain/subclass_000/orientation_021.png
27010002200	assets/theme_027_chapters_20/class_01_plain/subclass_000/orientation_022.png
27010002359	assets/theme_027_chapters_20/class_01_plain/subclass_000/orientation_023.png
27010002400	assets/theme_027_chapters_20/class_01_plain/subclass_000/orientation_024.png
27010002559	assets/theme_027_chapters_20/class_01_plain/subclass_000/orientation_025.png
27010002600	assets/theme_027_chapters_20/class_01_plain/subclass_000/orientation_026.png
27010002700	assets/theme_027_chapters_20/class_01_plain/subclass_000/orientation_027.png
27010002826	assets/theme_027_chapters_20/class_01_plain/subclass_000/orientation_028.png
27010002900	assets/theme_027_chapters_20/class_01_plain/subclass_000/orientation_029.png
27010003059	assets/theme_027_chapters_20/class_01_plain/subclass_000/orientation_030.png
27010003159	assets/theme_027_chapters_20/class_01_plain/subclass_000/orientation_031.png
27010003259	assets/theme_027_chapters_20/class_01_plain/subclass_000/orientation_032.png
27010003359	assets/theme_027_chapters_20/class_01_plain/subclass_000/orientation_033.png
27010003459	assets/theme_027_chapters_20/class_01_plain/subclass_000/orientation_034.png
27010003500	assets/theme_027_chapters_20/class_01_plain/subclass_000/orientation_035.png
27010003600	assets/theme_027_chapters_20/class_01_plain/subclass_000/orientation_036.png
27010003759	assets/theme_027_chapters_20/class_01_plain/subclass_000/orientation_037.png
27010003859	assets/theme_027_chapters_20/class_01_plain/subclass_000/orientation_038.png
27010003959	assets/theme_027_chapters_20/class_01_plain/subclass_000/orientation_039.png
27010004000	assets/theme_027_chapters_20/class_01_plain/subclass_000/orientation_040.png
27020000023	assets/theme_027_chapters_20/class_02_forest/subclass_000/orientation_000.png
27020000123	assets/theme_027_chapters_20/class_02_forest/subclass_000/orientation_001.png
27020000223	assets/theme_027_chapters_20/class_02_forest/subclass_000/orientation_002.png
27020000323	assets/theme_027_chapters_20/class_02_forest/subclass_000/orientation_003.png
27020000426	assets/theme_027_chapters_20/class_02_forest/subclass_000/orientation_004.png
27020000500	assets/theme_027_chapters_20/class_02_forest/subclass_000/orientation_005.png
27020000623	assets/theme_027_chapters_20/class_02_forest/subclass_000/orientation_006.png
27020000723	assets/theme_027_chapters_20/class_02_forest/subclass_000/orientation_007.png
27020000823	assets/theme_027_chapters_20/class_02_forest/subclass_000/orientation_008.png
27020000923	assets/theme_027_chapters_20/class_02_forest/subclass_000/orientation_009.png
27020001023	assets/theme_027_chapters_20/class_02_forest/subclass_000/orientation_010.png
27020001123	assets/theme_027_chapters_20/class_02_forest/subclass_000/orientation_011.png
27020001223	assets/theme_027_chapters_20/class_02_forest/subclass_000/orientation_012.png
27020001323	assets/theme_027_chapters_20/class_02_forest/subclass_000/orientation_013.png
27020001423	assets/theme_027_chapters_20/class_02_forest/subclass_000/orientation_014.png
27020001526	assets/theme_027_chapters_20/class_02_forest/subclass_000/orientation_015.png
27020001623	assets/theme_027_chapters_20/class_02_forest/subclass_000/orientation_016.png
27030000000	assets/theme_027_chapters_20/class_03_mountain/subclass_000/orientation_000.png
27030000100	assets/theme_027_chapters_20/class_03_mountain/subclass_000/orientation_001.png
27030000200	assets/theme_027_chapters_20/class_03_mountain/subclass_000/orientation_002.png
27030000300	assets/theme_027_chapters_20/class_03_mountain/subclass_000/orientation_003.png
27040000059	assets/theme_027_chapters_20/class_04_peak/subclass_000/orientation_000.png
27040000159	assets/theme_027_chapters_20/class_04_peak/subclass_000/orientation_001.png
27040000200	assets/theme_027_chapters_20/class_04_peak/subclass_000/orientation_002.png
27040000359	assets/theme_027_chapters_20/class_04_peak/subclass_000/orientation_003.png
27040000400	assets/theme_027_chapters_20/class_04_peak/subclass_000/orientation_004.png
27040000523	assets/theme_027_chapters_20/class_04_peak/subclass_000/orientation_005.png
27040000663	assets/theme_027_chapters_20/class_04_peak/subclass_000/orientation_006.png
27040000700	assets/theme_027_chapters_20/class_04_peak/subclass_000/orientation_007.png
27040000800	assets/theme_027_chapters_20/class_04_peak/subclass_000/orientation_008.png
27040000900	assets/theme_027_chapters_20/class_04_peak/subclass_000/orientation_009.png
27040001029	assets/theme_027_chapters_20/class_04_peak/subclass_000/orientation_010.png
27040001159	assets/theme_027_chapters_20/class_04_peak/subclass_000/orientation_011.png
27040001263	assets/theme_027_chapters_20/class_04_peak/subclass_000/orientation_012.png
27040001359	assets/theme_027_chapters_20/class_04_peak/subclass_000/orientation_013.png
27040001459	assets/theme_027_chapters_20/class_04_peak/subclass_000/orientation_014.png
27040001500	assets/theme_027_chapters_20/class_04_peak/subclass_000/orientation_015.png
27040001600	assets/theme_027_chapters_20/class_04_peak/subclass_000/orientation_016.png
27040001700	assets/theme_027_chapters_20/class_04_peak/subclass_000/orientation_017.png
27040001859	assets/theme_027_chapters_20/class_04_peak/subclass_000/orientation_018.png
27040001959	assets/theme_027_chapters_20/class_04_peak/subclass_000/orientation_019.png
27040002026	assets/theme_027_chapters_20/class_04_peak/subclass_000/orientation_020.png
27040002100	assets/theme_027_chapters_20/class_04_peak/subclass_000/orientation_021.png
27040002263	assets/theme_027_chapters_20/class_04_peak/subclass_000/orientation_022.png
27040002359	assets/theme_027_chapters_20/class_04_peak/subclass_000/orientation_023.png
27040002459	assets/theme_027_chapters_20/class_04_peak/subclass_000/orientation_024.png
27040002559	assets/theme_027_chapters_20/class_04_peak/subclass_000/orientation_025.png
27040002600	assets/theme_027_chapters_20/class_04_peak/subclass_000/orientation_026.png
27040002700	assets/theme_027_chapters_20/class_04_peak/subclass_000/orientation_027.png
27040002800	assets/theme_027_chapters_20/class_04_peak/subclass_000/orientation_028.png
27040002900	assets/theme_027_chapters_20/class_04_peak/subclass_000/orientation_029.png
27040003063	assets/theme_027_chapters_20/class_04_peak/subclass_000/orientation_030.png
27040003159	assets/theme_027_chapters_20/class_04_peak/subclass_000/orientation_031.png
27040003200	assets/theme_027_chapters_20/class_04_peak/subclass_000/orientation_032.png
27040003359	assets/theme_027_chapters_20/class_04_peak/subclass_000/orientation_033.png
27040003426	assets/theme_027_chapters_20/class_04_peak/subclass_000/orientation_034.png
27040003559	assets/theme_027_chapters_20/class_04_peak/subclass_000/orientation_035.png
27040003600	assets/theme_027_chapters_20/class_04_peak/subclass_000/orientation_036.png
27040003700	assets/theme_027_chapters_20/class_04_peak/subclass_000/orientation_037.png
27040003800	assets/theme_027_chapters_20/class_04_peak/subclass_000/orientation_038.png
27040003900	assets/theme_027_chapters_20/class_04_peak/subclass_000/orientation_039.png
27040004000	assets/theme_027_chapters_20/class_04_peak/subclass_000/orientation_040.png
27040004100	assets/theme_027_chapters_20/class_04_peak/subclass_000/orientation_041.png
27040004223	assets/theme_027_chapters_20/class_04_peak/subclass_000/orientation_042.png
27040004323	assets/theme_027_chapters_20/class_04_peak/subclass_000/orientation_043.png
27040004400	assets/theme_027_chapters_20/class_04_peak/subclass_000/orientation_044.png
27040004559	assets/theme_027_chapters_20/class_04_peak/subclass_000/orientation_045.png
27040004600	assets/theme_027_chapters_20/class_04_peak/subclass_000/orientation_046.png
27040004700	assets/theme_027_chapters_20/class_04_peak/subclass_000/orientation_047.png
27040004800	assets/theme_027_chapters_20/class_04_peak/subclass_000/orientation_048.png
27040004900	assets/theme_027_chapters_20/class_04_peak/subclass_000/orientation_049.png
27040005026	assets/theme_027_chapters_20/class_04_peak/subclass_000/orientation_050.png
27040005159	assets/theme_027_chapters_20/class_04_peak/subclass_000/orientation_051.png
27040005200	assets/theme_027_chapters_20/class_04_peak/subclass_000/orientation_052.png
27040005300	assets/theme_027_chapters_20/class_04_peak/subclass_000/orientation_053.png
27040005400	assets/theme_027_chapters_20/class_04_peak/subclass_000/orientation_054.png
27040005523	assets/theme_027_chapters_20/class_04_peak/subclass_000/orientation_055.png
27040005600	assets/theme_027_chapters_20/class_04_peak/subclass_000/orientation_056.png
27040005700	assets/theme_027_chapters_20/class_04_peak/subclass_000/orientation_057.png
27040005800	assets/theme_027_chapters_20/class_04_peak/subclass_000/orientation_058.png
27040005959	assets/theme_027_chapters_20/class_04_peak/subclass_000/orientation_059.png
27040006026	assets/theme_027_chapters_20/class_04_peak/subclass_000/orientation_060.png
27040006100	assets/theme_027_chapters_20/class_04_peak/subclass_000/orientation_061.png
27040006200	assets/theme_027_chapters_20/class_04_peak/subclass_000/orientation_062.png
27040006300	assets/theme_027_chapters_20/class_04_peak/subclass_000/orientation_063.png
27040006423	assets/theme_027_chapters_20/class_04_peak/subclass_000/orientation_064.png
27040006526	assets/theme_027_chapters_20/class_04_peak/subclass_000/orientation_065.png
27040006623	assets/theme_027_chapters_20/class_04_peak/subclass_000/orientation_066.png
27040006726	assets/theme_027_chapters_20/class_04_peak/subclass_000/orientation_067.png
27040006859	assets/theme_027_chapters_20/class_04_peak/subclass_000/orientation_068.png
27040006900	assets/theme_027_chapters_20/class_04_peak/subclass_000/orientation_069.png
27040007059	assets/theme_027_chapters_20/class_04_peak/subclass_000/orientation_070.png
27040007163	assets/theme_027_chapters_20/class_04_peak/subclass_000/orientation_071.png
27040007200	assets/theme_027_chapters_20/class_04_peak/subclass_000/orientation_072.png
27040007359	assets/theme_027_chapters_20/class_04_peak/subclass_000/orientation_073.png
27060000000	assets/theme_027_chapters_20/class_06_cliff/subclass_000/orientation_000.png
27060000100	assets/theme_027_chapters_20/class_06_cliff/subclass_000/orientation_001.png
27060000200	assets/theme_027_chapters_20/class_06_cliff/subclass_000/orientation_002.png
27060000300	assets/theme_027_chapters_20/class_06_cliff/subclass_000/orientation_003.png
27060000400	assets/theme_027_chapters_20/class_06_cliff/subclass_000/orientation_004.png
27060000500	assets/theme_027_chapters_20/class_06_cliff/subclass_000/orientation_005.png
27060000600	assets/theme_027_chapters_20/class_06_cliff/subclass_000/orientation_006.png
27060100000	assets/theme_027_chapters_20/class_06_cliff/subclass_001/orientation_000.png
27060100100	assets/theme_027_chapters_20/class_06_cliff/subclass_001/orientation_001.png
27060100200	assets/theme_027_chapters_20/class_06_cliff/subclass_001/orientation_002.png
27060100300	assets/theme_027_chapters_20/class_06_cliff/subclass_001/orientation_003.png
27060100400	assets/theme_027_chapters_20/class_06_cliff/subclass_001/orientation_004.png
27060100500	assets/theme_027_chapters_20/class_06_cliff/subclass_001/orientation_005.png
27060100600	assets/theme_027_chapters_20/class_06_cliff/subclass_001/orientation_006.png
27060100700	assets/theme_027_chapters_20/class_06_cliff/subclass_001/orientation_007.png
27060100800	assets/theme_027_chapters_20/class_06_cliff/subclass_001/orientation_008.png
27060100900	assets/theme_027_chapters_20/class_06_cliff/subclass_001/orientation_009.png
27060101000	assets/theme_027_chapters_20/class_06_cliff/subclass_001/orientation_010.png
27060101100	assets/theme_027_chapters_20/class_06_cliff/subclass_001/orientation_011.png
27130000000	assets/theme_027_chapters_20/class_13_lake/subclass_000/orientation_000.png
27130000100	assets/theme_027_chapters_20/class_13_lake/subclass_000/orientation_001.png
27280000023	assets/theme_027_chapters_20/class_28_gate/subclass_000/orientation_000.png
27390000023	assets/theme_027_chapters_20/class_39_thicket/subclass_000/orientation_000.png
27390000123	assets/theme_027_chapters_20/class_39_thicket/subclass_000/orientation_001.png
27390000223	assets/theme_027_chapters_20/class_39_thicket/subclass_000/orientation_002.png
27390000323	assets/theme_027_chapters_20/class_39_thicket/subclass_000/orientation_003.png
27390000423	assets/theme_027_chapters_20/class_39_thicket/subclass_000/orientation_004.png
27390000523	assets/theme_027_chapters_20/class_39_thicket/subclass_000/orientation_005.png
27390000623	assets/theme_027_chapters_20/class_39_thicket/subclass_000/orientation_006.png
27390000723	assets/theme_027_chapters_20/class_39_thicket/subclass_000/orientation_007.png
27390000823	assets/theme_027_chapters_20/class_39_thicket/subclass_000/orientation_008.png
27490000023	assets/theme_027_chapters_20/class_49_dashdash/subclass_000/orientation_000.png
27490000100	assets/theme_027_chapters_20/class_49_dashdash/subclass_000/orientation_001.png
27490000223	assets/theme_027_chapters_20/class_49_dashdash/subclass_000/orientation_002.png
27490000323	assets/theme_027_chapters_20/class_49_dashdash/subclass_000/orientation_003.png
27490000400	assets/theme_027_chapters_20/class_49_dashdash/subclass_000/orientation_004.png
28230000026	assets/theme_028_chapters_final1/class_23_wall/subclass_000/orientation_000.png
28230000126	assets/theme_028_chapters_final1/class_23_wall/subclass_000/orientation_001.png
28230000226	assets/theme_028_chapters_final1/class_23_wall/subclass_000/orientation_002.png
28230000326	assets/theme_028_chapters_final1/class_23_wall/subclass_000/orientation_003.png
28230000426	assets/theme_028_chapters_final1/class_23_wall/subclass_000/orientation_004.png
28230000526	assets/theme_028_chapters_final1/class_23_wall/subclass_000/orientation_005.png
28230000626	assets/theme_028_chapters_final1/class_23_wall/subclass_000/orientation_006.png
28230000726	assets/theme_028_chapters_final1/class_23_wall/subclass_000/orientation_007.png
28230000826	assets/theme_028_chapters_final1/class_23_wall/subclass_000/orientation_008.png
28230000926	assets/theme_028_chapters_final1/class_23_wall/subclass_000/orientation_009.png
28230001026	assets/theme_028_chapters_final1/class_23_wall/subclass_000/orientation_010.png
28230001126	assets/theme_028_chapters_final1/class_23_wall/subclass_000/orientation_011.png
28230001226	assets/theme_028_chapters_final1/class_23_wall/subclass_000/orientation_012.png
28230001326	assets/theme_028_chapters_final1/class_23_wall/subclass_000/orientation_013.png
28230001426	assets/theme_028_chapters_final1/class_23_wall/subclass_000/orientation_014.png
28230001526	assets/theme_028_chapters_final1/class_23_wall/subclass_000/orientation_015.png
28230001626	assets/theme_028_chapters_final1/class_23_wall/subclass_000/orientation_016.png
28230001726	assets/theme_028_chapters_final1/class_23_wall/subclass_000/orientation_017.png
28230001826	assets/theme_028_chapters_final1/class_23_wall/subclass_000/orientation_018.png
28230100026	assets/theme_028_chapters_final1/class_23_wall/subclass_001/orientation_000.png
28230100126	assets/theme_028_chapters_final1/class_23_wall/subclass_001/orientation_001.png
28230100226	assets/theme_028_chapters_final1/class_23_wall/subclass_001/orientation_002.png
28230100326	assets/theme_028_chapters_final1/class_23_wall/subclass_001/orientation_003.png
28230100426	assets/theme_028_chapters_final1/class_23_wall/subclass_001/orientation_004.png
28230100526	assets/theme_028_chapters_final1/class_23_wall/subclass_001/orientation_005.png
28230100626	assets/theme_028_chapters_final1/class_23_wall/subclass_001/orientation_006.png
28230100726	assets/theme_028_chapters_final1/class_23_wall/subclass_001/orientation_007.png
28230100826	assets/theme_028_chapters_final1/class_23_wall/subclass_001/orientation_008.png
28230200026	assets/theme_028_chapters_final1/class_23_wall/subclass_002/orientation_000.png
28230200126	assets/theme_028_chapters_final1/class_23_wall/subclass_002/orientation_001.png
28230200226	assets/theme_028_chapters_final1/class_23_wall/subclass_002/orientation_002.png
28230200326	assets/theme_028_chapters_final1/class_23_wall/subclass_002/orientation_003.png
28230200426	assets/theme_028_chapters_final1/class_23_wall/subclass_002/orientation_004.png
28230200526	assets/theme_028_chapters_final1/class_23_wall/subclass_002/orientation_005.png
28230200626	assets/theme_028_chapters_final1/class_23_wall/subclass_002/orientation_006.png
28230200726	assets/theme_028_chapters_final1/class_23_wall/subclass_002/orientation_007.png
28230200826	assets/theme_028_chapters_final1/class_23_wall/subclass_002/orientation_008.png
28250000023	assets/theme_028_chapters_final1/class_25_floor/subclass_000/orientation_000.png
28250000123	assets/theme_028_chapters_final1/class_25_floor/subclass_000/orientation_001.png
28250000223	assets/theme_028_chapters_final1/class_25_floor/subclass_000/orientation_002.png
28250000323	assets/theme_028_chapters_final1/class_25_floor/subclass_000/orientation_003.png
28250000423	assets/theme_028_chapters_final1/class_25_floor/subclass_000/orientation_004.png
28250000523	assets/theme_028_chapters_final1/class_25_floor/subclass_000/orientation_005.png
28250000623	assets/theme_028_chapters_final1/class_25_floor/subclass_000/orientation_006.png
28250000723	assets/theme_028_chapters_final1/class_25_floor/subclass_000/orientation_007.png
28250000823	assets/theme_028_chapters_final1/class_25_floor/subclass_000/orientation_008.png
28250000923	assets/theme_028_chapters_final1/class_25_floor/subclass_000/orientation_009.png
28250001023	assets/theme_028_chapters_final1/class_25_floor/subclass_000/orientation_010.png
28250001123	assets/theme_028_chapters_final1/class_25_floor/subclass_000/orientation_011.png
28250001223	assets/theme_028_chapters_final1/class_25_floor/subclass_000/orientation_012.png
28250001323	assets/theme_028_chapters_final1/class_25_floor/subclass_000/orientation_013.png
28250001423	assets/theme_028_chapters_final1/class_25_floor/subclass_000/orientation_014.png
28250001523	assets/theme_028_chapters_final1/class_25_floor/subclass_000/orientation_015.png
28250001623	assets/theme_028_chapters_final1/class_25_floor/subclass_000/orientation_016.png
28250001723	assets/theme_028_chapters_final1/class_25_floor/subclass_000/orientation_017.png
28250001823	assets/theme_028_chapters_final1/class_25_floor/subclass_000/orientation_018.png
28250001923	assets/theme_028_chapters_final1/class_25_floor/subclass_000/orientation_019.png
28250002023	assets/theme_028_chapters_final1/class_25_floor/subclass_000/orientation_020.png
28250002123	assets/theme_028_chapters_final1/class_25_floor/subclass_000/orientation_021.png
28250002223	assets/theme_028_chapters_final1/class_25_floor/subclass_000/orientation_022.png
28250002323	assets/theme_028_chapters_final1/class_25_floor/subclass_000/orientation_023.png
28250002423	assets/theme_028_chapters_final1/class_25_floor/subclass_000/orientation_024.png
28250002523	assets/theme_028_chapters_final1/class_25_floor/subclass_000/orientation_025.png
28250002623	assets/theme_028_chapters_final1/class_25_floor/subclass_000/orientation_026.png
28250002723	assets/theme_028_chapters_final1/class_25_floor/subclass_000/orientation_027.png
28250002823	assets/theme_028_chapters_final1/class_25_floor/subclass_000/orientation_028.png
28250002923	assets/theme_028_chapters_final1/class_25_floor/subclass_000/orientation_029.png
28250003023	assets/theme_028_chapters_final1/class_25_floor/subclass_000/orientation_030.png
28250003123	assets/theme_028_chapters_final1/class_25_floor/subclass_000/orientation_031.png
28250003223	assets/theme_028_chapters_final1/class_25_floor/subclass_000/orientation_032.png
28250003323	assets/theme_028_chapters_final1/class_25_floor/subclass_000/orientation_033.png
28250003423	assets/theme_028_chapters_final1/class_25_floor/subclass_000/orientation_034.png
28250003523	assets/theme_028_chapters_final1/class_25_floor/subclass_000/orientation_035.png
28250003623	assets/theme_028_chapters_final1/class_25_floor/subclass_000/orientation_036.png
28250003723	assets/theme_028_chapters_final1/class_25_floor/subclass_000/orientation_037.png
28250003823	assets/theme_028_chapters_final1/class_25_floor/subclass_000/orientation_038.png
28250003923	assets/theme_028_chapters_final1/class_25_floor/subclass_000/orientation_039.png
28250004023	assets/theme_028_chapters_final1/class_25_floor/subclass_000/orientation_040.png
28250004123	assets/theme_028_chapters_final1/class_25_floor/subclass_000/orientation_041.png
28250004223	assets/theme_028_chapters_final1/class_25_floor/subclass_000/orientation_042.png
28250004323	assets/theme_028_chapters_final1/class_25_floor/subclass_000/orientation_043.png
28250004423	assets/theme_028_chapters_final1/class_25_floor/subclass_000/orientation_044.png
28250004523	assets/theme_028_chapters_final1/class_25_floor/subclass_000/orientation_045.png
28250004623	assets/theme_028_chapters_final1/class_25_floor/subclass_000/orientation_046.png
28250004723	assets/theme_028_chapters_final1/class_25_floor/subclass_000/orientation_047.png
28250004823	assets/theme_028_chapters_final1/class_25_floor/subclass_000/orientation_048.png
28250004923	assets/theme_028_chapters_final1/class_25_floor/subclass_000/orientation_049.png
28250005023	assets/theme_028_chapters_final1/class_25_floor/subclass_000/orientation_050.png
28250005123	assets/theme_028_chapters_final1/class_25_floor/subclass_000/orientation_051.png
28250005223	assets/theme_028_chapters_final1/class_25_floor/subclass_000/orientation_052.png
28250005323	assets/theme_028_chapters_final1/class_25_floor/subclass_000/orientation_053.png
28250005423	assets/theme_028_chapters_final1/class_25_floor/subclass_000/orientation_054.png
28250005523	assets/theme_028_chapters_final1/class_25_floor/subclass_000/orientation_055.png
28250005623	assets/theme_028_chapters_final1/class_25_floor/subclass_000/orientation_056.png
28250005723	assets/theme_028_chapters_final1/class_25_floor/subclass_000/orientation_057.png
28250005823	assets/theme_028_chapters_final1/class_25_floor/subclass_000/orientation_058.png
28250005923	assets/theme_028_chapters_final1/class_25_floor/subclass_000/orientation_059.png
28250006023	assets/theme_028_chapters_final1/class_25_floor/subclass_000/orientation_060.png
28250006123	assets/theme_028_chapters_final1/class_25_floor/subclass_000/orientation_061.png
28250006223	assets/theme_028_chapters_final1/class_25_floor/subclass_000/orientation_062.png
28250006323	assets/theme_028_chapters_final1/class_25_floor/subclass_000/orientation_063.png
28250006423	assets/theme_028_chapters_final1/class_25_floor/subclass_000/orientation_064.png
28250006523	assets/theme_028_chapters_final1/class_25_floor/subclass_000/orientation_065.png
28250006623	assets/theme_028_chapters_final1/class_25_floor/subclass_000/orientation_066.png
28250006723	assets/theme_028_chapters_final1/class_25_floor/subclass_000/orientation_067.png
28250006823	assets/theme_028_chapters_final1/class_25_floor/subclass_000/orientation_068.png
28250006923	assets/theme_028_chapters_final1/class_25_floor/subclass_000/orientation_069.png
28250007023	assets/theme_028_chapters_final1/class_25_floor/subclass_000/orientation_070.png
28250007123	assets/theme_028_chapters_final1/class_25_floor/subclass_000/orientation_071.png
28250007223	assets/theme_028_chapters_final1/class_25_floor/subclass_000/orientation_072.png
28250007323	assets/theme_028_chapters_final1/class_25_floor/subclass_000/orientation_073.png
28250007423	assets/theme_028_chapters_final1/class_25_floor/subclass_000/orientation_074.png
28250007523	assets/theme_028_chapters_final1/class_25_floor/subclass_000/orientation_075.png
28250007623	assets/theme_028_chapters_final1/class_25_floor/subclass_000/orientation_076.png
28250007723	assets/theme_028_chapters_final1/class_25_floor/subclass_000/orientation_077.png
28250007823	assets/theme_028_chapters_final1/class_25_floor/subclass_000/orientation_078.png
28250007923	assets/theme_028_chapters_final1/class_25_floor/subclass_000/orientation_079.png
28250008023	assets/theme_028_chapters_final1/class_25_floor/subclass_000/orientation_080.png
28250008123	assets/theme_028_chapters_final1/class_25_floor/subclass_000/orientation_081.png
28250008223	assets/theme_028_chapters_final1/class_25_floor/subclass_000/orientation_082.png
28250008323	assets/theme_028_chapters_final1/class_25_floor/subclass_000/orientation_083.png
28250008423	assets/theme_028_chapters_final1/class_25_floor/subclass_000/orientation_084.png
28250008523	assets/theme_028_chapters_final1/class_25_floor/subclass_000/orientation_085.png
28250008623	assets/theme_028_chapters_final1/class_25_floor/subclass_000/orientation_086.png
28250008723	assets/theme_028_chapters_final1/class_25_floor/subclass_000/orientation_087.png
28250008823	assets/theme_028_chapters_final1/class_25_floor/subclass_000/orientation_088.png
28250008923	assets/theme_028_chapters_final1/class_25_floor/subclass_000/orientation_089.png
28260000045	assets/theme_028_chapters_final1/class_26_stairs/subclass_000/orientation_000.png
28260000145	assets/theme_028_chapters_final1/class_26_stairs/subclass_000/orientation_001.png
28260000245	assets/theme_028_chapters_final1/class_26_stairs/subclass_000/orientation_002.png
28260000345	assets/theme_028_chapters_final1/class_26_stairs/subclass_000/orientation_003.png
28260000445	assets/theme_028_chapters_final1/class_26_stairs/subclass_000/orientation_004.png
28260100045	assets/theme_028_chapters_final1/class_26_stairs/subclass_001/orientation_000.png
28260200045	assets/theme_028_chapters_final1/class_26_stairs/subclass_002/orientation_000.png
28260200145	assets/theme_028_chapters_final1/class_26_stairs/subclass_002/orientation_001.png
28260200245	assets/theme_028_chapters_final1/class_26_stairs/subclass_002/orientation_002.png
28260200345	assets/theme_028_chapters_final1/class_26_stairs/subclass_002/orientation_003.png
28260300045	assets/theme_028_chapters_final1/class_26_stairs/subclass_003/orientation_000.png
28260300145	assets/theme_028_chapters_final1/class_26_stairs/subclass_003/orientation_001.png
28260400045	assets/theme_028_chapters_final1/class_26_stairs/subclass_004/orientation_000.png
28260400145	assets/theme_028_chapters_final1/class_26_stairs/subclass_004/orientation_001.png
28260400245	assets/theme_028_chapters_final1/class_26_stairs/subclass_004/orientation_002.png
28270000030	assets/theme_028_chapters_final1/class_27_door/subclass_000/orientation_000.png
28360000033	assets/theme_028_chapters_final1/class_36_chest/subclass_000/orientation_000.png
28430000059	assets/theme_028_chapters_final1/class_43_dark/subclass_000/orientation_000.png
28430000159	assets/theme_028_chapters_final1/class_43_dark/subclass_000/orientation_001.png
28430000259	assets/theme_028_chapters_final1/class_43_dark/subclass_000/orientation_002.png
28430000359	assets/theme_028_chapters_final1/class_43_dark/subclass_000/orientation_003.png
28430000459	assets/theme_028_chapters_final1/class_43_dark/subclass_000/orientation_004.png
28430000559	assets/theme_028_chapters_final1/class_43_dark/subclass_000/orientation_005.png
28430000659	assets/theme_028_chapters_final1/class_43_dark/subclass_000/orientation_006.png
28430000759	assets/theme_028_chapters_final1/class_43_dark/subclass_000/orientation_007.png
28430000859	assets/theme_028_chapters_final1/class_43_dark/subclass_000/orientation_008.png
28430000959	assets/theme_028_chapters_final1/class_43_dark/subclass_000/orientation_009.png
28430001059	assets/theme_028_chapters_final1/class_43_dark/subclass_000/orientation_010.png
28430001159	assets/theme_028_chapters_final1/class_43_dark/subclass_000/orientation_011.png
28430001259	assets/theme_028_chapters_final1/class_43_dark/subclass_000/orientation_012.png
28430001359	assets/theme_028_chapters_final1/class_43_dark/subclass_000/orientation_013.png
28430001459	assets/theme_028_chapters_final1/class_43_dark/subclass_000/orientation_014.png
28430001559	assets/theme_028_chapters_final1/class_43_dark/subclass_000/orientation_015.png
28430001659	assets/theme_028_chapters_final1/class_43_dark/subclass_000/orientation_016.png
28430001759	assets/theme_028_chapters_final1/class_43_dark/subclass_000/orientation_017.png
28430001859	assets/theme_028_chapters_final1/class_43_dark/subclass_000/orientation_018.png
28430001959	assets/theme_028_chapters_final1/class_43_dark/subclass_000/orientation_019.png
28430002059	assets/theme_028_chapters_final1/class_43_dark/subclass_000/orientation_020.png
28430002159	assets/theme_028_chapters_final1/class_43_dark/subclass_000/orientation_021.png
28430002259	assets/theme_028_chapters_final1/class_43_dark/subclass_000/orientation_022.png
28430002359	assets/theme_028_chapters_final1/class_43_dark/subclass_000/orientation_023.png
28430002459	assets/theme_028_chapters_final1/class_43_dark/subclass_000/orientation_024.png
28430002559	assets/theme_028_chapters_final1/class_43_dark/subclass_000/orientation_025.png
28430002659	assets/theme_028_chapters_final1/class_43_dark/subclass_000/orientation_026.png
28430002759	assets/theme_028_chapters_final1/class_43_dark/subclass_000/orientation_027.png
28430002859	assets/theme_028_chapters_final1/class_43_dark/subclass_000/orientation_028.png
28430002959	assets/theme_028_chapters_final1/class_43_dark/subclass_000/orientation_029.png
28430003059	assets/theme_028_chapters_final1/class_43_dark/subclass_000/orientation_030.png
28430003159	assets/theme_028_chapters_final1/class_43_dark/subclass_000/orientation_031.png
28430003259	assets/theme_028_chapters_final1/class_43_dark/subclass_000/orientation_032.png
28430003359	assets/theme_028_chapters_final1/class_43_dark/subclass_000/orientation_033.png
28430003459	assets/theme_028_chapters_final1/class_43_dark/subclass_000/orientation_034.png
28430003559	assets/theme_028_chapters_final1/class_43_dark/subclass_000/orientation_035.png
28430003659	assets/theme_028_chapters_final1/class_43_dark/subclass_000/orientation_036.png
28430003759	assets/theme_028_chapters_final1/class_43_dark/subclass_000/orientation_037.png
28430003859	assets/theme_028_chapters_final1/class_43_dark/subclass_000/orientation_038.png
28430003959	assets/theme_028_chapters_final1/class_43_dark/subclass_000/orientation_039.png
28430004059	assets/theme_028_chapters_final1/class_43_dark/subclass_000/orientation_040.png
28430004159	assets/theme_028_chapters_final1/class_43_dark/subclass_000/orientation_041.png
28430004259	assets/theme_028_chapters_final1/class_43_dark/subclass_000/orientation_042.png
28430004359	assets/theme_028_chapters_final1/class_43_dark/subclass_000/orientation_043.png
28430004459	assets/theme_028_chapters_final1/class_43_dark/subclass_000/orientation_044.png
28430004559	assets/theme_028_chapters_final1/class_43_dark/subclass_000/orientation_045.png
28430004659	assets/theme_028_chapters_final1/class_43_dark/subclass_000/orientation_046.png
28430004759	assets/theme_028_chapters_final1/class_43_dark/subclass_000/orientation_047.png
28430004859	assets/theme_028_chapters_final1/class_43_dark/subclass_000/orientation_048.png
28430004959	assets/theme_028_chapters_final1/class_43_dark/subclass_000/orientation_049.png
28430005059	assets/theme_028_chapters_final1/class_43_dark/subclass_000/orientation_050.png
28430005159	assets/theme_028_chapters_final1/class_43_dark/subclass_000/orientation_051.png
28430005259	assets/theme_028_chapters_final1/class_43_dark/subclass_000/orientation_052.png
28430005359	assets/theme_028_chapters_final1/class_43_dark/subclass_000/orientation_053.png
28430005459	assets/theme_028_chapters_final1/class_43_dark/subclass_000/orientation_054.png
28470000063	assets/theme_028_chapters_final1/class_47_brace/subclass_000/orientation_000.png
28470000163	assets/theme_028_chapters_final1/class_47_brace/subclass_000/orientation_001.png
28470000263	assets/theme_028_chapters_final1/class_47_brace/subclass_000/orientation_002.png
28470000363	assets/theme_028_chapters_final1/class_47_brace/subclass_000/orientation_003.png
28470000463	assets/theme_028_chapters_final1/class_47_brace/subclass_000/orientation_004.png
28470000563	assets/theme_028_chapters_final1/class_47_brace/subclass_000/orientation_005.png
28470000663	assets/theme_028_chapters_final1/class_47_brace/subclass_000/orientation_006.png
28470000763	assets/theme_028_chapters_final1/class_47_brace/subclass_000/orientation_007.png
28470000863	assets/theme_028_chapters_final1/class_47_brace/subclass_000/orientation_008.png
28470000963	assets/theme_028_chapters_final1/class_47_brace/subclass_000/orientation_009.png
28470001063	assets/theme_028_chapters_final1/class_47_brace/subclass_000/orientation_010.png
28470001163	assets/theme_028_chapters_final1/class_47_brace/subclass_000/orientation_011.png
28470001263	assets/theme_028_chapters_final1/class_47_brace/subclass_000/orientation_012.png
28470100063	assets/theme_028_chapters_final1/class_47_brace/subclass_001/orientation_000.png
29230000026	assets/theme_029_chapters_final2/class_23_wall/subclass_000/orientation_000.png
29230000126	assets/theme_029_chapters_final2/class_23_wall/subclass_000/orientation_001.png
29230000226	assets/theme_029_chapters_final2/class_23_wall/subclass_000/orientation_002.png
29230000326	assets/theme_029_chapters_final2/class_23_wall/subclass_000/orientation_003.png
29230000426	assets/theme_029_chapters_final2/class_23_wall/subclass_000/orientation_004.png
29230000526	assets/theme_029_chapters_final2/class_23_wall/subclass_000/orientation_005.png
29230000626	assets/theme_029_chapters_final2/class_23_wall/subclass_000/orientation_006.png
29230000726	assets/theme_029_chapters_final2/class_23_wall/subclass_000/orientation_007.png
29230000826	assets/theme_029_chapters_final2/class_23_wall/subclass_000/orientation_008.png
29230000926	assets/theme_029_chapters_final2/class_23_wall/subclass_000/orientation_009.png
29230001026	assets/theme_029_chapters_final2/class_23_wall/subclass_000/orientation_010.png
29250000023	assets/theme_029_chapters_final2/class_25_floor/subclass_000/orientation_000.png
29250000123	assets/theme_029_chapters_final2/class_25_floor/subclass_000/orientation_001.png
29250000223	assets/theme_029_chapters_final2/class_25_floor/subclass_000/orientation_002.png
29250000323	assets/theme_029_chapters_final2/class_25_floor/subclass_000/orientation_003.png
29250000423	assets/theme_029_chapters_final2/class_25_floor/subclass_000/orientation_004.png
29250000523	assets/theme_029_chapters_final2/class_25_floor/subclass_000/orientation_005.png
29250000623	assets/theme_029_chapters_final2/class_25_floor/subclass_000/orientation_006.png
29250000723	assets/theme_029_chapters_final2/class_25_floor/subclass_000/orientation_007.png
29250000823	assets/theme_029_chapters_final2/class_25_floor/subclass_000/orientation_008.png
29250000923	assets/theme_029_chapters_final2/class_25_floor/subclass_000/orientation_009.png
29250001023	assets/theme_029_chapters_final2/class_25_floor/subclass_000/orientation_010.png
29250001123	assets/theme_029_chapters_final2/class_25_floor/subclass_000/orientation_011.png
29250001223	assets/theme_029_chapters_final2/class_25_floor/subclass_000/orientation_012.png
29250001323	assets/theme_029_chapters_final2/class_25_floor/subclass_000/orientation_013.png
29250001423	assets/theme_029_chapters_final2/class_25_floor/subclass_000/orientation_014.png
29250001523	assets/theme_029_chapters_final2/class_25_floor/subclass_000/orientation_015.png
29250001623	assets/theme_029_chapters_final2/class_25_floor/subclass_000/orientation_016.png
29250001723	assets/theme_029_chapters_final2/class_25_floor/subclass_000/orientation_017.png
29250001823	assets/theme_029_chapters_final2/class_25_floor/subclass_000/orientation_018.png
29250001923	assets/theme_029_chapters_final2/class_25_floor/subclass_000/orientation_019.png
29250002023	assets/theme_029_chapters_final2/class_25_floor/subclass_000/orientation_020.png
29250002123	assets/theme_029_chapters_final2/class_25_floor/subclass_000/orientation_021.png
29250002223	assets/theme_029_chapters_final2/class_25_floor/subclass_000/orientation_022.png
29250002323	assets/theme_029_chapters_final2/class_25_floor/subclass_000/orientation_023.png
29250002423	assets/theme_029_chapters_final2/class_25_floor/subclass_000/orientation_024.png
29250002523	assets/theme_029_chapters_final2/class_25_floor/subclass_000/orientation_025.png
29250002623	assets/theme_029_chapters_final2/class_25_floor/subclass_000/orientation_026.png
29250002723	assets/theme_029_chapters_final2/class_25_floor/subclass_000/orientation_027.png
29250002823	assets/theme_029_chapters_final2/class_25_floor/subclass_000/orientation_028.png
29250002923	assets/theme_029_chapters_final2/class_25_floor/subclass_000/orientation_029.png
29250003023	assets/theme_029_chapters_final2/class_25_floor/subclass_000/orientation_030.png
29250003123	assets/theme_029_chapters_final2/class_25_floor/subclass_000/orientation_031.png
29250003223	assets/theme_029_chapters_final2/class_25_floor/subclass_000/orientation_032.png
29250003323	assets/theme_029_chapters_final2/class_25_floor/subclass_000/orientation_033.png
29250003423	assets/theme_029_chapters_final2/class_25_floor/subclass_000/orientation_034.png
29250003523	assets/theme_029_chapters_final2/class_25_floor/subclass_000/orientation_035.png
29250003623	assets/theme_029_chapters_final2/class_25_floor/subclass_000/orientation_036.png
29250003723	assets/theme_029_chapters_final2/class_25_floor/subclass_000/orientation_037.png
29250003823	assets/theme_029_chapters_final2/class_25_floor/subclass_000/orientation_038.png
29250003923	assets/theme_029_chapters_final2/class_25_floor/subclass_000/orientation_039.png
29250004023	assets/theme_029_chapters_final2/class_25_floor/subclass_000/orientation_040.png
29250004123	assets/theme_029_chapters_final2/class_25_floor/subclass_000/orientation_041.png
29250004223	assets/theme_029_chapters_final2/class_25_floor/subclass_000/orientation_042.png
29250004323	assets/theme_029_chapters_final2/class_25_floor/subclass_000/orientation_043.png
29250004423	assets/theme_029_chapters_final2/class_25_floor/subclass_000/orientation_044.png
29250004523	assets/theme_029_chapters_final2/class_25_floor/subclass_000/orientation_045.png
29250004623	assets/theme_029_chapters_final2/class_25_floor/subclass_000/orientation_046.png
29250004723	assets/theme_029_chapters_final2/class_25_floor/subclass_000/orientation_047.png
29250004823	assets/theme_029_chapters_final2/class_25_floor/subclass_000/orientation_048.png
29250004923	assets/theme_029_chapters_final2/class_25_floor/subclass_000/orientation_049.png
29250005023	assets/theme_029_chapters_final2/class_25_floor/subclass_000/orientation_050.png
29250005123	assets/theme_029_chapters_final2/class_25_floor/subclass_000/orientation_051.png
29250005223	assets/theme_029_chapters_final2/class_25_floor/subclass_000/orientation_052.png
29250005323	assets/theme_029_chapters_final2/class_25_floor/subclass_000/orientation_053.png
29250005423	assets/theme_029_chapters_final2/class_25_floor/subclass_000/orientation_054.png
29250005523	assets/theme_029_chapters_final2/class_25_floor/subclass_000/orientation_055.png
29250005623	assets/theme_029_chapters_final2/class_25_floor/subclass_000/orientation_056.png
29250005723	assets/theme_029_chapters_final2/class_25_floor/subclass_000/orientation_057.png
29250005823	assets/theme_029_chapters_final2/class_25_floor/subclass_000/orientation_058.png
29250005923	assets/theme_029_chapters_final2/class_25_floor/subclass_000/orientation_059.png
29250006023	assets/theme_029_chapters_final2/class_25_floor/subclass_000/orientation_060.png
29250006123	assets/theme_029_chapters_final2/class_25_floor/subclass_000/orientation_061.png
29250006223	assets/theme_029_chapters_final2/class_25_floor/subclass_000/orientation_062.png
29250006323	assets/theme_029_chapters_final2/class_25_floor/subclass_000/orientation_063.png
29250006423	assets/theme_029_chapters_final2/class_25_floor/subclass_000/orientation_064.png
29250006523	assets/theme_029_chapters_final2/class_25_floor/subclass_000/orientation_065.png
29250006623	assets/theme_029_chapters_final2/class_25_floor/subclass_000/orientation_066.png
29250006723	assets/theme_029_chapters_final2/class_25_floor/subclass_000/orientation_067.png
29250006823	assets/theme_029_chapters_final2/class_25_floor/subclass_000/orientation_068.png
29250006923	assets/theme_029_chapters_final2/class_25_floor/subclass_000/orientation_069.png
29250007023	assets/theme_029_chapters_final2/class_25_floor/subclass_000/orientation_070.png
29250007123	assets/theme_029_chapters_final2/class_25_floor/subclass_000/orientation_071.png
29250007223	assets/theme_029_chapters_final2/class_25_floor/subclass_000/orientation_072.png
29250007323	assets/theme_029_chapters_final2/class_25_floor/subclass_000/orientation_073.png
29250007423	assets/theme_029_chapters_final2/class_25_floor/subclass_000/orientation_074.png
29250007523	assets/theme_029_chapters_final2/class_25_floor/subclass_000/orientation_075.png
29250007623	assets/theme_029_chapters_final2/class_25_floor/subclass_000/orientation_076.png
29250007723	assets/theme_029_chapters_final2/class_25_floor/subclass_000/orientation_077.png
29250007823	assets/theme_029_chapters_final2/class_25_floor/subclass_000/orientation_078.png
29250007923	assets/theme_029_chapters_final2/class_25_floor/subclass_000/orientation_079.png
29250008023	assets/theme_029_chapters_final2/class_25_floor/subclass_000/orientation_080.png
29250008123	assets/theme_029_chapters_final2/class_25_floor/subclass_000/orientation_081.png
29250008223	assets/theme_029_chapters_final2/class_25_floor/subclass_000/orientation_082.png
29250008323	assets/theme_029_chapters_final2/class_25_floor/subclass_000/orientation_083.png
29250008423	assets/theme_029_chapters_final2/class_25_floor/subclass_000/orientation_084.png
29250008523	assets/theme_029_chapters_final2/class_25_floor/subclass_000/orientation_085.png
29260000045	assets/theme_029_chapters_final2/class_26_stairs/subclass_000/orientation_000.png
29260000145	assets/theme_029_chapters_final2/class_26_stairs/subclass_000/orientation_001.png
29260000245	assets/theme_029_chapters_final2/class_26_stairs/subclass_000/orientation_002.png
29260000345	assets/theme_029_chapters_final2/class_26_stairs/subclass_000/orientation_003.png
29260000445	assets/theme_029_chapters_final2/class_26_stairs/subclass_000/orientation_004.png
29260000545	assets/theme_029_chapters_final2/class_26_stairs/subclass_000/orientation_005.png
29260100045	assets/theme_029_chapters_final2/class_26_stairs/subclass_001/orientation_000.png
29260100145	assets/theme_029_chapters_final2/class_26_stairs/subclass_001/orientation_001.png
29260100245	assets/theme_029_chapters_final2/class_26_stairs/subclass_001/orientation_002.png
29260100345	assets/theme_029_chapters_final2/class_26_stairs/subclass_001/orientation_003.png
29260200045	assets/theme_029_chapters_final2/class_26_stairs/subclass_002/orientation_000.png
29260200145	assets/theme_029_chapters_final2/class_26_stairs/subclass_002/orientation_001.png
29260200245	assets/theme_029_chapters_final2/class_26_stairs/subclass_002/orientation_002.png
29430000059	assets/theme_029_chapters_final2/class_43_dark/subclass_000/orientation_000.png
29430000159	assets/theme_029_chapters_final2/class_43_dark/subclass_000/orientation_001.png
29430000259	assets/theme_029_chapters_final2/class_43_dark/subclass_000/orientation_002.png
29430000359	assets/theme_029_chapters_final2/class_43_dark/subclass_000/orientation_003.png
29430000459	assets/theme_029_chapters_final2/class_43_dark/subclass_000/orientation_004.png
29430000559	assets/theme_029_chapters_final2/class_43_dark/subclass_000/orientation_005.png
29430000659	assets/theme_029_chapters_final2/class_43_dark/subclass_000/orientation_006.png
29430000759	assets/theme_029_chapters_final2/class_43_dark/subclass_000/orientation_007.png
29430000859	assets/theme_029_chapters_final2/class_43_dark/subclass_000/orientation_008.png
29430000959	assets/theme_029_chapters_final2/class_43_dark/subclass_000/orientation_009.png
29430001059	assets/theme_029_chapters_final2/class_43_dark/subclass_000/orientation_010.png
29430001159	assets/theme_029_chapters_final2/class_43_dark/subclass_000/orientation_011.png
29430001259	assets/theme_029_chapters_final2/class_43_dark/subclass_000/orientation_012.png
29430001359	assets/theme_029_chapters_final2/class_43_dark/subclass_000/orientation_013.png
29430001459	assets/theme_029_chapters_final2/class_43_dark/subclass_000/orientation_014.png
29430001559	assets/theme_029_chapters_final2/class_43_dark/subclass_000/orientation_015.png
29430001659	assets/theme_029_chapters_final2/class_43_dark/subclass_000/orientation_016.png
29430001759	assets/theme_029_chapters_final2/class_43_dark/subclass_000/orientation_017.png
29430001859	assets/theme_029_chapters_final2/class_43_dark/subclass_000/orientation_018.png
29430001959	assets/theme_029_chapters_final2/class_43_dark/subclass_000/orientation_019.png
29430002059	assets/theme_029_chapters_final2/class_43_dark/subclass_000/orientation_020.png
29430002159	assets/theme_029_chapters_final2/class_43_dark/subclass_000/orientation_021.png
29430002259	assets/theme_029_chapters_final2/class_43_dark/subclass_000/orientation_022.png
29430002359	assets/theme_029_chapters_final2/class_43_dark/subclass_000/orientation_023.png
29430002459	assets/theme_029_chapters_final2/class_43_dark/subclass_000/orientation_024.png
29430002559	assets/theme_029_chapters_final2/class_43_dark/subclass_000/orientation_025.png
29430002659	assets/theme_029_chapters_final2/class_43_dark/subclass_000/orientation_026.png
29430002759	assets/theme_029_chapters_final2/class_43_dark/subclass_000/orientation_027.png
29430002859	assets/theme_029_chapters_final2/class_43_dark/subclass_000/orientation_028.png
29430002959	assets/theme_029_chapters_final2/class_43_dark/subclass_000/orientation_029.png
29430003059	assets/theme_029_chapters_final2/class_43_dark/subclass_000/orientation_030.png
29430003159	assets/theme_029_chapters_final2/class_43_dark/subclass_000/orientation_031.png
29430003259	assets/theme_029_chapters_final2/class_43_dark/subclass_000/orientation_032.png
29430003359	assets/theme_029_chapters_final2/class_43_dark/subclass_000/orientation_033.png
29430003459	assets/theme_029_chapters_final2/class_43_dark/subclass_000/orientation_034.png
29430003559	assets/theme_029_chapters_final2/class_43_dark/subclass_000/orientation_035.png
29430003659	assets/theme_029_chapters_final2/class_43_dark/subclass_000/orientation_036.png
29430003759	assets/theme_029_chapters_final2/class_43_dark/subclass_000/orientation_037.png
29430003859	assets/theme_029_chapters_final2/class_43_dark/subclass_000/orientation_038.png
29430003959	assets/theme_029_chapters_final2/class_43_dark/subclass_000/orientation_039.png
29430004059	assets/theme_029_chapters_final2/class_43_dark/subclass_000/orientation_040.png
29430004159	assets/theme_029_chapters_final2/class_43_dark/subclass_000/orientation_041.png
29430004259	assets/theme_029_chapters_final2/class_43_dark/subclass_000/orientation_042.png
29430004359	assets/theme_029_chapters_final2/class_43_dark/subclass_000/orientation_043.png
29430004459	assets/theme_029_chapters_final2/class_43_dark/subclass_000/orientation_044.png
29430004559	assets/theme_029_chapters_final2/class_43_dark/subclass_000/orientation_045.png
29430004659	assets/theme_029_chapters_final2/class_43_dark/subclass_000/orientation_046.png
29430004759	assets/theme_029_chapters_final2/class_43_dark/subclass_000/orientation_047.png
29430004859	assets/theme_029_chapters_final2/class_43_dark/subclass_000/orientation_048.png
29430004959	assets/theme_029_chapters_final2/class_43_dark/subclass_000/orientation_049.png
29430005059	assets/theme_029_chapters_final2/class_43_dark/subclass_000/orientation_050.png
29430005159	assets/theme_029_chapters_final2/class_43_dark/subclass_000/orientation_051.png
29430005259	assets/theme_029_chapters_final2/class_43_dark/subclass_000/orientation_052.png
29430005359	assets/theme_029_chapters_final2/class_43_dark/subclass_000/orientation_053.png
29430005459	assets/theme_029_chapters_final2/class_43_dark/subclass_000/orientation_054.png
29430005559	assets/theme_029_chapters_final2/class_43_dark/subclass_000/orientation_055.png
29430005659	assets/theme_029_chapters_final2/class_43_dark/subclass_000/orientation_056.png
29430005759	assets/theme_029_chapters_final2/class_43_dark/subclass_000/orientation_057.png
29430005859	assets/theme_029_chapters_final2/class_43_dark/subclass_000/orientation_058.png
29430005959	assets/theme_029_chapters_final2/class_43_dark/subclass_000/orientation_059.png
29430006059	assets/theme_029_chapters_final2/class_43_dark/subclass_000/orientation_060.png
29430006159	assets/theme_029_chapters_final2/class_43_dark/subclass_000/orientation_061.png
29430006259	assets/theme_029_chapters_final2/class_43_dark/subclass_000/orientation_062.png
29430006359	assets/theme_029_chapters_final2/class_43_dark/subclass_000/orientation_063.png
29430006459	assets/theme_029_chapters_final2/class_43_dark/subclass_000/orientation_064.png
29430006559	assets/theme_029_chapters_final2/class_43_dark/subclass_000/orientation_065.png
29430006659	assets/theme_029_chapters_final2/class_43_dark/subclass_000/orientation_066.png
29430006759	assets/theme_029_chapters_final2/class_43_dark/subclass_000/orientation_067.png
29430006859	assets/theme_029_chapters_final2/class_43_dark/subclass_000/orientation_068.png
29430006959	assets/theme_029_chapters_final2/class_43_dark/subclass_000/orientation_069.png
29430007059	assets/theme_029_chapters_final2/class_43_dark/subclass_000/orientation_070.png
29430007159	assets/theme_029_chapters_final2/class_43_dark/subclass_000/orientation_071.png
29430007259	assets/theme_029_chapters_final2/class_43_dark/subclass_000/orientation_072.png
29430007359	assets/theme_029_chapters_final2/class_43_dark/subclass_000/orientation_073.png
29430007459	assets/theme_029_chapters_final2/class_43_dark/subclass_000/orientation_074.png
29430007559	assets/theme_029_chapters_final2/class_43_dark/subclass_000/orientation_075.png
29430007659	assets/theme_029_chapters_final2/class_43_dark/subclass_000/orientation_076.png
29430007759	assets/theme_029_chapters_final2/class_43_dark/subclass_000/orientation_077.png
29430007859	assets/theme_029_chapters_final2/class_43_dark/subclass_000/orientation_078.png
29430007959	assets/theme_029_chapters_final2/class_43_dark/subclass_000/orientation_079.png
29430008059	assets/theme_029_chapters_final2/class_43_dark/subclass_000/orientation_080.png
29430008159	assets/theme_029_chapters_final2/class_43_dark/subclass_000/orientation_081.png
29430008259	assets/theme_029_chapters_final2/class_43_dark/subclass_000/orientation_082.png
29430008359	assets/theme_029_chapters_final2/class_43_dark/subclass_000/orientation_083.png
29430008459	assets/theme_029_chapters_final2/class_43_dark/subclass_000/orientation_084.png
29430008559	assets/theme_029_chapters_final2/class_43_dark/subclass_000/orientation_085.png
29430008659	assets/theme_029_chapters_final2/class_43_dark/subclass_000/orientation_086.png
29430008759	assets/theme_029_chapters_final2/class_43_dark/subclass_000/orientation_087.png
29430008859	assets/theme_029_chapters_final2/class_43_dark/subclass_000/orientation_088.png
29430008959	assets/theme_029_chapters_final2/class_43_dark/subclass_000/orientation_089.png
29430009059	assets/theme_029_chapters_final2/class_43_dark/subclass_000/orientation_090.png
29430009159	assets/theme_029_chapters_final2/class_43_dark/subclass_000/orientation_091.png
29430009259	assets/theme_029_chapters_final2/class_43_dark/subclass_000/orientation_092.png
29430009359	assets/theme_029_chapters_final2/class_43_dark/subclass_000/orientation_093.png
29430009459	assets/theme_029_chapters_final2/class_43_dark/subclass_000/orientation_094.png
29430009559	assets/theme_029_chapters_final2/class_43_dark/subclass_000/orientation_095.png
29430009659	assets/theme_029_chapters_final2/class_43_dark/subclass_000/orientation_096.png
29430009759	assets/theme_029_chapters_final2/class_43_dark/subclass_000/orientation_097.png
29430009859	assets/theme_029_chapters_final2/class_43_dark/subclass_000/orientation_098.png
29430009959	assets/theme_029_chapters_final2/class_43_dark/subclass_000/orientation_099.png
29430010059	assets/theme_029_chapters_final2/class_43_dark/subclass_000/orientation_100.png
29430010159	assets/theme_029_chapters_final2/class_43_dark/subclass_000/orientation_101.png
29430010259	assets/theme_029_chapters_final2/class_43_dark/subclass_000/orientation_102.png
29430010359	assets/theme_029_chapters_final2/class_43_dark/subclass_000/orientation_103.png
29430010459	assets/theme_029_chapters_final2/class_43_dark/subclass_000/orientation_104.png
29430010559	assets/theme_029_chapters_final2/class_43_dark/subclass_000/orientation_105.png
29430010659	assets/theme_029_chapters_final2/class_43_dark/subclass_000/orientation_106.png
29430010759	assets/theme_029_chapters_final2/class_43_dark/subclass_000/orientation_107.png
29430010859	assets/theme_029_chapters_final2/class_43_dark/subclass_000/orientation_108.png
29430010959	assets/theme_029_chapters_final2/class_43_dark/subclass_000/orientation_109.png
29430011059	assets/theme_029_chapters_final2/class_43_dark/subclass_000/orientation_110.png
29430011159	assets/theme_029_chapters_final2/class_43_dark/subclass_000/orientation_111.png
29430011259	assets/theme_029_chapters_final2/class_43_dark/subclass_000/orientation_112.png
29430011359	assets/theme_029_chapters_final2/class_43_dark/subclass_000/orientation_113.png
29430011459	assets/theme_029_chapters_final2/class_43_dark/subclass_000/orientation_114.png
29430011559	assets/theme_029_chapters_final2/class_43_dark/subclass_000/orientation_115.png
29430011659	assets/theme_029_chapters_final2/class_43_dark/subclass_000/orientation_116.png
29430011759	assets/theme_029_chapters_final2/class_43_dark/subclass_000/orientation_117.png
29430011859	assets/theme_029_chapters_final2/class_43_dark/subclass_000/orientation_118.png
29430011959	assets/theme_029_chapters_final2/class_43_dark/subclass_000/orientation_119.png
29430012059	assets/theme_029_chapters_final2/class_43_dark/subclass_000/orientation_120.png
29430012159	assets/theme_029_chapters_final2/class_43_dark/subclass_000/orientation_121.png
29470000063	assets/theme_029_chapters_final2/class_47_brace/subclass_000/orientation_000.png
29470000163	assets/theme_029_chapters_final2/class_47_brace/subclass_000/orientation_001.png
29470000263	assets/theme_029_chapters_final2/class_47_brace/subclass_000/orientation_002.png
29470000363	assets/theme_029_chapters_final2/class_47_brace/subclass_000/orientation_003.png
29470000463	assets/theme_029_chapters_final2/class_47_brace/subclass_000/orientation_004.png
29470000563	assets/theme_029_chapters_final2/class_47_brace/subclass_000/orientation_005.png
29470000663	assets/theme_029_chapters_final2/class_47_brace/subclass_000/orientation_006.png
29470000763	assets/theme_029_chapters_final2/class_47_brace/subclass_000/orientation_007.png
29470000863	assets/theme_029_chapters_final2/class_47_brace/subclass_000/orientation_008.png
29470000963	assets/theme_029_chapters_final2/class_47_brace/subclass_000/orientation_009.png
29470001063	assets/theme_029_chapters_final2/class_47_brace/subclass_000/orientation_010.png
29470001163	assets/theme_029_chapters_final2/class_47_brace/subclass_000/orientation_011.png
29470001263	assets/theme_029_chapters_final2/class_47_brace/subclass_000/orientation_012.png
29470001363	assets/theme_029_chapters_final2/class_47_brace/subclass_000/orientation_013.png
30010000001	assets/theme_030_chapters_prologue/class_01_plain/subclass_000/orientation_000.png
30010000101	assets/theme_030_chapters_prologue/class_01_plain/subclass_000/orientation_001.png
30010000201	assets/theme_030_chapters_prologue/class_01_plain/subclass_000/orientation_002.png
30010000301	assets/theme_030_chapters_prologue/class_01_plain/subclass_000/orientation_003.png
30010000401	assets/theme_030_chapters_prologue/class_01_plain/subclass_000/orientation_004.png
30010000501	assets/theme_030_chapters_prologue/class_01_plain/subclass_000/orientation_005.png
30010000601	assets/theme_030_chapters_prologue/class_01_plain/subclass_000/orientation_006.png
30010000701	assets/theme_030_chapters_prologue/class_01_plain/subclass_000/orientation_007.png
30010000801	assets/theme_030_chapters_prologue/class_01_plain/subclass_000/orientation_008.png
30010000901	assets/theme_030_chapters_prologue/class_01_plain/subclass_000/orientation_009.png
30010001001	assets/theme_030_chapters_prologue/class_01_plain/subclass_000/orientation_010.png
30010001101	assets/theme_030_chapters_prologue/class_01_plain/subclass_000/orientation_011.png
30010001201	assets/theme_030_chapters_prologue/class_01_plain/subclass_000/orientation_012.png
30010001301	assets/theme_030_chapters_prologue/class_01_plain/subclass_000/orientation_013.png
30010001401	assets/theme_030_chapters_prologue/class_01_plain/subclass_000/orientation_014.png
30010001501	assets/theme_030_chapters_prologue/class_01_plain/subclass_000/orientation_015.png
30010001601	assets/theme_030_chapters_prologue/class_01_plain/subclass_000/orientation_016.png
30010001701	assets/theme_030_chapters_prologue/class_01_plain/subclass_000/orientation_017.png
30010001801	assets/theme_030_chapters_prologue/class_01_plain/subclass_000/orientation_018.png
30010001901	assets/theme_030_chapters_prologue/class_01_plain/subclass_000/orientation_019.png
30020000012	assets/theme_030_chapters_prologue/class_02_forest/subclass_000/orientation_000.png
30020000112	assets/theme_030_chapters_prologue/class_02_forest/subclass_000/orientation_001.png
30020000212	assets/theme_030_chapters_prologue/class_02_forest/subclass_000/orientation_002.png
30020000312	assets/theme_030_chapters_prologue/class_02_forest/subclass_000/orientation_003.png
30040000018	assets/theme_030_chapters_prologue/class_04_peak/subclass_000/orientation_000.png
30040000118	assets/theme_030_chapters_prologue/class_04_peak/subclass_000/orientation_001.png
30040000218	assets/theme_030_chapters_prologue/class_04_peak/subclass_000/orientation_002.png
30040000318	assets/theme_030_chapters_prologue/class_04_peak/subclass_000/orientation_003.png
30040000418	assets/theme_030_chapters_prologue/class_04_peak/subclass_000/orientation_004.png
30040000518	assets/theme_030_chapters_prologue/class_04_peak/subclass_000/orientation_005.png
30040000618	assets/theme_030_chapters_prologue/class_04_peak/subclass_000/orientation_006.png
30040000718	assets/theme_030_chapters_prologue/class_04_peak/subclass_000/orientation_007.png
30040000818	assets/theme_030_chapters_prologue/class_04_peak/subclass_000/orientation_008.png
30040000918	assets/theme_030_chapters_prologue/class_04_peak/subclass_000/orientation_009.png
30040001018	assets/theme_030_chapters_prologue/class_04_peak/subclass_000/orientation_010.png
30040001118	assets/theme_030_chapters_prologue/class_04_peak/subclass_000/orientation_011.png
30040001218	assets/theme_030_chapters_prologue/class_04_peak/subclass_000/orientation_012.png
30040001318	assets/theme_030_chapters_prologue/class_04_peak/subclass_000/orientation_013.png
30040001418	assets/theme_030_chapters_prologue/class_04_peak/subclass_000/orientation_014.png
30040001518	assets/theme_030_chapters_prologue/class_04_peak/subclass_000/orientation_015.png
30040001618	assets/theme_030_chapters_prologue/class_04_peak/subclass_000/orientation_016.png
30040001718	assets/theme_030_chapters_prologue/class_04_peak/subclass_000/orientation_017.png
30040001818	assets/theme_030_chapters_prologue/class_04_peak/subclass_000/orientation_018.png
30040001918	assets/theme_030_chapters_prologue/class_04_peak/subclass_000/orientation_019.png
30040002018	assets/theme_030_chapters_prologue/class_04_peak/subclass_000/orientation_020.png
30040002118	assets/theme_030_chapters_prologue/class_04_peak/subclass_000/orientation_021.png
30040002218	assets/theme_030_chapters_prologue/class_04_peak/subclass_000/orientation_022.png
30040002318	assets/theme_030_chapters_prologue/class_04_peak/subclass_000/orientation_023.png
30040002418	assets/theme_030_chapters_prologue/class_04_peak/subclass_000/orientation_024.png
30040002518	assets/theme_030_chapters_prologue/class_04_peak/subclass_000/orientation_025.png
30040002618	assets/theme_030_chapters_prologue/class_04_peak/subclass_000/orientation_026.png
30040002718	assets/theme_030_chapters_prologue/class_04_peak/subclass_000/orientation_027.png
30040002818	assets/theme_030_chapters_prologue/class_04_peak/subclass_000/orientation_028.png
30040002918	assets/theme_030_chapters_prologue/class_04_peak/subclass_000/orientation_029.png
30040003018	assets/theme_030_chapters_prologue/class_04_peak/subclass_000/orientation_030.png
30040003118	assets/theme_030_chapters_prologue/class_04_peak/subclass_000/orientation_031.png
30040003218	assets/theme_030_chapters_prologue/class_04_peak/subclass_000/orientation_032.png
30040003318	assets/theme_030_chapters_prologue/class_04_peak/subclass_000/orientation_033.png
30040003418	assets/theme_030_chapters_prologue/class_04_peak/subclass_000/orientation_034.png
30040003518	assets/theme_030_chapters_prologue/class_04_peak/subclass_000/orientation_035.png
30040003618	assets/theme_030_chapters_prologue/class_04_peak/subclass_000/orientation_036.png
30040003718	assets/theme_030_chapters_prologue/class_04_peak/subclass_000/orientation_037.png
30040003818	assets/theme_030_chapters_prologue/class_04_peak/subclass_000/orientation_038.png
30040003918	assets/theme_030_chapters_prologue/class_04_peak/subclass_000/orientation_039.png
30040004018	assets/theme_030_chapters_prologue/class_04_peak/subclass_000/orientation_040.png
30040004118	assets/theme_030_chapters_prologue/class_04_peak/subclass_000/orientation_041.png
30040004218	assets/theme_030_chapters_prologue/class_04_peak/subclass_000/orientation_042.png
30040004318	assets/theme_030_chapters_prologue/class_04_peak/subclass_000/orientation_043.png
30040004418	assets/theme_030_chapters_prologue/class_04_peak/subclass_000/orientation_044.png
30040004518	assets/theme_030_chapters_prologue/class_04_peak/subclass_000/orientation_045.png
30040004618	assets/theme_030_chapters_prologue/class_04_peak/subclass_000/orientation_046.png
30040004718	assets/theme_030_chapters_prologue/class_04_peak/subclass_000/orientation_047.png
30040004818	assets/theme_030_chapters_prologue/class_04_peak/subclass_000/orientation_048.png
30040004918	assets/theme_030_chapters_prologue/class_04_peak/subclass_000/orientation_049.png
30040005018	assets/theme_030_chapters_prologue/class_04_peak/subclass_000/orientation_050.png
30040005118	assets/theme_030_chapters_prologue/class_04_peak/subclass_000/orientation_051.png
30040005218	assets/theme_030_chapters_prologue/class_04_peak/subclass_000/orientation_052.png
30040005318	assets/theme_030_chapters_prologue/class_04_peak/subclass_000/orientation_053.png
30040005418	assets/theme_030_chapters_prologue/class_04_peak/subclass_000/orientation_054.png
30040005518	assets/theme_030_chapters_prologue/class_04_peak/subclass_000/orientation_055.png
30040005618	assets/theme_030_chapters_prologue/class_04_peak/subclass_000/orientation_056.png
30040005718	assets/theme_030_chapters_prologue/class_04_peak/subclass_000/orientation_057.png
30040005818	assets/theme_030_chapters_prologue/class_04_peak/subclass_000/orientation_058.png
30040005918	assets/theme_030_chapters_prologue/class_04_peak/subclass_000/orientation_059.png
30040006018	assets/theme_030_chapters_prologue/class_04_peak/subclass_000/orientation_060.png
30110000016	assets/theme_030_chapters_prologue/class_11_river/subclass_000/orientation_000.png
30110000116	assets/theme_030_chapters_prologue/class_11_river/subclass_000/orientation_001.png
30110000216	assets/theme_030_chapters_prologue/class_11_river/subclass_000/orientation_002.png
30110000316	assets/theme_030_chapters_prologue/class_11_river/subclass_000/orientation_003.png
30110000416	assets/theme_030_chapters_prologue/class_11_river/subclass_000/orientation_004.png
30110000516	assets/theme_030_chapters_prologue/class_11_river/subclass_000/orientation_005.png
30110000616	assets/theme_030_chapters_prologue/class_11_river/subclass_000/orientation_006.png
30110100016	assets/theme_030_chapters_prologue/class_11_river/subclass_001/orientation_000.png
30110100116	assets/theme_030_chapters_prologue/class_11_river/subclass_001/orientation_001.png
30150000019	assets/theme_030_chapters_prologue/class_15_bridge/subclass_000/orientation_000.png
46230000026	assets/theme_046_tower_of_valni_1/class_23_wall/subclass_000/orientation_000.png
46230000126	assets/theme_046_tower_of_valni_1/class_23_wall/subclass_000/orientation_001.png
46230000226	assets/theme_046_tower_of_valni_1/class_23_wall/subclass_000/orientation_002.png
46230000326	assets/theme_046_tower_of_valni_1/class_23_wall/subclass_000/orientation_003.png
46230000426	assets/theme_046_tower_of_valni_1/class_23_wall/subclass_000/orientation_004.png
46230000526	assets/theme_046_tower_of_valni_1/class_23_wall/subclass_000/orientation_005.png
46230000626	assets/theme_046_tower_of_valni_1/class_23_wall/subclass_000/orientation_006.png
46230000726	assets/theme_046_tower_of_valni_1/class_23_wall/subclass_000/orientation_007.png
46230000826	assets/theme_046_tower_of_valni_1/class_23_wall/subclass_000/orientation_008.png
46230000926	assets/theme_046_tower_of_valni_1/class_23_wall/subclass_000/orientation_009.png
46230001026	assets/theme_046_tower_of_valni_1/class_23_wall/subclass_000/orientation_010.png
46230001126	assets/theme_046_tower_of_valni_1/class_23_wall/subclass_000/orientation_011.png
46230001226	assets/theme_046_tower_of_valni_1/class_23_wall/subclass_000/orientation_012.png
46230001326	assets/theme_046_tower_of_valni_1/class_23_wall/subclass_000/orientation_013.png
46230001426	assets/theme_046_tower_of_valni_1/class_23_wall/subclass_000/orientation_014.png
46230001526	assets/theme_046_tower_of_valni_1/class_23_wall/subclass_000/orientation_015.png
46230001626	assets/theme_046_tower_of_valni_1/class_23_wall/subclass_000/orientation_016.png
46230001726	assets/theme_046_tower_of_valni_1/class_23_wall/subclass_000/orientation_017.png
46230001826	assets/theme_046_tower_of_valni_1/class_23_wall/subclass_000/orientation_018.png
46230001926	assets/theme_046_tower_of_valni_1/class_23_wall/subclass_000/orientation_019.png
46230002026	assets/theme_046_tower_of_valni_1/class_23_wall/subclass_000/orientation_020.png
46230002126	assets/theme_046_tower_of_valni_1/class_23_wall/subclass_000/orientation_021.png
46230002226	assets/theme_046_tower_of_valni_1/class_23_wall/subclass_000/orientation_022.png
46230002326	assets/theme_046_tower_of_valni_1/class_23_wall/subclass_000/orientation_023.png
46230002426	assets/theme_046_tower_of_valni_1/class_23_wall/subclass_000/orientation_024.png
46230002526	assets/theme_046_tower_of_valni_1/class_23_wall/subclass_000/orientation_025.png
46230002626	assets/theme_046_tower_of_valni_1/class_23_wall/subclass_000/orientation_026.png
46230002726	assets/theme_046_tower_of_valni_1/class_23_wall/subclass_000/orientation_027.png
46230002826	assets/theme_046_tower_of_valni_1/class_23_wall/subclass_000/orientation_028.png
46230002926	assets/theme_046_tower_of_valni_1/class_23_wall/subclass_000/orientation_029.png
46230003026	assets/theme_046_tower_of_valni_1/class_23_wall/subclass_000/orientation_030.png
46230003126	assets/theme_046_tower_of_valni_1/class_23_wall/subclass_000/orientation_031.png
46230003226	assets/theme_046_tower_of_valni_1/class_23_wall/subclass_000/orientation_032.png
46230003326	assets/theme_046_tower_of_valni_1/class_23_wall/subclass_000/orientation_033.png
46230003426	assets/theme_046_tower_of_valni_1/class_23_wall/subclass_000/orientation_034.png
46230003526	assets/theme_046_tower_of_valni_1/class_23_wall/subclass_000/orientation_035.png
46230003626	assets/theme_046_tower_of_valni_1/class_23_wall/subclass_000/orientation_036.png
46230003726	assets/theme_046_tower_of_valni_1/class_23_wall/subclass_000/orientation_037.png
46230003826	assets/theme_046_tower_of_valni_1/class_23_wall/subclass_000/orientation_038.png
46230003926	assets/theme_046_tower_of_valni_1/class_23_wall/subclass_000/orientation_039.png
46230004026	assets/theme_046_tower_of_valni_1/class_23_wall/subclass_000/orientation_040.png
46230004126	assets/theme_046_tower_of_valni_1/class_23_wall/subclass_000/orientation_041.png
46230004226	assets/theme_046_tower_of_valni_1/class_23_wall/subclass_000/orientation_042.png
46230004326	assets/theme_046_tower_of_valni_1/class_23_wall/subclass_000/orientation_043.png
46230004426	assets/theme_046_tower_of_valni_1/class_23_wall/subclass_000/orientation_044.png
46250000023	assets/theme_046_tower_of_valni_1/class_25_floor/subclass_000/orientation_000.png
46250000123	assets/theme_046_tower_of_valni_1/class_25_floor/subclass_000/orientation_001.png
46250000223	assets/theme_046_tower_of_valni_1/class_25_floor/subclass_000/orientation_002.png
46250000323	assets/theme_046_tower_of_valni_1/class_25_floor/subclass_000/orientation_003.png
46250000423	assets/theme_046_tower_of_valni_1/class_25_floor/subclass_000/orientation_004.png
46250000523	assets/theme_046_tower_of_valni_1/class_25_floor/subclass_000/orientation_005.png
46250000623	assets/theme_046_tower_of_valni_1/class_25_floor/subclass_000/orientation_006.png
46250000723	assets/theme_046_tower_of_valni_1/class_25_floor/subclass_000/orientation_007.png
46250000823	assets/theme_046_tower_of_valni_1/class_25_floor/subclass_000/orientation_008.png
46250000923	assets/theme_046_tower_of_valni_1/class_25_floor/subclass_000/orientation_009.png
46250001023	assets/theme_046_tower_of_valni_1/class_25_floor/subclass_000/orientation_010.png
46250001123	assets/theme_046_tower_of_valni_1/class_25_floor/subclass_000/orientation_011.png
46250001223	assets/theme_046_tower_of_valni_1/class_25_floor/subclass_000/orientation_012.png
46250001323	assets/theme_046_tower_of_valni_1/class_25_floor/subclass_000/orientation_013.png
46250001423	assets/theme_046_tower_of_valni_1/class_25_floor/subclass_000/orientation_014.png
46250001523	assets/theme_046_tower_of_valni_1/class_25_floor/subclass_000/orientation_015.png
46260000045	assets/theme_046_tower_of_valni_1/class_26_stairs/subclass_000/orientation_000.png
46260000145	assets/theme_046_tower_of_valni_1/class_26_stairs/subclass_000/orientation_001.png
46260000245	assets/theme_046_tower_of_valni_1/class_26_stairs/subclass_000/orientation_002.png
46260100045	assets/theme_046_tower_of_valni_1/class_26_stairs/subclass_001/orientation_000.png
46260200045	assets/theme_046_tower_of_valni_1/class_26_stairs/subclass_002/orientation_000.png
46340000029	assets/theme_046_tower_of_valni_1/class_34_pillar/subclass_000/orientation_000.png
46470000063	assets/theme_046_tower_of_valni_1/class_47_brace/subclass_000/orientation_000.png
46470000163	assets/theme_046_tower_of_valni_1/class_47_brace/subclass_000/orientation_001.png
46470000263	assets/theme_046_tower_of_valni_1/class_47_brace/subclass_000/orientation_002.png
46470000363	assets/theme_046_tower_of_valni_1/class_47_brace/subclass_000/orientation_003.png
46470000463	assets/theme_046_tower_of_valni_1/class_47_brace/subclass_000/orientation_004.png
47230000026	assets/theme_047_tower_of_valni_2/class_23_wall/subclass_000/orientation_000.png
47230000126	assets/theme_047_tower_of_valni_2/class_23_wall/subclass_000/orientation_001.png
47230000226	assets/theme_047_tower_of_valni_2/class_23_wall/subclass_000/orientation_002.png
47230000326	assets/theme_047_tower_of_valni_2/class_23_wall/subclass_000/orientation_003.png
47230000426	assets/theme_047_tower_of_valni_2/class_23_wall/subclass_000/orientation_004.png
47230000526	assets/theme_047_tower_of_valni_2/class_23_wall/subclass_000/orientation_005.png
47230000626	assets/theme_047_tower_of_valni_2/class_23_wall/subclass_000/orientation_006.png
47230000726	assets/theme_047_tower_of_valni_2/class_23_wall/subclass_000/orientation_007.png
47230000826	assets/theme_047_tower_of_valni_2/class_23_wall/subclass_000/orientation_008.png
47230000926	assets/theme_047_tower_of_valni_2/class_23_wall/subclass_000/orientation_009.png
47230001026	assets/theme_047_tower_of_valni_2/class_23_wall/subclass_000/orientation_010.png
47230001126	assets/theme_047_tower_of_valni_2/class_23_wall/subclass_000/orientation_011.png
47230001226	assets/theme_047_tower_of_valni_2/class_23_wall/subclass_000/orientation_012.png
47230001326	assets/theme_047_tower_of_valni_2/class_23_wall/subclass_000/orientation_013.png
47230001426	assets/theme_047_tower_of_valni_2/class_23_wall/subclass_000/orientation_014.png
47230001526	assets/theme_047_tower_of_valni_2/class_23_wall/subclass_000/orientation_015.png
47230001626	assets/theme_047_tower_of_valni_2/class_23_wall/subclass_000/orientation_016.png
47230001726	assets/theme_047_tower_of_valni_2/class_23_wall/subclass_000/orientation_017.png
47230001826	assets/theme_047_tower_of_valni_2/class_23_wall/subclass_000/orientation_018.png
47230001926	assets/theme_047_tower_of_valni_2/class_23_wall/subclass_000/orientation_019.png
47230002026	assets/theme_047_tower_of_valni_2/class_23_wall/subclass_000/orientation_020.png
47230002126	assets/theme_047_tower_of_valni_2/class_23_wall/subclass_000/orientation_021.png
47230002226	assets/theme_047_tower_of_valni_2/class_23_wall/subclass_000/orientation_022.png
47230002326	assets/theme_047_tower_of_valni_2/class_23_wall/subclass_000/orientation_023.png
47230002426	assets/theme_047_tower_of_valni_2/class_23_wall/subclass_000/orientation_024.png
47230002526	assets/theme_047_tower_of_valni_2/class_23_wall/subclass_000/orientation_025.png
47230002626	assets/theme_047_tower_of_valni_2/class_23_wall/subclass_000/orientation_026.png
47230002726	assets/theme_047_tower_of_valni_2/class_23_wall/subclass_000/orientation_027.png
47230002826	assets/theme_047_tower_of_valni_2/class_23_wall/subclass_000/orientation_028.png
47230002926	assets/theme_047_tower_of_valni_2/class_23_wall/subclass_000/orientation_029.png
47230003026	assets/theme_047_tower_of_valni_2/class_23_wall/subclass_000/orientation_030.png
47230003126	assets/theme_047_tower_of_valni_2/class_23_wall/subclass_000/orientation_031.png
47230003226	assets/theme_047_tower_of_valni_2/class_23_wall/subclass_000/orientation_032.png
47230003326	assets/theme_047_tower_of_valni_2/class_23_wall/subclass_000/orientation_033.png
47230003426	assets/theme_047_tower_of_valni_2/class_23_wall/subclass_000/orientation_034.png
47230003526	assets/theme_047_tower_of_valni_2/class_23_wall/subclass_000/orientation_035.png
47230003626	assets/theme_047_tower_of_valni_2/class_23_wall/subclass_000/orientation_036.png
47250000023	assets/theme_047_tower_of_valni_2/class_25_floor/subclass_000/orientation_000.png
47250000123	assets/theme_047_tower_of_valni_2/class_25_floor/subclass_000/orientation_001.png
47250000223	assets/theme_047_tower_of_valni_2/class_25_floor/subclass_000/orientation_002.png
47250000323	assets/theme_047_tower_of_valni_2/class_25_floor/subclass_000/orientation_003.png
47250000423	assets/theme_047_tower_of_valni_2/class_25_floor/subclass_000/orientation_004.png
47250000523	assets/theme_047_tower_of_valni_2/class_25_floor/subclass_000/orientation_005.png
47250000623	assets/theme_047_tower_of_valni_2/class_25_floor/subclass_000/orientation_006.png
47250000723	assets/theme_047_tower_of_valni_2/class_25_floor/subclass_000/orientation_007.png
47250000823	assets/theme_047_tower_of_valni_2/class_25_floor/subclass_000/orientation_008.png
47250000923	assets/theme_047_tower_of_valni_2/class_25_floor/subclass_000/orientation_009.png
47250001023	assets/theme_047_tower_of_valni_2/class_25_floor/subclass_000/orientation_010.png
47250001123	assets/theme_047_tower_of_valni_2/class_25_floor/subclass_000/orientation_011.png
47250001223	assets/theme_047_tower_of_valni_2/class_25_floor/subclass_000/orientation_012.png
47250001323	assets/theme_047_tower_of_valni_2/class_25_floor/subclass_000/orientation_013.png
47250001423	assets/theme_047_tower_of_valni_2/class_25_floor/subclass_000/orientation_014.png
47250001523	assets/theme_047_tower_of_valni_2/class_25_floor/subclass_000/orientation_015.png
47260000045	assets/theme_047_tower_of_valni_2/class_26_stairs/subclass_000/orientation_000.png
47260000145	assets/theme_047_tower_of_valni_2/class_26_stairs/subclass_000/orientation_001.png
47260000245	assets/theme_047_tower_of_valni_2/class_26_stairs/subclass_000/orientation_002.png
47260100045	assets/theme_047_tower_of_valni_2/class_26_stairs/subclass_001/orientation_000.png
47260200045	assets/theme_047_tower_of_valni_2/class_26_stairs/subclass_002/orientation_000.png
47340000029	assets/theme_047_tower_of_valni_2/class_34_pillar/subclass_000/orientation_000.png
47470000063	assets/theme_047_tower_of_valni_2/class_47_brace/subclass_000/orientation_000.png
47470000163	assets/theme_047_tower_of_valni_2/class_47_brace/subclass_000/orientation_001.png
47470000263	assets/theme_047_tower_of_valni_2/class_47_brace/subclass_000/orientation_002.png
47470000363	assets/theme_047_tower_of_valni_2/class_47_brace/subclass_000/orientation_003.png
47470000463	assets/theme_047_tower_of_valni_2/class_47_brace/subclass_000/orientation_004.png
47470000563	assets/theme_047_tower_of_valni_2/class_47_brace/subclass_000/orientation_005.png
47490000000	assets/theme_047_tower_of_valni_2/class_49_dashdash/subclass_000/orientation_000.png
48230000026	assets/theme_048_tower_of_valni_3/class_23_wall/subclass_000/orientation_000.png
48230000126	assets/theme_048_tower_of_valni_3/class_23_wall/subclass_000/orientation_001.png
48230000226	assets/theme_048_tower_of_valni_3/class_23_wall/subclass_000/orientation_002.png
48230000326	assets/theme_048_tower_of_valni_3/class_23_wall/subclass_000/orientation_003.png
48230000426	assets/theme_048_tower_of_valni_3/class_23_wall/subclass_000/orientation_004.png
48230000526	assets/theme_048_tower_of_valni_3/class_23_wall/subclass_000/orientation_005.png
48230000626	assets/theme_048_tower_of_valni_3/class_23_wall/subclass_000/orientation_006.png
48230000726	assets/theme_048_tower_of_valni_3/class_23_wall/subclass_000/orientation_007.png
48230000826	assets/theme_048_tower_of_valni_3/class_23_wall/subclass_000/orientation_008.png
48230000926	assets/theme_048_tower_of_valni_3/class_23_wall/subclass_000/orientation_009.png
48230001026	assets/theme_048_tower_of_valni_3/class_23_wall/subclass_000/orientation_010.png
48230001126	assets/theme_048_tower_of_valni_3/class_23_wall/subclass_000/orientation_011.png
48230001226	assets/theme_048_tower_of_valni_3/class_23_wall/subclass_000/orientation_012.png
48230001326	assets/theme_048_tower_of_valni_3/class_23_wall/subclass_000/orientation_013.png
48230001426	assets/theme_048_tower_of_valni_3/class_23_wall/subclass_000/orientation_014.png
48230001526	assets/theme_048_tower_of_valni_3/class_23_wall/subclass_000/orientation_015.png
48230001626	assets/theme_048_tower_of_valni_3/class_23_wall/subclass_000/orientation_016.png
48230001726	assets/theme_048_tower_of_valni_3/class_23_wall/subclass_000/orientation_017.png
48230001826	assets/theme_048_tower_of_valni_3/class_23_wall/subclass_000/orientation_018.png
48230001926	assets/theme_048_tower_of_valni_3/class_23_wall/subclass_000/orientation_019.png
48230002026	assets/theme_048_tower_of_valni_3/class_23_wall/subclass_000/orientation_020.png
48230002126	assets/theme_048_tower_of_valni_3/class_23_wall/subclass_000/orientation_021.png
48230002226	assets/theme_048_tower_of_valni_3/class_23_wall/subclass_000/orientation_022.png
48230002326	assets/theme_048_tower_of_valni_3/class_23_wall/subclass_000/orientation_023.png
48230002426	assets/theme_048_tower_of_valni_3/class_23_wall/subclass_000/orientation_024.png
48230002526	assets/theme_048_tower_of_valni_3/class_23_wall/subclass_000/orientation_025.png
48230002626	assets/theme_048_tower_of_valni_3/class_23_wall/subclass_000/orientation_026.png
48230002726	assets/theme_048_tower_of_valni_3/class_23_wall/subclass_000/orientation_027.png
48230002826	assets/theme_048_tower_of_valni_3/class_23_wall/subclass_000/orientation_028.png
48230002926	assets/theme_048_tower_of_valni_3/class_23_wall/subclass_000/orientation_029.png
48230003026	assets/theme_048_tower_of_valni_3/class_23_wall/subclass_000/orientation_030.png
48230003126	assets/theme_048_tower_of_valni_3/class_23_wall/subclass_000/orientation_031.png
48230003226	assets/theme_048_tower_of_valni_3/class_23_wall/subclass_000/orientation_032.png
48230003326	assets/theme_048_tower_of_valni_3/class_23_wall/subclass_000/orientation_033.png
48230003426	assets/theme_048_tower_of_valni_3/class_23_wall/subclass_000/orientation_034.png
48230003526	assets/theme_048_tower_of_valni_3/class_23_wall/subclass_000/orientation_035.png
48230003626	assets/theme_048_tower_of_valni_3/class_23_wall/subclass_000/orientation_036.png
48230003726	assets/theme_048_tower_of_valni_3/class_23_wall/subclass_000/orientation_037.png
48230003826	assets/theme_048_tower_of_valni_3/class_23_wall/subclass_000/orientation_038.png
48230003926	assets/theme_048_tower_of_valni_3/class_23_wall/subclass_000/orientation_039.png
48230004026	assets/theme_048_tower_of_valni_3/class_23_wall/subclass_000/orientation_040.png
48230004126	assets/theme_048_tower_of_valni_3/class_23_wall/subclass_000/orientation_041.png
48230004226	assets/theme_048_tower_of_valni_3/class_23_wall/subclass_000/orientation_042.png
48230004326	assets/theme_048_tower_of_valni_3/class_23_wall/subclass_000/orientation_043.png
48230004426	assets/theme_048_tower_of_valni_3/class_23_wall/subclass_000/orientation_044.png
48230004526	assets/theme_048_tower_of_valni_3/class_23_wall/subclass_000/orientation_045.png
48230004626	assets/theme_048_tower_of_valni_3/class_23_wall/subclass_000/orientation_046.png
48230004726	assets/theme_048_tower_of_valni_3/class_23_wall/subclass_000/orientation_047.png
48230004826	assets/theme_048_tower_of_valni_3/class_23_wall/subclass_000/orientation_048.png
48230004926	assets/theme_048_tower_of_valni_3/class_23_wall/subclass_000/orientation_049.png
48230005026	assets/theme_048_tower_of_valni_3/class_23_wall/subclass_000/orientation_050.png
48230005126	assets/theme_048_tower_of_valni_3/class_23_wall/subclass_000/orientation_051.png
48230005226	assets/theme_048_tower_of_valni_3/class_23_wall/subclass_000/orientation_052.png
48230005326	assets/theme_048_tower_of_valni_3/class_23_wall/subclass_000/orientation_053.png
48230005426	assets/theme_048_tower_of_valni_3/class_23_wall/subclass_000/orientation_054.png
48230005526	assets/theme_048_tower_of_valni_3/class_23_wall/subclass_000/orientation_055.png
48230005626	assets/theme_048_tower_of_valni_3/class_23_wall/subclass_000/orientation_056.png
48230005726	assets/theme_048_tower_of_valni_3/class_23_wall/subclass_000/orientation_057.png
48230005826	assets/theme_048_tower_of_valni_3/class_23_wall/subclass_000/orientation_058.png
48230005926	assets/theme_048_tower_of_valni_3/class_23_wall/subclass_000/orientation_059.png
48230006026	assets/theme_048_tower_of_valni_3/class_23_wall/subclass_000/orientation_060.png
48230006126	assets/theme_048_tower_of_valni_3/class_23_wall/subclass_000/orientation_061.png
48230006226	assets/theme_048_tower_of_valni_3/class_23_wall/subclass_000/orientation_062.png
48230006326	assets/theme_048_tower_of_valni_3/class_23_wall/subclass_000/orientation_063.png
48250000023	assets/theme_048_tower_of_valni_3/class_25_floor/subclass_000/orientation_000.png
48250000123	assets/theme_048_tower_of_valni_3/class_25_floor/subclass_000/orientation_001.png
48250000223	assets/theme_048_tower_of_valni_3/class_25_floor/subclass_000/orientation_002.png
48250000323	assets/theme_048_tower_of_valni_3/class_25_floor/subclass_000/orientation_003.png
48250000423	assets/theme_048_tower_of_valni_3/class_25_floor/subclass_000/orientation_004.png
48250000523	assets/theme_048_tower_of_valni_3/class_25_floor/subclass_000/orientation_005.png
48250000623	assets/theme_048_tower_of_valni_3/class_25_floor/subclass_000/orientation_006.png
48250000723	assets/theme_048_tower_of_valni_3/class_25_floor/subclass_000/orientation_007.png
48250000823	assets/theme_048_tower_of_valni_3/class_25_floor/subclass_000/orientation_008.png
48250000923	assets/theme_048_tower_of_valni_3/class_25_floor/subclass_000/orientation_009.png
48250001023	assets/theme_048_tower_of_valni_3/class_25_floor/subclass_000/orientation_010.png
48250001123	assets/theme_048_tower_of_valni_3/class_25_floor/subclass_000/orientation_011.png
48250001223	assets/theme_048_tower_of_valni_3/class_25_floor/subclass_000/orientation_012.png
48250001323	assets/theme_048_tower_of_valni_3/class_25_floor/subclass_000/orientation_013.png
48250001423	assets/theme_048_tower_of_valni_3/class_25_floor/subclass_000/orientation_014.png
48260000045	assets/theme_048_tower_of_valni_3/class_26_stairs/subclass_000/orientation_000.png
48260100045	assets/theme_048_tower_of_valni_3/class_26_stairs/subclass_001/orientation_000.png
48340000029	assets/theme_048_tower_of_valni_3/class_34_pillar/subclass_000/orientation_000.png
48360100033	assets/theme_048_tower_of_valni_3/class_36_chest/subclass_001/orientation_000.png
48470000063	assets/theme_048_tower_of_valni_3/class_47_brace/subclass_000/orientation_000.png
48470000163	assets/theme_048_tower_of_valni_3/class_47_brace/subclass_000/orientation_001.png
48470000263	assets/theme_048_tower_of_valni_3/class_47_brace/subclass_000/orientation_002.png
48470000363	assets/theme_048_tower_of_valni_3/class_47_brace/subclass_000/orientation_003.png
48490000000	assets/theme_048_tower_of_valni_3/class_49_dashdash/subclass_000/orientation_000.png
49230000026	assets/theme_049_tower_of_valni_4/class_23_wall/subclass_000/orientation_000.png
49230000126	assets/theme_049_tower_of_valni_4/class_23_wall/subclass_000/orientation_001.png
49230000226	assets/theme_049_tower_of_valni_4/class_23_wall/subclass_000/orientation_002.png
49230000326	assets/theme_049_tower_of_valni_4/class_23_wall/subclass_000/orientation_003.png
49230000426	assets/theme_049_tower_of_valni_4/class_23_wall/subclass_000/orientation_004.png
49230000526	assets/theme_049_tower_of_valni_4/class_23_wall/subclass_000/orientation_005.png
49230000626	assets/theme_049_tower_of_valni_4/class_23_wall/subclass_000/orientation_006.png
49230000726	assets/theme_049_tower_of_valni_4/class_23_wall/subclass_000/orientation_007.png
49230000826	assets/theme_049_tower_of_valni_4/class_23_wall/subclass_000/orientation_008.png
49230000926	assets/theme_049_tower_of_valni_4/class_23_wall/subclass_000/orientation_009.png
49230001026	assets/theme_049_tower_of_valni_4/class_23_wall/subclass_000/orientation_010.png
49230001126	assets/theme_049_tower_of_valni_4/class_23_wall/subclass_000/orientation_011.png
49230001226	assets/theme_049_tower_of_valni_4/class_23_wall/subclass_000/orientation_012.png
49230001326	assets/theme_049_tower_of_valni_4/class_23_wall/subclass_000/orientation_013.png
49230001426	assets/theme_049_tower_of_valni_4/class_23_wall/subclass_000/orientation_014.png
49230001526	assets/theme_049_tower_of_valni_4/class_23_wall/subclass_000/orientation_015.png
49230001626	assets/theme_049_tower_of_valni_4/class_23_wall/subclass_000/orientation_016.png
49230001726	assets/theme_049_tower_of_valni_4/class_23_wall/subclass_000/orientation_017.png
49230001826	assets/theme_049_tower_of_valni_4/class_23_wall/subclass_000/orientation_018.png
49230001926	assets/theme_049_tower_of_valni_4/class_23_wall/subclass_000/orientation_019.png
49230002026	assets/theme_049_tower_of_valni_4/class_23_wall/subclass_000/orientation_020.png
49230002126	assets/theme_049_tower_of_valni_4/class_23_wall/subclass_000/orientation_021.png
49230002226	assets/theme_049_tower_of_valni_4/class_23_wall/subclass_000/orientation_022.png
49230002326	assets/theme_049_tower_of_valni_4/class_23_wall/subclass_000/orientation_023.png
49230002426	assets/theme_049_tower_of_valni_4/class_23_wall/subclass_000/orientation_024.png
49230002526	assets/theme_049_tower_of_valni_4/class_23_wall/subclass_000/orientation_025.png
49230002626	assets/theme_049_tower_of_valni_4/class_23_wall/subclass_000/orientation_026.png
49230002726	assets/theme_049_tower_of_valni_4/class_23_wall/subclass_000/orientation_027.png
49230002826	assets/theme_049_tower_of_valni_4/class_23_wall/subclass_000/orientation_028.png
49230002926	assets/theme_049_tower_of_valni_4/class_23_wall/subclass_000/orientation_029.png
49230003026	assets/theme_049_tower_of_valni_4/class_23_wall/subclass_000/orientation_030.png
49230003126	assets/theme_049_tower_of_valni_4/class_23_wall/subclass_000/orientation_031.png
49230003226	assets/theme_049_tower_of_valni_4/class_23_wall/subclass_000/orientation_032.png
49230003326	assets/theme_049_tower_of_valni_4/class_23_wall/subclass_000/orientation_033.png
49230003426	assets/theme_049_tower_of_valni_4/class_23_wall/subclass_000/orientation_034.png
49230003526	assets/theme_049_tower_of_valni_4/class_23_wall/subclass_000/orientation_035.png
49230003626	assets/theme_049_tower_of_valni_4/class_23_wall/subclass_000/orientation_036.png
49230003726	assets/theme_049_tower_of_valni_4/class_23_wall/subclass_000/orientation_037.png
49230003826	assets/theme_049_tower_of_valni_4/class_23_wall/subclass_000/orientation_038.png
49230003926	assets/theme_049_tower_of_valni_4/class_23_wall/subclass_000/orientation_039.png
49230004026	assets/theme_049_tower_of_valni_4/class_23_wall/subclass_000/orientation_040.png
49230004126	assets/theme_049_tower_of_valni_4/class_23_wall/subclass_000/orientation_041.png
49230004226	assets/theme_049_tower_of_valni_4/class_23_wall/subclass_000/orientation_042.png
49230004326	assets/theme_049_tower_of_valni_4/class_23_wall/subclass_000/orientation_043.png
49230004426	assets/theme_049_tower_of_valni_4/class_23_wall/subclass_000/orientation_044.png
49230004526	assets/theme_049_tower_of_valni_4/class_23_wall/subclass_000/orientation_045.png
49230004626	assets/theme_049_tower_of_valni_4/class_23_wall/subclass_000/orientation_046.png
49230004726	assets/theme_049_tower_of_valni_4/class_23_wall/subclass_000/orientation_047.png
49230004826	assets/theme_049_tower_of_valni_4/class_23_wall/subclass_000/orientation_048.png
49230004926	assets/theme_049_tower_of_valni_4/class_23_wall/subclass_000/orientation_049.png
49230005026	assets/theme_049_tower_of_valni_4/class_23_wall/subclass_000/orientation_050.png
49230005126	assets/theme_049_tower_of_valni_4/class_23_wall/subclass_000/orientation_051.png
49230005226	assets/theme_049_tower_of_valni_4/class_23_wall/subclass_000/orientation_052.png
49230005326	assets/theme_049_tower_of_valni_4/class_23_wall/subclass_000/orientation_053.png
49230005426	assets/theme_049_tower_of_valni_4/class_23_wall/subclass_000/orientation_054.png
49230005526	assets/theme_049_tower_of_valni_4/class_23_wall/subclass_000/orientation_055.png
49230005626	assets/theme_049_tower_of_valni_4/class_23_wall/subclass_000/orientation_056.png
49230005726	assets/theme_049_tower_of_valni_4/class_23_wall/subclass_000/orientation_057.png
49230005826	assets/theme_049_tower_of_valni_4/class_23_wall/subclass_000/orientation_058.png
49230005926	assets/theme_049_tower_of_valni_4/class_23_wall/subclass_000/orientation_059.png
49230006026	assets/theme_049_tower_of_valni_4/class_23_wall/subclass_000/orientation_060.png
49230006126	assets/theme_049_tower_of_valni_4/class_23_wall/subclass_000/orientation_061.png
49230006226	assets/theme_049_tower_of_valni_4/class_23_wall/subclass_000/orientation_062.png
49230006326	assets/theme_049_tower_of_valni_4/class_23_wall/subclass_000/orientation_063.png
49230006426	assets/theme_049_tower_of_valni_4/class_23_wall/subclass_000/orientation_064.png
49230006526	assets/theme_049_tower_of_valni_4/class_23_wall/subclass_000/orientation_065.png
49230006626	assets/theme_049_tower_of_valni_4/class_23_wall/subclass_000/orientation_066.png
49230006726	assets/theme_049_tower_of_valni_4/class_23_wall/subclass_000/orientation_067.png
49230006826	assets/theme_049_tower_of_valni_4/class_23_wall/subclass_000/orientation_068.png
49230006926	assets/theme_049_tower_of_valni_4/class_23_wall/subclass_000/orientation_069.png
49230007026	assets/theme_049_tower_of_valni_4/class_23_wall/subclass_000/orientation_070.png
49230007126	assets/theme_049_tower_of_valni_4/class_23_wall/subclass_000/orientation_071.png
49230007226	assets/theme_049_tower_of_valni_4/class_23_wall/subclass_000/orientation_072.png
49230007326	assets/theme_049_tower_of_valni_4/class_23_wall/subclass_000/orientation_073.png
49230007426	assets/theme_049_tower_of_valni_4/class_23_wall/subclass_000/orientation_074.png
49230007526	assets/theme_049_tower_of_valni_4/class_23_wall/subclass_000/orientation_075.png
49230007626	assets/theme_049_tower_of_valni_4/class_23_wall/subclass_000/orientation_076.png
49250000023	assets/theme_049_tower_of_valni_4/class_25_floor/subclass_000/orientation_000.png
49250000123	assets/theme_049_tower_of_valni_4/class_25_floor/subclass_000/orientation_001.png
49250000223	assets/theme_049_tower_of_valni_4/class_25_floor/subclass_000/orientation_002.png
49250000323	assets/theme_049_tower_of_valni_4/class_25_floor/subclass_000/orientation_003.png
49250000423	assets/theme_049_tower_of_valni_4/class_25_floor/subclass_000/orientation_004.png
49250000523	assets/theme_049_tower_of_valni_4/class_25_floor/subclass_000/orientation_005.png
49250000623	assets/theme_049_tower_of_valni_4/class_25_floor/subclass_000/orientation_006.png
49250000723	assets/theme_049_tower_of_valni_4/class_25_floor/subclass_000/orientation_007.png
49250000823	assets/theme_049_tower_of_valni_4/class_25_floor/subclass_000/orientation_008.png
49250000923	assets/theme_049_tower_of_valni_4/class_25_floor/subclass_000/orientation_009.png
49250001023	assets/theme_049_tower_of_valni_4/class_25_floor/subclass_000/orientation_010.png
49250001123	assets/theme_049_tower_of_valni_4/class_25_floor/subclass_000/orientation_011.png
49250001223	assets/theme_049_tower_of_valni_4/class_25_floor/subclass_000/orientation_012.png
49250001323	assets/theme_049_tower_of_valni_4/class_25_floor/subclass_000/orientation_013.png
49250001423	assets/theme_049_tower_of_valni_4/class_25_floor/subclass_000/orientation_014.png
49250001523	assets/theme_049_tower_of_valni_4/class_25_floor/subclass_000/orientation_015.png
49260000045	assets/theme_049_tower_of_valni_4/class_26_stairs/subclass_000/orientation_000.png
49260000145	assets/theme_049_tower_of_valni_4/class_26_stairs/subclass_000/orientation_001.png
49260000245	assets/theme_049_tower_of_valni_4/class_26_stairs/subclass_000/orientation_002.png
49260100045	assets/theme_049_tower_of_valni_4/class_26_stairs/subclass_001/orientation_000.png
49340000029	assets/theme_049_tower_of_valni_4/class_34_pillar/subclass_000/orientation_000.png
49470000063	assets/theme_049_tower_of_valni_4/class_47_brace/subclass_000/orientation_000.png
49470000163	assets/theme_049_tower_of_valni_4/class_47_brace/subclass_000/orientation_001.png
49470000263	assets/theme_049_tower_of_valni_4/class_47_brace/subclass_000/orientation_002.png
49490000000	assets/theme_049_tower_of_valni_4/class_49_dashdash/subclass_000/orientation_000.png
50230000026	assets/theme_050_tower_of_valni_5/class_23_wall/subclass_000/orientation_000.png
50230000126	assets/theme_050_tower_of_valni_5/class_23_wall/subclass_000/orientation_001.png
50230000226	assets/theme_050_tower_of_valni_5/class_23_wall/subclass_000/orientation_002.png
50230000326	assets/theme_050_tower_of_valni_5/class_23_wall/subclass_000/orientation_003.png
50230000426	assets/theme_050_tower_of_valni_5/class_23_wall/subclass_000/orientation_004.png
50230000526	assets/theme_050_tower_of_valni_5/class_23_wall/subclass_000/orientation_005.png
50230000626	assets/theme_050_tower_of_valni_5/class_23_wall/subclass_000/orientation_006.png
50230000726	assets/theme_050_tower_of_valni_5/class_23_wall/subclass_000/orientation_007.png
50230000826	assets/theme_050_tower_of_valni_5/class_23_wall/subclass_000/orientation_008.png
50230000926	assets/theme_050_tower_of_valni_5/class_23_wall/subclass_000/orientation_009.png
50230001026	assets/theme_050_tower_of_valni_5/class_23_wall/subclass_000/orientation_010.png
50230001126	assets/theme_050_tower_of_valni_5/class_23_wall/subclass_000/orientation_011.png
50230001226	assets/theme_050_tower_of_valni_5/class_23_wall/subclass_000/orientation_012.png
50230001326	assets/theme_050_tower_of_valni_5/class_23_wall/subclass_000/orientation_013.png
50230001426	assets/theme_050_tower_of_valni_5/class_23_wall/subclass_000/orientation_014.png
50230001526	assets/theme_050_tower_of_valni_5/class_23_wall/subclass_000/orientation_015.png
50230001626	assets/theme_050_tower_of_valni_5/class_23_wall/subclass_000/orientation_016.png
50230001726	assets/theme_050_tower_of_valni_5/class_23_wall/subclass_000/orientation_017.png
50230001826	assets/theme_050_tower_of_valni_5/class_23_wall/subclass_000/orientation_018.png
50230001926	assets/theme_050_tower_of_valni_5/class_23_wall/subclass_000/orientation_019.png
50230002026	assets/theme_050_tower_of_valni_5/class_23_wall/subclass_000/orientation_020.png
50230002126	assets/theme_050_tower_of_valni_5/class_23_wall/subclass_000/orientation_021.png
50230002226	assets/theme_050_tower_of_valni_5/class_23_wall/subclass_000/orientation_022.png
50230002326	assets/theme_050_tower_of_valni_5/class_23_wall/subclass_000/orientation_023.png
50230002426	assets/theme_050_tower_of_valni_5/class_23_wall/subclass_000/orientation_024.png
50230002526	assets/theme_050_tower_of_valni_5/class_23_wall/subclass_000/orientation_025.png
50230002626	assets/theme_050_tower_of_valni_5/class_23_wall/subclass_000/orientation_026.png
50230002726	assets/theme_050_tower_of_valni_5/class_23_wall/subclass_000/orientation_027.png
50230002826	assets/theme_050_tower_of_valni_5/class_23_wall/subclass_000/orientation_028.png
50230002926	assets/theme_050_tower_of_valni_5/class_23_wall/subclass_000/orientation_029.png
50230003026	assets/theme_050_tower_of_valni_5/class_23_wall/subclass_000/orientation_030.png
50230003126	assets/theme_050_tower_of_valni_5/class_23_wall/subclass_000/orientation_031.png
50230003226	assets/theme_050_tower_of_valni_5/class_23_wall/subclass_000/orientation_032.png
50230003326	assets/theme_050_tower_of_valni_5/class_23_wall/subclass_000/orientation_033.png
50230003426	assets/theme_050_tower_of_valni_5/class_23_wall/subclass_000/orientation_034.png
50230003526	assets/theme_050_tower_of_valni_5/class_23_wall/subclass_000/orientation_035.png
50230003626	assets/theme_050_tower_of_valni_5/class_23_wall/subclass_000/orientation_036.png
50230003726	assets/theme_050_tower_of_valni_5/class_23_wall/subclass_000/orientation_037.png
50230003826	assets/theme_050_tower_of_valni_5/class_23_wall/subclass_000/orientation_038.png
50230003926	assets/theme_050_tower_of_valni_5/class_23_wall/subclass_000/orientation_039.png
50230004026	assets/theme_050_tower_of_valni_5/class_23_wall/subclass_000/orientation_040.png
50230004126	assets/theme_050_tower_of_valni_5/class_23_wall/subclass_000/orientation_041.png
50230004226	assets/theme_050_tower_of_valni_5/class_23_wall/subclass_000/orientation_042.png
50230004326	assets/theme_050_tower_of_valni_5/class_23_wall/subclass_000/orientation_043.png
50230004426	assets/theme_050_tower_of_valni_5/class_23_wall/subclass_000/orientation_044.png
50230004526	assets/theme_050_tower_of_valni_5/class_23_wall/subclass_000/orientation_045.png
50230004626	assets/theme_050_tower_of_valni_5/class_23_wall/subclass_000/orientation_046.png
50230004726	assets/theme_050_tower_of_valni_5/class_23_wall/subclass_000/orientation_047.png
50230004826	assets/theme_050_tower_of_valni_5/class_23_wall/subclass_000/orientation_048.png
50230004926	assets/theme_050_tower_of_valni_5/class_23_wall/subclass_000/orientation_049.png
50230005026	assets/theme_050_tower_of_valni_5/class_23_wall/subclass_000/orientation_050.png
50230005126	assets/theme_050_tower_of_valni_5/class_23_wall/subclass_000/orientation_051.png
50230005226	assets/theme_050_tower_of_valni_5/class_23_wall/subclass_000/orientation_052.png
50250000023	assets/theme_050_tower_of_valni_5/class_25_floor/subclass_000/orientation_000.png
50250000123	assets/theme_050_tower_of_valni_5/class_25_floor/subclass_000/orientation_001.png
50250000223	assets/theme_050_tower_of_valni_5/class_25_floor/subclass_000/orientation_002.png
50250000323	assets/theme_050_tower_of_valni_5/class_25_floor/subclass_000/orientation_003.png
50250000423	assets/theme_050_tower_of_valni_5/class_25_floor/subclass_000/orientation_004.png
50250000523	assets/theme_050_tower_of_valni_5/class_25_floor/subclass_000/orientation_005.png
50250000623	assets/theme_050_tower_of_valni_5/class_25_floor/subclass_000/orientation_006.png
50250000723	assets/theme_050_tower_of_valni_5/class_25_floor/subclass_000/orientation_007.png
50250000823	assets/theme_050_tower_of_valni_5/class_25_floor/subclass_000/orientation_008.png
50260000045	assets/theme_050_tower_of_valni_5/class_26_stairs/subclass_000/orientation_000.png
50260100045	assets/theme_050_tower_of_valni_5/class_26_stairs/subclass_001/orientation_000.png
50260100145	assets/theme_050_tower_of_valni_5/class_26_stairs/subclass_001/orientation_001.png
50260100245	assets/theme_050_tower_of_valni_5/class_26_stairs/subclass_001/orientation_002.png
50260200045	assets/theme_050_tower_of_valni_5/class_26_stairs/subclass_002/orientation_000.png
50260300045	assets/theme_050_tower_of_valni_5/class_26_stairs/subclass_003/orientation_000.png
50330000063	assets/theme_050_tower_of_valni_5/class_33_brace_wall/subclass_000/orientation_000.png
50360100033	assets/theme_050_tower_of_valni_5/class_36_chest/subclass_001/orientation_000.png
50470000063	assets/theme_050_tower_of_valni_5/class_47_brace/subclass_000/orientation_000.png
50470000163	assets/theme_050_tower_of_valni_5/class_47_brace/subclass_000/orientation_001.png
50470000263	assets/theme_050_tower_of_valni_5/class_47_brace/subclass_000/orientation_002.png
50470000363	assets/theme_050_tower_of_valni_5/class_47_brace/subclass_000/orientation_003.png
50470000463	assets/theme_050_tower_of_valni_5/class_47_brace/subclass_000/orientation_004.png
50470000563	assets/theme_050_tower_of_valni_5/class_47_brace/subclass_000/orientation_005.png
50490000000	assets/theme_050_tower_of_valni_5/class_49_dashdash/subclass_000/orientation_000.png
51230000026	assets/theme_051_tower_of_valni_6/class_23_wall/subclass_000/orientation_000.png
51230000126	assets/theme_051_tower_of_valni_6/class_23_wall/subclass_000/orientation_001.png
51230000226	assets/theme_051_tower_of_valni_6/class_23_wall/subclass_000/orientation_002.png
51230000326	assets/theme_051_tower_of_valni_6/class_23_wall/subclass_000/orientation_003.png
51230000426	assets/theme_051_tower_of_valni_6/class_23_wall/subclass_000/orientation_004.png
51230000526	assets/theme_051_tower_of_valni_6/class_23_wall/subclass_000/orientation_005.png
51230000626	assets/theme_051_tower_of_valni_6/class_23_wall/subclass_000/orientation_006.png
51230000726	assets/theme_051_tower_of_valni_6/class_23_wall/subclass_000/orientation_007.png
51230001026	assets/theme_051_tower_of_valni_6/class_23_wall/subclass_000/orientation_010.png
51230001126	assets/theme_051_tower_of_valni_6/class_23_wall/subclass_000/orientation_011.png
51230001226	assets/theme_051_tower_of_valni_6/class_23_wall/subclass_000/orientation_012.png
51230001326	assets/theme_051_tower_of_valni_6/class_23_wall/subclass_000/orientation_013.png
51230001426	assets/theme_051_tower_of_valni_6/class_23_wall/subclass_000/orientation_014.png
51230001526	assets/theme_051_tower_of_valni_6/class_23_wall/subclass_000/orientation_015.png
51230001626	assets/theme_051_tower_of_valni_6/class_23_wall/subclass_000/orientation_016.png
51230001726	assets/theme_051_tower_of_valni_6/class_23_wall/subclass_000/orientation_017.png
51230001826	assets/theme_051_tower_of_valni_6/class_23_wall/subclass_000/orientation_018.png
51230001926	assets/theme_051_tower_of_valni_6/class_23_wall/subclass_000/orientation_019.png
51230002026	assets/theme_051_tower_of_valni_6/class_23_wall/subclass_000/orientation_020.png
51230002126	assets/theme_051_tower_of_valni_6/class_23_wall/subclass_000/orientation_021.png
51230002226	assets/theme_051_tower_of_valni_6/class_23_wall/subclass_000/orientation_022.png
51240000027	assets/theme_051_tower_of_valni_6/class_24_wall2/subclass_000/orientation_000.png
51240000127	assets/theme_051_tower_of_valni_6/class_24_wall2/subclass_000/orientation_001.png
51240100027	assets/theme_051_tower_of_valni_6/class_24_wall2/subclass_001/orientation_000.png
51240100127	assets/theme_051_tower_of_valni_6/class_24_wall2/subclass_001/orientation_001.png
51240200027	assets/theme_051_tower_of_valni_6/class_24_wall2/subclass_002/orientation_000.png
51250000023	assets/theme_051_tower_of_valni_6/class_25_floor/subclass_000/orientation_000.png
51250000123	assets/theme_051_tower_of_valni_6/class_25_floor/subclass_000/orientation_001.png
51250000223	assets/theme_051_tower_of_valni_6/class_25_floor/subclass_000/orientation_002.png
51250000323	assets/theme_051_tower_of_valni_6/class_25_floor/subclass_000/orientation_003.png
51250000423	assets/theme_051_tower_of_valni_6/class_25_floor/subclass_000/orientation_004.png
51250000523	assets/theme_051_tower_of_valni_6/class_25_floor/subclass_000/orientation_005.png
51250000623	assets/theme_051_tower_of_valni_6/class_25_floor/subclass_000/orientation_006.png
51260000045	assets/theme_051_tower_of_valni_6/class_26_stairs/subclass_000/orientation_000.png
51260000145	assets/theme_051_tower_of_valni_6/class_26_stairs/subclass_000/orientation_001.png
51260000245	assets/theme_051_tower_of_valni_6/class_26_stairs/subclass_000/orientation_002.png
51330000063	assets/theme_051_tower_of_valni_6/class_33_brace_wall/subclass_000/orientation_000.png
51360100033	assets/theme_051_tower_of_valni_6/class_36_chest/subclass_001/orientation_000.png
51470000063	assets/theme_051_tower_of_valni_6/class_47_brace/subclass_000/orientation_000.png
51470000163	assets/theme_051_tower_of_valni_6/class_47_brace/subclass_000/orientation_001.png
51470000263	assets/theme_051_tower_of_valni_6/class_47_brace/subclass_000/orientation_002.png
51470000363	assets/theme_051_tower_of_valni_6/class_47_brace/subclass_000/orientation_003.png
51490000000	assets/theme_051_tower_of_valni_6/class_49_dashdash/subclass_000/orientation_000.png
52230000026	assets/theme_052_tower_of_valni_7/class_23_wall/subclass_000/orientation_000.png
52230000126	assets/theme_052_tower_of_valni_7/class_23_wall/subclass_000/orientation_001.png
52230000226	assets/theme_052_tower_of_valni_7/class_23_wall/subclass_000/orientation_002.png
52230000326	assets/theme_052_tower_of_valni_7/class_23_wall/subclass_000/orientation_003.png
52230000426	assets/theme_052_tower_of_valni_7/class_23_wall/subclass_000/orientation_004.png
52230000526	assets/theme_052_tower_of_valni_7/class_23_wall/subclass_000/orientation_005.png
52230000626	assets/theme_052_tower_of_valni_7/class_23_wall/subclass_000/orientation_006.png
52230000726	assets/theme_052_tower_of_valni_7/class_23_wall/subclass_000/orientation_007.png
52230000826	assets/theme_052_tower_of_valni_7/class_23_wall/subclass_000/orientation_008.png
52230000926	assets/theme_052_tower_of_valni_7/class_23_wall/subclass_000/orientation_009.png
52230001026	assets/theme_052_tower_of_valni_7/class_23_wall/subclass_000/orientation_010.png
52230001126	assets/theme_052_tower_of_valni_7/class_23_wall/subclass_000/orientation_011.png
52230001226	assets/theme_052_tower_of_valni_7/class_23_wall/subclass_000/orientation_012.png
52230001326	assets/theme_052_tower_of_valni_7/class_23_wall/subclass_000/orientation_013.png
52230001426	assets/theme_052_tower_of_valni_7/class_23_wall/subclass_000/orientation_014.png
52230001526	assets/theme_052_tower_of_valni_7/class_23_wall/subclass_000/orientation_015.png
52230001626	assets/theme_052_tower_of_valni_7/class_23_wall/subclass_000/orientation_016.png
52230001726	assets/theme_052_tower_of_valni_7/class_23_wall/subclass_000/orientation_017.png
52230001826	assets/theme_052_tower_of_valni_7/class_23_wall/subclass_000/orientation_018.png
52230001926	assets/theme_052_tower_of_valni_7/class_23_wall/subclass_000/orientation_019.png
52230002026	assets/theme_052_tower_of_valni_7/class_23_wall/subclass_000/orientation_020.png
52230002126	assets/theme_052_tower_of_valni_7/class_23_wall/subclass_000/orientation_021.png
52230002226	assets/theme_052_tower_of_valni_7/class_23_wall/subclass_000/orientation_022.png
52230002326	assets/theme_052_tower_of_valni_7/class_23_wall/subclass_000/orientation_023.png
52230002426	assets/theme_052_tower_of_valni_7/class_23_wall/subclass_000/orientation_024.png
52230002526	assets/theme_052_tower_of_valni_7/class_23_wall/subclass_000/orientation_025.png
52230002626	assets/theme_052_tower_of_valni_7/class_23_wall/subclass_000/orientation_026.png
52230002726	assets/theme_052_tower_of_valni_7/class_23_wall/subclass_000/orientation_027.png
52230002826	assets/theme_052_tower_of_valni_7/class_23_wall/subclass_000/orientation_028.png
52230002926	assets/theme_052_tower_of_valni_7/class_23_wall/subclass_000/orientation_029.png
52230003026	assets/theme_052_tower_of_valni_7/class_23_wall/subclass_000/orientation_030.png
52230003126	assets/theme_052_tower_of_valni_7/class_23_wall/subclass_000/orientation_031.png
52230003226	assets/theme_052_tower_of_valni_7/class_23_wall/subclass_000/orientation_032.png
52230003326	assets/theme_052_tower_of_valni_7/class_23_wall/subclass_000/orientation_033.png
52230003426	assets/theme_052_tower_of_valni_7/class_23_wall/subclass_000/orientation_034.png
52230003526	assets/theme_052_tower_of_valni_7/class_23_wall/subclass_000/orientation_035.png
52230003626	assets/theme_052_tower_of_valni_7/class_23_wall/subclass_000/orientation_036.png
52230003726	assets/theme_052_tower_of_valni_7/class_23_wall/subclass_000/orientation_037.png
52230003826	assets/theme_052_tower_of_valni_7/class_23_wall/subclass_000/orientation_038.png
52230003926	assets/theme_052_tower_of_valni_7/class_23_wall/subclass_000/orientation_039.png
52230004026	assets/theme_052_tower_of_valni_7/class_23_wall/subclass_000/orientation_040.png
52230004126	assets/theme_052_tower_of_valni_7/class_23_wall/subclass_000/orientation_041.png
52230004226	assets/theme_052_tower_of_valni_7/class_23_wall/subclass_000/orientation_042.png
52230004326	assets/theme_052_tower_of_valni_7/class_23_wall/subclass_000/orientation_043.png
52230004426	assets/theme_052_tower_of_valni_7/class_23_wall/subclass_000/orientation_044.png
52230004526	assets/theme_052_tower_of_valni_7/class_23_wall/subclass_000/orientation_045.png
52230004626	assets/theme_052_tower_of_valni_7/class_23_wall/subclass_000/orientation_046.png
52230004726	assets/theme_052_tower_of_valni_7/class_23_wall/subclass_000/orientation_047.png
52230004826	assets/theme_052_tower_of_valni_7/class_23_wall/subclass_000/orientation_048.png
52230004926	assets/theme_052_tower_of_valni_7/class_23_wall/subclass_000/orientation_049.png
52230005026	assets/theme_052_tower_of_valni_7/class_23_wall/subclass_000/orientation_050.png
52230005126	assets/theme_052_tower_of_valni_7/class_23_wall/subclass_000/orientation_051.png
52230005226	assets/theme_052_tower_of_valni_7/class_23_wall/subclass_000/orientation_052.png
52230005326	assets/theme_052_tower_of_valni_7/class_23_wall/subclass_000/orientation_053.png
52230005426	assets/theme_052_tower_of_valni_7/class_23_wall/subclass_000/orientation_054.png
52230005526	assets/theme_052_tower_of_valni_7/class_23_wall/subclass_000/orientation_055.png
52230005626	assets/theme_052_tower_of_valni_7/class_23_wall/subclass_000/orientation_056.png
52230005726	assets/theme_052_tower_of_valni_7/class_23_wall/subclass_000/orientation_057.png
52230005826	assets/theme_052_tower_of_valni_7/class_23_wall/subclass_000/orientation_058.png
52230005926	assets/theme_052_tower_of_valni_7/class_23_wall/subclass_000/orientation_059.png
52230006026	assets/theme_052_tower_of_valni_7/class_23_wall/subclass_000/orientation_060.png
52230006126	assets/theme_052_tower_of_valni_7/class_23_wall/subclass_000/orientation_061.png
52230006226	assets/theme_052_tower_of_valni_7/class_23_wall/subclass_000/orientation_062.png
52230006326	assets/theme_052_tower_of_valni_7/class_23_wall/subclass_000/orientation_063.png
52230006426	assets/theme_052_tower_of_valni_7/class_23_wall/subclass_000/orientation_064.png
52230006526	assets/theme_052_tower_of_valni_7/class_23_wall/subclass_000/orientation_065.png
52230006626	assets/theme_052_tower_of_valni_7/class_23_wall/subclass_000/orientation_066.png
52230006726	assets/theme_052_tower_of_valni_7/class_23_wall/subclass_000/orientation_067.png
52230006826	assets/theme_052_tower_of_valni_7/class_23_wall/subclass_000/orientation_068.png
52230006926	assets/theme_052_tower_of_valni_7/class_23_wall/subclass_000/orientation_069.png
52230007026	assets/theme_052_tower_of_valni_7/class_23_wall/subclass_000/orientation_070.png
52230007126	assets/theme_052_tower_of_valni_7/class_23_wall/subclass_000/orientation_071.png
52230007226	assets/theme_052_tower_of_valni_7/class_23_wall/subclass_000/orientation_072.png
52230007326	assets/theme_052_tower_of_valni_7/class_23_wall/subclass_000/orientation_073.png
52230007426	assets/theme_052_tower_of_valni_7/class_23_wall/subclass_000/orientation_074.png
52230007526	assets/theme_052_tower_of_valni_7/class_23_wall/subclass_000/orientation_075.png
52230007626	assets/theme_052_tower_of_valni_7/class_23_wall/subclass_000/orientation_076.png
52230007726	assets/theme_052_tower_of_valni_7/class_23_wall/subclass_000/orientation_077.png
52230007826	assets/theme_052_tower_of_valni_7/class_23_wall/subclass_000/orientation_078.png
52230007926	assets/theme_052_tower_of_valni_7/class_23_wall/subclass_000/orientation_079.png
52250000023	assets/theme_052_tower_of_valni_7/class_25_floor/subclass_000/orientation_000.png
52250000123	assets/theme_052_tower_of_valni_7/class_25_floor/subclass_000/orientation_001.png
52250000223	assets/theme_052_tower_of_valni_7/class_25_floor/subclass_000/orientation_002.png
52250000323	assets/theme_052_tower_of_valni_7/class_25_floor/subclass_000/orientation_003.png
52250000423	assets/theme_052_tower_of_valni_7/class_25_floor/subclass_000/orientation_004.png
52250000523	assets/theme_052_tower_of_valni_7/class_25_floor/subclass_000/orientation_005.png
52250000723	assets/theme_052_tower_of_valni_7/class_25_floor/subclass_000/orientation_007.png
52250000823	assets/theme_052_tower_of_valni_7/class_25_floor/subclass_000/orientation_008.png
52260000045	assets/theme_052_tower_of_valni_7/class_26_stairs/subclass_000/orientation_000.png
52260000145	assets/theme_052_tower_of_valni_7/class_26_stairs/subclass_000/orientation_001.png
52260000245	assets/theme_052_tower_of_valni_7/class_26_stairs/subclass_000/orientation_002.png
52260100045	assets/theme_052_tower_of_valni_7/class_26_stairs/subclass_001/orientation_000.png
52260200045	assets/theme_052_tower_of_valni_7/class_26_stairs/subclass_002/orientation_000.png
52470000063	assets/theme_052_tower_of_valni_7/class_47_brace/subclass_000/orientation_000.png
52470000163	assets/theme_052_tower_of_valni_7/class_47_brace/subclass_000/orientation_001.png
52470000263	assets/theme_052_tower_of_valni_7/class_47_brace/subclass_000/orientation_002.png
52470000363	assets/theme_052_tower_of_valni_7/class_47_brace/subclass_000/orientation_003.png
52490000000	assets/theme_052_tower_of_valni_7/class_49_dashdash/subclass_000/orientation_000.png
53230000026	assets/theme_053_tower_of_valni_8/class_23_wall/subclass_000/orientation_000.png
53230000126	assets/theme_053_tower_of_valni_8/class_23_wall/subclass_000/orientation_001.png
53230000226	assets/theme_053_tower_of_valni_8/class_23_wall/subclass_000/orientation_002.png
53230000326	assets/theme_053_tower_of_valni_8/class_23_wall/subclass_000/orientation_003.png
53230000426	assets/theme_053_tower_of_valni_8/class_23_wall/subclass_000/orientation_004.png
53230000526	assets/theme_053_tower_of_valni_8/class_23_wall/subclass_000/orientation_005.png
53230000626	assets/theme_053_tower_of_valni_8/class_23_wall/subclass_000/orientation_006.png
53230000726	assets/theme_053_tower_of_valni_8/class_23_wall/subclass_000/orientation_007.png
53230000826	assets/theme_053_tower_of_valni_8/class_23_wall/subclass_000/orientation_008.png
53230000926	assets/theme_053_tower_of_valni_8/class_23_wall/subclass_000/orientation_009.png
53230001026	assets/theme_053_tower_of_valni_8/class_23_wall/subclass_000/orientation_010.png
53230001126	assets/theme_053_tower_of_valni_8/class_23_wall/subclass_000/orientation_011.png
53230001226	assets/theme_053_tower_of_valni_8/class_23_wall/subclass_000/orientation_012.png
53230001326	assets/theme_053_tower_of_valni_8/class_23_wall/subclass_000/orientation_013.png
53230001426	assets/theme_053_tower_of_valni_8/class_23_wall/subclass_000/orientation_014.png
53230001526	assets/theme_053_tower_of_valni_8/class_23_wall/subclass_000/orientation_015.png
53230001626	assets/theme_053_tower_of_valni_8/class_23_wall/subclass_000/orientation_016.png
53230001726	assets/theme_053_tower_of_valni_8/class_23_wall/subclass_000/orientation_017.png
53230001826	assets/theme_053_tower_of_valni_8/class_23_wall/subclass_000/orientation_018.png
53230001926	assets/theme_053_tower_of_valni_8/class_23_wall/subclass_000/orientation_019.png
53230002026	assets/theme_053_tower_of_valni_8/class_23_wall/subclass_000/orientation_020.png
53230002126	assets/theme_053_tower_of_valni_8/class_23_wall/subclass_000/orientation_021.png
53230002226	assets/theme_053_tower_of_valni_8/class_23_wall/subclass_000/orientation_022.png
53230002326	assets/theme_053_tower_of_valni_8/class_23_wall/subclass_000/orientation_023.png
53230002426	assets/theme_053_tower_of_valni_8/class_23_wall/subclass_000/orientation_024.png
53230002526	assets/theme_053_tower_of_valni_8/class_23_wall/subclass_000/orientation_025.png
53230002626	assets/theme_053_tower_of_valni_8/class_23_wall/subclass_000/orientation_026.png
53230002726	assets/theme_053_tower_of_valni_8/class_23_wall/subclass_000/orientation_027.png
53230002826	assets/theme_053_tower_of_valni_8/class_23_wall/subclass_000/orientation_028.png
53230002926	assets/theme_053_tower_of_valni_8/class_23_wall/subclass_000/orientation_029.png
53230003026	assets/theme_053_tower_of_valni_8/class_23_wall/subclass_000/orientation_030.png
53230003126	assets/theme_053_tower_of_valni_8/class_23_wall/subclass_000/orientation_031.png
53230003226	assets/theme_053_tower_of_valni_8/class_23_wall/subclass_000/orientation_032.png
53230003326	assets/theme_053_tower_of_valni_8/class_23_wall/subclass_000/orientation_033.png
53230003426	assets/theme_053_tower_of_valni_8/class_23_wall/subclass_000/orientation_034.png
53230003526	assets/theme_053_tower_of_valni_8/class_23_wall/subclass_000/orientation_035.png
53230003626	assets/theme_053_tower_of_valni_8/class_23_wall/subclass_000/orientation_036.png
53230003726	assets/theme_053_tower_of_valni_8/class_23_wall/subclass_000/orientation_037.png
53230003826	assets/theme_053_tower_of_valni_8/class_23_wall/subclass_000/orientation_038.png
53230003926	assets/theme_053_tower_of_valni_8/class_23_wall/subclass_000/orientation_039.png
53230004026	assets/theme_053_tower_of_valni_8/class_23_wall/subclass_000/orientation_040.png
53230004126	assets/theme_053_tower_of_valni_8/class_23_wall/subclass_000/orientation_041.png
53230004226	assets/theme_053_tower_of_valni_8/class_23_wall/subclass_000/orientation_042.png
53230004326	assets/theme_053_tower_of_valni_8/class_23_wall/subclass_000/orientation_043.png
53230004426	assets/theme_053_tower_of_valni_8/class_23_wall/subclass_000/orientation_044.png
53230004526	assets/theme_053_tower_of_valni_8/class_23_wall/subclass_000/orientation_045.png
53230004626	assets/theme_053_tower_of_valni_8/class_23_wall/subclass_000/orientation_046.png
53230004726	assets/theme_053_tower_of_valni_8/class_23_wall/subclass_000/orientation_047.png
53230004826	assets/theme_053_tower_of_valni_8/class_23_wall/subclass_000/orientation_048.png
53230004926	assets/theme_053_tower_of_valni_8/class_23_wall/subclass_000/orientation_049.png
53230005026	assets/theme_053_tower_of_valni_8/class_23_wall/subclass_000/orientation_050.png
53230005126	assets/theme_053_tower_of_valni_8/class_23_wall/subclass_000/orientation_051.png
53230005226	assets/theme_053_tower_of_valni_8/class_23_wall/subclass_000/orientation_052.png
53230005326	assets/theme_053_tower_of_valni_8/class_23_wall/subclass_000/orientation_053.png
53230005426	assets/theme_053_tower_of_valni_8/class_23_wall/subclass_000/orientation_054.png
53230005526	assets/theme_053_tower_of_valni_8/class_23_wall/subclass_000/orientation_055.png
53230005626	assets/theme_053_tower_of_valni_8/class_23_wall/subclass_000/orientation_056.png
53230005726	assets/theme_053_tower_of_valni_8/class_23_wall/subclass_000/orientation_057.png
53230005826	assets/theme_053_tower_of_valni_8/class_23_wall/subclass_000/orientation_058.png
53230005926	assets/theme_053_tower_of_valni_8/class_23_wall/subclass_000/orientation_059.png
53230006026	assets/theme_053_tower_of_valni_8/class_23_wall/subclass_000/orientation_060.png
53230006126	assets/theme_053_tower_of_valni_8/class_23_wall/subclass_000/orientation_061.png
53230006226	assets/theme_053_tower_of_valni_8/class_23_wall/subclass_000/orientation_062.png
53230006326	assets/theme_053_tower_of_valni_8/class_23_wall/subclass_000/orientation_063.png
53250000023	assets/theme_053_tower_of_valni_8/class_25_floor/subclass_000/orientation_000.png
53250000123	assets/theme_053_tower_of_valni_8/class_25_floor/subclass_000/orientation_001.png
53250000223	assets/theme_053_tower_of_valni_8/class_25_floor/subclass_000/orientation_002.png
53250000323	assets/theme_053_tower_of_valni_8/class_25_floor/subclass_000/orientation_003.png
53250000423	assets/theme_053_tower_of_valni_8/class_25_floor/subclass_000/orientation_004.png
53250000523	assets/theme_053_tower_of_valni_8/class_25_floor/subclass_000/orientation_005.png
53250000623	assets/theme_053_tower_of_valni_8/class_25_floor/subclass_000/orientation_006.png
53250000723	assets/theme_053_tower_of_valni_8/class_25_floor/subclass_000/orientation_007.png
53250000823	assets/theme_053_tower_of_valni_8/class_25_floor/subclass_000/orientation_008.png
53250000923	assets/theme_053_tower_of_valni_8/class_25_floor/subclass_000/orientation_009.png
53250001023	assets/theme_053_tower_of_valni_8/class_25_floor/subclass_000/orientation_010.png
53250001123	assets/theme_053_tower_of_valni_8/class_25_floor/subclass_000/orientation_011.png
53250001223	assets/theme_053_tower_of_valni_8/class_25_floor/subclass_000/orientation_012.png
53250001323	assets/theme_053_tower_of_valni_8/class_25_floor/subclass_000/orientation_013.png
53250001423	assets/theme_053_tower_of_valni_8/class_25_floor/subclass_000/orientation_014.png
53250001523	assets/theme_053_tower_of_valni_8/class_25_floor/subclass_000/orientation_015.png
53250001623	assets/theme_053_tower_of_valni_8/class_25_floor/subclass_000/orientation_016.png
53250001723	assets/theme_053_tower_of_valni_8/class_25_floor/subclass_000/orientation_017.png
53250001823	assets/theme_053_tower_of_valni_8/class_25_floor/subclass_000/orientation_018.png
53250001923	assets/theme_053_tower_of_valni_8/class_25_floor/subclass_000/orientation_019.png
53260000045	assets/theme_053_tower_of_valni_8/class_26_stairs/subclass_000/orientation_000.png
53260000145	assets/theme_053_tower_of_valni_8/class_26_stairs/subclass_000/orientation_001.png
53260000245	assets/theme_053_tower_of_valni_8/class_26_stairs/subclass_000/orientation_002.png
53260000345	assets/theme_053_tower_of_valni_8/class_26_stairs/subclass_000/orientation_003.png
53260100045	assets/theme_053_tower_of_valni_8/class_26_stairs/subclass_001/orientation_000.png
53260200045	assets/theme_053_tower_of_valni_8/class_26_stairs/subclass_002/orientation_000.png
53360100033	assets/theme_053_tower_of_valni_8/class_36_chest/subclass_001/orientation_000.png
53470000063	assets/theme_053_tower_of_valni_8/class_47_brace/subclass_000/orientation_000.png
53470000163	assets/theme_053_tower_of_valni_8/class_47_brace/subclass_000/orientation_001.png
53490000000	assets/theme_053_tower_of_valni_8/class_49_dashdash/subclass_000/orientation_000.png
54010000001	assets/theme_054_lagdou_ruins_01/class_01_plain/subclass_000/orientation_000.png
54010000101	assets/theme_054_lagdou_ruins_01/class_01_plain/subclass_000/orientation_001.png
54010000201	assets/theme_054_lagdou_ruins_01/class_01_plain/subclass_000/orientation_002.png
54010000301	assets/theme_054_lagdou_ruins_01/class_01_plain/subclass_000/orientation_003.png
54010000401	assets/theme_054_lagdou_ruins_01/class_01_plain/subclass_000/orientation_004.png
54010000501	assets/theme_054_lagdou_ruins_01/class_01_plain/subclass_000/orientation_005.png
54010000601	assets/theme_054_lagdou_ruins_01/class_01_plain/subclass_000/orientation_006.png
54010000701	assets/theme_054_lagdou_ruins_01/class_01_plain/subclass_000/orientation_007.png
54010000901	assets/theme_054_lagdou_ruins_01/class_01_plain/subclass_000/orientation_009.png
54010001001	assets/theme_054_lagdou_ruins_01/class_01_plain/subclass_000/orientation_010.png
54010001101	assets/theme_054_lagdou_ruins_01/class_01_plain/subclass_000/orientation_011.png
54010001201	assets/theme_054_lagdou_ruins_01/class_01_plain/subclass_000/orientation_012.png
54010001301	assets/theme_054_lagdou_ruins_01/class_01_plain/subclass_000/orientation_013.png
54010001401	assets/theme_054_lagdou_ruins_01/class_01_plain/subclass_000/orientation_014.png
54010001501	assets/theme_054_lagdou_ruins_01/class_01_plain/subclass_000/orientation_015.png
54010001601	assets/theme_054_lagdou_ruins_01/class_01_plain/subclass_000/orientation_016.png
54010001701	assets/theme_054_lagdou_ruins_01/class_01_plain/subclass_000/orientation_017.png
54010001801	assets/theme_054_lagdou_ruins_01/class_01_plain/subclass_000/orientation_018.png
54010001901	assets/theme_054_lagdou_ruins_01/class_01_plain/subclass_000/orientation_019.png
54010002001	assets/theme_054_lagdou_ruins_01/class_01_plain/subclass_000/orientation_020.png
54010002101	assets/theme_054_lagdou_ruins_01/class_01_plain/subclass_000/orientation_021.png
54010002201	assets/theme_054_lagdou_ruins_01/class_01_plain/subclass_000/orientation_022.png
54010002301	assets/theme_054_lagdou_ruins_01/class_01_plain/subclass_000/orientation_023.png
54010002401	assets/theme_054_lagdou_ruins_01/class_01_plain/subclass_000/orientation_024.png
54010002501	assets/theme_054_lagdou_ruins_01/class_01_plain/subclass_000/orientation_025.png
54010002601	assets/theme_054_lagdou_ruins_01/class_01_plain/subclass_000/orientation_026.png
54010002701	assets/theme_054_lagdou_ruins_01/class_01_plain/subclass_000/orientation_027.png
54010002801	assets/theme_054_lagdou_ruins_01/class_01_plain/subclass_000/orientation_028.png
54010002901	assets/theme_054_lagdou_ruins_01/class_01_plain/subclass_000/orientation_029.png
54010003001	assets/theme_054_lagdou_ruins_01/class_01_plain/subclass_000/orientation_030.png
54020000012	assets/theme_054_lagdou_ruins_01/class_02_forest/subclass_000/orientation_000.png
54020000112	assets/theme_054_lagdou_ruins_01/class_02_forest/subclass_000/orientation_001.png
54020000212	assets/theme_054_lagdou_ruins_01/class_02_forest/subclass_000/orientation_002.png
54060000038	assets/theme_054_lagdou_ruins_01/class_06_cliff/subclass_000/orientation_000.png
54060000138	assets/theme_054_lagdou_ruins_01/class_06_cliff/subclass_000/orientation_001.png
54230000026	assets/theme_054_lagdou_ruins_01/class_23_wall/subclass_000/orientation_000.png
54230000126	assets/theme_054_lagdou_ruins_01/class_23_wall/subclass_000/orientation_001.png
54230000226	assets/theme_054_lagdou_ruins_01/class_23_wall/subclass_000/orientation_002.png
54230000326	assets/theme_054_lagdou_ruins_01/class_23_wall/subclass_000/orientation_003.png
54230000426	assets/theme_054_lagdou_ruins_01/class_23_wall/subclass_000/orientation_004.png
54230000526	assets/theme_054_lagdou_ruins_01/class_23_wall/subclass_000/orientation_005.png
54230000626	assets/theme_054_lagdou_ruins_01/class_23_wall/subclass_000/orientation_006.png
54230000726	assets/theme_054_lagdou_ruins_01/class_23_wall/subclass_000/orientation_007.png
54230000826	assets/theme_054_lagdou_ruins_01/class_23_wall/subclass_000/orientation_008.png
54230000926	assets/theme_054_lagdou_ruins_01/class_23_wall/subclass_000/orientation_009.png
54230001026	assets/theme_054_lagdou_ruins_01/class_23_wall/subclass_000/orientation_010.png
54230001126	assets/theme_054_lagdou_ruins_01/class_23_wall/subclass_000/orientation_011.png
54230001226	assets/theme_054_lagdou_ruins_01/class_23_wall/subclass_000/orientation_012.png
54230001326	assets/theme_054_lagdou_ruins_01/class_23_wall/subclass_000/orientation_013.png
54230001426	assets/theme_054_lagdou_ruins_01/class_23_wall/subclass_000/orientation_014.png
54230001526	assets/theme_054_lagdou_ruins_01/class_23_wall/subclass_000/orientation_015.png
54230001626	assets/theme_054_lagdou_ruins_01/class_23_wall/subclass_000/orientation_016.png
54230001726	assets/theme_054_lagdou_ruins_01/class_23_wall/subclass_000/orientation_017.png
54230001826	assets/theme_054_lagdou_ruins_01/class_23_wall/subclass_000/orientation_018.png
54230001926	assets/theme_054_lagdou_ruins_01/class_23_wall/subclass_000/orientation_019.png
54230002026	assets/theme_054_lagdou_ruins_01/class_23_wall/subclass_000/orientation_020.png
54230002126	assets/theme_054_lagdou_ruins_01/class_23_wall/subclass_000/orientation_021.png
54230002226	assets/theme_054_lagdou_ruins_01/class_23_wall/subclass_000/orientation_022.png
54230100026	assets/theme_054_lagdou_ruins_01/class_23_wall/subclass_001/orientation_000.png
54240000027	assets/theme_054_lagdou_ruins_01/class_24_wall2/subclass_000/orientation_000.png
54250000023	assets/theme_054_lagdou_ruins_01/class_25_floor/subclass_000/orientation_000.png
54250000123	assets/theme_054_lagdou_ruins_01/class_25_floor/subclass_000/orientation_001.png
54250000223	assets/theme_054_lagdou_ruins_01/class_25_floor/subclass_000/orientation_002.png
54250000323	assets/theme_054_lagdou_ruins_01/class_25_floor/subclass_000/orientation_003.png
54250000423	assets/theme_054_lagdou_ruins_01/class_25_floor/subclass_000/orientation_004.png
54250000523	assets/theme_054_lagdou_ruins_01/class_25_floor/subclass_000/orientation_005.png
54250000623	assets/theme_054_lagdou_ruins_01/class_25_floor/subclass_000/orientation_006.png
54250000723	assets/theme_054_lagdou_ruins_01/class_25_floor/subclass_000/orientation_007.png
54250000823	assets/theme_054_lagdou_ruins_01/class_25_floor/subclass_000/orientation_008.png
54250000923	assets/theme_054_lagdou_ruins_01/class_25_floor/subclass_000/orientation_009.png
54250001023	assets/theme_054_lagdou_ruins_01/class_25_floor/subclass_000/orientation_010.png
54250001123	assets/theme_054_lagdou_ruins_01/class_25_floor/subclass_000/orientation_011.png
54250001223	assets/theme_054_lagdou_ruins_01/class_25_floor/subclass_000/orientation_012.png
54250001323	assets/theme_054_lagdou_ruins_01/class_25_floor/subclass_000/orientation_013.png
54250001423	assets/theme_054_lagdou_ruins_01/class_25_floor/subclass_000/orientation_014.png
54260000045	assets/theme_054_lagdou_ruins_01/class_26_stairs/subclass_000/orientation_000.png
54260000145	assets/theme_054_lagdou_ruins_01/class_26_stairs/subclass_000/orientation_001.png
54260100045	assets/theme_054_lagdou_ruins_01/class_26_stairs/subclass_001/orientation_000.png
54260200045	assets/theme_054_lagdou_ruins_01/class_26_stairs/subclass_002/orientation_000.png
54260200145	assets/theme_054_lagdou_ruins_01/class_26_stairs/subclass_002/orientation_001.png
54260300045	assets/theme_054_lagdou_ruins_01/class_26_stairs/subclass_003/orientation_000.png
54260300145	assets/theme_054_lagdou_ruins_01/class_26_stairs/subclass_003/orientation_001.png
54260300245	assets/theme_054_lagdou_ruins_01/class_26_stairs/subclass_003/orientation_002.png
54260300345	assets/theme_054_lagdou_ruins_01/class_26_stairs/subclass_003/orientation_003.png
54470000063	assets/theme_054_lagdou_ruins_01/class_47_brace/subclass_000/orientation_000.png
54470000163	assets/theme_054_lagdou_ruins_01/class_47_brace/subclass_000/orientation_001.png
54470000263	assets/theme_054_lagdou_ruins_01/class_47_brace/subclass_000/orientation_002.png
54470000363	assets/theme_054_lagdou_ruins_01/class_47_brace/subclass_000/orientation_003.png
54470000463	assets/theme_054_lagdou_ruins_01/class_47_brace/subclass_000/orientation_004.png
55010000001	assets/theme_055_lagdou_ruins_02/class_01_plain/subclass_000/orientation_000.png
55010000101	assets/theme_055_lagdou_ruins_02/class_01_plain/subclass_000/orientation_001.png
55010000201	assets/theme_055_lagdou_ruins_02/class_01_plain/subclass_000/orientation_002.png
55010000301	assets/theme_055_lagdou_ruins_02/class_01_plain/subclass_000/orientation_003.png
55010000401	assets/theme_055_lagdou_ruins_02/class_01_plain/subclass_000/orientation_004.png
55010000501	assets/theme_055_lagdou_ruins_02/class_01_plain/subclass_000/orientation_005.png
55010000601	assets/theme_055_lagdou_ruins_02/class_01_plain/subclass_000/orientation_006.png
55010000701	assets/theme_055_lagdou_ruins_02/class_01_plain/subclass_000/orientation_007.png
55010000801	assets/theme_055_lagdou_ruins_02/class_01_plain/subclass_000/orientation_008.png
55010000901	assets/theme_055_lagdou_ruins_02/class_01_plain/subclass_000/orientation_009.png
55010001001	assets/theme_055_lagdou_ruins_02/class_01_plain/subclass_000/orientation_010.png
55010001101	assets/theme_055_lagdou_ruins_02/class_01_plain/subclass_000/orientation_011.png
55010001201	assets/theme_055_lagdou_ruins_02/class_01_plain/subclass_000/orientation_012.png
55010001301	assets/theme_055_lagdou_ruins_02/class_01_plain/subclass_000/orientation_013.png
55010001401	assets/theme_055_lagdou_ruins_02/class_01_plain/subclass_000/orientation_014.png
55010001501	assets/theme_055_lagdou_ruins_02/class_01_plain/subclass_000/orientation_015.png
55010001601	assets/theme_055_lagdou_ruins_02/class_01_plain/subclass_000/orientation_016.png
55010001701	assets/theme_055_lagdou_ruins_02/class_01_plain/subclass_000/orientation_017.png
55010001801	assets/theme_055_lagdou_ruins_02/class_01_plain/subclass_000/orientation_018.png
55010001901	assets/theme_055_lagdou_ruins_02/class_01_plain/subclass_000/orientation_019.png
55010002001	assets/theme_055_lagdou_ruins_02/class_01_plain/subclass_000/orientation_020.png
55010002101	assets/theme_055_lagdou_ruins_02/class_01_plain/subclass_000/orientation_021.png
55010002201	assets/theme_055_lagdou_ruins_02/class_01_plain/subclass_000/orientation_022.png
55010002301	assets/theme_055_lagdou_ruins_02/class_01_plain/subclass_000/orientation_023.png
55010002401	assets/theme_055_lagdou_ruins_02/class_01_plain/subclass_000/orientation_024.png
55010002501	assets/theme_055_lagdou_ruins_02/class_01_plain/subclass_000/orientation_025.png
55010002601	assets/theme_055_lagdou_ruins_02/class_01_plain/subclass_000/orientation_026.png
55010002701	assets/theme_055_lagdou_ruins_02/class_01_plain/subclass_000/orientation_027.png
55230000026	assets/theme_055_lagdou_ruins_02/class_23_wall/subclass_000/orientation_000.png
55230000126	assets/theme_055_lagdou_ruins_02/class_23_wall/subclass_000/orientation_001.png
55230000226	assets/theme_055_lagdou_ruins_02/class_23_wall/subclass_000/orientation_002.png
55230000326	assets/theme_055_lagdou_ruins_02/class_23_wall/subclass_000/orientation_003.png
55230000426	assets/theme_055_lagdou_ruins_02/class_23_wall/subclass_000/orientation_004.png
55230000526	assets/theme_055_lagdou_ruins_02/class_23_wall/subclass_000/orientation_005.png
55230000626	assets/theme_055_lagdou_ruins_02/class_23_wall/subclass_000/orientation_006.png
55230000726	assets/theme_055_lagdou_ruins_02/class_23_wall/subclass_000/orientation_007.png
55230000826	assets/theme_055_lagdou_ruins_02/class_23_wall/subclass_000/orientation_008.png
55230000926	assets/theme_055_lagdou_ruins_02/class_23_wall/subclass_000/orientation_009.png
55230001026	assets/theme_055_lagdou_ruins_02/class_23_wall/subclass_000/orientation_010.png
55230001126	assets/theme_055_lagdou_ruins_02/class_23_wall/subclass_000/orientation_011.png
55230001226	assets/theme_055_lagdou_ruins_02/class_23_wall/subclass_000/orientation_012.png
55230001326	assets/theme_055_lagdou_ruins_02/class_23_wall/subclass_000/orientation_013.png
55230001426	assets/theme_055_lagdou_ruins_02/class_23_wall/subclass_000/orientation_014.png
55230001526	assets/theme_055_lagdou_ruins_02/class_23_wall/subclass_000/orientation_015.png
55230001626	assets/theme_055_lagdou_ruins_02/class_23_wall/subclass_000/orientation_016.png
55230001726	assets/theme_055_lagdou_ruins_02/class_23_wall/subclass_000/orientation_017.png
55230001826	assets/theme_055_lagdou_ruins_02/class_23_wall/subclass_000/orientation_018.png
55230001926	assets/theme_055_lagdou_ruins_02/class_23_wall/subclass_000/orientation_019.png
55230002026	assets/theme_055_lagdou_ruins_02/class_23_wall/subclass_000/orientation_020.png
55230002126	assets/theme_055_lagdou_ruins_02/class_23_wall/subclass_000/orientation_021.png
55230002226	assets/theme_055_lagdou_ruins_02/class_23_wall/subclass_000/orientation_022.png
55240000027	assets/theme_055_lagdou_ruins_02/class_24_wall2/subclass_000/orientation_000.png
55250000023	assets/theme_055_lagdou_ruins_02/class_25_floor/subclass_000/orientation_000.png
55250000123	assets/theme_055_lagdou_ruins_02/class_25_floor/subclass_000/orientation_001.png
55250000223	assets/theme_055_lagdou_ruins_02/class_25_floor/subclass_000/orientation_002.png
55250000323	assets/theme_055_lagdou_ruins_02/class_25_floor/subclass_000/orientation_003.png
55250000423	assets/theme_055_lagdou_ruins_02/class_25_floor/subclass_000/orientation_004.png
55250000523	assets/theme_055_lagdou_ruins_02/class_25_floor/subclass_000/orientation_005.png
55250000623	assets/theme_055_lagdou_ruins_02/class_25_floor/subclass_000/orientation_006.png
55250000723	assets/theme_055_lagdou_ruins_02/class_25_floor/subclass_000/orientation_007.png
55250000823	assets/theme_055_lagdou_ruins_02/class_25_floor/subclass_000/orientation_008.png
55250000923	assets/theme_055_lagdou_ruins_02/class_25_floor/subclass_000/orientation_009.png
55250001023	assets/theme_055_lagdou_ruins_02/class_25_floor/subclass_000/orientation_010.png
55250001123	assets/theme_055_lagdou_ruins_02/class_25_floor/subclass_000/orientation_011.png
55250001223	assets/theme_055_lagdou_ruins_02/class_25_floor/subclass_000/orientation_012.png
55250001323	assets/theme_055_lagdou_ruins_02/class_25_floor/subclass_000/orientation_013.png
55250001423	assets/theme_055_lagdou_ruins_02/class_25_floor/subclass_000/orientation_014.png
55250001523	assets/theme_055_lagdou_ruins_02/class_25_floor/subclass_000/orientation_015.png
55250001623	assets/theme_055_lagdou_ruins_02/class_25_floor/subclass_000/orientation_016.png
55260000045	assets/theme_055_lagdou_ruins_02/class_26_stairs/subclass_000/orientation_000.png
55260000145	assets/theme_055_lagdou_ruins_02/class_26_stairs/subclass_000/orientation_001.png
55260100045	assets/theme_055_lagdou_ruins_02/class_26_stairs/subclass_001/orientation_000.png
55260100145	assets/theme_055_lagdou_ruins_02/class_26_stairs/subclass_001/orientation_001.png
55260100245	assets/theme_055_lagdou_ruins_02/class_26_stairs/subclass_001/orientation_002.png
55340000029	assets/theme_055_lagdou_ruins_02/class_34_pillar/subclass_000/orientation_000.png
55470000063	assets/theme_055_lagdou_ruins_02/class_47_brace/subclass_000/orientation_000.png
55470000163	assets/theme_055_lagdou_ruins_02/class_47_brace/subclass_000/orientation_001.png
56010000001	assets/theme_056_lagdou_ruins_03/class_01_plain/subclass_000/orientation_000.png
56010000101	assets/theme_056_lagdou_ruins_03/class_01_plain/subclass_000/orientation_001.png
56010000201	assets/theme_056_lagdou_ruins_03/class_01_plain/subclass_000/orientation_002.png
56010000301	assets/theme_056_lagdou_ruins_03/class_01_plain/subclass_000/orientation_003.png
56010000401	assets/theme_056_lagdou_ruins_03/class_01_plain/subclass_000/orientation_004.png
56010000501	assets/theme_056_lagdou_ruins_03/class_01_plain/subclass_000/orientation_005.png
56010000601	assets/theme_056_lagdou_ruins_03/class_01_plain/subclass_000/orientation_006.png
56010000701	assets/theme_056_lagdou_ruins_03/class_01_plain/subclass_000/orientation_007.png
56010000801	assets/theme_056_lagdou_ruins_03/class_01_plain/subclass_000/orientation_008.png
56010000901	assets/theme_056_lagdou_ruins_03/class_01_plain/subclass_000/orientation_009.png
56230000026	assets/theme_056_lagdou_ruins_03/class_23_wall/subclass_000/orientation_000.png
56230000126	assets/theme_056_lagdou_ruins_03/class_23_wall/subclass_000/orientation_001.png
56230000226	assets/theme_056_lagdou_ruins_03/class_23_wall/subclass_000/orientation_002.png
56230000326	assets/theme_056_lagdou_ruins_03/class_23_wall/subclass_000/orientation_003.png
56230000426	assets/theme_056_lagdou_ruins_03/class_23_wall/subclass_000/orientation_004.png
56230000526	assets/theme_056_lagdou_ruins_03/class_23_wall/subclass_000/orientation_005.png
56230000626	assets/theme_056_lagdou_ruins_03/class_23_wall/subclass_000/orientation_006.png
56230000726	assets/theme_056_lagdou_ruins_03/class_23_wall/subclass_000/orientation_007.png
56230000826	assets/theme_056_lagdou_ruins_03/class_23_wall/subclass_000/orientation_008.png
56230000926	assets/theme_056_lagdou_ruins_03/class_23_wall/subclass_000/orientation_009.png
56230001026	assets/theme_056_lagdou_ruins_03/class_23_wall/subclass_000/orientation_010.png
56230001126	assets/theme_056_lagdou_ruins_03/class_23_wall/subclass_000/orientation_011.png
56230001226	assets/theme_056_lagdou_ruins_03/class_23_wall/subclass_000/orientation_012.png
56230001326	assets/theme_056_lagdou_ruins_03/class_23_wall/subclass_000/orientation_013.png
56230001426	assets/theme_056_lagdou_ruins_03/class_23_wall/subclass_000/orientation_014.png
56230001526	assets/theme_056_lagdou_ruins_03/class_23_wall/subclass_000/orientation_015.png
56230001626	assets/theme_056_lagdou_ruins_03/class_23_wall/subclass_000/orientation_016.png
56230001726	assets/theme_056_lagdou_ruins_03/class_23_wall/subclass_000/orientation_017.png
56230001826	assets/theme_056_lagdou_ruins_03/class_23_wall/subclass_000/orientation_018.png
56230001926	assets/theme_056_lagdou_ruins_03/class_23_wall/subclass_000/orientation_019.png
56230002026	assets/theme_056_lagdou_ruins_03/class_23_wall/subclass_000/orientation_020.png
56240000027	assets/theme_056_lagdou_ruins_03/class_24_wall2/subclass_000/orientation_000.png
56240100027	assets/theme_056_lagdou_ruins_03/class_24_wall2/subclass_001/orientation_000.png
56250000023	assets/theme_056_lagdou_ruins_03/class_25_floor/subclass_000/orientation_000.png
56250000123	assets/theme_056_lagdou_ruins_03/class_25_floor/subclass_000/orientation_001.png
56250000223	assets/theme_056_lagdou_ruins_03/class_25_floor/subclass_000/orientation_002.png
56250000323	assets/theme_056_lagdou_ruins_03/class_25_floor/subclass_000/orientation_003.png
56250000423	assets/theme_056_lagdou_ruins_03/class_25_floor/subclass_000/orientation_004.png
56250000523	assets/theme_056_lagdou_ruins_03/class_25_floor/subclass_000/orientation_005.png
56250000623	assets/theme_056_lagdou_ruins_03/class_25_floor/subclass_000/orientation_006.png
56250000723	assets/theme_056_lagdou_ruins_03/class_25_floor/subclass_000/orientation_007.png
56250000823	assets/theme_056_lagdou_ruins_03/class_25_floor/subclass_000/orientation_008.png
56250000923	assets/theme_056_lagdou_ruins_03/class_25_floor/subclass_000/orientation_009.png
56250001023	assets/theme_056_lagdou_ruins_03/class_25_floor/subclass_000/orientation_010.png
56250001123	assets/theme_056_lagdou_ruins_03/class_25_floor/subclass_000/orientation_011.png
56250001223	assets/theme_056_lagdou_ruins_03/class_25_floor/subclass_000/orientation_012.png
56250001323	assets/theme_056_lagdou_ruins_03/class_25_floor/subclass_000/orientation_013.png
56250001423	assets/theme_056_lagdou_ruins_03/class_25_floor/subclass_000/orientation_014.png
56250001523	assets/theme_056_lagdou_ruins_03/class_25_floor/subclass_000/orientation_015.png
56250001623	assets/theme_056_lagdou_ruins_03/class_25_floor/subclass_000/orientation_016.png
56250001723	assets/theme_056_lagdou_ruins_03/class_25_floor/subclass_000/orientation_017.png
56250001823	assets/theme_056_lagdou_ruins_03/class_25_floor/subclass_000/orientation_018.png
56250001923	assets/theme_056_lagdou_ruins_03/class_25_floor/subclass_000/orientation_019.png
56260000045	assets/theme_056_lagdou_ruins_03/class_26_stairs/subclass_000/orientation_000.png
56260100045	assets/theme_056_lagdou_ruins_03/class_26_stairs/subclass_001/orientation_000.png
56260200045	assets/theme_056_lagdou_ruins_03/class_26_stairs/subclass_002/orientation_000.png
56260200145	assets/theme_056_lagdou_ruins_03/class_26_stairs/subclass_002/orientation_001.png
56260200245	assets/theme_056_lagdou_ruins_03/class_26_stairs/subclass_002/orientation_002.png
56270000030	assets/theme_056_lagdou_ruins_03/class_27_door/subclass_000/orientation_000.png
56270100030	assets/theme_056_lagdou_ruins_03/class_27_door/subclass_001/orientation_000.png
56270100130	assets/theme_056_lagdou_ruins_03/class_27_door/subclass_001/orientation_001.png
56360100033	assets/theme_056_lagdou_ruins_03/class_36_chest/subclass_001/orientation_000.png
56470000063	assets/theme_056_lagdou_ruins_03/class_47_brace/subclass_000/orientation_000.png
56470000163	assets/theme_056_lagdou_ruins_03/class_47_brace/subclass_000/orientation_001.png
56470000263	assets/theme_056_lagdou_ruins_03/class_47_brace/subclass_000/orientation_002.png
56470000363	assets/theme_056_lagdou_ruins_03/class_47_brace/subclass_000/orientation_003.png
57230000026	assets/theme_057_lagdou_ruins_04/class_23_wall/subclass_000/orientation_000.png
57230000226	assets/theme_057_lagdou_ruins_04/class_23_wall/subclass_000/orientation_002.png
57230000326	assets/theme_057_lagdou_ruins_04/class_23_wall/subclass_000/orientation_003.png
57230000426	assets/theme_057_lagdou_ruins_04/class_23_wall/subclass_000/orientation_004.png
57230000526	assets/theme_057_lagdou_ruins_04/class_23_wall/subclass_000/orientation_005.png
57230000626	assets/theme_057_lagdou_ruins_04/class_23_wall/subclass_000/orientation_006.png
57230000726	assets/theme_057_lagdou_ruins_04/class_23_wall/subclass_000/orientation_007.png
57230000826	assets/theme_057_lagdou_ruins_04/class_23_wall/subclass_000/orientation_008.png
57230000926	assets/theme_057_lagdou_ruins_04/class_23_wall/subclass_000/orientation_009.png
57230001026	assets/theme_057_lagdou_ruins_04/class_23_wall/subclass_000/orientation_010.png
57230001126	assets/theme_057_lagdou_ruins_04/class_23_wall/subclass_000/orientation_011.png
57230001326	assets/theme_057_lagdou_ruins_04/class_23_wall/subclass_000/orientation_013.png
57230001426	assets/theme_057_lagdou_ruins_04/class_23_wall/subclass_000/orientation_014.png
57230001526	assets/theme_057_lagdou_ruins_04/class_23_wall/subclass_000/orientation_015.png
57230001626	assets/theme_057_lagdou_ruins_04/class_23_wall/subclass_000/orientation_016.png
57230001726	assets/theme_057_lagdou_ruins_04/class_23_wall/subclass_000/orientation_017.png
57230001826	assets/theme_057_lagdou_ruins_04/class_23_wall/subclass_000/orientation_018.png
57230001926	assets/theme_057_lagdou_ruins_04/class_23_wall/subclass_000/orientation_019.png
57230002026	assets/theme_057_lagdou_ruins_04/class_23_wall/subclass_000/orientation_020.png
57230002126	assets/theme_057_lagdou_ruins_04/class_23_wall/subclass_000/orientation_021.png
57230002226	assets/theme_057_lagdou_ruins_04/class_23_wall/subclass_000/orientation_022.png
57230002326	assets/theme_057_lagdou_ruins_04/class_23_wall/subclass_000/orientation_023.png
57230002426	assets/theme_057_lagdou_ruins_04/class_23_wall/subclass_000/orientation_024.png
57240000027	assets/theme_057_lagdou_ruins_04/class_24_wall2/subclass_000/orientation_000.png
57240000127	assets/theme_057_lagdou_ruins_04/class_24_wall2/subclass_000/orientation_001.png
57240000227	assets/theme_057_lagdou_ruins_04/class_24_wall2/subclass_000/orientation_002.png
57240100027	assets/theme_057_lagdou_ruins_04/class_24_wall2/subclass_001/orientation_000.png
57250000023	assets/theme_057_lagdou_ruins_04/class_25_floor/subclass_000/orientation_000.png
57250000123	assets/theme_057_lagdou_ruins_04/class_25_floor/subclass_000/orientation_001.png
57250000223	assets/theme_057_lagdou_ruins_04/class_25_floor/subclass_000/orientation_002.png
57250000323	assets/theme_057_lagdou_ruins_04/class_25_floor/subclass_000/orientation_003.png
57250000523	assets/theme_057_lagdou_ruins_04/class_25_floor/subclass_000/orientation_005.png
57250000623	assets/theme_057_lagdou_ruins_04/class_25_floor/subclass_000/orientation_006.png
57250000723	assets/theme_057_lagdou_ruins_04/class_25_floor/subclass_000/orientation_007.png
57250000823	assets/theme_057_lagdou_ruins_04/class_25_floor/subclass_000/orientation_008.png
57260000045	assets/theme_057_lagdou_ruins_04/class_26_stairs/subclass_000/orientation_000.png
57260100045	assets/theme_057_lagdou_ruins_04/class_26_stairs/subclass_001/orientation_000.png
57260100145	assets/theme_057_lagdou_ruins_04/class_26_stairs/subclass_001/orientation_001.png
57260100245	assets/theme_057_lagdou_ruins_04/class_26_stairs/subclass_001/orientation_002.png
57360100033	assets/theme_057_lagdou_ruins_04/class_36_chest/subclass_001/orientation_000.png
57470000063	assets/theme_057_lagdou_ruins_04/class_47_brace/subclass_000/orientation_000.png
57470000163	assets/theme_057_lagdou_ruins_04/class_47_brace/subclass_000/orientation_001.png
58230000026	assets/theme_058_lagdou_ruins_05/class_23_wall/subclass_000/orientation_000.png
58230000126	assets/theme_058_lagdou_ruins_05/class_23_wall/subclass_000/orientation_001.png
58230000226	assets/theme_058_lagdou_ruins_05/class_23_wall/subclass_000/orientation_002.png
58230000326	assets/theme_058_lagdou_ruins_05/class_23_wall/subclass_000/orientation_003.png
58230000426	assets/theme_058_lagdou_ruins_05/class_23_wall/subclass_000/orientation_004.png
58230000526	assets/theme_058_lagdou_ruins_05/class_23_wall/subclass_000/orientation_005.png
58230000626	assets/theme_058_lagdou_ruins_05/class_23_wall/subclass_000/orientation_006.png
58230000726	assets/theme_058_lagdou_ruins_05/class_23_wall/subclass_000/orientation_007.png
58230000826	assets/theme_058_lagdou_ruins_05/class_23_wall/subclass_000/orientation_008.png
58230000926	assets/theme_058_lagdou_ruins_05/class_23_wall/subclass_000/orientation_009.png
58230001026	assets/theme_058_lagdou_ruins_05/class_23_wall/subclass_000/orientation_010.png
58230001126	assets/theme_058_lagdou_ruins_05/class_23_wall/subclass_000/orientation_011.png
58230001226	assets/theme_058_lagdou_ruins_05/class_23_wall/subclass_000/orientation_012.png
58230001326	assets/theme_058_lagdou_ruins_05/class_23_wall/subclass_000/orientation_013.png
58230001426	assets/theme_058_lagdou_ruins_05/class_23_wall/subclass_000/orientation_014.png
58230001526	assets/theme_058_lagdou_ruins_05/class_23_wall/subclass_000/orientation_015.png
58230001726	assets/theme_058_lagdou_ruins_05/class_23_wall/subclass_000/orientation_017.png
58230001826	assets/theme_058_lagdou_ruins_05/class_23_wall/subclass_000/orientation_018.png
58230001926	assets/theme_058_lagdou_ruins_05/class_23_wall/subclass_000/orientation_019.png
58230002026	assets/theme_058_lagdou_ruins_05/class_23_wall/subclass_000/orientation_020.png
58230002126	assets/theme_058_lagdou_ruins_05/class_23_wall/subclass_000/orientation_021.png
58230002226	assets/theme_058_lagdou_ruins_05/class_23_wall/subclass_000/orientation_022.png
58230002326	assets/theme_058_lagdou_ruins_05/class_23_wall/subclass_000/orientation_023.png
58230002426	assets/theme_058_lagdou_ruins_05/class_23_wall/subclass_000/orientation_024.png
58230002526	assets/theme_058_lagdou_ruins_05/class_23_wall/subclass_000/orientation_025.png
58230002626	assets/theme_058_lagdou_ruins_05/class_23_wall/subclass_000/orientation_026.png
58230002726	assets/theme_058_lagdou_ruins_05/class_23_wall/subclass_000/orientation_027.png
58230002826	assets/theme_058_lagdou_ruins_05/class_23_wall/subclass_000/orientation_028.png
58230002926	assets/theme_058_lagdou_ruins_05/class_23_wall/subclass_000/orientation_029.png
58230003026	assets/theme_058_lagdou_ruins_05/class_23_wall/subclass_000/orientation_030.png
58230003126	assets/theme_058_lagdou_ruins_05/class_23_wall/subclass_000/orientation_031.png
58230003226	assets/theme_058_lagdou_ruins_05/class_23_wall/subclass_000/orientation_032.png
58240000027	assets/theme_058_lagdou_ruins_05/class_24_wall2/subclass_000/orientation_000.png
58240000127	assets/theme_058_lagdou_ruins_05/class_24_wall2/subclass_000/orientation_001.png
58250000023	assets/theme_058_lagdou_ruins_05/class_25_floor/subclass_000/orientation_000.png
58250000123	assets/theme_058_lagdou_ruins_05/class_25_floor/subclass_000/orientation_001.png
58250000223	assets/theme_058_lagdou_ruins_05/class_25_floor/subclass_000/orientation_002.png
58250000323	assets/theme_058_lagdou_ruins_05/class_25_floor/subclass_000/orientation_003.png
58250000523	assets/theme_058_lagdou_ruins_05/class_25_floor/subclass_000/orientation_005.png
58250000623	assets/theme_058_lagdou_ruins_05/class_25_floor/subclass_000/orientation_006.png
58250000723	assets/theme_058_lagdou_ruins_05/class_25_floor/subclass_000/orientation_007.png
58250000823	assets/theme_058_lagdou_ruins_05/class_25_floor/subclass_000/orientation_008.png
58260000045	assets/theme_058_lagdou_ruins_05/class_26_stairs/subclass_000/orientation_000.png
58260000145	assets/theme_058_lagdou_ruins_05/class_26_stairs/subclass_000/orientation_001.png
58260100045	assets/theme_058_lagdou_ruins_05/class_26_stairs/subclass_001/orientation_000.png
58360100033	assets/theme_058_lagdou_ruins_05/class_36_chest/subclass_001/orientation_000.png
58470000063	assets/theme_058_lagdou_ruins_05/class_47_brace/subclass_000/orientation_000.png
58470000163	assets/theme_058_lagdou_ruins_05/class_47_brace/subclass_000/orientation_001.png
58470000263	assets/theme_058_lagdou_ruins_05/class_47_brace/subclass_000/orientation_002.png
58470000363	assets/theme_058_lagdou_ruins_05/class_47_brace/subclass_000/orientation_003.png
59230000026	assets/theme_059_lagdou_ruins_06/class_23_wall/subclass_000/orientation_000.png
59230000126	assets/theme_059_lagdou_ruins_06/class_23_wall/subclass_000/orientation_001.png
59230000226	assets/theme_059_lagdou_ruins_06/class_23_wall/subclass_000/orientation_002.png
59230000326	assets/theme_059_lagdou_ruins_06/class_23_wall/subclass_000/orientation_003.png
59230000426	assets/theme_059_lagdou_ruins_06/class_23_wall/subclass_000/orientation_004.png
59230000526	assets/theme_059_lagdou_ruins_06/class_23_wall/subclass_000/orientation_005.png
59230000626	assets/theme_059_lagdou_ruins_06/class_23_wall/subclass_000/orientation_006.png
59230000726	assets/theme_059_lagdou_ruins_06/class_23_wall/subclass_000/orientation_007.png
59230000826	assets/theme_059_lagdou_ruins_06/class_23_wall/subclass_000/orientation_008.png
59230000926	assets/theme_059_lagdou_ruins_06/class_23_wall/subclass_000/orientation_009.png
59230001026	assets/theme_059_lagdou_ruins_06/class_23_wall/subclass_000/orientation_010.png
59230001126	assets/theme_059_lagdou_ruins_06/class_23_wall/subclass_000/orientation_011.png
59230001226	assets/theme_059_lagdou_ruins_06/class_23_wall/subclass_000/orientation_012.png
59230001326	assets/theme_059_lagdou_ruins_06/class_23_wall/subclass_000/orientation_013.png
59230001426	assets/theme_059_lagdou_ruins_06/class_23_wall/subclass_000/orientation_014.png
59230001526	assets/theme_059_lagdou_ruins_06/class_23_wall/subclass_000/orientation_015.png
59230001626	assets/theme_059_lagdou_ruins_06/class_23_wall/subclass_000/orientation_016.png
59230001726	assets/theme_059_lagdou_ruins_06/class_23_wall/subclass_000/orientation_017.png
59230001826	assets/theme_059_lagdou_ruins_06/class_23_wall/subclass_000/orientation_018.png
59230001926	assets/theme_059_lagdou_ruins_06/class_23_wall/subclass_000/orientation_019.png
59230002026	assets/theme_059_lagdou_ruins_06/class_23_wall/subclass_000/orientation_020.png
59230002126	assets/theme_059_lagdou_ruins_06/class_23_wall/subclass_000/orientation_021.png
59230002226	assets/theme_059_lagdou_ruins_06/class_23_wall/subclass_000/orientation_022.png
59240000027	assets/theme_059_lagdou_ruins_06/class_24_wall2/subclass_000/orientation_000.png
59240100027	assets/theme_059_lagdou_ruins_06/class_24_wall2/subclass_001/orientation_000.png
59250000023	assets/theme_059_lagdou_ruins_06/class_25_floor/subclass_000/orientation_000.png
59250000123	assets/theme_059_lagdou_ruins_06/class_25_floor/subclass_000/orientation_001.png
59250000223	assets/theme_059_lagdou_ruins_06/class_25_floor/subclass_000/orientation_002.png
59250000323	assets/theme_059_lagdou_ruins_06/class_25_floor/subclass_000/orientation_003.png
59250000423	assets/theme_059_lagdou_ruins_06/class_25_floor/subclass_000/orientation_004.png
59250000523	assets/theme_059_lagdou_ruins_06/class_25_floor/subclass_000/orientation_005.png
59250000623	assets/theme_059_lagdou_ruins_06/class_25_floor/subclass_000/orientation_006.png
59250000723	assets/theme_059_lagdou_ruins_06/class_25_floor/subclass_000/orientation_007.png
59250000823	assets/theme_059_lagdou_ruins_06/class_25_floor/subclass_000/orientation_008.png
59250000923	assets/theme_059_lagdou_ruins_06/class_25_floor/subclass_000/orientation_009.png
59250001023	assets/theme_059_lagdou_ruins_06/class_25_floor/subclass_000/orientation_010.png
59250001123	assets/theme_059_lagdou_ruins_06/class_25_floor/subclass_000/orientation_011.png
59250001223	assets/theme_059_lagdou_ruins_06/class_25_floor/subclass_000/orientation_012.png
59250001323	assets/theme_059_lagdou_ruins_06/class_25_floor/subclass_000/orientation_013.png
59250001423	assets/theme_059_lagdou_ruins_06/class_25_floor/subclass_000/orientation_014.png
59250001523	assets/theme_059_lagdou_ruins_06/class_25_floor/subclass_000/orientation_015.png
59250001623	assets/theme_059_lagdou_ruins_06/class_25_floor/subclass_000/orientation_016.png
59250001723	assets/theme_059_lagdou_ruins_06/class_25_floor/subclass_000/orientation_017.png
59250001823	assets/theme_059_lagdou_ruins_06/class_25_floor/subclass_000/orientation_018.png
59250001923	assets/theme_059_lagdou_ruins_06/class_25_floor/subclass_000/orientation_019.png
59250002023	assets/theme_059_lagdou_ruins_06/class_25_floor/subclass_000/orientation_020.png
59250002123	assets/theme_059_lagdou_ruins_06/class_25_floor/subclass_000/orientation_021.png
59250002223	assets/theme_059_lagdou_ruins_06/class_25_floor/subclass_000/orientation_022.png
59250002323	assets/theme_059_lagdou_ruins_06/class_25_floor/subclass_000/orientation_023.png
59260000045	assets/theme_059_lagdou_ruins_06/class_26_stairs/subclass_000/orientation_000.png
59260000145	assets/theme_059_lagdou_ruins_06/class_26_stairs/subclass_000/orientation_001.png
59260100045	assets/theme_059_lagdou_ruins_06/class_26_stairs/subclass_001/orientation_000.png
59260200045	assets/theme_059_lagdou_ruins_06/class_26_stairs/subclass_002/orientation_000.png
59270000030	assets/theme_059_lagdou_ruins_06/class_27_door/subclass_000/orientation_000.png
59340000029	assets/theme_059_lagdou_ruins_06/class_34_pillar/subclass_000/orientation_000.png
59470000063	assets/theme_059_lagdou_ruins_06/class_47_brace/subclass_000/orientation_000.png
59470000163	assets/theme_059_lagdou_ruins_06/class_47_brace/subclass_000/orientation_001.png
59470000263	assets/theme_059_lagdou_ruins_06/class_47_brace/subclass_000/orientation_002.png
60120000060	assets/theme_060_lagdou_ruins_07/class_12_water/subclass_000/orientation_000.png
60120000160	assets/theme_060_lagdou_ruins_07/class_12_water/subclass_000/orientation_001.png
60120000260	assets/theme_060_lagdou_ruins_07/class_12_water/subclass_000/orientation_002.png
60120000360	assets/theme_060_lagdou_ruins_07/class_12_water/subclass_000/orientation_003.png
60120000460	assets/theme_060_lagdou_ruins_07/class_12_water/subclass_000/orientation_004.png
60120000560	assets/theme_060_lagdou_ruins_07/class_12_water/subclass_000/orientation_005.png
60120000660	assets/theme_060_lagdou_ruins_07/class_12_water/subclass_000/orientation_006.png
60150000019	assets/theme_060_lagdou_ruins_07/class_15_bridge/subclass_000/orientation_000.png
60150100019	assets/theme_060_lagdou_ruins_07/class_15_bridge/subclass_001/orientation_000.png
60230000026	assets/theme_060_lagdou_ruins_07/class_23_wall/subclass_000/orientation_000.png
60230000126	assets/theme_060_lagdou_ruins_07/class_23_wall/subclass_000/orientation_001.png
60230000226	assets/theme_060_lagdou_ruins_07/class_23_wall/subclass_000/orientation_002.png
60230000326	assets/theme_060_lagdou_ruins_07/class_23_wall/subclass_000/orientation_003.png
60230000426	assets/theme_060_lagdou_ruins_07/class_23_wall/subclass_000/orientation_004.png
60230000526	assets/theme_060_lagdou_ruins_07/class_23_wall/subclass_000/orientation_005.png
60230000626	assets/theme_060_lagdou_ruins_07/class_23_wall/subclass_000/orientation_006.png
60230000726	assets/theme_060_lagdou_ruins_07/class_23_wall/subclass_000/orientation_007.png
60230000826	assets/theme_060_lagdou_ruins_07/class_23_wall/subclass_000/orientation_008.png
60230000926	assets/theme_060_lagdou_ruins_07/class_23_wall/subclass_000/orientation_009.png
60230001026	assets/theme_060_lagdou_ruins_07/class_23_wall/subclass_000/orientation_010.png
60230001126	assets/theme_060_lagdou_ruins_07/class_23_wall/subclass_000/orientation_011.png
60230001226	assets/theme_060_lagdou_ruins_07/class_23_wall/subclass_000/orientation_012.png
60230001326	assets/theme_060_lagdou_ruins_07/class_23_wall/subclass_000/orientation_013.png
60230001426	assets/theme_060_lagdou_ruins_07/class_23_wall/subclass_000/orientation_014.png
60230001526	assets/theme_060_lagdou_ruins_07/class_23_wall/subclass_000/orientation_015.png
60230001626	assets/theme_060_lagdou_ruins_07/class_23_wall/subclass_000/orientation_016.png
60230001726	assets/theme_060_lagdou_ruins_07/class_23_wall/subclass_000/orientation_017.png
60230001826	assets/theme_060_lagdou_ruins_07/class_23_wall/subclass_000/orientation_018.png
60230001926	assets/theme_060_lagdou_ruins_07/class_23_wall/subclass_000/orientation_019.png
60230002026	assets/theme_060_lagdou_ruins_07/class_23_wall/subclass_000/orientation_020.png
60230002126	assets/theme_060_lagdou_ruins_07/class_23_wall/subclass_000/orientation_021.png
60230002226	assets/theme_060_lagdou_ruins_07/class_23_wall/subclass_000/orientation_022.png
60240000027	assets/theme_060_lagdou_ruins_07/class_24_wall2/subclass_000/orientation_000.png
60240100027	assets/theme_060_lagdou_ruins_07/class_24_wall2/subclass_001/orientation_000.png
60250000023	assets/theme_060_lagdou_ruins_07/class_25_floor/subclass_000/orientation_000.png
60250000123	assets/theme_060_lagdou_ruins_07/class_25_floor/subclass_000/orientation_001.png
60250000223	assets/theme_060_lagdou_ruins_07/class_25_floor/subclass_000/orientation_002.png
60250000323	assets/theme_060_lagdou_ruins_07/class_25_floor/subclass_000/orientation_003.png
60250000423	assets/theme_060_lagdou_ruins_07/class_25_floor/subclass_000/orientation_004.png
60250000523	assets/theme_060_lagdou_ruins_07/class_25_floor/subclass_000/orientation_005.png
60260000045	assets/theme_060_lagdou_ruins_07/class_26_stairs/subclass_000/orientation_000.png
60260100045	assets/theme_060_lagdou_ruins_07/class_26_stairs/subclass_001/orientation_000.png
60260200045	assets/theme_060_lagdou_ruins_07/class_26_stairs/subclass_002/orientation_000.png
60260200145	assets/theme_060_lagdou_ruins_07/class_26_stairs/subclass_002/orientation_001.png
60260300045	assets/theme_060_lagdou_ruins_07/class_26_stairs/subclass_003/orientation_000.png
60260300145	assets/theme_060_lagdou_ruins_07/class_26_stairs/subclass_003/orientation_001.png
60260300245	assets/theme_060_lagdou_ruins_07/class_26_stairs/subclass_003/orientation_002.png
60360100033	assets/theme_060_lagdou_ruins_07/class_36_chest/subclass_001/orientation_000.png
60470000063	assets/theme_060_lagdou_ruins_07/class_47_brace/subclass_000/orientation_000.png
60470000163	assets/theme_060_lagdou_ruins_07/class_47_brace/subclass_000/orientation_001.png
60470000263	assets/theme_060_lagdou_ruins_07/class_47_brace/subclass_000/orientation_002.png
61120000060	assets/theme_061_lagdou_ruins_08/class_12_water/subclass_000/orientation_000.png
61120000160	assets/theme_061_lagdou_ruins_08/class_12_water/subclass_000/orientation_001.png
61120000260	assets/theme_061_lagdou_ruins_08/class_12_water/subclass_000/orientation_002.png
61120000360	assets/theme_061_lagdou_ruins_08/class_12_water/subclass_000/orientation_003.png
61120000460	assets/theme_061_lagdou_ruins_08/class_12_water/subclass_000/orientation_004.png
61120000560	assets/theme_061_lagdou_ruins_08/class_12_water/subclass_000/orientation_005.png
61120000660	assets/theme_061_lagdou_ruins_08/class_12_water/subclass_000/orientation_006.png
61120000860	assets/theme_061_lagdou_ruins_08/class_12_water/subclass_000/orientation_008.png
61120000960	assets/theme_061_lagdou_ruins_08/class_12_water/subclass_000/orientation_009.png
61120001060	assets/theme_061_lagdou_ruins_08/class_12_water/subclass_000/orientation_010.png
61120001160	assets/theme_061_lagdou_ruins_08/class_12_water/subclass_000/orientation_011.png
61120001260	assets/theme_061_lagdou_ruins_08/class_12_water/subclass_000/orientation_012.png
61120001360	assets/theme_061_lagdou_ruins_08/class_12_water/subclass_000/orientation_013.png
61230000026	assets/theme_061_lagdou_ruins_08/class_23_wall/subclass_000/orientation_000.png
61230000126	assets/theme_061_lagdou_ruins_08/class_23_wall/subclass_000/orientation_001.png
61230000226	assets/theme_061_lagdou_ruins_08/class_23_wall/subclass_000/orientation_002.png
61230000326	assets/theme_061_lagdou_ruins_08/class_23_wall/subclass_000/orientation_003.png
61230000426	assets/theme_061_lagdou_ruins_08/class_23_wall/subclass_000/orientation_004.png
61230000526	assets/theme_061_lagdou_ruins_08/class_23_wall/subclass_000/orientation_005.png
61230000626	assets/theme_061_lagdou_ruins_08/class_23_wall/subclass_000/orientation_006.png
61230000726	assets/theme_061_lagdou_ruins_08/class_23_wall/subclass_000/orientation_007.png
61230000826	assets/theme_061_lagdou_ruins_08/class_23_wall/subclass_000/orientation_008.png
61230000926	assets/theme_061_lagdou_ruins_08/class_23_wall/subclass_000/orientation_009.png
61230001026	assets/theme_061_lagdou_ruins_08/class_23_wall/subclass_000/orientation_010.png
61230001126	assets/theme_061_lagdou_ruins_08/class_23_wall/subclass_000/orientation_011.png
61230001226	assets/theme_061_lagdou_ruins_08/class_23_wall/subclass_000/orientation_012.png
61230001326	assets/theme_061_lagdou_ruins_08/class_23_wall/subclass_000/orientation_013.png
61230100026	assets/theme_061_lagdou_ruins_08/class_23_wall/subclass_001/orientation_000.png
61250000023	assets/theme_061_lagdou_ruins_08/class_25_floor/subclass_000/orientation_000.png
61250000123	assets/theme_061_lagdou_ruins_08/class_25_floor/subclass_000/orientation_001.png
61250000223	assets/theme_061_lagdou_ruins_08/class_25_floor/subclass_000/orientation_002.png
61250000323	assets/theme_061_lagdou_ruins_08/class_25_floor/subclass_000/orientation_003.png
61250000423	assets/theme_061_lagdou_ruins_08/class_25_floor/subclass_000/orientation_004.png
61250000523	assets/theme_061_lagdou_ruins_08/class_25_floor/subclass_000/orientation_005.png
61250000623	assets/theme_061_lagdou_ruins_08/class_25_floor/subclass_000/orientation_006.png
61250000823	assets/theme_061_lagdou_ruins_08/class_25_floor/subclass_000/orientation_008.png
61250000923	assets/theme_061_lagdou_ruins_08/class_25_floor/subclass_000/orientation_009.png
61250001023	assets/theme_061_lagdou_ruins_08/class_25_floor/subclass_000/orientation_010.png
61260000045	assets/theme_061_lagdou_ruins_08/class_26_stairs/subclass_000/orientation_000.png
61260100045	assets/theme_061_lagdou_ruins_08/class_26_stairs/subclass_001/orientation_000.png
61260100145	assets/theme_061_lagdou_ruins_08/class_26_stairs/subclass_001/orientation_001.png
61260200045	assets/theme_061_lagdou_ruins_08/class_26_stairs/subclass_002/orientation_000.png
61260300045	assets/theme_061_lagdou_ruins_08/class_26_stairs/subclass_003/orientation_000.png
61260300145	assets/theme_061_lagdou_ruins_08/class_26_stairs/subclass_003/orientation_001.png
61260300245	assets/theme_061_lagdou_ruins_08/class_26_stairs/subclass_003/orientation_002.png
61270000030	assets/theme_061_lagdou_ruins_08/class_27_door/subclass_000/orientation_000.png
61270000130	assets/theme_061_lagdou_ruins_08/class_27_door/subclass_000/orientation_001.png
61360000033	assets/theme_061_lagdou_ruins_08/class_36_chest/subclass_000/orientation_000.png
61470000063	assets/theme_061_lagdou_ruins_08/class_47_brace/subclass_000/orientation_000.png
61470000163	assets/theme_061_lagdou_ruins_08/class_47_brace/subclass_000/orientation_001.png
61470000263	assets/theme_061_lagdou_ruins_08/class_47_brace/subclass_000/orientation_002.png
62050000049	assets/theme_062_lagdou_ruins_09/class_05_valley/subclass_000/orientation_000.png
62050000149	assets/theme_062_lagdou_ruins_09/class_05_valley/subclass_000/orientation_001.png
62050000249	assets/theme_062_lagdou_ruins_09/class_05_valley/subclass_000/orientation_002.png
62050000349	assets/theme_062_lagdou_ruins_09/class_05_valley/subclass_000/orientation_003.png
62050000449	assets/theme_062_lagdou_ruins_09/class_05_valley/subclass_000/orientation_004.png
62050000549	assets/theme_062_lagdou_ruins_09/class_05_valley/subclass_000/orientation_005.png
62050000649	assets/theme_062_lagdou_ruins_09/class_05_valley/subclass_000/orientation_006.png
62050000749	assets/theme_062_lagdou_ruins_09/class_05_valley/subclass_000/orientation_007.png
62050000849	assets/theme_062_lagdou_ruins_09/class_05_valley/subclass_000/orientation_008.png
62050000949	assets/theme_062_lagdou_ruins_09/class_05_valley/subclass_000/orientation_009.png
62050001049	assets/theme_062_lagdou_ruins_09/class_05_valley/subclass_000/orientation_010.png
62050001149	assets/theme_062_lagdou_ruins_09/class_05_valley/subclass_000/orientation_011.png
62050001249	assets/theme_062_lagdou_ruins_09/class_05_valley/subclass_000/orientation_012.png
62050001349	assets/theme_062_lagdou_ruins_09/class_05_valley/subclass_000/orientation_013.png
62050001449	assets/theme_062_lagdou_ruins_09/class_05_valley/subclass_000/orientation_014.png
62050001549	assets/theme_062_lagdou_ruins_09/class_05_valley/subclass_000/orientation_015.png
62050001649	assets/theme_062_lagdou_ruins_09/class_05_valley/subclass_000/orientation_016.png
62050001749	assets/theme_062_lagdou_ruins_09/class_05_valley/subclass_000/orientation_017.png
62050001849	assets/theme_062_lagdou_ruins_09/class_05_valley/subclass_000/orientation_018.png
62050001949	assets/theme_062_lagdou_ruins_09/class_05_valley/subclass_000/orientation_019.png
62050002049	assets/theme_062_lagdou_ruins_09/class_05_valley/subclass_000/orientation_020.png
62050002149	assets/theme_062_lagdou_ruins_09/class_05_valley/subclass_000/orientation_021.png
62050002249	assets/theme_062_lagdou_ruins_09/class_05_valley/subclass_000/orientation_022.png
62050002349	assets/theme_062_lagdou_ruins_09/class_05_valley/subclass_000/orientation_023.png
62050002449	assets/theme_062_lagdou_ruins_09/class_05_valley/subclass_000/orientation_024.png
62050002549	assets/theme_062_lagdou_ruins_09/class_05_valley/subclass_000/orientation_025.png
62050002649	assets/theme_062_lagdou_ruins_09/class_05_valley/subclass_000/orientation_026.png
62050002749	assets/theme_062_lagdou_ruins_09/class_05_valley/subclass_000/orientation_027.png
62050002849	assets/theme_062_lagdou_ruins_09/class_05_valley/subclass_000/orientation_028.png
62050002949	assets/theme_062_lagdou_ruins_09/class_05_valley/subclass_000/orientation_029.png
62050003049	assets/theme_062_lagdou_ruins_09/class_05_valley/subclass_000/orientation_030.png
62050003149	assets/theme_062_lagdou_ruins_09/class_05_valley/subclass_000/orientation_031.png
62050003249	assets/theme_062_lagdou_ruins_09/class_05_valley/subclass_000/orientation_032.png
62050003349	assets/theme_062_lagdou_ruins_09/class_05_valley/subclass_000/orientation_033.png
62050003449	assets/theme_062_lagdou_ruins_09/class_05_valley/subclass_000/orientation_034.png
62050003549	assets/theme_062_lagdou_ruins_09/class_05_valley/subclass_000/orientation_035.png
62050003649	assets/theme_062_lagdou_ruins_09/class_05_valley/subclass_000/orientation_036.png
62050003749	assets/theme_062_lagdou_ruins_09/class_05_valley/subclass_000/orientation_037.png
62050003849	assets/theme_062_lagdou_ruins_09/class_05_valley/subclass_000/orientation_038.png
62050003949	assets/theme_062_lagdou_ruins_09/class_05_valley/subclass_000/orientation_039.png
62050004049	assets/theme_062_lagdou_ruins_09/class_05_valley/subclass_000/orientation_040.png
62230000026	assets/theme_062_lagdou_ruins_09/class_23_wall/subclass_000/orientation_000.png
62230000126	assets/theme_062_lagdou_ruins_09/class_23_wall/subclass_000/orientation_001.png
62230000226	assets/theme_062_lagdou_ruins_09/class_23_wall/subclass_000/orientation_002.png
62230000326	assets/theme_062_lagdou_ruins_09/class_23_wall/subclass_000/orientation_003.png
62230000426	assets/theme_062_lagdou_ruins_09/class_23_wall/subclass_000/orientation_004.png
62230000526	assets/theme_062_lagdou_ruins_09/class_23_wall/subclass_000/orientation_005.png
62230000626	assets/theme_062_lagdou_ruins_09/class_23_wall/subclass_000/orientation_006.png
62230000726	assets/theme_062_lagdou_ruins_09/class_23_wall/subclass_000/orientation_007.png
62230000826	assets/theme_062_lagdou_ruins_09/class_23_wall/subclass_000/orientation_008.png
62230000926	assets/theme_062_lagdou_ruins_09/class_23_wall/subclass_000/orientation_009.png
62230001026	assets/theme_062_lagdou_ruins_09/class_23_wall/subclass_000/orientation_010.png
62230001126	assets/theme_062_lagdou_ruins_09/class_23_wall/subclass_000/orientation_011.png
62230001226	assets/theme_062_lagdou_ruins_09/class_23_wall/subclass_000/orientation_012.png
62230001326	assets/theme_062_lagdou_ruins_09/class_23_wall/subclass_000/orientation_013.png
62230001426	assets/theme_062_lagdou_ruins_09/class_23_wall/subclass_000/orientation_014.png
62230001526	assets/theme_062_lagdou_ruins_09/class_23_wall/subclass_000/orientation_015.png
62230001626	assets/theme_062_lagdou_ruins_09/class_23_wall/subclass_000/orientation_016.png
62230001726	assets/theme_062_lagdou_ruins_09/class_23_wall/subclass_000/orientation_017.png
62230001826	assets/theme_062_lagdou_ruins_09/class_23_wall/subclass_000/orientation_018.png
62240000027	assets/theme_062_lagdou_ruins_09/class_24_wall2/subclass_000/orientation_000.png
62250000023	assets/theme_062_lagdou_ruins_09/class_25_floor/subclass_000/orientation_000.png
62250000123	assets/theme_062_lagdou_ruins_09/class_25_floor/subclass_000/orientation_001.png
62250000223	assets/theme_062_lagdou_ruins_09/class_25_floor/subclass_000/orientation_002.png
62250000323	assets/theme_062_lagdou_ruins_09/class_25_floor/subclass_000/orientation_003.png
62250000423	assets/theme_062_lagdou_ruins_09/class_25_floor/subclass_000/orientation_004.png
62250000523	assets/theme_062_lagdou_ruins_09/class_25_floor/subclass_000/orientation_005.png
62250000623	assets/theme_062_lagdou_ruins_09/class_25_floor/subclass_000/orientation_006.png
62250000723	assets/theme_062_lagdou_ruins_09/class_25_floor/subclass_000/orientation_007.png
62250000823	assets/theme_062_lagdou_ruins_09/class_25_floor/subclass_000/orientation_008.png
62250000923	assets/theme_062_lagdou_ruins_09/class_25_floor/subclass_000/orientation_009.png
62250001023	assets/theme_062_lagdou_ruins_09/class_25_floor/subclass_000/orientation_010.png
62250001123	assets/theme_062_lagdou_ruins_09/class_25_floor/subclass_000/orientation_011.png
62250001223	assets/theme_062_lagdou_ruins_09/class_25_floor/subclass_000/orientation_012.png
62260000045	assets/theme_062_lagdou_ruins_09/class_26_stairs/subclass_000/orientation_000.png
62480000042	assets/theme_062_lagdou_ruins_09/class_48_flat/subclass_000/orientation_000.png
62480000142	assets/theme_062_lagdou_ruins_09/class_48_flat/subclass_000/orientation_001.png
62480000242	assets/theme_062_lagdou_ruins_09/class_48_flat/subclass_000/orientation_002.png
62480000342	assets/theme_062_lagdou_ruins_09/class_48_flat/subclass_000/orientation_003.png
62480000442	assets/theme_062_lagdou_ruins_09/class_48_flat/subclass_000/orientation_004.png
62480000542	assets/theme_062_lagdou_ruins_09/class_48_flat/subclass_000/orientation_005.png
62480000642	assets/theme_062_lagdou_ruins_09/class_48_flat/subclass_000/orientation_006.png
62480000742	assets/theme_062_lagdou_ruins_09/class_48_flat/subclass_000/orientation_007.png
62480000842	assets/theme_062_lagdou_ruins_09/class_48_flat/subclass_000/orientation_008.png
62480000942	assets/theme_062_lagdou_ruins_09/class_48_flat/subclass_000/orientation_009.png
62480001042	assets/theme_062_lagdou_ruins_09/class_48_flat/subclass_000/orientation_010.png
62480001142	assets/theme_062_lagdou_ruins_09/class_48_flat/subclass_000/orientation_011.png
62480001242	assets/theme_062_lagdou_ruins_09/class_48_flat/subclass_000/orientation_012.png
62480001342	assets/theme_062_lagdou_ruins_09/class_48_flat/subclass_000/orientation_013.png
62480001442	assets/theme_062_lagdou_ruins_09/class_48_flat/subclass_000/orientation_014.png
62480001542	assets/theme_062_lagdou_ruins_09/class_48_flat/subclass_000/orientation_015.png
62480001642	assets/theme_062_lagdou_ruins_09/class_48_flat/subclass_000/orientation_016.png
62480001742	assets/theme_062_lagdou_ruins_09/class_48_flat/subclass_000/orientation_017.png
62480001842	assets/theme_062_lagdou_ruins_09/class_48_flat/subclass_000/orientation_018.png
62480001942	assets/theme_062_lagdou_ruins_09/class_48_flat/subclass_000/orientation_019.png
62480002042	assets/theme_062_lagdou_ruins_09/class_48_flat/subclass_000/orientation_020.png
62480002142	assets/theme_062_lagdou_ruins_09/class_48_flat/subclass_000/orientation_021.png
62480002242	assets/theme_062_lagdou_ruins_09/class_48_flat/subclass_000/orientation_022.png
62480002342	assets/theme_062_lagdou_ruins_09/class_48_flat/subclass_000/orientation_023.png
62480002442	assets/theme_062_lagdou_ruins_09/class_48_flat/subclass_000/orientation_024.png
62480002542	assets/theme_062_lagdou_ruins_09/class_48_flat/subclass_000/orientation_025.png
62480002642	assets/theme_062_lagdou_ruins_09/class_48_flat/subclass_000/orientation_026.png
62480002742	assets/theme_062_lagdou_ruins_09/class_48_flat/subclass_000/orientation_027.png
62480002842	assets/theme_062_lagdou_ruins_09/class_48_flat/subclass_000/orientation_028.png
62480002942	assets/theme_062_lagdou_ruins_09/class_48_flat/subclass_000/orientation_029.png
62480003042	assets/theme_062_lagdou_ruins_09/class_48_flat/subclass_000/orientation_030.png
62480003142	assets/theme_062_lagdou_ruins_09/class_48_flat/subclass_000/orientation_031.png
62480003242	assets/theme_062_lagdou_ruins_09/class_48_flat/subclass_000/orientation_032.png
62480003342	assets/theme_062_lagdou_ruins_09/class_48_flat/subclass_000/orientation_033.png
62480003442	assets/theme_062_lagdou_ruins_09/class_48_flat/subclass_000/orientation_034.png
62480003542	assets/theme_062_lagdou_ruins_09/class_48_flat/subclass_000/orientation_035.png
62480003642	assets/theme_062_lagdou_ruins_09/class_48_flat/subclass_000/orientation_036.png
62480003742	assets/theme_062_lagdou_ruins_09/class_48_flat/subclass_000/orientation_037.png
62480003842	assets/theme_062_lagdou_ruins_09/class_48_flat/subclass_000/orientation_038.png
62480003942	assets/theme_062_lagdou_ruins_09/class_48_flat/subclass_000/orientation_039.png
62480004042	assets/theme_062_lagdou_ruins_09/class_48_flat/subclass_000/orientation_040.png
62480004142	assets/theme_062_lagdou_ruins_09/class_48_flat/subclass_000/orientation_041.png
62480004242	assets/theme_062_lagdou_ruins_09/class_48_flat/subclass_000/orientation_042.png
63230000026	assets/theme_063_lagdou_ruins_10/class_23_wall/subclass_000/orientation_000.png
63230000126	assets/theme_063_lagdou_ruins_10/class_23_wall/subclass_000/orientation_001.png
63230000226	assets/theme_063_lagdou_ruins_10/class_23_wall/subclass_000/orientation_002.png
63230000326	assets/theme_063_lagdou_ruins_10/class_23_wall/subclass_000/orientation_003.png
63230000426	assets/theme_063_lagdou_ruins_10/class_23_wall/subclass_000/orientation_004.png
63230000526	assets/theme_063_lagdou_ruins_10/class_23_wall/subclass_000/orientation_005.png
63230000626	assets/theme_063_lagdou_ruins_10/class_23_wall/subclass_000/orientation_006.png
63230000726	assets/theme_063_lagdou_ruins_10/class_23_wall/subclass_000/orientation_007.png
63230000826	assets/theme_063_lagdou_ruins_10/class_23_wall/subclass_000/orientation_008.png
63230000926	assets/theme_063_lagdou_ruins_10/class_23_wall/subclass_000/orientation_009.png
63230001026	assets/theme_063_lagdou_ruins_10/class_23_wall/subclass_000/orientation_010.png
63230001126	assets/theme_063_lagdou_ruins_10/class_23_wall/subclass_000/orientation_011.png
63230001226	assets/theme_063_lagdou_ruins_10/class_23_wall/subclass_000/orientation_012.png
63230001326	assets/theme_063_lagdou_ruins_10/class_23_wall/subclass_000/orientation_013.png
63230001426	assets/theme_063_lagdou_ruins_10/class_23_wall/subclass_000/orientation_014.png
63230001526	assets/theme_063_lagdou_ruins_10/class_23_wall/subclass_000/orientation_015.png
63230001626	assets/theme_063_lagdou_ruins_10/class_23_wall/subclass_000/orientation_016.png
63230001726	assets/theme_063_lagdou_ruins_10/class_23_wall/subclass_000/orientation_017.png
63230001826	assets/theme_063_lagdou_ruins_10/class_23_wall/subclass_000/orientation_018.png
63230001926	assets/theme_063_lagdou_ruins_10/class_23_wall/subclass_000/orientation_019.png
63230002026	assets/theme_063_lagdou_ruins_10/class_23_wall/subclass_000/orientation_020.png
63230002126	assets/theme_063_lagdou_ruins_10/class_23_wall/subclass_000/orientation_021.png
63230002226	assets/theme_063_lagdou_ruins_10/class_23_wall/subclass_000/orientation_022.png
63230002326	assets/theme_063_lagdou_ruins_10/class_23_wall/subclass_000/orientation_023.png
63230002426	assets/theme_063_lagdou_ruins_10/class_23_wall/subclass_000/orientation_024.png
63230002526	assets/theme_063_lagdou_ruins_10/class_23_wall/subclass_000/orientation_025.png
63230002626	assets/theme_063_lagdou_ruins_10/class_23_wall/subclass_000/orientation_026.png
63230002726	assets/theme_063_lagdou_ruins_10/class_23_wall/subclass_000/orientation_027.png
63230002826	assets/theme_063_lagdou_ruins_10/class_23_wall/subclass_000/orientation_028.png
63230002926	assets/theme_063_lagdou_ruins_10/class_23_wall/subclass_000/orientation_029.png
63230003026	assets/theme_063_lagdou_ruins_10/class_23_wall/subclass_000/orientation_030.png
63230003126	assets/theme_063_lagdou_ruins_10/class_23_wall/subclass_000/orientation_031.png
63230003226	assets/theme_063_lagdou_ruins_10/class_23_wall/subclass_000/orientation_032.png
63230003326	assets/theme_063_lagdou_ruins_10/class_23_wall/subclass_000/orientation_033.png
63230003426	assets/theme_063_lagdou_ruins_10/class_23_wall/subclass_000/orientation_034.png
63250000023	assets/theme_063_lagdou_ruins_10/class_25_floor/subclass_000/orientation_000.png
63250000123	assets/theme_063_lagdou_ruins_10/class_25_floor/subclass_000/orientation_001.png
63250000223	assets/theme_063_lagdou_ruins_10/class_25_floor/subclass_000/orientation_002.png
63250000323	assets/theme_063_lagdou_ruins_10/class_25_floor/subclass_000/orientation_003.png
63250000423	assets/theme_063_lagdou_ruins_10/class_25_floor/subclass_000/orientation_004.png
63250000523	assets/theme_063_lagdou_ruins_10/class_25_floor/subclass_000/orientation_005.png
63250000623	assets/theme_063_lagdou_ruins_10/class_25_floor/subclass_000/orientation_006.png
63250000723	assets/theme_063_lagdou_ruins_10/class_25_floor/subclass_000/orientation_007.png
63250000823	assets/theme_063_lagdou_ruins_10/class_25_floor/subclass_000/orientation_008.png
63250000923	assets/theme_063_lagdou_ruins_10/class_25_floor/subclass_000/orientation_009.png
63250001023	assets/theme_063_lagdou_ruins_10/class_25_floor/subclass_000/orientation_010.png
63250001123	assets/theme_063_lagdou_ruins_10/class_25_floor/subclass_000/orientation_011.png
63250001223	assets/theme_063_lagdou_ruins_10/class_25_floor/subclass_000/orientation_012.png
63250001323	assets/theme_063_lagdou_ruins_10/class_25_floor/subclass_000/orientation_013.png
63250001423	assets/theme_063_lagdou_ruins_10/class_25_floor/subclass_000/orientation_014.png
63250001523	assets/theme_063_lagdou_ruins_10/class_25_floor/subclass_000/orientation_015.png
63250001623	assets/theme_063_lagdou_ruins_10/class_25_floor/subclass_000/orientation_016.png
63250001723	assets/theme_063_lagdou_ruins_10/class_25_floor/subclass_000/orientation_017.png
63250001823	assets/theme_063_lagdou_ruins_10/class_25_floor/subclass_000/orientation_018.png
63250001923	assets/theme_063_lagdou_ruins_10/class_25_floor/subclass_000/orientation_019.png
63250002023	assets/theme_063_lagdou_ruins_10/class_25_floor/subclass_000/orientation_020.png
63250002123	assets/theme_063_lagdou_ruins_10/class_25_floor/subclass_000/orientation_021.png
63250002223	assets/theme_063_lagdou_ruins_10/class_25_floor/subclass_000/orientation_022.png
63250002323	assets/theme_063_lagdou_ruins_10/class_25_floor/subclass_000/orientation_023.png
63250002423	assets/theme_063_lagdou_ruins_10/class_25_floor/subclass_000/orientation_024.png
63250002523	assets/theme_063_lagdou_ruins_10/class_25_floor/subclass_000/orientation_025.png
63250002623	assets/theme_063_lagdou_ruins_10/class_25_floor/subclass_000/orientation_026.png
63250002723	assets/theme_063_lagdou_ruins_10/class_25_floor/subclass_000/orientation_027.png
63250002823	assets/theme_063_lagdou_ruins_10/class_25_floor/subclass_000/orientation_028.png
63250002923	assets/theme_063_lagdou_ruins_10/class_25_floor/subclass_000/orientation_029.png
63250003023	assets/theme_063_lagdou_ruins_10/class_25_floor/subclass_000/orientation_030.png
63250003123	assets/theme_063_lagdou_ruins_10/class_25_floor/subclass_000/orientation_031.png
63250003223	assets/theme_063_lagdou_ruins_10/class_25_floor/subclass_000/orientation_032.png
63250003323	assets/theme_063_lagdou_ruins_10/class_25_floor/subclass_000/orientation_033.png
63250003423	assets/theme_063_lagdou_ruins_10/class_25_floor/subclass_000/orientation_034.png
63250003523	assets/theme_063_lagdou_ruins_10/class_25_floor/subclass_000/orientation_035.png
63250003623	assets/theme_063_lagdou_ruins_10/class_25_floor/subclass_000/orientation_036.png
63250003723	assets/theme_063_lagdou_ruins_10/class_25_floor/subclass_000/orientation_037.png
63250003823	assets/theme_063_lagdou_ruins_10/class_25_floor/subclass_000/orientation_038.png
63250003923	assets/theme_063_lagdou_ruins_10/class_25_floor/subclass_000/orientation_039.png
63250004023	assets/theme_063_lagdou_ruins_10/class_25_floor/subclass_000/orientation_040.png
63250004123	assets/theme_063_lagdou_ruins_10/class_25_floor/subclass_000/orientation_041.png
63250004223	assets/theme_063_lagdou_ruins_10/class_25_floor/subclass_000/orientation_042.png
63250004323	assets/theme_063_lagdou_ruins_10/class_25_floor/subclass_000/orientation_043.png
63250004423	assets/theme_063_lagdou_ruins_10/class_25_floor/subclass_000/orientation_044.png
63250004523	assets/theme_063_lagdou_ruins_10/class_25_floor/subclass_000/orientation_045.png
63250004623	assets/theme_063_lagdou_ruins_10/class_25_floor/subclass_000/orientation_046.png
63250004723	assets/theme_063_lagdou_ruins_10/class_25_floor/subclass_000/orientation_047.png
63250004823	assets/theme_063_lagdou_ruins_10/class_25_floor/subclass_000/orientation_048.png
63250004923	assets/theme_063_lagdou_ruins_10/class_25_floor/subclass_000/orientation_049.png
63250005023	assets/theme_063_lagdou_ruins_10/class_25_floor/subclass_000/orientation_050.png
63250005123	assets/theme_063_lagdou_ruins_10/class_25_floor/subclass_000/orientation_051.png
63250005223	assets/theme_063_lagdou_ruins_10/class_25_floor/subclass_000/orientation_052.png
63250005323	assets/theme_063_lagdou_ruins_10/class_25_floor/subclass_000/orientation_053.png
63250005423	assets/theme_063_lagdou_ruins_10/class_25_floor/subclass_000/orientation_054.png
63250005523	assets/theme_063_lagdou_ruins_10/class_25_floor/subclass_000/orientation_055.png
63250005623	assets/theme_063_lagdou_ruins_10/class_25_floor/subclass_000/orientation_056.png
63250005723	assets/theme_063_lagdou_ruins_10/class_25_floor/subclass_000/orientation_057.png
63250005823	assets/theme_063_lagdou_ruins_10/class_25_floor/subclass_000/orientation_058.png
63260000045	assets/theme_063_lagdou_ruins_10/class_26_stairs/subclass_000/orientation_000.png
63260000145	assets/theme_063_lagdou_ruins_10/class_26_stairs/subclass_000/orientation_001.png
63260000245	assets/theme_063_lagdou_ruins_10/class_26_stairs/subclass_000/orientation_002.png
63260000345	assets/theme_063_lagdou_ruins_10/class_26_stairs/subclass_000/orientation_003.png
63260000445	assets/theme_063_lagdou_ruins_10/class_26_stairs/subclass_000/orientation_004.png
63260000545	assets/theme_063_lagdou_ruins_10/class_26_stairs/subclass_000/orientation_005.png
63360100033	assets/theme_063_lagdou_ruins_10/class_36_chest/subclass_001/orientation_000.png
63470000063	assets/theme_063_lagdou_ruins_10/class_47_brace/subclass_000/orientation_000.png
63470000163	assets/theme_063_lagdou_ruins_10/class_47_brace/subclass_000/orientation_001.png
63470000263	assets/theme_063_lagdou_ruins_10/class_47_brace/subclass_000/orientation_002.png
